date,year,month,meter_id,measurement_type,meter_type,suburb,usage_type,total_value,avg_value,max_value,min_value,reading_count,processed_time
2022-07-05,2022,7,67074,Pulse1,captis_pulse,KULUIN,Residential,223.0,4.2075471698113205,79.0,0.0,53,2025-12-08T10:18:57.190Z
2022-07-05,2022,7,67074,DeviceTemperature,captis_pulse,KULUIN,Residential,40.76,13.586666666666666,13.9,12.96,3,2025-12-08T10:18:57.190Z
2022-07-05,2022,7,26934771,Pulse1,captis_pulse,MAROOCHYDORE,Non-Residential,4370.0,89.18367346938776,230.0,14.0,49,2025-12-08T10:18:57.190Z
2022-07-05,2022,7,81964841,Pulse1,captis_pulse,KULUIN,Residential,135.0,6.75,74.0,0.0,20,2025-12-08T10:18:57.190Z
2022-07-05,2022,7,26934771,DeviceTemperature,captis_pulse,MAROOCHYDORE,Non-Residential,28.22,14.11,14.5,13.72,2,2025-12-08T10:18:57.190Z
2022-07-05,2022,7,26934771,Battery,captis_pulse,MAROOCHYDORE,Non-Residential,3.64,3.64,3.64,3.64,1,2025-12-08T10:18:57.190Z
2022-07-05,2022,7,67074,Battery,captis_pulse,KULUIN,Residential,71.27499999999999,23.75833333333333,66.0,1.645,3,2025-12-08T10:18:57.190Z
2022-07-05,2022,7,81964841,Battery,captis_pulse,KULUIN,Residential,52.65,26.325,49.0,3.65,2,2025-12-08T10:18:57.190Z
2022-07-05,2022,7,81964841,DeviceTemperature,captis_pulse,KULUIN,Residential,17.92,17.92,17.92,17.92,1,2025-12-08T10:18:57.190Z
2022-07-05,2022,7,64296852,DeviceTemperature,captis_pulse,BUDERIM,Non-Residential,12.8,12.8,12.8,12.8,1,2025-12-08T10:18:57.190Z
2022-07-05,2022,7,61294104,Battery,captis_pulse,BUDERIM,Residential,3.64,3.64,3.64,3.64,1,2025-12-08T10:18:57.190Z
2022-07-05,2022,7,61294104,DeviceTemperature,captis_pulse,BUDERIM,Residential,15.5,15.5,15.5,15.5,1,2025-12-08T10:18:57.190Z
2022-07-04,2022,7,81964841,Pulse1,captis_pulse,KULUIN,Residential,31.0,1.2916666666666667,8.0,0.0,24,2025-12-08T10:18:57.190Z
2022-07-04,2022,7,67074,Pulse1,captis_pulse,KULUIN,Residential,14.0,0.6363636363636364,8.0,0.0,22,2025-12-08T10:18:57.190Z
2022-07-04,2022,7,26934771,Pulse1,captis_pulse,MAROOCHYDORE,Non-Residential,1648.0,47.08571428571429,160.0,12.0,35,2025-12-08T10:18:57.190Z
2022-07-04,2022,7,61294104,DeviceTemperature,captis_pulse,BUDERIM,Residential,14.6,14.6,14.6,14.6,1,2025-12-08T10:18:57.190Z
2022-07-04,2022,7,67074,DeviceTemperature,captis_pulse,KULUIN,Residential,11.1,11.1,11.1,11.1,1,2025-12-08T10:18:57.190Z
2022-07-04,2022,7,26934771,Battery,captis_pulse,MAROOCHYDORE,Non-Residential,3.64,3.64,3.64,3.64,1,2025-12-08T10:18:57.190Z
2022-07-04,2022,7,67074,Battery,captis_pulse,KULUIN,Residential,73.58,24.526666666666667,68.0,1.95,3,2025-12-08T10:18:57.190Z
2022-07-04,2022,7,26934771,DeviceTemperature,captis_pulse,MAROOCHYDORE,Non-Residential,12.1,12.1,12.1,12.1,1,2025-12-08T10:18:57.190Z
2022-07-06,2022,7,67074,Pulse1,captis_pulse,KULUIN,Residential,57.0,3.8,26.0,0.0,15,2025-12-08T10:18:57.190Z
2022-07-06,2022,7,26934771,Pulse1,captis_pulse,MAROOCHYDORE,Non-Residential,1678.0,111.86666666666666,172.0,18.0,15,2025-12-08T10:18:57.190Z
2022-07-06,2022,7,81964841,Pulse1,captis_pulse,KULUIN,Residential,1.0,1.0,1.0,1.0,1,2025-12-08T10:18:57.190Z
2022-07-06,2022,7,67074,DeviceTemperature,captis_pulse,KULUIN,Residential,26.4,26.4,26.4,26.4,1,2025-12-08T10:18:57.190Z
2022-07-05,2022,7,60195138,Pulse1_Total,captis_pulse,BUDERIM,Residential,1500.0,30.0,30.0,30.0,50,2025-12-08T10:18:57.190Z
2022-07-05,2022,7,60195138,Pulse1,captis_pulse,BUDERIM,Residential,0.0,0.0,0.0,0.0,50,2025-12-08T10:18:57.190Z
2022-07-05,2022,7,61233611,Pulse1_Total,captis_pulse,BUDERIM,Residential,1568.0,32.0,32.0,32.0,49,2025-12-08T10:18:57.190Z
2022-07-05,2022,7,61233611,Pulse1,captis_pulse,BUDERIM,Residential,0.0,0.0,0.0,0.0,49,2025-12-08T10:18:57.190Z
2022-07-05,2022,7,65088476,Pulse1,captis_pulse,BUDERIM,Residential,940.0,18.8,60.0,0.0,50,2025-12-08T10:18:57.190Z
2022-07-05,2022,7,10272,Pulse1,captis_pulse,BUDERIM,Residential,170.0,3.269230769230769,93.0,0.0,52,2025-12-08T10:18:57.190Z
2022-07-05,2022,7,61233611,DeviceTemperature,captis_pulse,BUDERIM,Residential,28.9,14.45,14.9,14.0,2,2025-12-08T10:18:57.190Z
2022-07-05,2022,7,61233611,Battery,captis_pulse,BUDERIM,Residential,74.423,24.807666666666666,69.0,1.793,3,2025-12-08T10:18:57.190Z
2022-07-05,2022,7,65088476,Battery,captis_pulse,BUDERIM,Residential,74.181,24.727,68.0,2.541,3,2025-12-08T10:18:57.190Z
2022-07-05,2022,7,65088476,DeviceTemperature,captis_pulse,BUDERIM,Residential,24.130000000000003,12.065000000000001,12.4,11.73,2,2025-12-08T10:18:57.190Z
2022-07-05,2022,7,60195138,DeviceTemperature,captis_pulse,BUDERIM,Residential,14.2,14.2,14.2,14.2,1,2025-12-08T10:18:57.190Z
2022-07-05,2022,7,10272,DeviceTemperature,captis_pulse,BUDERIM,Residential,14.5,14.5,14.5,14.5,1,2025-12-08T10:18:57.190Z
2022-07-04,2022,7,60195138,Pulse1_Total,captis_pulse,BUDERIM,Residential,690.0,30.0,30.0,30.0,23,2025-12-08T10:18:57.190Z
2022-07-04,2022,7,60195138,Pulse1,captis_pulse,BUDERIM,Residential,0.0,0.0,0.0,0.0,23,2025-12-08T10:18:57.190Z
2022-07-04,2022,7,61233611,Pulse1_Total,captis_pulse,BUDERIM,Residential,704.0,32.0,32.0,32.0,22,2025-12-08T10:18:57.190Z
2022-07-04,2022,7,61233611,Pulse1,captis_pulse,BUDERIM,Residential,0.0,0.0,0.0,0.0,22,2025-12-08T10:18:57.190Z
2022-07-04,2022,7,65088476,Pulse1,captis_pulse,BUDERIM,Residential,270.0,11.73913043478261,60.0,0.0,23,2025-12-08T10:18:57.190Z
2022-07-04,2022,7,10272,Pulse1,captis_pulse,BUDERIM,Residential,17.0,0.6296296296296297,9.0,0.0,27,2025-12-08T10:18:57.190Z
2022-07-04,2022,7,60195138,DeviceTemperature,captis_pulse,BUDERIM,Residential,41.44,13.813333333333333,14.54,13.4,3,2025-12-08T10:18:57.190Z
2022-07-04,2022,7,61233611,Battery,captis_pulse,BUDERIM,Residential,1.842,1.842,1.842,1.842,1,2025-12-08T10:18:57.190Z
2022-07-04,2022,7,10272,DeviceTemperature,captis_pulse,BUDERIM,Residential,11.5,11.5,11.5,11.5,1,2025-12-08T10:18:57.190Z
2022-07-04,2022,7,61233611,DeviceTemperature,captis_pulse,BUDERIM,Residential,26.54,13.27,13.84,12.7,2,2025-12-08T10:18:57.190Z
2022-07-06,2022,7,60195138,Pulse1_Total,captis_pulse,BUDERIM,Residential,480.0,30.0,30.0,30.0,16,2025-12-08T10:18:57.190Z
2022-07-06,2022,7,60195138,Pulse1,captis_pulse,BUDERIM,Residential,0.0,0.0,0.0,0.0,16,2025-12-08T10:18:57.190Z
2022-07-06,2022,7,61233611,Pulse1_Total,captis_pulse,BUDERIM,Residential,448.0,32.0,32.0,32.0,14,2025-12-08T10:18:57.190Z
2022-07-06,2022,7,61233611,Pulse1,captis_pulse,BUDERIM,Residential,0.0,0.0,0.0,0.0,14,2025-12-08T10:18:57.190Z
2022-07-06,2022,7,65088476,Pulse1,captis_pulse,BUDERIM,Residential,500.0,31.25,120.0,0.0,16,2025-12-08T10:18:57.190Z
2022-07-06,2022,7,10272,Pulse1,captis_pulse,BUDERIM,Residential,390.0,21.666666666666668,118.0,0.0,18,2025-12-08T10:18:57.190Z
2022-07-06,2022,7,10272,DeviceTemperature,captis_pulse,BUDERIM,Residential,40.7,40.7,40.7,40.7,1,2025-12-08T10:18:57.190Z
2022-07-05,2022,7,593686,Pulse1,captis_pulse,BUDERIM,Residential,227.0,4.63265306122449,62.0,0.0,49,2025-12-08T10:18:57.190Z
2022-07-05,2022,7,60192782,Pulse1,captis_pulse,BUDERIM,Residential,0.0,0.0,0.0,0.0,50,2025-12-08T10:18:57.190Z
2022-07-05,2022,7,60192782,Pulse1_Total,captis_pulse,BUDERIM,Residential,0.0,0.0,0.0,0.0,49,2025-12-08T10:18:57.190Z
2022-07-05,2022,7,60192782,DeviceTemperature,captis_pulse,BUDERIM,Residential,27.770000000000003,13.885000000000002,14.3,13.47,2,2025-12-08T10:18:57.190Z
2022-07-05,2022,7,65059861,Pulse1,captis_pulse,SCARBOROUGH,Residential,830.0,48.8235294117647,90.0,30.0,17,2025-12-08T10:18:57.190Z
2022-07-05,2022,7,593686,Battery,captis_pulse,BUDERIM,Residential,75.70700000000001,25.23566666666667,70.0,2.067,3,2025-12-08T10:18:57.190Z
2022-07-05,2022,7,593686,DeviceTemperature,captis_pulse,BUDERIM,Residential,13.56,13.56,13.56,13.56,1,2025-12-08T10:18:57.190Z
2022-07-05,2022,7,60192782,Battery,captis_pulse,BUDERIM,Residential,75.439,25.14633333333333,67.0,3.63,3,2025-12-08T10:18:57.190Z
2022-07-04,2022,7,593686,Pulse1,captis_pulse,BUDERIM,Residential,104.0,4.9523809523809526,49.0,0.0,21,2025-12-08T10:18:57.190Z
2022-07-04,2022,7,60192782,Pulse1_Total,captis_pulse,BUDERIM,Residential,0.0,0.0,0.0,0.0,21,2025-12-08T10:18:57.190Z
2022-07-04,2022,7,60192782,Pulse1,captis_pulse,BUDERIM,Residential,0.0,0.0,0.0,0.0,22,2025-12-08T10:18:57.190Z
2022-07-04,2022,7,65059861,Pulse1,captis_pulse,SCARBOROUGH,Residential,1430.0,57.2,170.0,30.0,25,2025-12-08T10:18:57.190Z
2022-07-04,2022,7,593686,Battery,captis_pulse,BUDERIM,Residential,77.452,25.817333333333334,72.0,1.812,3,2025-12-08T10:18:57.190Z
2022-07-04,2022,7,593686,DeviceTemperature,captis_pulse,BUDERIM,Residential,24.98,12.49,13.08,11.9,2,2025-12-08T10:18:57.190Z
2022-07-04,2022,7,60192782,Battery,captis_pulse,BUDERIM,Residential,71.329,23.77633333333333,64.0,3.63,3,2025-12-08T10:18:57.190Z
2022-07-04,2022,7,60192782,DeviceTemperature,captis_pulse,BUDERIM,Residential,25.32,12.66,13.32,12.0,2,2025-12-08T10:18:57.190Z
2022-07-06,2022,7,593686,Pulse1,captis_pulse,BUDERIM,Residential,164.0,10.933333333333334,61.0,0.0,15,2025-12-08T10:18:57.190Z
2022-07-06,2022,7,60192782,Pulse1_Total,captis_pulse,BUDERIM,Residential,0.0,0.0,0.0,0.0,13,2025-12-08T10:18:57.190Z
2022-07-06,2022,7,60192782,Pulse1,captis_pulse,BUDERIM,Residential,0.0,0.0,0.0,0.0,13,2025-12-08T10:18:57.190Z
2022-07-06,2022,7,60192782,DeviceTemperature,captis_pulse,BUDERIM,Residential,23.0,23.0,23.0,23.0,1,2025-12-08T10:18:57.190Z
2022-07-06,2022,7,593686,DeviceTemperature,captis_pulse,BUDERIM,Residential,19.0,19.0,19.0,19.0,1,2025-12-08T10:18:57.190Z
2022-07-05,2022,7,62312765,Pulse1_Total,captis_pulse,BUDERIM,Residential,2002374.0,37081.0,37081.0,37081.0,54,2025-12-08T10:18:57.190Z
2022-07-05,2022,7,62312765,Pulse1,captis_pulse,BUDERIM,Residential,0.0,0.0,0.0,0.0,54,2025-12-08T10:18:57.190Z
2022-07-05,2022,7,62293883,Pulse1_Total,captis_pulse,BUDERIM,Residential,3914550.0,75279.80769230769,75678.0,75113.0,52,2025-12-08T10:18:57.190Z
2022-07-05,2022,7,62293883,Pulse1,captis_pulse,BUDERIM,Residential,285.0,5.588235294117647,117.0,0.0,51,2025-12-08T10:18:57.190Z
2022-07-05,2022,7,313802,Pulse1,captis_pulse,BUDERIM,Residential,82.0,1.607843137254902,17.0,0.0,51,2025-12-08T10:18:57.190Z
2022-07-05,2022,7,61279693,Pulse1_Total,captis_pulse,BUDERIM,Residential,1855.0,35.0,35.0,35.0,53,2025-12-08T10:18:57.190Z
2022-07-05,2022,7,61279693,Pulse1,captis_pulse,BUDERIM,Residential,0.0,0.0,0.0,0.0,53,2025-12-08T10:18:57.190Z
2022-07-05,2022,7,67715869,Pulse1_Total,captis_pulse,BUDERIM,Residential,1872.0,36.0,36.0,36.0,52,2025-12-08T10:18:57.190Z
2022-07-05,2022,7,67715869,Pulse1,captis_pulse,BUDERIM,Residential,0.0,0.0,0.0,0.0,52,2025-12-08T10:18:57.190Z
2022-07-05,2022,7,81502510,Pulse1,captis_pulse,MAROOCHYDORE,Residential,2860.0,143.0,215.0,120.0,20,2025-12-08T10:18:57.190Z
2022-07-05,2022,7,61279693,DeviceTemperature,captis_pulse,BUDERIM,Residential,25.45,12.725,13.1,12.35,2,2025-12-08T10:18:57.190Z
2022-07-05,2022,7,313802,DeviceTemperature,captis_pulse,BUDERIM,Residential,28.6,14.3,14.3,14.3,2,2025-12-08T10:18:57.190Z
2022-07-05,2022,7,62312765,DeviceTemperature,captis_pulse,BUDERIM,Residential,13.04,13.04,13.04,13.04,1,2025-12-08T10:18:57.190Z
2022-07-05,2022,7,61279693,Battery,captis_pulse,BUDERIM,Residential,75.699,25.233,70.0,2.059,3,2025-12-08T10:18:57.190Z
2022-07-05,2022,7,62293883,Battery,captis_pulse,BUDERIM,Residential,3.64,3.64,3.64,3.64,1,2025-12-08T10:18:57.190Z
2022-07-05,2022,7,62293883,DeviceTemperature,captis_pulse,BUDERIM,Residential,29.17,14.585,14.8,14.37,2,2025-12-08T10:18:57.190Z
2022-07-05,2022,7,62312765,Battery,captis_pulse,BUDERIM,Residential,73.593,24.531000000000002,68.0,1.953,3,2025-12-08T10:18:57.190Z
2022-07-05,2022,7,81502510,Battery,captis_pulse,MAROOCHYDORE,Residential,80.64,40.32,77.0,3.64,2,2025-12-08T10:18:57.190Z
2022-07-05,2022,7,81502510,DeviceTemperature,captis_pulse,MAROOCHYDORE,Residential,14.64,14.64,14.64,14.64,1,2025-12-08T10:18:57.190Z
2022-07-04,2022,7,81502510,Pulse1,captis_pulse,MAROOCHYDORE,Residential,3315.0,138.125,210.0,120.0,24,2025-12-08T10:18:57.190Z
2022-07-04,2022,7,62312765,Pulse1_Total,captis_pulse,BUDERIM,Residential,852863.0,37081.0,37081.0,37081.0,23,2025-12-08T10:18:57.190Z
2022-07-04,2022,7,62312765,Pulse1,captis_pulse,BUDERIM,Residential,0.0,0.0,0.0,0.0,23,2025-12-08T10:18:57.190Z
2022-07-04,2022,7,62293883,Pulse1_Total,captis_pulse,BUDERIM,Residential,1725778.0,75033.82608695653,75113.0,74969.0,23,2025-12-08T10:18:57.190Z
2022-07-04,2022,7,62293883,Pulse1,captis_pulse,BUDERIM,Residential,133.0,5.782608695652174,87.0,0.0,23,2025-12-08T10:18:57.190Z
2022-07-04,2022,7,61554723,Pulse1_Total,captis_pulse,BUDERIM,Residential,310.0,31.0,31.0,31.0,10,2025-12-08T10:18:57.190Z
2022-07-04,2022,7,61554723,Pulse1,captis_pulse,BUDERIM,Residential,0.0,0.0,0.0,0.0,10,2025-12-08T10:18:57.190Z
2022-07-04,2022,7,313802,Pulse1,captis_pulse,BUDERIM,Residential,81.0,2.53125,71.0,0.0,32,2025-12-08T10:18:57.190Z
2022-07-04,2022,7,67715869,Pulse1_Total,captis_pulse,BUDERIM,Residential,900.0,36.0,36.0,36.0,25,2025-12-08T10:18:57.190Z
2022-07-04,2022,7,67715869,Pulse1,captis_pulse,BUDERIM,Residential,0.0,0.0,0.0,0.0,25,2025-12-08T10:18:57.190Z
2022-07-04,2022,7,61279693,Pulse1_Total,captis_pulse,BUDERIM,Residential,910.0,35.0,35.0,35.0,26,2025-12-08T10:18:57.190Z
2022-07-04,2022,7,61279693,Pulse1,captis_pulse,BUDERIM,Residential,0.0,0.0,0.0,0.0,26,2025-12-08T10:18:57.190Z
2022-07-04,2022,7,62293883,DeviceTemperature,captis_pulse,BUDERIM,Residential,42.59,14.196666666666667,14.89,13.8,3,2025-12-08T10:18:57.190Z
2022-07-04,2022,7,313802,DeviceTemperature,captis_pulse,BUDERIM,Residential,26.36,13.18,13.66,12.7,2,2025-12-08T10:18:57.190Z
2022-07-04,2022,7,61279693,DeviceTemperature,captis_pulse,BUDERIM,Residential,23.11,11.555,12.11,11.0,2,2025-12-08T10:18:57.190Z
2022-07-04,2022,7,313802,Battery,captis_pulse,BUDERIM,Residential,70.268,23.422666666666668,65.0,1.628,3,2025-12-08T10:18:57.190Z
2022-07-04,2022,7,62312765,DeviceTemperature,captis_pulse,BUDERIM,Residential,24.36,12.18,12.76,11.6,2,2025-12-08T10:18:57.190Z
2022-07-04,2022,7,62312765,Battery,captis_pulse,BUDERIM,Residential,80.331,26.777,75.0,1.691,3,2025-12-08T10:18:57.190Z
2022-07-04,2022,7,81502510,DeviceTemperature,captis_pulse,MAROOCHYDORE,Residential,13.8,13.8,13.8,13.8,1,2025-12-08T10:18:57.190Z
2022-07-04,2022,7,61279693,Battery,captis_pulse,BUDERIM,Residential,73.63,36.815,70.0,3.63,2,2025-12-08T10:18:57.190Z
2022-07-06,2022,7,313802,Pulse1,captis_pulse,BUDERIM,Residential,9.0,0.6428571428571429,8.0,0.0,14,2025-12-08T10:18:57.190Z
2022-07-06,2022,7,62312765,Pulse1_Total,captis_pulse,BUDERIM,Residential,556215.0,37081.0,37081.0,37081.0,15,2025-12-08T10:18:57.190Z
2022-07-06,2022,7,62312765,Pulse1,captis_pulse,BUDERIM,Residential,0.0,0.0,0.0,0.0,15,2025-12-08T10:18:57.190Z
2022-07-06,2022,7,62293883,Pulse1_Total,captis_pulse,BUDERIM,Residential,909933.0,75827.75,75995.0,75749.0,12,2025-12-08T10:18:57.190Z
2022-07-06,2022,7,62293883,Pulse1,captis_pulse,BUDERIM,Residential,36.0,2.769230769230769,12.0,0.0,13,2025-12-08T10:18:57.190Z
2022-07-06,2022,7,61279693,Pulse1_Total,captis_pulse,BUDERIM,Residential,665.0,35.0,35.0,35.0,19,2025-12-08T10:18:57.190Z
2022-07-06,2022,7,61279693,Pulse1,captis_pulse,BUDERIM,Residential,0.0,0.0,0.0,0.0,19,2025-12-08T10:18:57.190Z
2022-07-06,2022,7,67715869,Pulse1_Total,captis_pulse,BUDERIM,Residential,648.0,36.0,36.0,36.0,18,2025-12-08T10:18:57.190Z
2022-07-06,2022,7,67715869,Pulse1,captis_pulse,BUDERIM,Residential,0.0,0.0,0.0,0.0,18,2025-12-08T10:18:57.190Z
2022-07-06,2022,7,81502510,Pulse1,captis_pulse,MAROOCHYDORE,Residential,160.0,160.0,160.0,160.0,1,2025-12-08T10:18:57.190Z
2022-07-06,2022,7,62293883,DeviceTemperature,captis_pulse,BUDERIM,Residential,19.0,19.0,19.0,19.0,1,2025-12-08T10:18:57.190Z
2022-07-06,2022,7,62312765,DeviceTemperature,captis_pulse,BUDERIM,Residential,18.7,18.7,18.7,18.7,1,2025-12-08T10:18:57.190Z
2022-07-05,2022,7,62365471,Pulse1_Total,captis_pulse,BUDERIM,Residential,1347620.0,26423.92156862745,26475.0,26374.0,51,2025-12-08T10:18:57.190Z
2022-07-05,2022,7,62365471,Pulse1,captis_pulse,BUDERIM,Residential,48.0,0.9411764705882353,7.0,0.0,51,2025-12-08T10:18:57.190Z
2022-07-05,2022,7,46053377,Pulse1,captis_pulse,BUDERIM,Non-Residential,5970.0,101.1864406779661,380.0,0.0,59,2025-12-08T10:18:57.190Z
2022-07-05,2022,7,22604421,Pulse1,captis_pulse,ALBANY CREEK,Non-Residential,2080.0,33.54838709677419,60.0,20.0,62,2025-12-08T10:18:57.190Z
2022-07-05,2022,7,81985117,Pulse1,captis_pulse,MAROOCHYDORE,Non-Residential,330.0,14.347826086956522,40.0,5.0,23,2025-12-08T10:18:57.190Z
2022-07-05,2022,7,61292036,Pulse1_Total,captis_pulse,BUDERIM,Residential,730261.0,91282.625,91286.0,91279.0,8,2025-12-08T10:18:57.190Z
2022-07-05,2022,7,61292036,Pulse1,captis_pulse,BUDERIM,Residential,3.0,0.375,1.0,0.0,8,2025-12-08T10:18:57.190Z
2022-07-05,2022,7,81985117,Battery,captis_pulse,MAROOCHYDORE,Non-Residential,65.64,32.82,62.0,3.64,2,2025-12-08T10:18:57.190Z
2022-07-05,2022,7,81985117,DeviceTemperature,captis_pulse,MAROOCHYDORE,Non-Residential,43.61,14.536666666666667,14.8,14.01,3,2025-12-08T10:18:57.190Z
2022-07-05,2022,7,61292036,DeviceTemperature,captis_pulse,BUDERIM,Residential,13.44,13.44,13.44,13.44,1,2025-12-08T10:18:57.190Z
2022-07-05,2022,7,62365471,DeviceTemperature,captis_pulse,BUDERIM,Residential,12.06,12.06,12.06,12.06,1,2025-12-08T10:18:57.190Z
2022-07-05,2022,7,62365471,Battery,captis_pulse,BUDERIM,Residential,3.62,3.62,3.62,3.62,1,2025-12-08T10:18:57.190Z
2022-07-05,2022,7,46053377,Battery,captis_pulse,BUDERIM,Non-Residential,73.429,24.476333333333333,68.0,1.799,3,2025-12-08T10:18:57.190Z
2022-07-05,2022,7,46053377,DeviceTemperature,captis_pulse,BUDERIM,Non-Residential,29.689999999999998,14.844999999999999,15.4,14.29,2,2025-12-08T10:18:57.190Z
2022-07-05,2022,7,22604421,DeviceTemperature,captis_pulse,ALBANY CREEK,Non-Residential,15.4,15.4,15.4,15.4,1,2025-12-08T10:18:57.190Z
2022-07-05,2022,7,60916379,Battery,captis_pulse,BUDERIM,Residential,3.61,3.61,3.61,3.61,1,2025-12-08T10:18:57.190Z
2022-07-04,2022,7,81985117,Pulse1,captis_pulse,MAROOCHYDORE,Non-Residential,245.0,14.411764705882353,50.0,5.0,17,2025-12-08T10:18:57.190Z
2022-07-04,2022,7,62365471,Pulse1_Total,captis_pulse,BUDERIM,Residential,606030.0,26349.130434782608,26367.0,26346.0,23,2025-12-08T10:18:57.190Z
2022-07-04,2022,7,62365471,Pulse1,captis_pulse,BUDERIM,Residential,34.0,1.4782608695652173,13.0,0.0,23,2025-12-08T10:18:57.190Z
2022-07-04,2022,7,46053377,Pulse1,captis_pulse,BUDERIM,Non-Residential,1160.0,52.72727272727273,280.0,0.0,22,2025-12-08T10:18:57.190Z
2022-07-04,2022,7,22604421,Pulse1,captis_pulse,ALBANY CREEK,Non-Residential,740.0,30.833333333333332,70.0,20.0,24,2025-12-08T10:18:57.190Z
2022-07-04,2022,7,60916379,DeviceTemperature,captis_pulse,BUDERIM,Residential,11.0,11.0,11.0,11.0,1,2025-12-08T10:18:57.190Z
2022-07-04,2022,7,46053377,DeviceTemperature,captis_pulse,BUDERIM,Non-Residential,25.1,12.55,12.6,12.5,2,2025-12-08T10:18:57.190Z
2022-07-04,2022,7,62365471,Battery,captis_pulse,BUDERIM,Residential,3.62,3.62,3.62,3.62,1,2025-12-08T10:18:57.190Z
2022-07-04,2022,7,46053377,Battery,captis_pulse,BUDERIM,Non-Residential,74.317,24.772333333333332,69.0,1.687,3,2025-12-08T10:18:57.190Z
2022-07-04,2022,7,22604421,Battery,captis_pulse,ALBANY CREEK,Non-Residential,71.36699999999999,23.788999999999998,66.0,1.737,3,2025-12-08T10:18:57.190Z
2022-07-04,2022,7,22604421,DeviceTemperature,captis_pulse,ALBANY CREEK,Non-Residential,14.52,14.52,14.52,14.52,1,2025-12-08T10:18:57.190Z
2022-07-06,2022,7,62365471,Pulse1_Total,captis_pulse,BUDERIM,Residential,344780.0,26521.53846153846,26595.0,26485.0,13,2025-12-08T10:18:57.190Z
2022-07-06,2022,7,62365471,Pulse1,captis_pulse,BUDERIM,Residential,17.0,1.3076923076923077,9.0,0.0,13,2025-12-08T10:18:57.190Z
2022-07-06,2022,7,46053377,Pulse1,captis_pulse,BUDERIM,Non-Residential,1850.0,132.14285714285714,360.0,30.0,14,2025-12-08T10:18:57.190Z
2022-07-06,2022,7,22604421,Pulse1,captis_pulse,ALBANY CREEK,Non-Residential,760.0,42.22222222222222,70.0,30.0,18,2025-12-08T10:18:57.190Z
2022-07-06,2022,7,62365471,DeviceTemperature,captis_pulse,BUDERIM,Residential,19.3,19.3,19.3,19.3,1,2025-12-08T10:18:57.190Z
2022-07-06,2022,7,81985117,Pulse1,captis_pulse,MAROOCHYDORE,Non-Residential,40.0,10.0,15.0,5.0,4,2025-12-08T10:18:57.190Z
2022-07-04,2022,7,61292036,Pulse1_Total,captis_pulse,BUDERIM,Residential,8787937.0,90597.28865979382,91103.0,90377.0,97,2025-12-08T10:18:57.190Z
2022-07-04,2022,7,61292036,Pulse1,captis_pulse,BUDERIM,Residential,726.0,7.484536082474227,90.0,0.0,97,2025-12-08T10:18:57.190Z
2022-07-04,2022,7,61292036,DeviceTemperature,captis_pulse,BUDERIM,Residential,11.1,11.1,11.1,11.1,1,2025-12-08T10:18:57.190Z
2022-07-03,2022,7,61292036,Pulse1_Total,captis_pulse,BUDERIM,Residential,8643108.0,90032.375,90377.0,89718.0,96,2025-12-08T10:18:57.190Z
2022-07-03,2022,7,61292036,Pulse1,captis_pulse,BUDERIM,Residential,716.0,7.458333333333333,75.0,0.0,96,2025-12-08T10:18:57.190Z
2022-07-03,2022,7,61292036,DeviceTemperature,captis_pulse,BUDERIM,Residential,19.5,19.5,19.5,19.5,1,2025-12-08T10:18:57.190Z
2022-07-02,2022,7,61292036,Pulse1_Total,captis_pulse,BUDERIM,Residential,8757600.0,89363.26530612246,89661.0,89086.0,98,2025-12-08T10:18:57.190Z
2022-07-02,2022,7,61292036,Pulse1,captis_pulse,BUDERIM,Residential,576.0,5.877551020408164,52.0,0.0,98,2025-12-08T10:18:57.190Z
2022-07-05,2022,7,62365439,Pulse1_Total,captis_pulse,BUDERIM,Residential,670950.0,13419.0,13419.0,13419.0,50,2025-12-08T10:18:57.190Z
2022-07-05,2022,7,62365439,Pulse1,captis_pulse,BUDERIM,Residential,0.0,0.0,0.0,0.0,50,2025-12-08T10:18:57.190Z
2022-07-05,2022,7,61200816,Pulse1_Total,captis_pulse,BUDERIM,Residential,917365.0,16988.24074074074,17063.0,16838.0,54,2025-12-08T10:18:57.190Z
2022-07-05,2022,7,61200816,Pulse1,captis_pulse,BUDERIM,Residential,221.0,4.092592592592593,47.0,0.0,54,2025-12-08T10:18:57.190Z
2022-07-05,2022,7,21675467,Pulse1,captis_pulse,BUDERIM,Non-Residential,0.0,0.0,0.0,0.0,17,2025-12-08T10:18:57.190Z
2022-07-05,2022,7,21675467,Battery,captis_pulse,BUDERIM,Non-Residential,3.63,3.63,3.63,3.63,1,2025-12-08T10:18:57.190Z
2022-07-05,2022,7,62365439,Battery,captis_pulse,BUDERIM,Residential,76.681,25.560333333333332,70.0,3.041,3,2025-12-08T10:18:57.190Z
2022-07-05,2022,7,62365439,DeviceTemperature,captis_pulse,BUDERIM,Residential,12.44,12.44,12.44,12.44,1,2025-12-08T10:18:57.190Z
2022-07-04,2022,7,61200816,Pulse1_Total,captis_pulse,BUDERIM,Residential,420716.0,16828.64,16838.0,16825.0,25,2025-12-08T10:18:57.190Z
2022-07-04,2022,7,61200816,Pulse1,captis_pulse,BUDERIM,Residential,13.0,0.52,13.0,0.0,25,2025-12-08T10:18:57.190Z
2022-07-04,2022,7,62365439,Pulse1_Total,captis_pulse,BUDERIM,Residential,295218.0,13419.0,13419.0,13419.0,22,2025-12-08T10:18:57.190Z
2022-07-04,2022,7,62365439,Pulse1,captis_pulse,BUDERIM,Residential,0.0,0.0,0.0,0.0,22,2025-12-08T10:18:57.190Z
2022-07-06,2022,7,21675467,Pulse1,captis_pulse,BUDERIM,Non-Residential,0.0,0.0,0.0,0.0,15,2025-12-08T10:18:57.190Z
2022-07-06,2022,7,62365439,Pulse1_Total,captis_pulse,BUDERIM,Residential,214704.0,13419.0,13419.0,13419.0,16,2025-12-08T10:18:57.190Z
2022-07-06,2022,7,62365439,Pulse1,captis_pulse,BUDERIM,Residential,0.0,0.0,0.0,0.0,16,2025-12-08T10:18:57.190Z
2022-07-06,2022,7,61200816,Pulse1_Total,captis_pulse,BUDERIM,Residential,309517.0,17195.38888888889,17302.0,17143.0,18,2025-12-08T10:18:57.190Z
2022-07-06,2022,7,61200816,Pulse1,captis_pulse,BUDERIM,Residential,98.0,5.444444444444445,29.0,0.0,18,2025-12-08T10:18:57.190Z
2022-07-06,2022,7,62365439,DeviceTemperature,captis_pulse,BUDERIM,Residential,30.4,30.4,30.4,30.4,1,2025-12-08T10:18:57.190Z
2022-07-06,2022,7,21675467,DeviceTemperature,captis_pulse,BUDERIM,Non-Residential,23.5,23.5,23.5,23.5,1,2025-12-08T10:18:57.190Z
2022-07-04,2022,7,21675467,Pulse1,captis_pulse,BUDERIM,Non-Residential,0.0,0.0,0.0,0.0,96,2025-12-08T10:18:57.190Z
2022-07-04,2022,7,21675467,DeviceTemperature,captis_pulse,BUDERIM,Non-Residential,12.4,12.4,12.4,12.4,1,2025-12-08T10:18:57.190Z
2022-07-05,2022,7,21947022,Pulse1,captis_pulse,MERIDAN PLAINS,Non-Residential,5.0,0.10204081632653061,5.0,0.0,49,2025-12-08T10:18:57.190Z
2022-07-05,2022,7,64630792,Pulse1,captis_pulse,BUDERIM,Residential,0.0,0.0,0.0,0.0,49,2025-12-08T10:18:57.190Z
2022-07-05,2022,7,9395586,Pulse1,captis_pulse,BUDERIM,Residential,329.0,8.024390243902438,94.0,0.0,41,2025-12-08T10:18:57.190Z
2022-07-05,2022,7,21947022,Battery,captis_pulse,MERIDAN PLAINS,Non-Residential,76.629,25.543000000000003,71.0,1.979,3,2025-12-08T10:18:57.190Z
2022-07-05,2022,7,64630792,Battery,captis_pulse,BUDERIM,Residential,72.259,24.086333333333332,67.0,1.619,3,2025-12-08T10:18:57.190Z
2022-07-05,2022,7,64630792,DeviceTemperature,captis_pulse,BUDERIM,Residential,25.59,12.795,13.2,12.39,2,2025-12-08T10:18:57.190Z
2022-07-05,2022,7,9395586,Battery,captis_pulse,BUDERIM,Residential,1.782,1.782,1.782,1.782,1,2025-12-08T10:18:57.190Z
2022-07-05,2022,7,9395586,DeviceTemperature,captis_pulse,BUDERIM,Residential,14.4,14.4,14.4,14.4,1,2025-12-08T10:18:57.190Z
2022-07-04,2022,7,21947022,Pulse1,captis_pulse,MERIDAN PLAINS,Non-Residential,0.0,0.0,0.0,0.0,22,2025-12-08T10:18:57.190Z
2022-07-04,2022,7,21947022,DeviceTemperature,captis_pulse,MERIDAN PLAINS,Non-Residential,34.6,17.3,17.3,17.3,2,2025-12-08T10:18:57.190Z
2022-07-04,2022,7,64630792,Pulse1,captis_pulse,BUDERIM,Residential,0.0,0.0,0.0,0.0,23,2025-12-08T10:18:57.190Z
2022-07-04,2022,7,9395586,Pulse1,captis_pulse,BUDERIM,Residential,53.0,2.2083333333333335,16.0,0.0,24,2025-12-08T10:18:57.190Z
2022-07-04,2022,7,9395586,DeviceTemperature,captis_pulse,BUDERIM,Residential,23.2,11.6,11.7,11.5,2,2025-12-08T10:18:57.190Z
2022-07-04,2022,7,21947022,Battery,captis_pulse,MERIDAN PLAINS,Non-Residential,75.891,25.297,70.0,2.241,3,2025-12-08T10:18:57.190Z
2022-07-04,2022,7,64630792,DeviceTemperature,captis_pulse,BUDERIM,Residential,34.26,11.42,12.26,10.9,3,2025-12-08T10:18:57.190Z
2022-07-04,2022,7,9395586,Battery,captis_pulse,BUDERIM,Residential,2.009,2.009,2.009,2.009,1,2025-12-08T10:18:57.190Z
2022-07-04,2022,7,64630792,Battery,captis_pulse,BUDERIM,Residential,69.283,23.094333333333335,64.0,1.643,3,2025-12-08T10:18:57.190Z
2022-07-06,2022,7,21947022,Pulse1,captis_pulse,MERIDAN PLAINS,Non-Residential,10.0,0.625,5.0,0.0,16,2025-12-08T10:18:57.190Z
2022-07-06,2022,7,64630792,Pulse1,captis_pulse,BUDERIM,Residential,0.0,0.0,0.0,0.0,14,2025-12-08T10:18:57.190Z
2022-07-06,2022,7,64630792,DeviceTemperature,captis_pulse,BUDERIM,Residential,22.7,22.7,22.7,22.7,1,2025-12-08T10:18:57.190Z
2022-07-06,2022,7,21947022,DeviceTemperature,captis_pulse,MERIDAN PLAINS,Non-Residential,20.2,20.2,20.2,20.2,1,2025-12-08T10:18:57.190Z
2022-07-06,2022,7,9395586,DeviceTemperature,captis_pulse,BUDERIM,Residential,32.1,32.1,32.1,32.1,1,2025-12-08T10:18:57.190Z
2022-07-05,2022,7,76876,Pulse1,captis_pulse,BUDERIM,Residential,292.0,5.84,89.0,0.0,50,2025-12-08T10:18:57.190Z
2022-07-05,2022,7,65104206,Pulse1,captis_pulse,BUDERIM,Residential,2578.0,51.56,172.0,7.0,50,2025-12-08T10:18:57.190Z
2022-07-05,2022,7,65438616,Pulse1,captis_pulse,BUDERIM,Residential,2300.0,46.0,200.0,0.0,50,2025-12-08T10:18:57.190Z
2022-07-05,2022,7,283478,Pulse1,captis_pulse,BUDERIM,Residential,139.0,2.5272727272727273,56.0,0.0,55,2025-12-08T10:18:57.190Z
2022-07-05,2022,7,61194261,Pulse1_Total,captis_pulse,BUDERIM,Residential,3120191.0,56730.74545454545,56832.0,56671.0,55,2025-12-08T10:18:57.190Z
2022-07-05,2022,7,61194261,Pulse1,captis_pulse,BUDERIM,Residential,83.0,1.509090909090909,20.0,0.0,55,2025-12-08T10:18:57.190Z
2022-07-05,2022,7,61194261,DeviceTemperature,captis_pulse,BUDERIM,Residential,36.34,18.17,18.5,17.84,2,2025-12-08T10:18:57.190Z
2022-07-05,2022,7,65438616,Battery,captis_pulse,BUDERIM,Residential,74.626,24.875333333333334,69.0,1.986,3,2025-12-08T10:18:57.190Z
2022-07-05,2022,7,65438616,DeviceTemperature,captis_pulse,BUDERIM,Residential,12.17,12.17,12.17,12.17,1,2025-12-08T10:18:57.190Z
2022-07-05,2022,7,76876,DeviceTemperature,captis_pulse,BUDERIM,Residential,27.98,13.99,14.5,13.48,2,2025-12-08T10:18:57.190Z
2022-07-05,2022,7,61194261,Battery,captis_pulse,BUDERIM,Residential,75.162,25.054000000000002,69.0,2.522,3,2025-12-08T10:18:57.190Z
2022-07-05,2022,7,283478,DeviceTemperature,captis_pulse,BUDERIM,Residential,27.85,13.925,14.5,13.35,2,2025-12-08T10:18:57.190Z
2022-07-05,2022,7,65104206,DeviceTemperature,captis_pulse,BUDERIM,Residential,16.5,16.5,16.5,16.5,1,2025-12-08T10:18:57.190Z
2022-07-04,2022,7,76876,Pulse1,captis_pulse,BUDERIM,Residential,133.0,5.782608695652174,49.0,0.0,23,2025-12-08T10:18:57.190Z
2022-07-04,2022,7,65104206,Pulse1,captis_pulse,BUDERIM,Residential,818.0,35.56521739130435,148.0,7.0,23,2025-12-08T10:18:57.190Z
2022-07-04,2022,7,65438616,Pulse1,captis_pulse,BUDERIM,Residential,600.0,26.08695652173913,200.0,0.0,23,2025-12-08T10:18:57.190Z
2022-07-04,2022,7,283478,Pulse1,captis_pulse,BUDERIM,Residential,151.0,6.565217391304348,59.0,0.0,23,2025-12-08T10:18:57.190Z
2022-07-04,2022,7,61194261,Pulse1_Total,captis_pulse,BUDERIM,Residential,1411298.0,56451.92,56563.0,56427.0,25,2025-12-08T10:18:57.190Z
2022-07-04,2022,7,61194261,Pulse1,captis_pulse,BUDERIM,Residential,125.0,5.0,58.0,0.0,25,2025-12-08T10:18:57.190Z
2022-07-04,2022,7,283478,DeviceTemperature,captis_pulse,BUDERIM,Residential,37.31,12.436666666666667,13.61,11.6,3,2025-12-08T10:18:57.190Z
2022-07-04,2022,7,65438616,Battery,captis_pulse,BUDERIM,Residential,73.732,24.577333333333332,68.0,2.102,3,2025-12-08T10:18:57.190Z
2022-07-04,2022,7,65438616,DeviceTemperature,captis_pulse,BUDERIM,Residential,23.18,11.59,12.28,10.9,2,2025-12-08T10:18:57.190Z
2022-07-04,2022,7,76876,DeviceTemperature,captis_pulse,BUDERIM,Residential,36.730000000000004,12.243333333333334,13.33,11.6,3,2025-12-08T10:18:57.190Z
2022-07-04,2022,7,61194261,Battery,captis_pulse,BUDERIM,Residential,74.134,24.711333333333332,68.0,2.494,3,2025-12-08T10:18:57.190Z
2022-07-04,2022,7,61194261,DeviceTemperature,captis_pulse,BUDERIM,Residential,52.660000000000004,17.553333333333335,18.36,17.1,3,2025-12-08T10:18:57.190Z
2022-07-04,2022,7,283478,Battery,captis_pulse,BUDERIM,Residential,79.281,26.427000000000003,74.0,1.641,3,2025-12-08T10:18:57.190Z
2022-07-06,2022,7,76876,Pulse1,captis_pulse,BUDERIM,Residential,52.0,3.25,16.0,0.0,16,2025-12-08T10:18:57.190Z
2022-07-06,2022,7,65104206,Pulse1,captis_pulse,BUDERIM,Residential,958.0,63.86666666666667,169.0,27.0,15,2025-12-08T10:18:57.190Z
2022-07-06,2022,7,65438616,Pulse1,captis_pulse,BUDERIM,Residential,1300.0,76.47058823529412,200.0,0.0,17,2025-12-08T10:18:57.190Z
2022-07-06,2022,7,283478,Pulse1,captis_pulse,BUDERIM,Residential,68.0,3.7777777777777777,30.0,0.0,18,2025-12-08T10:18:57.190Z
2022-07-06,2022,7,61194261,Pulse1_Total,captis_pulse,BUDERIM,Residential,1084583.0,57083.31578947369,57224.0,56863.0,19,2025-12-08T10:18:57.190Z
2022-07-06,2022,7,61194261,Pulse1,captis_pulse,BUDERIM,Residential,117.0,6.157894736842105,40.0,0.0,19,2025-12-08T10:18:57.190Z
2022-07-06,2022,7,61194261,DeviceTemperature,captis_pulse,BUDERIM,Residential,25.5,25.5,25.5,25.5,1,2025-12-08T10:18:57.190Z
2022-07-06,2022,7,76876,DeviceTemperature,captis_pulse,BUDERIM,Residential,24.9,24.9,24.9,24.9,1,2025-12-08T10:18:57.190Z
2022-07-06,2022,7,65104206,DeviceTemperature,captis_pulse,BUDERIM,Residential,21.0,21.0,21.0,21.0,1,2025-12-08T10:18:57.190Z
2022-07-05,2022,7,604648,Pulse1_Total,captis_pulse,BUDERIM,Residential,2518632.0,49384.94117647059,49387.0,49373.0,51,2025-12-08T10:18:57.190Z
2022-07-05,2022,7,604648,Pulse1,captis_pulse,BUDERIM,Residential,11.0,0.21568627450980393,7.0,0.0,51,2025-12-08T10:18:57.190Z
2022-07-05,2022,7,61184899,Pulse1_Total,captis_pulse,BUDERIM,Residential,380406.0,7315.5,7583.0,7125.0,52,2025-12-08T10:18:57.190Z
2022-07-05,2022,7,61184899,Pulse1,captis_pulse,BUDERIM,Residential,197.0,3.7884615384615383,29.0,0.0,52,2025-12-08T10:18:57.190Z
2022-07-05,2022,7,9338236,Pulse1_Total,captis_pulse,MOUNTAIN CREEK,Residential,5405544.0,91619.38983050847,91812.0,91163.0,59,2025-12-08T10:18:57.190Z
2022-07-05,2022,7,9338236,Pulse1,captis_pulse,MOUNTAIN CREEK,Residential,497.0,8.423728813559322,89.0,0.0,59,2025-12-08T10:18:57.190Z
2022-07-05,2022,7,60219035,Pulse1_Total,captis_pulse,BUDERIM,Residential,1848.0,44.0,44.0,44.0,42,2025-12-08T10:18:57.190Z
2022-07-05,2022,7,60219035,Pulse1,captis_pulse,BUDERIM,Residential,0.0,0.0,0.0,0.0,42,2025-12-08T10:18:57.190Z
2022-07-05,2022,7,61184899,DeviceTemperature,captis_pulse,BUDERIM,Residential,24.96,12.48,13.0,11.96,2,2025-12-08T10:18:57.190Z
2022-07-05,2022,7,60219035,DeviceTemperature,captis_pulse,BUDERIM,Residential,27.11,13.555,14.0,13.11,2,2025-12-08T10:18:57.190Z
2022-07-05,2022,7,9338236,DeviceTemperature,captis_pulse,MOUNTAIN CREEK,Residential,25.77,12.885,13.4,12.37,2,2025-12-08T10:18:57.190Z
2022-07-05,2022,7,9338236,Battery,captis_pulse,MOUNTAIN CREEK,Residential,102.08300000000001,34.02766666666667,96.0,2.543,3,2025-12-08T10:18:57.190Z
2022-07-05,2022,7,604648,DeviceTemperature,captis_pulse,BUDERIM,Residential,27.68,13.84,14.3,13.38,2,2025-12-08T10:18:57.190Z
2022-07-05,2022,7,61184899,Battery,captis_pulse,BUDERIM,Residential,3.64,3.64,3.64,3.64,1,2025-12-08T10:18:57.190Z
2022-07-04,2022,7,604648,Pulse1_Total,captis_pulse,BUDERIM,Residential,1086206.0,49373.0,49373.0,49373.0,22,2025-12-08T10:18:57.190Z
2022-07-04,2022,7,604648,Pulse1,captis_pulse,BUDERIM,Residential,0.0,0.0,0.0,0.0,22,2025-12-08T10:18:57.190Z
2022-07-04,2022,7,61184899,Pulse1_Total,captis_pulse,BUDERIM,Residential,156750.0,7125.0,7125.0,7125.0,22,2025-12-08T10:18:57.190Z
2022-07-04,2022,7,61184899,Pulse1,captis_pulse,BUDERIM,Residential,0.0,0.0,0.0,0.0,22,2025-12-08T10:18:57.190Z
2022-07-04,2022,7,9338236,Pulse1_Total,captis_pulse,MOUNTAIN CREEK,Residential,2096099.0,91134.73913043478,91157.0,91123.0,23,2025-12-08T10:18:57.190Z
2022-07-04,2022,7,9338236,Pulse1,captis_pulse,MOUNTAIN CREEK,Residential,18.0,0.782608695652174,6.0,0.0,23,2025-12-08T10:18:57.190Z
2022-07-04,2022,7,60219035,Pulse1_Total,captis_pulse,BUDERIM,Residential,968.0,44.0,44.0,44.0,22,2025-12-08T10:18:57.190Z
2022-07-04,2022,7,60219035,Pulse1,captis_pulse,BUDERIM,Residential,0.0,0.0,0.0,0.0,22,2025-12-08T10:18:57.190Z
2022-07-04,2022,7,604648,DeviceTemperature,captis_pulse,BUDERIM,Residential,36.629999999999995,12.209999999999999,13.13,11.7,3,2025-12-08T10:18:57.190Z
2022-07-04,2022,7,61184899,DeviceTemperature,captis_pulse,BUDERIM,Residential,31.560000000000002,10.520000000000001,11.36,10.1,3,2025-12-08T10:18:57.190Z
2022-07-04,2022,7,60219035,Battery,captis_pulse,BUDERIM,Residential,73.735,24.578333333333333,68.0,2.095,3,2025-12-08T10:18:57.190Z
2022-07-04,2022,7,60219035,DeviceTemperature,captis_pulse,BUDERIM,Residential,24.85,12.425,13.25,11.6,2,2025-12-08T10:18:57.190Z
2022-07-04,2022,7,61184899,Battery,captis_pulse,BUDERIM,Residential,3.64,3.64,3.64,3.64,1,2025-12-08T10:18:57.190Z
2022-07-04,2022,7,9338236,DeviceTemperature,captis_pulse,MOUNTAIN CREEK,Residential,23.09,11.545,12.39,10.7,2,2025-12-08T10:18:57.190Z
2022-07-06,2022,7,604648,Pulse1_Total,captis_pulse,BUDERIM,Residential,740805.0,49387.0,49387.0,49387.0,15,2025-12-08T10:18:57.190Z
2022-07-06,2022,7,604648,Pulse1,captis_pulse,BUDERIM,Residential,0.0,0.0,0.0,0.0,15,2025-12-08T10:18:57.190Z
2022-07-06,2022,7,61184899,Pulse1_Total,captis_pulse,BUDERIM,Residential,113775.0,7585.0,7585.0,7585.0,15,2025-12-08T10:18:57.190Z
2022-07-06,2022,7,61184899,Pulse1,captis_pulse,BUDERIM,Residential,0.0,0.0,0.0,0.0,15,2025-12-08T10:18:57.190Z
2022-07-06,2022,7,9338236,Pulse1_Total,captis_pulse,MOUNTAIN CREEK,Residential,1194868.0,91912.92307692308,91991.0,91874.0,13,2025-12-08T10:18:57.190Z
2022-07-06,2022,7,9338236,Pulse1,captis_pulse,MOUNTAIN CREEK,Residential,13.0,1.0,8.0,0.0,13,2025-12-08T10:18:57.190Z
2022-07-06,2022,7,61184899,DeviceTemperature,captis_pulse,BUDERIM,Residential,21.2,21.2,21.2,21.2,1,2025-12-08T10:18:57.190Z
2022-07-06,2022,7,604648,DeviceTemperature,captis_pulse,BUDERIM,Residential,24.1,24.1,24.1,24.1,1,2025-12-08T10:18:57.190Z
2022-07-06,2022,7,9338236,DeviceTemperature,captis_pulse,MOUNTAIN CREEK,Residential,20.6,20.6,20.6,20.6,1,2025-12-08T10:18:57.190Z
2022-07-05,2022,7,61278924,Pulse1_Total,captis_pulse,BUDERIM,Residential,1620.0,30.0,30.0,30.0,54,2025-12-08T10:18:57.190Z
2022-07-05,2022,7,61278924,Pulse1,captis_pulse,BUDERIM,Residential,0.0,0.0,0.0,0.0,54,2025-12-08T10:18:57.190Z
2022-07-05,2022,7,9027465,Pulse1,captis_pulse,MAROOCHYDORE,Residential,183.0,3.66,56.0,0.0,50,2025-12-08T10:18:57.190Z
2022-07-05,2022,7,46054156,Pulse1,captis_pulse,MAROOCHYDORE,Residential,16090.0,272.7118644067797,670.0,20.0,59,2025-12-08T10:18:57.190Z
2022-07-05,2022,7,46053995,Pulse1,captis_pulse,GRIFFIN,Non-Residential,1158.0,42.888888888888886,157.0,37.0,27,2025-12-08T10:18:57.190Z
2022-07-05,2022,7,61278924,DeviceTemperature,captis_pulse,BUDERIM,Residential,25.259999999999998,12.629999999999999,13.1,12.16,2,2025-12-08T10:18:57.190Z
2022-07-05,2022,7,46053995,Battery,captis_pulse,GRIFFIN,Non-Residential,69.488,23.162666666666667,64.0,1.848,3,2025-12-08T10:18:57.190Z
2022-07-05,2022,7,46053995,DeviceTemperature,captis_pulse,GRIFFIN,Non-Residential,14.42,14.42,14.42,14.42,1,2025-12-08T10:18:57.190Z
2022-07-05,2022,7,46054156,DeviceTemperature,captis_pulse,MAROOCHYDORE,Residential,27.66,13.83,14.2,13.46,2,2025-12-08T10:18:57.190Z
2022-07-05,2022,7,46054156,Battery,captis_pulse,MAROOCHYDORE,Residential,3.64,3.64,3.64,3.64,1,2025-12-08T10:18:57.190Z
2022-07-05,2022,7,9027465,Battery,captis_pulse,MAROOCHYDORE,Residential,77.92,25.973333333333333,72.0,2.28,3,2025-12-08T10:18:57.190Z
2022-07-05,2022,7,9027465,DeviceTemperature,captis_pulse,MAROOCHYDORE,Residential,27.92,13.96,14.4,13.52,2,2025-12-08T10:18:57.190Z
2022-07-05,2022,7,61278924,Battery,captis_pulse,BUDERIM,Residential,74.732,24.910666666666668,69.0,2.092,3,2025-12-08T10:18:57.190Z
2022-07-04,2022,7,61278924,Pulse1_Total,captis_pulse,BUDERIM,Residential,660.0,30.0,30.0,30.0,22,2025-12-08T10:18:57.190Z
2022-07-04,2022,7,61278924,Pulse1,captis_pulse,BUDERIM,Residential,0.0,0.0,0.0,0.0,22,2025-12-08T10:18:57.190Z
2022-07-04,2022,7,9027465,Pulse1,captis_pulse,MAROOCHYDORE,Residential,5.0,0.23809523809523808,5.0,0.0,21,2025-12-08T10:18:57.190Z
2022-07-04,2022,7,46054156,Pulse1,captis_pulse,MAROOCHYDORE,Residential,5480.0,249.0909090909091,840.0,20.0,22,2025-12-08T10:18:57.190Z
2022-07-04,2022,7,9027465,DeviceTemperature,captis_pulse,MAROOCHYDORE,Residential,25.32,12.66,13.22,12.1,2,2025-12-08T10:18:57.190Z
2022-07-04,2022,7,46054156,DeviceTemperature,captis_pulse,MAROOCHYDORE,Residential,37.73,12.576666666666666,13.43,11.9,3,2025-12-08T10:18:57.190Z
2022-07-04,2022,7,61278924,Battery,captis_pulse,BUDERIM,Residential,73.64,24.546666666666667,68.0,2.0,3,2025-12-08T10:18:57.190Z
2022-07-04,2022,7,9027465,Battery,captis_pulse,MAROOCHYDORE,Residential,77.812,25.93733333333333,72.0,2.182,3,2025-12-08T10:18:57.190Z
2022-07-06,2022,7,61278924,Pulse1_Total,captis_pulse,BUDERIM,Residential,420.0,30.0,30.0,30.0,14,2025-12-08T10:18:57.190Z
2022-07-06,2022,7,61278924,Pulse1,captis_pulse,BUDERIM,Residential,0.0,0.0,0.0,0.0,15,2025-12-08T10:18:57.190Z
2022-07-06,2022,7,46053995,Pulse1,captis_pulse,GRIFFIN,Non-Residential,1339.0,89.26666666666667,243.0,36.0,15,2025-12-08T10:18:57.190Z
2022-07-06,2022,7,9027465,Pulse1,captis_pulse,MAROOCHYDORE,Residential,46.0,3.066666666666667,37.0,0.0,15,2025-12-08T10:18:57.190Z
2022-07-06,2022,7,46054156,Pulse1,captis_pulse,MAROOCHYDORE,Residential,7220.0,481.3333333333333,850.0,220.0,15,2025-12-08T10:18:57.190Z
2022-07-06,2022,7,61278924,DeviceTemperature,captis_pulse,BUDERIM,Residential,21.2,21.2,21.2,21.2,1,2025-12-08T10:18:57.190Z
2022-07-04,2022,7,46053995,Pulse1,captis_pulse,GRIFFIN,Non-Residential,7199.0,74.98958333333333,323.0,36.0,96,2025-12-08T10:18:57.190Z
2022-07-04,2022,7,46053995,DeviceTemperature,captis_pulse,GRIFFIN,Non-Residential,12.9,12.9,12.9,12.9,1,2025-12-08T10:18:57.190Z
2022-07-04,2022,7,46053995,Battery,captis_pulse,GRIFFIN,Non-Residential,2.39,2.39,2.39,2.39,1,2025-12-08T10:18:57.190Z
2022-07-05,2022,7,2138,Pulse1,captis_pulse,MAROOCHYDORE,Residential,193.0,3.7115384615384617,38.0,0.0,52,2025-12-08T10:18:57.190Z
2022-07-05,2022,7,61148208,Pulse1,captis_pulse,BUDERIM,Residential,441.0,7.47457627118644,79.0,0.0,59,2025-12-08T10:18:57.190Z
2022-07-05,2022,7,36290436,Pulse1,captis_pulse,MAROOCHYDORE,Non-Residential,130.0,2.4074074074074074,110.0,0.0,54,2025-12-08T10:18:57.190Z
2022-07-05,2022,7,46057781,Pulse1,captis_pulse,MAROOCHYDORE,Residential,1240.0,19.375,120.0,0.0,64,2025-12-08T10:18:57.190Z
2022-07-05,2022,7,46057781,DeviceTemperature,captis_pulse,MAROOCHYDORE,Residential,29.560000000000002,14.780000000000001,15.1,14.46,2,2025-12-08T10:18:57.190Z
2022-07-05,2022,7,81968205,Pulse1,captis_pulse,MAROOCHYDORE,Residential,600.0,27.272727272727273,140.0,0.0,22,2025-12-08T10:18:57.190Z
2022-07-05,2022,7,82440924,Pulse1,captis_pulse,MAROOCHYDORE,Residential,2.0,0.125,2.0,0.0,16,2025-12-08T10:18:57.190Z
2022-07-05,2022,7,61145239,Pulse1_Total,captis_pulse,BUDERIM,Residential,403950.0,40395.0,40395.0,40395.0,10,2025-12-08T10:18:57.190Z
2022-07-05,2022,7,61145239,Pulse1,captis_pulse,BUDERIM,Residential,0.0,0.0,0.0,0.0,10,2025-12-08T10:18:57.190Z
2022-07-05,2022,7,46057781,Battery,captis_pulse,MAROOCHYDORE,Residential,71.767,23.92233333333333,66.0,2.127,3,2025-12-08T10:18:57.190Z
2022-07-05,2022,7,61148208,Battery,captis_pulse,BUDERIM,Residential,73.634,24.544666666666668,68.0,1.994,3,2025-12-08T10:18:57.190Z
2022-07-05,2022,7,2138,DeviceTemperature,captis_pulse,MAROOCHYDORE,Residential,27.45,13.725,14.2,13.25,2,2025-12-08T10:18:57.190Z
2022-07-05,2022,7,2138,Battery,captis_pulse,MAROOCHYDORE,Residential,75.97999999999999,25.326666666666664,70.0,2.35,3,2025-12-08T10:18:57.190Z
2022-07-05,2022,7,36290436,DeviceTemperature,captis_pulse,MAROOCHYDORE,Non-Residential,16.9,16.9,16.9,16.9,1,2025-12-08T10:18:57.190Z
2022-07-05,2022,7,61145239,DeviceTemperature,captis_pulse,BUDERIM,Residential,12.86,12.86,12.86,12.86,1,2025-12-08T10:18:57.190Z
2022-07-05,2022,7,81968205,Battery,captis_pulse,MAROOCHYDORE,Residential,71.64,35.82,68.0,3.64,2,2025-12-08T10:18:57.190Z
2022-07-05,2022,7,81968205,DeviceTemperature,captis_pulse,MAROOCHYDORE,Residential,13.65,13.65,13.65,13.65,1,2025-12-08T10:18:57.190Z
2022-07-05,2022,7,61148208,DeviceTemperature,captis_pulse,BUDERIM,Residential,13.2,13.2,13.2,13.2,1,2025-12-08T10:18:57.190Z
2022-07-04,2022,7,81968205,Pulse1,captis_pulse,MAROOCHYDORE,Residential,740.0,30.833333333333332,115.0,0.0,24,2025-12-08T10:18:57.190Z
2022-07-04,2022,7,2138,Pulse1,captis_pulse,MAROOCHYDORE,Residential,30.0,1.25,13.0,0.0,24,2025-12-08T10:18:57.190Z
2022-07-04,2022,7,61148208,Pulse1,captis_pulse,BUDERIM,Residential,311.0,13.521739130434783,75.0,0.0,23,2025-12-08T10:18:57.190Z
2022-07-04,2022,7,36290436,Pulse1,captis_pulse,MAROOCHYDORE,Non-Residential,20.0,0.8,10.0,0.0,25,2025-12-08T10:18:57.190Z
2022-07-04,2022,7,46057781,Pulse1,captis_pulse,MAROOCHYDORE,Residential,480.0,19.2,90.0,0.0,25,2025-12-08T10:18:57.190Z
2022-07-04,2022,7,36290436,Battery,captis_pulse,MAROOCHYDORE,Non-Residential,85.628,28.542666666666666,79.0,2.998,3,2025-12-08T10:18:57.190Z
2022-07-04,2022,7,61148208,DeviceTemperature,captis_pulse,BUDERIM,Residential,21.6,10.8,10.9,10.7,2,2025-12-08T10:18:57.190Z
2022-07-04,2022,7,2138,DeviceTemperature,captis_pulse,MAROOCHYDORE,Residential,36.150000000000006,12.050000000000002,12.95,11.4,3,2025-12-08T10:18:57.190Z
2022-07-04,2022,7,46057781,Battery,captis_pulse,MAROOCHYDORE,Residential,73.654,24.551333333333332,68.0,2.014,3,2025-12-08T10:18:57.190Z
2022-07-04,2022,7,46057781,DeviceTemperature,captis_pulse,MAROOCHYDORE,Residential,27.23,13.615,14.23,13.0,2,2025-12-08T10:18:57.190Z
2022-07-04,2022,7,81968205,DeviceTemperature,captis_pulse,MAROOCHYDORE,Residential,12.6,12.6,12.6,12.6,1,2025-12-08T10:18:57.190Z
2022-07-04,2022,7,36290436,DeviceTemperature,captis_pulse,MAROOCHYDORE,Non-Residential,18.24,18.24,18.24,18.24,1,2025-12-08T10:18:57.190Z
2022-07-06,2022,7,82440924,Pulse1,captis_pulse,MAROOCHYDORE,Residential,19.0,1.4615384615384615,8.0,0.0,13,2025-12-08T10:18:57.190Z
2022-07-06,2022,7,2138,Pulse1,captis_pulse,MAROOCHYDORE,Residential,101.0,7.769230769230769,52.0,0.0,13,2025-12-08T10:18:57.190Z
2022-07-06,2022,7,61148208,Pulse1,captis_pulse,BUDERIM,Residential,205.0,12.8125,85.0,0.0,16,2025-12-08T10:18:57.190Z
2022-07-06,2022,7,36290436,Pulse1,captis_pulse,MAROOCHYDORE,Non-Residential,20.0,1.1111111111111112,20.0,0.0,18,2025-12-08T10:18:57.190Z
2022-07-06,2022,7,46057781,Pulse1,captis_pulse,MAROOCHYDORE,Residential,1100.0,57.89473684210526,140.0,10.0,19,2025-12-08T10:18:57.190Z
2022-07-06,2022,7,81968205,Pulse1,captis_pulse,MAROOCHYDORE,Residential,40.0,40.0,40.0,40.0,1,2025-12-08T10:18:57.190Z
2022-07-06,2022,7,46057781,DeviceTemperature,captis_pulse,MAROOCHYDORE,Residential,22.7,22.7,22.7,22.7,1,2025-12-08T10:18:57.190Z
2022-07-04,2022,7,82440924,Pulse1,captis_pulse,MAROOCHYDORE,Residential,120.0,1.25,84.0,0.0,96,2025-12-08T10:18:57.190Z
2022-07-04,2022,7,82440924,DeviceTemperature,captis_pulse,MAROOCHYDORE,Residential,65.78999999999999,16.447499999999998,17.4,15.8,4,2025-12-08T10:18:57.190Z
2022-07-04,2022,7,82440924,Battery,captis_pulse,MAROOCHYDORE,Residential,72.89699999999999,24.298999999999996,65.0,3.63,3,2025-12-08T10:18:57.190Z
2022-07-04,2022,7,61145239,Pulse1_Total,captis_pulse,BUDERIM,Residential,3860503.0,40213.572916666664,40276.0,40117.0,96,2025-12-08T10:18:57.190Z
2022-07-04,2022,7,61145239,Pulse1,captis_pulse,BUDERIM,Residential,159.0,1.65625,20.0,0.0,96,2025-12-08T10:18:57.190Z
2022-07-04,2022,7,61145239,DeviceTemperature,captis_pulse,BUDERIM,Residential,11.2,11.2,11.2,11.2,1,2025-12-08T10:18:57.190Z
2022-07-03,2022,7,82440924,Pulse1,captis_pulse,MAROOCHYDORE,Residential,435.0,4.53125,85.0,0.0,96,2025-12-08T10:18:57.190Z
2022-07-03,2022,7,82440924,Battery,captis_pulse,MAROOCHYDORE,Residential,2.828,2.828,2.828,2.828,1,2025-12-08T10:18:57.190Z
2022-07-05,2022,7,1664379,Pulse1,captis_pulse,BUDERIM,Residential,22.0,0.44,5.0,0.0,50,2025-12-08T10:18:57.190Z
2022-07-05,2022,7,65089621,Pulse1,captis_pulse,BUDERIM,Residential,1100.0,20.37037037037037,130.0,0.0,54,2025-12-08T10:18:57.190Z
2022-07-05,2022,7,62367082,Pulse1_Total,captis_pulse,BUDERIM,Residential,3594062.0,57968.74193548387,58378.0,57876.0,62,2025-12-08T10:18:57.190Z
2022-07-05,2022,7,62367082,Pulse1,captis_pulse,BUDERIM,Residential,105.0,1.6935483870967742,37.0,0.0,62,2025-12-08T10:18:57.190Z
2022-07-05,2022,7,1664379,DeviceTemperature,captis_pulse,BUDERIM,Residential,32.75,16.375,16.7,16.05,2,2025-12-08T10:18:57.190Z
2022-07-05,2022,7,65089621,DeviceTemperature,captis_pulse,BUDERIM,Residential,23.85,11.925,12.3,11.55,2,2025-12-08T10:18:57.190Z
2022-07-05,2022,7,62367082,Battery,captis_pulse,BUDERIM,Residential,77.50699999999999,25.835666666666665,72.0,1.877,3,2025-12-08T10:18:57.190Z
2022-07-05,2022,7,62367082,DeviceTemperature,captis_pulse,BUDERIM,Residential,26.439999999999998,13.219999999999999,13.5,12.94,2,2025-12-08T10:18:57.190Z
2022-07-05,2022,7,65089621,Battery,captis_pulse,BUDERIM,Residential,73.812,24.604,67.0,3.172,3,2025-12-08T10:18:57.190Z
2022-07-04,2022,7,65089621,Pulse1,captis_pulse,BUDERIM,Residential,400.0,16.0,110.0,0.0,25,2025-12-08T10:18:57.190Z
2022-07-04,2022,7,1664379,Pulse1,captis_pulse,BUDERIM,Residential,38.0,1.5833333333333333,32.0,0.0,24,2025-12-08T10:18:57.190Z
2022-07-04,2022,7,62367082,Pulse1_Total,captis_pulse,BUDERIM,Residential,1269516.0,57705.27272727273,57872.0,57659.0,22,2025-12-08T10:18:57.190Z
2022-07-04,2022,7,62367082,Pulse1,captis_pulse,BUDERIM,Residential,142.0,6.454545454545454,74.0,0.0,22,2025-12-08T10:18:57.190Z
2022-07-04,2022,7,65089621,DeviceTemperature,captis_pulse,BUDERIM,Residential,30.74,10.246666666666666,11.24,9.7,3,2025-12-08T10:18:57.190Z
2022-07-04,2022,7,62367082,DeviceTemperature,captis_pulse,BUDERIM,Residential,23.1,11.55,11.6,11.5,2,2025-12-08T10:18:57.190Z
2022-07-04,2022,7,65089621,Battery,captis_pulse,BUDERIM,Residential,74.802,24.934,69.0,2.162,3,2025-12-08T10:18:57.190Z
2022-07-06,2022,7,1664379,Pulse1,captis_pulse,BUDERIM,Residential,7.0,0.4666666666666667,5.0,0.0,15,2025-12-08T10:18:57.190Z
2022-07-06,2022,7,65089621,Pulse1,captis_pulse,BUDERIM,Residential,330.0,17.36842105263158,50.0,0.0,19,2025-12-08T10:18:57.190Z
2022-07-06,2022,7,62367082,Pulse1_Total,captis_pulse,BUDERIM,Residential,875684.0,58378.933333333334,58381.0,58378.0,15,2025-12-08T10:18:57.190Z
2022-07-06,2022,7,62367082,Pulse1,captis_pulse,BUDERIM,Residential,1.0,0.06666666666666667,1.0,0.0,15,2025-12-08T10:18:57.190Z
2022-07-06,2022,7,65089621,DeviceTemperature,captis_pulse,BUDERIM,Residential,23.0,23.0,23.0,23.0,1,2025-12-08T10:18:57.190Z
2022-07-06,2022,7,62367082,DeviceTemperature,captis_pulse,BUDERIM,Residential,18.1,18.1,18.1,18.1,1,2025-12-08T10:18:57.190Z
2022-07-06,2022,7,1664379,DeviceTemperature,captis_pulse,BUDERIM,Residential,26.1,26.1,26.1,26.1,1,2025-12-08T10:18:57.190Z
2022-07-05,2022,7,602793,Pulse1,captis_pulse,BUDERIM,Residential,108.0,2.204081632653061,55.0,0.0,49,2025-12-08T10:18:57.190Z
2022-07-05,2022,7,311042,Pulse1,captis_pulse,BUDERIM,Residential,59.0,1.0925925925925926,18.0,0.0,54,2025-12-08T10:18:57.190Z
2022-07-05,2022,7,64628125,Pulse1,captis_pulse,MAROOCHYDORE,Residential,1070.0,21.4,120.0,0.0,50,2025-12-08T10:18:57.190Z
2022-07-05,2022,7,34600176,Pulse1,captis_pulse,MAROOCHYDORE,Residential,6420.0,128.4,400.0,10.0,50,2025-12-08T10:18:57.190Z
2022-07-05,2022,7,602793,Battery,captis_pulse,BUDERIM,Residential,71.402,23.800666666666668,66.0,1.772,3,2025-12-08T10:18:57.190Z
2022-07-05,2022,7,602793,DeviceTemperature,captis_pulse,BUDERIM,Residential,28.5,14.25,15.0,13.5,2,2025-12-08T10:18:57.190Z
2022-07-05,2022,7,311042,DeviceTemperature,captis_pulse,BUDERIM,Residential,26.92,13.46,14.0,12.92,2,2025-12-08T10:18:57.190Z
2022-07-05,2022,7,34600176,DeviceTemperature,captis_pulse,MAROOCHYDORE,Residential,15.29,15.29,15.29,15.29,1,2025-12-08T10:18:57.190Z
2022-07-05,2022,7,64628125,DeviceTemperature,captis_pulse,MAROOCHYDORE,Residential,26.83,13.415,13.8,13.03,2,2025-12-08T10:18:57.190Z
2022-07-05,2022,7,34600176,Battery,captis_pulse,MAROOCHYDORE,Residential,73.081,24.360333333333333,67.0,2.471,3,2025-12-08T10:18:57.190Z
2022-07-05,2022,7,64628125,Battery,captis_pulse,MAROOCHYDORE,Residential,72.367,24.122333333333334,67.0,1.727,3,2025-12-08T10:18:57.190Z
2022-07-05,2022,7,311042,Battery,captis_pulse,BUDERIM,Residential,75.598,25.199333333333332,70.0,1.978,3,2025-12-08T10:18:57.190Z
2022-07-04,2022,7,602793,Pulse1,captis_pulse,BUDERIM,Residential,105.0,3.0,45.0,0.0,35,2025-12-08T10:18:57.190Z
2022-07-04,2022,7,311042,Pulse1,captis_pulse,BUDERIM,Residential,23.0,1.0454545454545454,13.0,0.0,22,2025-12-08T10:18:57.190Z
2022-07-04,2022,7,64628125,Pulse1,captis_pulse,MAROOCHYDORE,Residential,460.0,21.904761904761905,110.0,0.0,21,2025-12-08T10:18:57.190Z
2022-07-04,2022,7,34600176,Pulse1,captis_pulse,MAROOCHYDORE,Residential,2170.0,98.63636363636364,440.0,10.0,22,2025-12-08T10:18:57.190Z
2022-07-04,2022,7,64628125,DeviceTemperature,captis_pulse,MAROOCHYDORE,Residential,24.689999999999998,12.344999999999999,12.79,11.9,2,2025-12-08T10:18:57.190Z
2022-07-04,2022,7,602793,DeviceTemperature,captis_pulse,BUDERIM,Residential,35.629999999999995,11.876666666666665,12.83,11.3,3,2025-12-08T10:18:57.190Z
2022-07-04,2022,7,34600176,DeviceTemperature,captis_pulse,MAROOCHYDORE,Residential,43.01,14.336666666666666,15.11,13.7,3,2025-12-08T10:18:57.190Z
2022-07-04,2022,7,602793,Battery,captis_pulse,BUDERIM,Residential,73.302,24.434,68.0,1.662,3,2025-12-08T10:18:57.190Z
2022-07-04,2022,7,311042,DeviceTemperature,captis_pulse,BUDERIM,Residential,11.1,11.1,11.1,11.1,1,2025-12-08T10:18:57.190Z
2022-07-04,2022,7,311042,Battery,captis_pulse,BUDERIM,Residential,76.063,25.354333333333333,69.0,3.443,3,2025-12-08T10:18:57.190Z
2022-07-04,2022,7,64628125,Battery,captis_pulse,MAROOCHYDORE,Residential,73.392,24.464,68.0,1.752,3,2025-12-08T10:18:57.190Z
2022-07-06,2022,7,602793,Pulse1,captis_pulse,BUDERIM,Residential,62.0,4.133333333333334,37.0,0.0,15,2025-12-08T10:18:57.190Z
2022-07-06,2022,7,311042,Pulse1,captis_pulse,BUDERIM,Residential,40.0,2.6666666666666665,21.0,0.0,15,2025-12-08T10:18:57.190Z
2022-07-06,2022,7,64628125,Pulse1,captis_pulse,MAROOCHYDORE,Residential,90.0,6.428571428571429,30.0,0.0,14,2025-12-08T10:18:57.190Z
2022-07-06,2022,7,34600176,Pulse1,captis_pulse,MAROOCHYDORE,Residential,1600.0,106.66666666666667,220.0,20.0,15,2025-12-08T10:18:57.190Z
2022-07-06,2022,7,64628125,DeviceTemperature,captis_pulse,MAROOCHYDORE,Residential,20.4,20.4,20.4,20.4,1,2025-12-08T10:18:57.190Z
2022-07-05,2022,7,66208658,Pulse1_Total,captis_pulse,BUDERIM,Residential,1389463.0,27789.26,27853.0,27634.0,50,2025-12-08T10:18:57.190Z
2022-07-05,2022,7,66208658,Pulse1,captis_pulse,BUDERIM,Residential,144.0,2.88,25.0,0.0,50,2025-12-08T10:18:57.190Z
2022-07-05,2022,7,351,Pulse1,captis_pulse,MAROOCHYDORE,Residential,151.0,3.02,56.0,0.0,50,2025-12-08T10:18:57.190Z
2022-07-05,2022,7,278856,Pulse1,captis_pulse,BUDERIM,Residential,723.0,13.641509433962264,76.0,0.0,53,2025-12-08T10:18:57.190Z
2022-07-05,2022,7,351,Battery,captis_pulse,MAROOCHYDORE,Residential,75.62599999999999,25.208666666666662,70.0,1.996,3,2025-12-08T10:18:57.190Z
2022-07-05,2022,7,66208658,DeviceTemperature,captis_pulse,BUDERIM,Residential,16.34,16.34,16.34,16.34,1,2025-12-08T10:18:57.190Z
2022-07-05,2022,7,278856,Battery,captis_pulse,BUDERIM,Residential,75.28399999999999,25.094666666666665,70.0,1.654,3,2025-12-08T10:18:57.190Z
2022-07-05,2022,7,351,DeviceTemperature,captis_pulse,MAROOCHYDORE,Residential,15.3,15.3,15.3,15.3,1,2025-12-08T10:18:57.190Z
2022-07-05,2022,7,278856,DeviceTemperature,captis_pulse,BUDERIM,Residential,14.3,14.3,14.3,14.3,1,2025-12-08T10:18:57.190Z
2022-07-04,2022,7,66208658,Pulse1_Total,captis_pulse,BUDERIM,Residential,992961.0,27582.25,27615.0,27569.0,36,2025-12-08T10:18:57.190Z
2022-07-04,2022,7,66208658,Pulse1,captis_pulse,BUDERIM,Residential,41.0,1.1388888888888888,10.0,0.0,36,2025-12-08T10:18:57.190Z
2022-07-04,2022,7,351,Pulse1,captis_pulse,MAROOCHYDORE,Residential,7.0,0.3181818181818182,2.0,0.0,22,2025-12-08T10:18:57.190Z
2022-07-04,2022,7,278856,Pulse1,captis_pulse,BUDERIM,Residential,61.0,2.5416666666666665,21.0,0.0,24,2025-12-08T10:18:57.190Z
2022-07-04,2022,7,351,DeviceTemperature,captis_pulse,MAROOCHYDORE,Residential,12.2,12.2,12.2,12.2,1,2025-12-08T10:18:57.190Z
2022-07-04,2022,7,278856,DeviceTemperature,captis_pulse,BUDERIM,Residential,13.0,13.0,13.0,13.0,1,2025-12-08T10:18:57.190Z
2022-07-04,2022,7,66208658,DeviceTemperature,captis_pulse,BUDERIM,Residential,48.480000000000004,16.16,16.98,15.7,3,2025-12-08T10:18:57.190Z
2022-07-06,2022,7,66208658,Pulse1_Total,captis_pulse,BUDERIM,Residential,419152.0,27943.466666666667,27988.0,27878.0,15,2025-12-08T10:18:57.190Z
2022-07-06,2022,7,66208658,Pulse1,captis_pulse,BUDERIM,Residential,40.0,2.6666666666666665,21.0,0.0,15,2025-12-08T10:18:57.190Z
2022-07-06,2022,7,66208658,DeviceTemperature,captis_pulse,BUDERIM,Residential,18.7,18.7,18.7,18.7,1,2025-12-08T10:18:57.190Z
2022-07-06,2022,7,351,Pulse1,captis_pulse,MAROOCHYDORE,Residential,88.0,5.5,48.0,0.0,16,2025-12-08T10:18:57.190Z
2022-07-06,2022,7,278856,Pulse1,captis_pulse,BUDERIM,Residential,301.0,16.72222222222222,140.0,0.0,18,2025-12-08T10:18:57.190Z
2022-07-05,2022,7,64280361,Pulse1,captis_pulse,BUDERIM,Non-Residential,540.0,10.384615384615385,200.0,0.0,52,2025-12-08T10:18:57.190Z
2022-07-05,2022,7,64634095,Pulse1,captis_pulse,MAROOCHYDORE,Residential,2100.0,40.38461538461539,140.0,0.0,52,2025-12-08T10:18:57.190Z
2022-07-05,2022,7,81963283,Pulse1,captis_pulse,KULUIN,Residential,66.0,2.357142857142857,37.0,0.0,28,2025-12-08T10:18:57.190Z
2022-07-05,2022,7,60194288,Pulse1_Total,captis_pulse,BUDERIM,Residential,1346489.0,22821.84745762712,22945.0,22711.0,59,2025-12-08T10:18:57.190Z
2022-07-05,2022,7,60194288,Pulse1,captis_pulse,BUDERIM,Residential,149.0,2.5254237288135593,10.0,2.0,59,2025-12-08T10:18:57.190Z
2022-07-05,2022,7,66556974,Pulse1_Total,captis_pulse,BUDERIM,Residential,3828913.0,73632.94230769231,73857.0,73370.0,52,2025-12-08T10:18:57.190Z
2022-07-05,2022,7,66556974,Pulse1,captis_pulse,BUDERIM,Residential,285.0,5.588235294117647,48.0,0.0,51,2025-12-08T10:18:57.190Z
2022-07-05,2022,7,61277558,Pulse1_Total,captis_pulse,BUDERIM,Residential,815152.0,45286.22222222222,45378.0,45278.0,18,2025-12-08T10:18:57.190Z
2022-07-05,2022,7,61277558,Pulse1,captis_pulse,BUDERIM,Residential,6.0,0.3333333333333333,3.0,0.0,18,2025-12-08T10:18:57.190Z
2022-07-05,2022,7,64634095,DeviceTemperature,captis_pulse,MAROOCHYDORE,Residential,13.22,13.22,13.22,13.22,1,2025-12-08T10:18:57.190Z
2022-07-05,2022,7,60194288,DeviceTemperature,captis_pulse,BUDERIM,Residential,11.96,11.96,11.96,11.96,1,2025-12-08T10:18:57.190Z
2022-07-05,2022,7,66556974,Battery,captis_pulse,BUDERIM,Residential,138.111,34.52775,88.0,2.481,4,2025-12-08T10:18:57.190Z
2022-07-05,2022,7,60194288,Battery,captis_pulse,BUDERIM,Residential,3.63,3.63,3.63,3.63,1,2025-12-08T10:18:57.190Z
2022-07-05,2022,7,64280361,DeviceTemperature,captis_pulse,BUDERIM,Non-Residential,25.990000000000002,12.995000000000001,13.4,12.59,2,2025-12-08T10:18:57.190Z
2022-07-05,2022,7,64634095,Battery,captis_pulse,MAROOCHYDORE,Residential,70.341,23.447,65.0,1.701,3,2025-12-08T10:18:57.190Z
2022-07-05,2022,7,81963283,DeviceTemperature,captis_pulse,KULUIN,Residential,34.870000000000005,17.435000000000002,17.67,17.2,2,2025-12-08T10:18:57.190Z
2022-07-05,2022,7,81963283,Battery,captis_pulse,KULUIN,Residential,74.64,37.32,71.0,3.64,2,2025-12-08T10:18:57.190Z
2022-07-05,2022,7,61277558,Battery,captis_pulse,BUDERIM,Residential,85.63,42.815,82.0,3.63,2,2025-12-08T10:18:57.190Z
2022-07-05,2022,7,61277558,DeviceTemperature,captis_pulse,BUDERIM,Residential,12.93,12.93,12.93,12.93,1,2025-12-08T10:18:57.190Z
2022-07-04,2022,7,64280361,Pulse1,captis_pulse,BUDERIM,Non-Residential,60.0,2.727272727272727,20.0,0.0,22,2025-12-08T10:18:57.190Z
2022-07-04,2022,7,64634095,Pulse1,captis_pulse,MAROOCHYDORE,Residential,160.0,7.2727272727272725,20.0,0.0,22,2025-12-08T10:18:57.190Z
2022-07-04,2022,7,60194288,Pulse1_Total,captis_pulse,BUDERIM,Residential,498355.0,22652.5,22701.0,22615.0,22,2025-12-08T10:18:57.190Z
2022-07-04,2022,7,60194288,Pulse1,captis_pulse,BUDERIM,Residential,52.0,2.3636363636363638,8.0,2.0,22,2025-12-08T10:18:57.190Z
2022-07-04,2022,7,81963283,Pulse1,captis_pulse,KULUIN,Residential,115.0,4.6,89.0,0.0,25,2025-12-08T10:18:57.190Z
2022-07-04,2022,7,66556974,Pulse1_Total,captis_pulse,BUDERIM,Residential,1980505.0,73352.03703703704,73363.0,73347.0,27,2025-12-08T10:18:57.190Z
2022-07-04,2022,7,66556974,Pulse1,captis_pulse,BUDERIM,Residential,3.0,0.1111111111111111,1.0,0.0,27,2025-12-08T10:18:57.190Z
2022-07-04,2022,7,66556974,DeviceTemperature,captis_pulse,BUDERIM,Residential,21.1,10.55,10.7,10.4,2,2025-12-08T10:18:57.190Z
2022-07-04,2022,7,64634095,DeviceTemperature,captis_pulse,MAROOCHYDORE,Residential,23.1,11.55,11.6,11.5,2,2025-12-08T10:18:57.190Z
2022-07-04,2022,7,60194288,DeviceTemperature,captis_pulse,BUDERIM,Residential,22.64,11.32,11.84,10.8,2,2025-12-08T10:18:57.190Z
2022-07-04,2022,7,64280361,DeviceTemperature,captis_pulse,BUDERIM,Non-Residential,22.95,11.475,11.95,11.0,2,2025-12-08T10:18:57.190Z
2022-07-04,2022,7,64634095,Battery,captis_pulse,MAROOCHYDORE,Residential,69.308,23.102666666666668,64.0,1.668,3,2025-12-08T10:18:57.190Z
2022-07-06,2022,7,64280361,Pulse1,captis_pulse,BUDERIM,Non-Residential,670.0,44.666666666666664,340.0,0.0,15,2025-12-08T10:18:57.190Z
2022-07-06,2022,7,64634095,Pulse1,captis_pulse,MAROOCHYDORE,Residential,1020.0,68.0,160.0,0.0,15,2025-12-08T10:18:57.190Z
2022-07-06,2022,7,64634095,DeviceTemperature,captis_pulse,MAROOCHYDORE,Residential,20.8,20.8,20.8,20.8,1,2025-12-08T10:18:57.190Z
2022-07-06,2022,7,60194288,Pulse1_Total,captis_pulse,BUDERIM,Residential,345296.0,23019.733333333334,23068.0,22967.0,15,2025-12-08T10:18:57.190Z
2022-07-06,2022,7,60194288,Pulse1,captis_pulse,BUDERIM,Residential,35.0,2.3333333333333335,4.0,2.0,15,2025-12-08T10:18:57.190Z
2022-07-06,2022,7,61277558,Pulse1_Total,captis_pulse,BUDERIM,Residential,772059.0,45415.23529411765,45453.0,45405.0,17,2025-12-08T10:18:57.190Z
2022-07-06,2022,7,61277558,Pulse1,captis_pulse,BUDERIM,Residential,25.0,1.4705882352941178,22.0,0.0,17,2025-12-08T10:18:57.190Z
2022-07-06,2022,7,66556974,Pulse1_Total,captis_pulse,BUDERIM,Residential,1332318.0,74017.66666666667,74277.0,73881.0,18,2025-12-08T10:18:57.190Z
2022-07-06,2022,7,66556974,Pulse1,captis_pulse,BUDERIM,Residential,207.0,11.5,81.0,0.0,18,2025-12-08T10:18:57.190Z
2022-07-06,2022,7,81963283,Pulse1,captis_pulse,KULUIN,Residential,5.0,1.6666666666666667,5.0,0.0,3,2025-12-08T10:18:57.190Z
2022-07-06,2022,7,64280361,DeviceTemperature,captis_pulse,BUDERIM,Non-Residential,27.0,27.0,27.0,27.0,1,2025-12-08T10:18:57.190Z
2022-07-06,2022,7,61277558,DeviceTemperature,captis_pulse,BUDERIM,Residential,17.7,17.7,17.7,17.7,1,2025-12-08T10:18:57.190Z
2022-07-06,2022,7,81963283,Battery,captis_pulse,KULUIN,Residential,76.64,38.32,73.0,3.64,2,2025-12-08T10:18:57.190Z
2022-07-06,2022,7,81963283,DeviceTemperature,captis_pulse,KULUIN,Residential,35.96,17.98,18.5,17.46,2,2025-12-08T10:18:57.190Z
2022-07-05,2022,7,586484,Pulse1,captis_pulse,KULUIN,Residential,54.0,1.08,19.0,0.0,50,2025-12-08T10:18:57.190Z
2022-07-05,2022,7,9354554,Pulse1,captis_pulse,MAROOCHYDORE,Residential,1.0,0.018867924528301886,1.0,0.0,53,2025-12-08T10:18:57.190Z
2022-07-05,2022,7,60300869,Pulse1_Total,captis_pulse,BUDERIM,Residential,30944.0,1934.0,1934.0,1934.0,16,2025-12-08T10:18:57.190Z
2022-07-05,2022,7,60300869,Pulse1,captis_pulse,BUDERIM,Residential,0.0,0.0,0.0,0.0,16,2025-12-08T10:18:57.190Z
2022-07-05,2022,7,60445998,Pulse1_Total,captis_pulse,BUDERIM,Residential,144.0,36.0,36.0,36.0,4,2025-12-08T10:18:57.190Z
2022-07-05,2022,7,60445998,Pulse1,captis_pulse,BUDERIM,Residential,0.0,0.0,0.0,0.0,4,2025-12-08T10:18:57.190Z
2022-07-05,2022,7,60300869,DeviceTemperature,captis_pulse,BUDERIM,Residential,11.65,11.65,11.65,11.65,1,2025-12-08T10:18:57.190Z
2022-07-05,2022,7,586484,DeviceTemperature,captis_pulse,KULUIN,Residential,13.88,13.88,13.88,13.88,1,2025-12-08T10:18:57.190Z
2022-07-05,2022,7,60300869,Battery,captis_pulse,BUDERIM,Residential,3.62,3.62,3.62,3.62,1,2025-12-08T10:18:57.190Z
2022-07-05,2022,7,586484,Battery,captis_pulse,KULUIN,Residential,76.33,25.44333333333333,71.0,1.69,3,2025-12-08T10:18:57.190Z
2022-07-04,2022,7,60445998,Pulse1_Total,captis_pulse,BUDERIM,Residential,612.0,36.0,36.0,36.0,17,2025-12-08T10:18:57.190Z
2022-07-04,2022,7,60445998,Pulse1,captis_pulse,BUDERIM,Residential,0.0,0.0,0.0,0.0,16,2025-12-08T10:18:57.190Z
2022-07-04,2022,7,586484,Pulse1,captis_pulse,KULUIN,Residential,76.0,3.3043478260869565,34.0,0.0,23,2025-12-08T10:18:57.190Z
2022-07-04,2022,7,586484,DeviceTemperature,captis_pulse,KULUIN,Residential,24.1,12.05,12.2,11.9,2,2025-12-08T10:18:57.190Z
2022-07-04,2022,7,9354554,Pulse1,captis_pulse,MAROOCHYDORE,Residential,0.0,0.0,0.0,0.0,25,2025-12-08T10:18:57.190Z
2022-07-04,2022,7,9354554,DeviceTemperature,captis_pulse,MAROOCHYDORE,Residential,12.2,12.2,12.2,12.2,1,2025-12-08T10:18:57.190Z
2022-07-04,2022,7,60445998,Battery,captis_pulse,BUDERIM,Residential,3.63,3.63,3.63,3.63,1,2025-12-08T10:18:57.190Z
2022-07-04,2022,7,60445998,DeviceTemperature,captis_pulse,BUDERIM,Residential,23.59,11.795,12.39,11.2,2,2025-12-08T10:18:57.190Z
2022-07-04,2022,7,586484,Battery,captis_pulse,KULUIN,Residential,72.63,36.315,69.0,3.63,2,2025-12-08T10:18:57.190Z
2022-07-06,2022,7,60300869,Pulse1_Total,captis_pulse,BUDERIM,Residential,25142.0,1934.0,1934.0,1934.0,13,2025-12-08T10:18:57.190Z
2022-07-06,2022,7,60300869,Pulse1,captis_pulse,BUDERIM,Residential,0.0,0.0,0.0,0.0,13,2025-12-08T10:18:57.190Z
2022-07-06,2022,7,586484,Pulse1,captis_pulse,KULUIN,Residential,31.0,2.3846153846153846,15.0,0.0,13,2025-12-08T10:18:57.190Z
2022-07-06,2022,7,9354554,Pulse1,captis_pulse,MAROOCHYDORE,Residential,0.0,0.0,0.0,0.0,18,2025-12-08T10:18:57.190Z
2022-07-06,2022,7,9354554,DeviceTemperature,captis_pulse,MAROOCHYDORE,Residential,20.7,20.7,20.7,20.7,1,2025-12-08T10:18:57.190Z
2022-07-06,2022,7,60300869,DeviceTemperature,captis_pulse,BUDERIM,Residential,26.2,26.2,26.2,26.2,1,2025-12-08T10:18:57.190Z
2022-07-04,2022,7,60300869,Pulse1_Total,captis_pulse,BUDERIM,Residential,181796.0,1934.0,1934.0,1934.0,94,2025-12-08T10:18:57.190Z
2022-07-04,2022,7,60300869,Pulse1,captis_pulse,BUDERIM,Residential,0.0,0.0,0.0,0.0,96,2025-12-08T10:18:57.190Z
2022-07-04,2022,7,60300869,DeviceTemperature,captis_pulse,BUDERIM,Residential,10.0,10.0,10.0,10.0,1,2025-12-08T10:18:57.190Z
2022-07-03,2022,7,60300869,Pulse1_Total,captis_pulse,BUDERIM,Residential,181796.0,1934.0,1934.0,1934.0,94,2025-12-08T10:18:57.190Z
2022-07-03,2022,7,60300869,Pulse1,captis_pulse,BUDERIM,Residential,0.0,0.0,0.0,0.0,95,2025-12-08T10:18:57.190Z
2022-07-05,2022,7,62120103,Pulse1_Total,captis_pulse,BUDERIM,Residential,1150289.0,21703.56603773585,21738.0,21644.0,53,2025-12-08T10:18:57.190Z
2022-07-05,2022,7,62120103,Pulse1,captis_pulse,BUDERIM,Residential,30.0,0.5660377358490566,9.0,0.0,53,2025-12-08T10:18:57.190Z
2022-07-05,2022,7,60218168,Pulse1_Total,captis_pulse,BUDERIM,Residential,221.0,13.0,13.0,13.0,17,2025-12-08T10:18:57.190Z
2022-07-05,2022,7,60218168,Pulse1,captis_pulse,BUDERIM,Residential,0.0,0.0,0.0,0.0,17,2025-12-08T10:18:57.190Z
2022-07-05,2022,7,62120103,DeviceTemperature,captis_pulse,BUDERIM,Residential,14.5,14.5,14.5,14.5,1,2025-12-08T10:18:57.190Z
2022-07-05,2022,7,60218168,Battery,captis_pulse,BUDERIM,Residential,68.63,34.315,65.0,3.63,2,2025-12-08T10:18:57.190Z
2022-07-05,2022,7,60218168,DeviceTemperature,captis_pulse,BUDERIM,Residential,13.81,13.81,13.81,13.81,1,2025-12-08T10:18:57.190Z
2022-07-04,2022,7,60218168,Pulse1_Total,captis_pulse,BUDERIM,Residential,325.0,13.0,13.0,13.0,25,2025-12-08T10:18:57.190Z
2022-07-04,2022,7,60218168,Pulse1,captis_pulse,BUDERIM,Residential,0.0,0.0,0.0,0.0,25,2025-12-08T10:18:57.190Z
2022-07-04,2022,7,62120103,Pulse1_Total,captis_pulse,BUDERIM,Residential,519130.0,21630.416666666668,21643.0,21625.0,24,2025-12-08T10:18:57.190Z
2022-07-04,2022,7,62120103,Pulse1,captis_pulse,BUDERIM,Residential,12.0,0.5,9.0,0.0,24,2025-12-08T10:18:57.190Z
2022-07-04,2022,7,62120103,Battery,captis_pulse,BUDERIM,Residential,76.347,25.448999999999998,71.0,1.707,3,2025-12-08T10:18:57.190Z
2022-07-04,2022,7,62120103,DeviceTemperature,captis_pulse,BUDERIM,Residential,37.129999999999995,12.376666666666665,13.33,11.8,3,2025-12-08T10:18:57.190Z
2022-07-06,2022,7,62120103,Pulse1_Total,captis_pulse,BUDERIM,Residential,391711.0,21761.722222222223,21770.0,21756.0,18,2025-12-08T10:18:57.190Z
2022-07-06,2022,7,62120103,Pulse1,captis_pulse,BUDERIM,Residential,15.0,0.8333333333333334,7.0,0.0,18,2025-12-08T10:18:57.190Z
2022-07-05,2022,7,2702,Pulse1,captis_pulse,BUDERIM,Residential,177.0,4.0227272727272725,77.0,1.0,44,2025-12-08T10:18:57.190Z
2022-07-05,2022,7,62366320,Pulse1_Total,captis_pulse,BUDERIM,Residential,2796189.0,55923.78,56113.0,55782.0,50,2025-12-08T10:18:57.190Z
2022-07-05,2022,7,62366320,Pulse1,captis_pulse,BUDERIM,Residential,51.0,1.02,12.0,0.0,50,2025-12-08T10:18:57.190Z
2022-07-05,2022,7,2702,Battery,captis_pulse,BUDERIM,Residential,71.62,35.81,68.0,3.62,2,2025-12-08T10:18:57.190Z
2022-07-05,2022,7,62366320,Battery,captis_pulse,BUDERIM,Residential,77.488,25.829333333333334,72.0,1.858,3,2025-12-08T10:18:57.190Z
2022-07-05,2022,7,62366320,DeviceTemperature,captis_pulse,BUDERIM,Residential,26.17,13.085,13.4,12.77,2,2025-12-08T10:18:57.190Z
2022-07-05,2022,7,2702,DeviceTemperature,captis_pulse,BUDERIM,Residential,28.42,14.21,15.1,13.32,2,2025-12-08T10:18:57.190Z
2022-07-04,2022,7,2702,Pulse1,captis_pulse,BUDERIM,Residential,125.0,5.9523809523809526,75.0,1.0,21,2025-12-08T10:18:57.190Z
2022-07-04,2022,7,62366320,Pulse1_Total,captis_pulse,BUDERIM,Residential,1282195.0,55747.608695652176,55781.0,55728.0,23,2025-12-08T10:18:57.190Z
2022-07-04,2022,7,62366320,Pulse1,captis_pulse,BUDERIM,Residential,36.0,1.565217391304348,27.0,0.0,23,2025-12-08T10:18:57.190Z
2022-07-04,2022,7,62366320,Battery,captis_pulse,BUDERIM,Residential,77.482,25.827333333333332,72.0,1.852,3,2025-12-08T10:18:57.190Z
2022-07-04,2022,7,62366320,DeviceTemperature,captis_pulse,BUDERIM,Residential,24.05,12.025,12.65,11.4,2,2025-12-08T10:18:57.190Z
2022-07-04,2022,7,2702,Battery,captis_pulse,BUDERIM,Residential,72.229,24.076333333333334,65.0,3.609,3,2025-12-08T10:18:57.190Z
2022-07-06,2022,7,62366320,Pulse1_Total,captis_pulse,BUDERIM,Residential,956554.0,56267.882352941175,56362.0,56182.0,17,2025-12-08T10:18:57.190Z
2022-07-06,2022,7,62366320,Pulse1,captis_pulse,BUDERIM,Residential,62.0,3.6470588235294117,36.0,0.0,17,2025-12-08T10:18:57.190Z
2022-07-06,2022,7,62366320,DeviceTemperature,captis_pulse,BUDERIM,Residential,20.6,20.6,20.6,20.6,1,2025-12-08T10:18:57.190Z
2022-07-05,2022,7,71651,Pulse1,captis_pulse,BUDERIM,Residential,62.0,1.0,1.0,1.0,62,2025-12-08T10:18:57.190Z
2022-07-05,2022,7,21270260,Pulse1,captis_pulse,LAWNTON,Non-Residential,9150.0,155.08474576271186,210.0,140.0,59,2025-12-08T10:18:57.190Z
2022-07-05,2022,7,65104452,Pulse1,captis_pulse,MAROOCHYDORE,Residential,10600.0,216.3265306122449,700.0,0.0,49,2025-12-08T10:18:57.190Z
2022-07-05,2022,7,8976644,Pulse1,captis_pulse,MAROOCHYDORE,Residential,183.0,3.66,38.0,0.0,50,2025-12-08T10:18:57.190Z
2022-07-05,2022,7,61569895,Pulse1_Total,captis_pulse,BUDERIM,Residential,3980129.0,79602.58,79755.0,79462.0,50,2025-12-08T10:18:57.190Z
2022-07-05,2022,7,61569895,Pulse1,captis_pulse,BUDERIM,Residential,169.0,3.38,33.0,0.0,50,2025-12-08T10:18:57.190Z
2022-07-05,2022,7,288781,Pulse1,captis_pulse,BUDERIM,Residential,57.0,1.0555555555555556,9.0,0.0,54,2025-12-08T10:18:57.190Z
2022-07-05,2022,7,61223688,Pulse1,captis_pulse,BUDERIM,Residential,0.0,0.0,0.0,0.0,53,2025-12-08T10:18:57.190Z
2022-07-05,2022,7,61223688,Pulse1_Total,captis_pulse,BUDERIM,Residential,1612.0,31.0,31.0,31.0,52,2025-12-08T10:18:57.190Z
2022-07-05,2022,7,71651,DeviceTemperature,captis_pulse,BUDERIM,Residential,27.49,13.745,14.2,13.29,2,2025-12-08T10:18:57.190Z
2022-07-05,2022,7,65104452,DeviceTemperature,captis_pulse,MAROOCHYDORE,Residential,81.1,20.275,20.4,20.2,4,2025-12-08T10:18:57.190Z
2022-07-05,2022,7,8976644,DeviceTemperature,captis_pulse,MAROOCHYDORE,Residential,28.8,14.4,15.0,13.8,2,2025-12-08T10:18:57.190Z
2022-07-05,2022,7,8976644,Battery,captis_pulse,MAROOCHYDORE,Residential,73.417,24.472333333333335,68.0,1.777,3,2025-12-08T10:18:57.190Z
2022-07-05,2022,7,61569895,Battery,captis_pulse,BUDERIM,Residential,3.64,3.64,3.64,3.64,1,2025-12-08T10:18:57.190Z
2022-07-05,2022,7,61569895,DeviceTemperature,captis_pulse,BUDERIM,Residential,28.09,14.045,14.8,13.29,2,2025-12-08T10:18:57.190Z
2022-07-05,2022,7,65104452,Battery,captis_pulse,MAROOCHYDORE,Residential,84.56800000000001,28.189333333333337,79.0,1.918,3,2025-12-08T10:18:57.190Z
2022-07-05,2022,7,21270260,Battery,captis_pulse,LAWNTON,Non-Residential,3.62,3.62,3.62,3.62,1,2025-12-08T10:18:57.190Z
2022-07-05,2022,7,61223688,Battery,captis_pulse,BUDERIM,Residential,83.687,27.895666666666667,78.0,2.047,3,2025-12-08T10:18:57.190Z
2022-07-05,2022,7,21270260,DeviceTemperature,captis_pulse,LAWNTON,Non-Residential,13.49,13.49,13.49,13.49,1,2025-12-08T10:18:57.190Z
2022-07-05,2022,7,61223688,DeviceTemperature,captis_pulse,BUDERIM,Residential,26.15,13.075,13.5,12.65,2,2025-12-08T10:18:57.190Z
2022-07-05,2022,7,288781,DeviceTemperature,captis_pulse,BUDERIM,Residential,16.1,16.1,16.1,16.1,1,2025-12-08T10:18:57.190Z
2022-07-04,2022,7,71651,Pulse1,captis_pulse,BUDERIM,Residential,23.0,1.0454545454545454,2.0,1.0,22,2025-12-08T10:18:57.190Z
2022-07-04,2022,7,65104452,Pulse1,captis_pulse,MAROOCHYDORE,Residential,6200.0,281.8181818181818,600.0,0.0,22,2025-12-08T10:18:57.190Z
2022-07-04,2022,7,21270260,Pulse1,captis_pulse,LAWNTON,Non-Residential,3760.0,163.47826086956522,170.0,150.0,23,2025-12-08T10:18:57.190Z
2022-07-04,2022,7,8976644,Pulse1,captis_pulse,MAROOCHYDORE,Residential,37.0,1.6818181818181819,10.0,0.0,22,2025-12-08T10:18:57.190Z
2022-07-04,2022,7,61569895,Pulse1_Total,captis_pulse,BUDERIM,Residential,1747150.0,79415.90909090909,79440.0,79408.0,22,2025-12-08T10:18:57.190Z
2022-07-04,2022,7,61569895,Pulse1,captis_pulse,BUDERIM,Residential,32.0,1.4545454545454546,15.0,0.0,22,2025-12-08T10:18:57.190Z
2022-07-04,2022,7,288781,Pulse1,captis_pulse,BUDERIM,Residential,64.0,2.782608695652174,42.0,0.0,23,2025-12-08T10:18:57.190Z
2022-07-04,2022,7,61223688,Pulse1_Total,captis_pulse,BUDERIM,Residential,806.0,31.0,31.0,31.0,26,2025-12-08T10:18:57.190Z
2022-07-04,2022,7,61223688,Pulse1,captis_pulse,BUDERIM,Residential,0.0,0.0,0.0,0.0,26,2025-12-08T10:18:57.190Z
2022-07-04,2022,7,61569895,DeviceTemperature,captis_pulse,BUDERIM,Residential,11.8,11.8,11.8,11.8,1,2025-12-08T10:18:57.190Z
2022-07-04,2022,7,288781,Battery,captis_pulse,BUDERIM,Residential,72.29,24.096666666666668,67.0,1.65,3,2025-12-08T10:18:57.190Z
2022-07-04,2022,7,288781,DeviceTemperature,captis_pulse,BUDERIM,Residential,13.38,13.38,13.38,13.38,1,2025-12-08T10:18:57.190Z
2022-07-04,2022,7,71651,DeviceTemperature,captis_pulse,BUDERIM,Residential,24.27,12.135,12.87,11.4,2,2025-12-08T10:18:57.190Z
2022-07-04,2022,7,8976644,DeviceTemperature,captis_pulse,MAROOCHYDORE,Residential,25.950000000000003,12.975000000000001,13.65,12.3,2,2025-12-08T10:18:57.190Z
2022-07-04,2022,7,65104452,DeviceTemperature,captis_pulse,MAROOCHYDORE,Residential,41.07,20.535,20.57,20.5,2,2025-12-08T10:18:57.190Z
2022-07-04,2022,7,21270260,DeviceTemperature,captis_pulse,LAWNTON,Non-Residential,26.03,13.015,13.43,12.6,2,2025-12-08T10:18:57.190Z
2022-07-04,2022,7,65104452,Battery,captis_pulse,MAROOCHYDORE,Residential,76.64,38.32,73.0,3.64,2,2025-12-08T10:18:57.190Z
2022-07-04,2022,7,21270260,Battery,captis_pulse,LAWNTON,Non-Residential,3.62,3.62,3.62,3.62,1,2025-12-08T10:18:57.190Z
2022-07-04,2022,7,61223688,Battery,captis_pulse,BUDERIM,Residential,76.54,25.513333333333335,71.0,1.9,3,2025-12-08T10:18:57.190Z
2022-07-04,2022,7,61223688,DeviceTemperature,captis_pulse,BUDERIM,Residential,12.09,12.09,12.09,12.09,1,2025-12-08T10:18:57.190Z
2022-07-06,2022,7,71651,Pulse1,captis_pulse,BUDERIM,Residential,2.0,0.14285714285714285,1.0,0.0,14,2025-12-08T10:18:57.190Z
2022-07-06,2022,7,65104452,Pulse1,captis_pulse,MAROOCHYDORE,Residential,4000.0,307.6923076923077,500.0,100.0,13,2025-12-08T10:18:57.190Z
2022-07-06,2022,7,21270260,Pulse1,captis_pulse,LAWNTON,Non-Residential,2180.0,167.69230769230768,240.0,140.0,13,2025-12-08T10:18:57.190Z
2022-07-06,2022,7,8976644,Pulse1,captis_pulse,MAROOCHYDORE,Residential,25.0,1.5625,9.0,0.0,16,2025-12-08T10:18:57.190Z
2022-07-06,2022,7,61569895,Pulse1_Total,captis_pulse,BUDERIM,Residential,1279288.0,79955.5,80118.0,79780.0,16,2025-12-08T10:18:57.190Z
2022-07-06,2022,7,61569895,Pulse1,captis_pulse,BUDERIM,Residential,101.0,6.3125,24.0,0.0,16,2025-12-08T10:18:57.190Z
2022-07-06,2022,7,288781,Pulse1,captis_pulse,BUDERIM,Residential,32.0,1.7777777777777777,15.0,0.0,18,2025-12-08T10:18:57.190Z
2022-07-06,2022,7,61223688,Pulse1_Total,captis_pulse,BUDERIM,Residential,496.0,31.0,31.0,31.0,16,2025-12-08T10:18:57.190Z
2022-07-06,2022,7,61223688,Pulse1,captis_pulse,BUDERIM,Residential,0.0,0.0,0.0,0.0,16,2025-12-08T10:18:57.190Z
2022-07-06,2022,7,61223688,DeviceTemperature,captis_pulse,BUDERIM,Residential,27.7,27.7,27.7,27.7,1,2025-12-08T10:18:57.190Z
2022-07-06,2022,7,71651,DeviceTemperature,captis_pulse,BUDERIM,Residential,22.2,22.2,22.2,22.2,1,2025-12-08T10:18:57.190Z
2022-07-06,2022,7,21270260,DeviceTemperature,captis_pulse,LAWNTON,Non-Residential,16.4,16.4,16.4,16.4,1,2025-12-08T10:18:57.190Z
2022-07-05,2022,7,574464,Pulse1,captis_pulse,KULUIN,Residential,88.0,1.4193548387096775,48.0,0.0,62,2025-12-08T10:18:57.190Z
2022-07-05,2022,7,21951013,Pulse1,captis_pulse,CALOUNDRA,Non-Residential,200.0,4.081632653061225,5.0,0.0,49,2025-12-08T10:18:57.190Z
2022-07-05,2022,7,60192786,Pulse1_Total,captis_pulse,BUDERIM,Residential,3165213.0,63304.26,63569.0,63137.0,50,2025-12-08T10:18:57.190Z
2022-07-05,2022,7,60192786,Pulse1,captis_pulse,BUDERIM,Residential,109.0,2.18,15.0,0.0,50,2025-12-08T10:18:57.190Z
2022-07-05,2022,7,64631184,Pulse1,captis_pulse,MAROOCHYDORE,Residential,3470.0,68.03921568627452,350.0,0.0,51,2025-12-08T10:18:57.190Z
2022-07-05,2022,7,51718,Pulse1,captis_pulse,MAROOCHYDORE,Residential,25.0,0.49019607843137253,8.0,0.0,51,2025-12-08T10:18:57.190Z
2022-07-05,2022,7,60192786,DeviceTemperature,captis_pulse,BUDERIM,Residential,28.1,14.05,14.6,13.5,2,2025-12-08T10:18:57.190Z
2022-07-05,2022,7,81964532,Pulse1,captis_pulse,MAROOCHYDORE,Non-Residential,25.0,1.4705882352941178,25.0,0.0,17,2025-12-08T10:18:57.190Z
2022-07-05,2022,7,21951013,Battery,captis_pulse,CALOUNDRA,Non-Residential,74.365,24.78833333333333,69.0,1.725,3,2025-12-08T10:18:57.190Z
2022-07-05,2022,7,21951013,DeviceTemperature,captis_pulse,CALOUNDRA,Non-Residential,12.03,12.03,12.03,12.03,1,2025-12-08T10:18:57.190Z
2022-07-05,2022,7,64631184,Battery,captis_pulse,MAROOCHYDORE,Residential,73.405,24.468333333333334,68.0,1.775,3,2025-12-08T10:18:57.190Z
2022-07-05,2022,7,51718,Battery,captis_pulse,MAROOCHYDORE,Residential,1.768,1.768,1.768,1.768,1,2025-12-08T10:18:57.190Z
2022-07-05,2022,7,64631184,DeviceTemperature,captis_pulse,MAROOCHYDORE,Residential,27.28,13.64,14.0,13.28,2,2025-12-08T10:18:57.190Z
2022-07-05,2022,7,60192786,Battery,captis_pulse,BUDERIM,Residential,75.491,25.163666666666668,69.0,2.851,3,2025-12-08T10:18:57.190Z
2022-07-05,2022,7,574464,DeviceTemperature,captis_pulse,KULUIN,Residential,16.25,16.25,16.25,16.25,1,2025-12-08T10:18:57.190Z
2022-07-04,2022,7,81964532,Pulse1,captis_pulse,MAROOCHYDORE,Non-Residential,275.0,11.0,80.0,0.0,25,2025-12-08T10:18:57.190Z
2022-07-04,2022,7,574464,Pulse1,captis_pulse,KULUIN,Residential,36.0,1.565217391304348,14.0,0.0,23,2025-12-08T10:18:57.190Z
2022-07-04,2022,7,574464,DeviceTemperature,captis_pulse,KULUIN,Residential,32.32,16.16,16.52,15.8,2,2025-12-08T10:18:57.190Z
2022-07-04,2022,7,21951013,Pulse1,captis_pulse,CALOUNDRA,Non-Residential,100.0,4.3478260869565215,5.0,0.0,23,2025-12-08T10:18:57.190Z
2022-07-04,2022,7,60192786,Pulse1_Total,captis_pulse,BUDERIM,Residential,1388610.0,63118.63636363636,63131.0,63114.0,22,2025-12-08T10:18:57.190Z
2022-07-04,2022,7,60192786,Pulse1,captis_pulse,BUDERIM,Residential,9.0,0.4090909090909091,9.0,0.0,22,2025-12-08T10:18:57.190Z
2022-07-04,2022,7,64631184,Pulse1,captis_pulse,MAROOCHYDORE,Residential,720.0,32.72727272727273,140.0,0.0,22,2025-12-08T10:18:57.190Z
2022-07-04,2022,7,51718,Pulse1,captis_pulse,MAROOCHYDORE,Residential,23.0,1.0,7.0,0.0,23,2025-12-08T10:18:57.190Z
2022-07-04,2022,7,51718,DeviceTemperature,captis_pulse,MAROOCHYDORE,Residential,32.1,16.05,16.1,16.0,2,2025-12-08T10:18:57.190Z
2022-07-04,2022,7,64631184,DeviceTemperature,captis_pulse,MAROOCHYDORE,Residential,25.060000000000002,12.530000000000001,13.06,12.0,2,2025-12-08T10:18:57.190Z
2022-07-04,2022,7,21951013,DeviceTemperature,captis_pulse,CALOUNDRA,Non-Residential,32.629999999999995,10.876666666666665,11.53,10.5,3,2025-12-08T10:18:57.190Z
2022-07-04,2022,7,64631184,Battery,captis_pulse,MAROOCHYDORE,Residential,75.51299999999999,25.170999999999996,70.0,1.883,3,2025-12-08T10:18:57.190Z
2022-07-04,2022,7,51718,Battery,captis_pulse,MAROOCHYDORE,Residential,1.787,1.787,1.787,1.787,1,2025-12-08T10:18:57.190Z
2022-07-04,2022,7,21951013,Battery,captis_pulse,CALOUNDRA,Non-Residential,72.269,24.08966666666667,67.0,1.629,3,2025-12-08T10:18:57.190Z
2022-07-04,2022,7,60192786,Battery,captis_pulse,BUDERIM,Residential,72.624,24.208,67.0,1.994,3,2025-12-08T10:18:57.190Z
2022-07-04,2022,7,60192786,DeviceTemperature,captis_pulse,BUDERIM,Residential,11.7,11.7,11.7,11.7,1,2025-12-08T10:18:57.190Z
2022-07-06,2022,7,574464,Pulse1,captis_pulse,KULUIN,Residential,31.0,2.066666666666667,11.0,0.0,15,2025-12-08T10:18:57.190Z
2022-07-06,2022,7,21951013,Pulse1,captis_pulse,CALOUNDRA,Non-Residential,50.0,3.3333333333333335,5.0,0.0,15,2025-12-08T10:18:57.190Z
2022-07-06,2022,7,60192786,Pulse1_Total,captis_pulse,BUDERIM,Residential,829954.0,63842.61538461538,64080.0,63593.0,13,2025-12-08T10:18:57.190Z
2022-07-06,2022,7,60192786,Pulse1,captis_pulse,BUDERIM,Residential,108.0,8.307692307692308,27.0,0.0,13,2025-12-08T10:18:57.190Z
2022-07-06,2022,7,64631184,Pulse1,captis_pulse,MAROOCHYDORE,Residential,1290.0,80.625,200.0,10.0,16,2025-12-08T10:18:57.190Z
2022-07-06,2022,7,51718,Pulse1,captis_pulse,MAROOCHYDORE,Residential,36.0,2.1176470588235294,20.0,0.0,17,2025-12-08T10:18:57.190Z
2022-07-06,2022,7,51718,DeviceTemperature,captis_pulse,MAROOCHYDORE,Residential,23.5,23.5,23.5,23.5,1,2025-12-08T10:18:57.190Z
2022-07-06,2022,7,60192786,DeviceTemperature,captis_pulse,BUDERIM,Residential,19.9,19.9,19.9,19.9,1,2025-12-08T10:18:57.190Z
2022-07-06,2022,7,64631184,DeviceTemperature,captis_pulse,MAROOCHYDORE,Residential,21.6,21.6,21.6,21.6,1,2025-12-08T10:18:57.190Z
2022-07-05,2022,7,46059343,Pulse1,captis_pulse,MAROOCHYDORE,Residential,1000.0,20.408163265306122,110.0,0.0,49,2025-12-08T10:18:57.190Z
2022-07-05,2022,7,46059127,Pulse1,captis_pulse,MAROOCHYDORE,Residential,2370.0,37.61904761904762,220.0,0.0,63,2025-12-08T10:18:57.190Z
2022-07-05,2022,7,315559,Pulse1,captis_pulse,MAROOCHYDORE,Residential,297.0,5.823529411764706,95.0,0.0,51,2025-12-08T10:18:57.190Z
2022-07-05,2022,7,81970859,Pulse1,captis_pulse,BUDERIM,Residential,120.0,7.5,60.0,0.0,16,2025-12-08T10:18:57.190Z
2022-07-05,2022,7,46059343,DeviceTemperature,captis_pulse,MAROOCHYDORE,Residential,15.9,15.9,15.9,15.9,1,2025-12-08T10:18:57.190Z
2022-07-05,2022,7,46059127,Battery,captis_pulse,MAROOCHYDORE,Residential,71.8,23.933333333333334,66.0,2.16,3,2025-12-08T10:18:57.190Z
2022-07-05,2022,7,46059127,DeviceTemperature,captis_pulse,MAROOCHYDORE,Residential,30.62,15.31,15.8,14.82,2,2025-12-08T10:18:57.190Z
2022-07-05,2022,7,315559,DeviceTemperature,captis_pulse,MAROOCHYDORE,Residential,32.52,16.26,16.6,15.92,2,2025-12-08T10:18:57.190Z
2022-07-05,2022,7,315559,Battery,captis_pulse,MAROOCHYDORE,Residential,72.529,24.176333333333332,67.0,1.899,3,2025-12-08T10:18:57.190Z
2022-07-04,2022,7,46059343,Pulse1,captis_pulse,MAROOCHYDORE,Residential,390.0,10.54054054054054,150.0,0.0,37,2025-12-08T10:18:57.190Z
2022-07-04,2022,7,46059127,Pulse1,captis_pulse,MAROOCHYDORE,Residential,280.0,12.727272727272727,40.0,0.0,22,2025-12-08T10:18:57.190Z
2022-07-04,2022,7,315559,Pulse1,captis_pulse,MAROOCHYDORE,Residential,70.0,3.1818181818181817,32.0,0.0,22,2025-12-08T10:18:57.190Z
2022-07-04,2022,7,81970859,Pulse1,captis_pulse,BUDERIM,Residential,590.0,24.583333333333332,240.0,0.0,24,2025-12-08T10:18:57.190Z
2022-07-04,2022,7,46059343,DeviceTemperature,captis_pulse,MAROOCHYDORE,Residential,27.0,13.5,13.5,13.5,2,2025-12-08T10:18:57.190Z
2022-07-04,2022,7,46059127,DeviceTemperature,captis_pulse,MAROOCHYDORE,Residential,27.67,13.835,14.47,13.2,2,2025-12-08T10:18:57.190Z
2022-07-04,2022,7,46059127,Battery,captis_pulse,MAROOCHYDORE,Residential,4.6,4.6,4.6,4.6,1,2025-12-08T10:18:57.190Z
2022-07-04,2022,7,315559,Battery,captis_pulse,MAROOCHYDORE,Residential,74.64999999999999,24.88333333333333,69.0,2.02,3,2025-12-08T10:18:57.190Z
2022-07-06,2022,7,46059343,Pulse1,captis_pulse,MAROOCHYDORE,Residential,510.0,31.875,50.0,10.0,16,2025-12-08T10:18:57.190Z
2022-07-06,2022,7,46059127,Pulse1,captis_pulse,MAROOCHYDORE,Residential,550.0,36.666666666666664,80.0,10.0,15,2025-12-08T10:18:57.190Z
2022-07-06,2022,7,315559,Pulse1,captis_pulse,MAROOCHYDORE,Residential,163.0,12.538461538461538,106.0,0.0,13,2025-12-08T10:18:57.190Z
2022-07-04,2022,7,81970859,Battery,captis_pulse,BUDERIM,Residential,72.64,36.32,69.0,3.64,2,2025-12-08T10:18:57.190Z
2022-07-04,2022,7,81970859,DeviceTemperature,captis_pulse,BUDERIM,Residential,13.95,13.95,13.95,13.95,1,2025-12-08T10:18:57.190Z
2022-07-05,2022,7,60744898,Pulse1_Total,captis_pulse,BUDERIM,Residential,3704542.0,88203.38095238095,88608.0,88034.0,42,2025-12-08T10:18:57.190Z
2022-07-05,2022,7,60744898,Pulse1,captis_pulse,BUDERIM,Residential,374.0,8.904761904761905,165.0,0.0,42,2025-12-08T10:18:57.190Z
2022-07-05,2022,7,2639656,Pulse1,captis_pulse,MAROOCHYDORE,Residential,476.0,4.175438596491228,103.0,0.0,114,2025-12-08T10:18:57.190Z
2022-07-05,2022,7,60744898,Battery,captis_pulse,BUDERIM,Residential,3.62,3.62,3.62,3.62,1,2025-12-08T10:18:57.190Z
2022-07-05,2022,7,60744898,DeviceTemperature,captis_pulse,BUDERIM,Residential,25.3,12.65,13.4,11.9,2,2025-12-08T10:18:57.190Z
2022-07-04,2022,7,60744898,Pulse1_Total,captis_pulse,BUDERIM,Residential,2109504.0,87896.0,88034.0,87850.0,24,2025-12-08T10:18:57.190Z
2022-07-04,2022,7,60744898,Pulse1,captis_pulse,BUDERIM,Residential,179.0,7.458333333333333,125.0,0.0,24,2025-12-08T10:18:57.190Z
2022-07-04,2022,7,2639656,Pulse1,captis_pulse,MAROOCHYDORE,Residential,38.0,1.0,17.0,0.0,38,2025-12-08T10:18:57.190Z
2022-07-04,2022,7,60744898,DeviceTemperature,captis_pulse,BUDERIM,Residential,34.0,11.333333333333334,12.2,10.6,3,2025-12-08T10:18:57.190Z
2022-07-04,2022,7,2639656,Battery,captis_pulse,MAROOCHYDORE,Residential,83.256,27.752,68.0,3.57,3,2025-12-08T10:18:57.190Z
2022-07-04,2022,7,2639656,DeviceTemperature,captis_pulse,MAROOCHYDORE,Residential,30.71,15.355,16.01,14.7,2,2025-12-08T10:18:57.190Z
2022-07-06,2022,7,60744898,DeviceTemperature,captis_pulse,BUDERIM,Residential,17.6,17.6,17.6,17.6,1,2025-12-08T10:18:57.190Z
2022-07-05,2022,7,63059013,Pulse1_Total,captis_pulse,BUDERIM,Residential,1600.0,32.0,32.0,32.0,50,2025-12-08T10:18:57.190Z
2022-07-05,2022,7,63059013,Pulse1,captis_pulse,BUDERIM,Residential,0.0,0.0,0.0,0.0,51,2025-12-08T10:18:57.190Z
2022-07-05,2022,7,61137513,Pulse1_Total,captis_pulse,BUDERIM,Residential,14736.0,294.72,295.0,294.0,50,2025-12-08T10:18:57.190Z
2022-07-05,2022,7,61137513,Pulse1,captis_pulse,BUDERIM,Residential,1.0,0.0196078431372549,1.0,0.0,51,2025-12-08T10:18:57.190Z
2022-07-05,2022,7,9343534,Pulse1_Total,captis_pulse,MAROOCHYDORE,Residential,933714.0,18308.117647058825,18334.0,18272.0,51,2025-12-08T10:18:57.190Z
2022-07-05,2022,7,9343534,Pulse1,captis_pulse,MAROOCHYDORE,Residential,44.0,0.8627450980392157,23.0,0.0,51,2025-12-08T10:18:57.190Z
2022-07-05,2022,7,61174767,Pulse1_Total,captis_pulse,BUDERIM,Residential,1517.0,37.0,37.0,37.0,41,2025-12-08T10:18:57.190Z
2022-07-05,2022,7,61174767,Pulse1,captis_pulse,BUDERIM,Residential,0.0,0.0,0.0,0.0,42,2025-12-08T10:18:57.190Z
2022-07-05,2022,7,591522,Pulse1,captis_pulse,KULUIN,Residential,457.0,8.622641509433961,83.0,1.0,53,2025-12-08T10:18:57.190Z
2022-07-05,2022,7,63059013,DeviceTemperature,captis_pulse,BUDERIM,Residential,45.74,15.246666666666668,15.5,14.74,3,2025-12-08T10:18:57.190Z
2022-07-05,2022,7,9343534,DeviceTemperature,captis_pulse,MAROOCHYDORE,Residential,27.97,13.985,14.7,13.27,2,2025-12-08T10:18:57.190Z
2022-07-05,2022,7,61174767,DeviceTemperature,captis_pulse,BUDERIM,Residential,26.880000000000003,13.440000000000001,14.3,12.58,2,2025-12-08T10:18:57.190Z
2022-07-05,2022,7,9343534,Battery,captis_pulse,MAROOCHYDORE,Residential,72.55000000000001,24.183333333333337,67.0,1.93,3,2025-12-08T10:18:57.190Z
2022-07-05,2022,7,63059013,Battery,captis_pulse,BUDERIM,Residential,3.64,3.64,3.64,3.64,1,2025-12-08T10:18:57.190Z
2022-07-05,2022,7,61137513,Battery,captis_pulse,BUDERIM,Residential,3.63,3.63,3.63,3.63,1,2025-12-08T10:18:57.190Z
2022-07-05,2022,7,61137513,DeviceTemperature,captis_pulse,BUDERIM,Residential,25.689999999999998,12.844999999999999,13.4,12.29,2,2025-12-08T10:18:57.190Z
2022-07-05,2022,7,591522,Battery,captis_pulse,KULUIN,Residential,77.009,25.669666666666668,68.0,3.62,3,2025-12-08T10:18:57.190Z
2022-07-05,2022,7,591522,DeviceTemperature,captis_pulse,KULUIN,Residential,17.5,17.5,17.5,17.5,1,2025-12-08T10:18:57.190Z
2022-07-04,2022,7,591522,Pulse1,captis_pulse,KULUIN,Residential,83.0,3.4583333333333335,16.0,1.0,24,2025-12-08T10:18:57.190Z
2022-07-04,2022,7,61137513,Pulse1_Total,captis_pulse,BUDERIM,Residential,6762.0,294.0,294.0,294.0,23,2025-12-08T10:18:57.190Z
2022-07-04,2022,7,61137513,Pulse1,captis_pulse,BUDERIM,Residential,0.0,0.0,0.0,0.0,23,2025-12-08T10:18:57.190Z
2022-07-04,2022,7,63059013,Pulse1_Total,captis_pulse,BUDERIM,Residential,736.0,32.0,32.0,32.0,23,2025-12-08T10:18:57.190Z
2022-07-04,2022,7,63059013,Pulse1,captis_pulse,BUDERIM,Residential,0.0,0.0,0.0,0.0,23,2025-12-08T10:18:57.190Z
2022-07-04,2022,7,9343534,Pulse1_Total,captis_pulse,MAROOCHYDORE,Residential,401695.0,18258.863636363636,18272.0,18253.0,22,2025-12-08T10:18:57.190Z
2022-07-04,2022,7,9343534,Pulse1,captis_pulse,MAROOCHYDORE,Residential,10.0,0.45454545454545453,7.0,0.0,22,2025-12-08T10:18:57.190Z
2022-07-04,2022,7,61174767,Pulse1_Total,captis_pulse,BUDERIM,Residential,814.0,37.0,37.0,37.0,22,2025-12-08T10:18:57.190Z
2022-07-04,2022,7,61174767,Pulse1,captis_pulse,BUDERIM,Residential,0.0,0.0,0.0,0.0,23,2025-12-08T10:18:57.190Z
2022-07-04,2022,7,61174767,DeviceTemperature,captis_pulse,BUDERIM,Residential,33.57,11.19,12.17,10.6,3,2025-12-08T10:18:57.190Z
2022-07-04,2022,7,9343534,DeviceTemperature,captis_pulse,MAROOCHYDORE,Residential,35.949999999999996,11.983333333333333,12.85,11.4,3,2025-12-08T10:18:57.190Z
2022-07-04,2022,7,591522,DeviceTemperature,captis_pulse,KULUIN,Residential,18.2,18.2,18.2,18.2,1,2025-12-08T10:18:57.190Z
2022-07-04,2022,7,63059013,DeviceTemperature,captis_pulse,BUDERIM,Residential,13.9,13.9,13.9,13.9,1,2025-12-08T10:18:57.190Z
2022-07-04,2022,7,63059013,Battery,captis_pulse,BUDERIM,Residential,3.64,3.64,3.64,3.64,1,2025-12-08T10:18:57.190Z
2022-07-04,2022,7,61137513,Battery,captis_pulse,BUDERIM,Residential,3.63,3.63,3.63,3.63,1,2025-12-08T10:18:57.190Z
2022-07-04,2022,7,61137513,DeviceTemperature,captis_pulse,BUDERIM,Residential,23.060000000000002,11.530000000000001,12.06,11.0,2,2025-12-08T10:18:57.190Z
2022-07-06,2022,7,63059013,Pulse1_Total,captis_pulse,BUDERIM,Residential,416.0,32.0,32.0,32.0,13,2025-12-08T10:18:57.190Z
2022-07-06,2022,7,63059013,Pulse1,captis_pulse,BUDERIM,Residential,0.0,0.0,0.0,0.0,13,2025-12-08T10:18:57.190Z
2022-07-06,2022,7,63059013,DeviceTemperature,captis_pulse,BUDERIM,Residential,22.4,22.4,22.4,22.4,1,2025-12-08T10:18:57.190Z
2022-07-06,2022,7,61137513,Pulse1_Total,captis_pulse,BUDERIM,Residential,3853.0,296.38461538461536,301.0,295.0,13,2025-12-08T10:18:57.190Z
2022-07-06,2022,7,61137513,Pulse1,captis_pulse,BUDERIM,Residential,0.0,0.0,0.0,0.0,13,2025-12-08T10:18:57.190Z
2022-07-06,2022,7,9343534,Pulse1_Total,captis_pulse,MAROOCHYDORE,Residential,293558.0,18347.375,18365.0,18334.0,16,2025-12-08T10:18:57.190Z
2022-07-06,2022,7,9343534,Pulse1,captis_pulse,MAROOCHYDORE,Residential,20.0,1.25,19.0,0.0,16,2025-12-08T10:18:57.190Z
2022-07-06,2022,7,591522,Pulse1,captis_pulse,KULUIN,Residential,316.0,17.555555555555557,104.0,1.0,18,2025-12-08T10:18:57.190Z
2022-07-06,2022,7,61137513,DeviceTemperature,captis_pulse,BUDERIM,Residential,33.5,33.5,33.5,33.5,1,2025-12-08T10:18:57.190Z
2022-07-06,2022,7,591522,DeviceTemperature,captis_pulse,KULUIN,Residential,22.1,22.1,22.1,22.1,1,2025-12-08T10:18:57.190Z
2022-07-05,2022,7,60193498,Pulse1_Total,captis_pulse,BUDERIM,Residential,3699947.0,73998.94,74014.0,73986.0,50,2025-12-08T10:18:57.190Z
2022-07-05,2022,7,60193498,Pulse1,captis_pulse,BUDERIM,Residential,15.0,0.3,1.0,0.0,50,2025-12-08T10:18:57.190Z
2022-07-05,2022,7,60223987,Pulse1_Total,captis_pulse,BUDERIM,Residential,3476857.0,70956.26530612246,71122.0,70811.0,49,2025-12-08T10:18:57.190Z
2022-07-05,2022,7,60223987,Pulse1,captis_pulse,BUDERIM,Residential,153.0,3.06,25.0,0.0,50,2025-12-08T10:18:57.190Z
2022-07-05,2022,7,60223987,DeviceTemperature,captis_pulse,BUDERIM,Residential,24.82,12.41,12.8,12.02,2,2025-12-08T10:18:57.190Z
2022-07-05,2022,7,60193498,DeviceTemperature,captis_pulse,BUDERIM,Residential,24.619999999999997,12.309999999999999,12.7,11.92,2,2025-12-08T10:18:57.190Z
2022-07-05,2022,7,60223987,Battery,captis_pulse,BUDERIM,Residential,3.64,3.64,3.64,3.64,1,2025-12-08T10:18:57.190Z
2022-07-05,2022,7,60193498,Battery,captis_pulse,BUDERIM,Residential,3.62,3.62,3.62,3.62,1,2025-12-08T10:18:57.190Z
2022-07-04,2022,7,60193498,Pulse1_Total,captis_pulse,BUDERIM,Residential,1553587.0,73980.33333333333,73985.0,73976.0,21,2025-12-08T10:18:57.190Z
2022-07-04,2022,7,60193498,Pulse1,captis_pulse,BUDERIM,Residential,4.0,0.18181818181818182,1.0,0.0,22,2025-12-08T10:18:57.190Z
2022-07-04,2022,7,60223987,Pulse1_Total,captis_pulse,BUDERIM,Residential,1623634.0,70592.78260869565,70749.0,70568.0,23,2025-12-08T10:18:57.190Z
2022-07-04,2022,7,60223987,Pulse1,captis_pulse,BUDERIM,Residential,179.0,7.782608695652174,106.0,0.0,23,2025-12-08T10:18:57.190Z
2022-07-04,2022,7,60193498,DeviceTemperature,captis_pulse,BUDERIM,Residential,32.85,10.950000000000001,11.85,10.3,3,2025-12-08T10:18:57.190Z
2022-07-04,2022,7,60223987,DeviceTemperature,captis_pulse,BUDERIM,Residential,34.06,11.353333333333333,12.26,10.7,3,2025-12-08T10:18:57.190Z
2022-07-04,2022,7,60223987,Battery,captis_pulse,BUDERIM,Residential,3.63,3.63,3.63,3.63,1,2025-12-08T10:18:57.190Z
2022-07-04,2022,7,60193498,Battery,captis_pulse,BUDERIM,Residential,3.61,3.61,3.61,3.61,1,2025-12-08T10:18:57.190Z
2022-07-06,2022,7,60193498,Pulse1_Total,captis_pulse,BUDERIM,Residential,1037732.0,74123.71428571429,74290.0,74016.0,14,2025-12-08T10:18:57.190Z
2022-07-06,2022,7,60193498,Pulse1,captis_pulse,BUDERIM,Residential,78.0,5.571428571428571,31.0,0.0,14,2025-12-08T10:18:57.190Z
2022-07-06,2022,7,60223987,Pulse1_Total,captis_pulse,BUDERIM,Residential,1213462.0,71380.11764705883,71509.0,71197.0,17,2025-12-08T10:18:57.190Z
2022-07-06,2022,7,60223987,Pulse1,captis_pulse,BUDERIM,Residential,159.0,9.352941176470589,61.0,0.0,17,2025-12-08T10:18:57.190Z
2022-07-06,2022,7,60193498,DeviceTemperature,captis_pulse,BUDERIM,Residential,22.0,22.0,22.0,22.0,1,2025-12-08T10:18:57.190Z
2022-07-05,2022,7,258106,Pulse1,captis_pulse,BUDERIM,Residential,212.0,4.326530612244898,56.0,0.0,49,2025-12-08T10:18:57.190Z
2022-07-05,2022,7,2385,Pulse1,captis_pulse,BUDERIM,Residential,103.0,2.1020408163265305,34.0,0.0,49,2025-12-08T10:18:57.190Z
2022-07-05,2022,7,28735904,Pulse1,captis_pulse,MAROOCHYDORE,Residential,1122.0,21.576923076923077,73.0,0.0,52,2025-12-08T10:18:57.190Z
2022-07-05,2022,7,64630803,Pulse1,captis_pulse,BUDERIM,Residential,0.0,0.0,0.0,0.0,50,2025-12-08T10:18:57.190Z
2022-07-05,2022,7,61240528,Pulse1,captis_pulse,BUDERIM,Residential,0.0,0.0,0.0,0.0,46,2025-12-08T10:18:57.190Z
2022-07-05,2022,7,61240528,Pulse1_Total,captis_pulse,BUDERIM,Residential,1485.0,33.0,33.0,33.0,45,2025-12-08T10:18:57.190Z
2022-07-05,2022,7,2385,Battery,captis_pulse,BUDERIM,Residential,71.222,23.740666666666666,66.0,1.592,3,2025-12-08T10:18:57.190Z
2022-07-05,2022,7,258106,Battery,captis_pulse,BUDERIM,Residential,76.702,25.567333333333334,71.0,2.062,3,2025-12-08T10:18:57.190Z
2022-07-05,2022,7,2385,DeviceTemperature,captis_pulse,BUDERIM,Residential,26.75,13.375,13.8,12.95,2,2025-12-08T10:18:57.190Z
2022-07-05,2022,7,258106,DeviceTemperature,captis_pulse,BUDERIM,Residential,28.16,14.08,14.8,13.36,2,2025-12-08T10:18:57.190Z
2022-07-05,2022,7,64630803,Battery,captis_pulse,BUDERIM,Residential,77.575,25.858333333333334,72.0,1.935,3,2025-12-08T10:18:57.190Z
2022-07-05,2022,7,61240528,DeviceTemperature,captis_pulse,BUDERIM,Residential,25.369999999999997,12.684999999999999,13.2,12.17,2,2025-12-08T10:18:57.190Z
2022-07-05,2022,7,64630803,DeviceTemperature,captis_pulse,BUDERIM,Residential,12.87,12.87,12.87,12.87,1,2025-12-08T10:18:57.190Z
2022-07-05,2022,7,28735904,DeviceTemperature,captis_pulse,MAROOCHYDORE,Residential,12.15,12.15,12.15,12.15,1,2025-12-08T10:18:57.190Z
2022-07-05,2022,7,61240528,Battery,captis_pulse,BUDERIM,Residential,72.388,24.129333333333335,66.0,2.738,3,2025-12-08T10:18:57.190Z
2022-07-05,2022,7,28735904,Battery,captis_pulse,MAROOCHYDORE,Residential,71.359,23.78633333333333,66.0,1.719,3,2025-12-08T10:18:57.190Z
2022-07-04,2022,7,258106,Pulse1,captis_pulse,BUDERIM,Residential,5.0,0.22727272727272727,5.0,0.0,22,2025-12-08T10:18:57.190Z
2022-07-04,2022,7,2385,Pulse1,captis_pulse,BUDERIM,Residential,194.0,8.818181818181818,63.0,0.0,22,2025-12-08T10:18:57.190Z
2022-07-04,2022,7,28735904,Pulse1,captis_pulse,MAROOCHYDORE,Residential,419.0,17.458333333333332,70.0,0.0,24,2025-12-08T10:18:57.190Z
2022-07-04,2022,7,64630803,Pulse1,captis_pulse,BUDERIM,Residential,0.0,0.0,0.0,0.0,22,2025-12-08T10:18:57.190Z
2022-07-04,2022,7,61240528,Pulse1_Total,captis_pulse,BUDERIM,Residential,825.0,33.0,33.0,33.0,25,2025-12-08T10:18:57.190Z
2022-07-04,2022,7,61240528,Pulse1,captis_pulse,BUDERIM,Residential,0.0,0.0,0.0,0.0,25,2025-12-08T10:18:57.190Z
2022-07-04,2022,7,28735904,DeviceTemperature,captis_pulse,MAROOCHYDORE,Residential,33.47,11.156666666666666,12.17,10.5,3,2025-12-08T10:18:57.190Z
2022-07-04,2022,7,2385,DeviceTemperature,captis_pulse,BUDERIM,Residential,24.01,12.005,12.71,11.3,2,2025-12-08T10:18:57.190Z
2022-07-04,2022,7,2385,Battery,captis_pulse,BUDERIM,Residential,71.253,23.751,66.0,1.623,3,2025-12-08T10:18:57.190Z
2022-07-04,2022,7,258106,Battery,captis_pulse,BUDERIM,Residential,74.53800000000001,24.846000000000004,69.0,1.918,3,2025-12-08T10:18:57.190Z
2022-07-04,2022,7,258106,DeviceTemperature,captis_pulse,BUDERIM,Residential,36.47,12.156666666666666,13.27,11.5,3,2025-12-08T10:18:57.190Z
2022-07-04,2022,7,61240528,Battery,captis_pulse,BUDERIM,Residential,1.851,1.851,1.851,1.851,1,2025-12-08T10:18:57.190Z
2022-07-04,2022,7,64630803,DeviceTemperature,captis_pulse,BUDERIM,Residential,11.5,11.5,11.5,11.5,1,2025-12-08T10:18:57.190Z
2022-07-04,2022,7,61240528,DeviceTemperature,captis_pulse,BUDERIM,Residential,10.9,10.9,10.9,10.9,1,2025-12-08T10:18:57.190Z
2022-07-06,2022,7,258106,Pulse1,captis_pulse,BUDERIM,Residential,50.0,3.5714285714285716,28.0,0.0,14,2025-12-08T10:18:57.190Z
2022-07-06,2022,7,2385,Pulse1,captis_pulse,BUDERIM,Residential,24.0,1.7142857142857142,7.0,0.0,14,2025-12-08T10:18:57.190Z
2022-07-06,2022,7,28735904,Pulse1,captis_pulse,MAROOCHYDORE,Residential,286.0,22.0,68.0,7.0,13,2025-12-08T10:18:57.190Z
2022-07-06,2022,7,28735904,DeviceTemperature,captis_pulse,MAROOCHYDORE,Residential,20.3,20.3,20.3,20.3,1,2025-12-08T10:18:57.190Z
2022-07-06,2022,7,64630803,Pulse1,captis_pulse,BUDERIM,Residential,0.0,0.0,0.0,0.0,16,2025-12-08T10:18:57.190Z
2022-07-06,2022,7,64630803,DeviceTemperature,captis_pulse,BUDERIM,Residential,22.2,22.2,22.2,22.2,1,2025-12-08T10:18:57.190Z
2022-07-06,2022,7,61240528,DeviceTemperature,captis_pulse,BUDERIM,Residential,19.0,19.0,19.0,19.0,1,2025-12-08T10:18:57.190Z
2022-07-05,2022,7,2611977,Pulse1,captis_pulse,MAROOCHYDORE,Residential,122.0,2.489795918367347,59.0,0.0,49,2025-12-08T10:18:57.190Z
2022-07-05,2022,7,89940,Pulse1,captis_pulse,BUDERIM,Residential,1.0,0.0196078431372549,1.0,0.0,51,2025-12-08T10:18:57.190Z
2022-07-05,2022,7,61163143,Pulse1_Total,captis_pulse,BUDERIM,Residential,3950695.0,84057.34042553192,84329.0,83962.0,47,2025-12-08T10:18:57.190Z
2022-07-05,2022,7,61163143,Pulse1,captis_pulse,BUDERIM,Residential,48.0,1.0212765957446808,10.0,0.0,47,2025-12-08T10:18:57.190Z
2022-07-05,2022,7,307439,Pulse1,captis_pulse,BUDERIM,Residential,142.0,2.581818181818182,40.0,0.0,55,2025-12-08T10:18:57.190Z
2022-07-05,2022,7,66202781,Pulse1_Total,captis_pulse,BUDERIM,Residential,144.0,9.0,9.0,9.0,16,2025-12-08T10:18:57.190Z
2022-07-05,2022,7,66202781,Pulse1,captis_pulse,BUDERIM,Residential,0.0,0.0,0.0,0.0,17,2025-12-08T10:18:57.190Z
2022-07-05,2022,7,60193616,Pulse1_Total,captis_pulse,BUDERIM,Residential,0.0,0.0,0.0,0.0,37,2025-12-08T10:18:57.190Z
2022-07-05,2022,7,60193616,Pulse1,captis_pulse,BUDERIM,Residential,0.0,0.0,0.0,0.0,37,2025-12-08T10:18:57.190Z
2022-07-05,2022,7,2611977,Battery,captis_pulse,MAROOCHYDORE,Residential,74.817,24.938999999999997,68.0,3.187,3,2025-12-08T10:18:57.190Z
2022-07-05,2022,7,2611977,DeviceTemperature,captis_pulse,MAROOCHYDORE,Residential,34.08,17.04,17.4,16.68,2,2025-12-08T10:18:57.190Z
2022-07-05,2022,7,89940,DeviceTemperature,captis_pulse,BUDERIM,Residential,27.39,13.695,14.1,13.29,2,2025-12-08T10:18:57.190Z
2022-07-05,2022,7,89940,Battery,captis_pulse,BUDERIM,Residential,74.64500000000001,24.88166666666667,69.0,2.025,3,2025-12-08T10:18:57.190Z
2022-07-05,2022,7,307439,DeviceTemperature,captis_pulse,BUDERIM,Residential,17.0,17.0,17.0,17.0,1,2025-12-08T10:18:57.190Z
2022-07-05,2022,7,66202781,Battery,captis_pulse,BUDERIM,Residential,53.65,26.825,50.0,3.65,2,2025-12-08T10:18:57.190Z
2022-07-05,2022,7,66202781,DeviceTemperature,captis_pulse,BUDERIM,Residential,13.02,13.02,13.02,13.02,1,2025-12-08T10:18:57.190Z
2022-07-04,2022,7,61163143,Pulse1_Total,captis_pulse,BUDERIM,Residential,2096561.0,83862.44,83956.0,83834.0,25,2025-12-08T10:18:57.190Z
2022-07-04,2022,7,61163143,Pulse1,captis_pulse,BUDERIM,Residential,118.0,4.72,88.0,0.0,25,2025-12-08T10:18:57.190Z
2022-07-04,2022,7,66202781,Pulse1,captis_pulse,BUDERIM,Residential,0.0,0.0,0.0,0.0,24,2025-12-08T10:18:57.190Z
2022-07-04,2022,7,89940,Pulse1,captis_pulse,BUDERIM,Residential,0.0,0.0,0.0,0.0,34,2025-12-08T10:18:57.190Z
2022-07-04,2022,7,307439,Pulse1,captis_pulse,BUDERIM,Residential,95.0,2.4358974358974357,6.0,2.0,39,2025-12-08T10:18:57.190Z
2022-07-04,2022,7,2611977,Pulse1,captis_pulse,MAROOCHYDORE,Residential,72.0,3.0,65.0,0.0,24,2025-12-08T10:18:57.190Z
2022-07-04,2022,7,66202781,Pulse1_Total,captis_pulse,BUDERIM,Residential,207.0,9.0,9.0,9.0,23,2025-12-08T10:18:57.190Z
2022-07-04,2022,7,61163143,DeviceTemperature,captis_pulse,BUDERIM,Residential,14.0,14.0,14.0,14.0,1,2025-12-08T10:18:57.190Z
2022-07-04,2022,7,307439,DeviceTemperature,captis_pulse,BUDERIM,Residential,16.0,16.0,16.0,16.0,1,2025-12-08T10:18:57.190Z
2022-07-04,2022,7,2611977,DeviceTemperature,captis_pulse,MAROOCHYDORE,Residential,15.8,15.8,15.8,15.8,1,2025-12-08T10:18:57.190Z
2022-07-04,2022,7,2611977,Battery,captis_pulse,MAROOCHYDORE,Residential,2.184,2.184,2.184,2.184,1,2025-12-08T10:18:57.190Z
2022-07-04,2022,7,66202781,DeviceTemperature,captis_pulse,BUDERIM,Residential,11.7,11.7,11.7,11.7,1,2025-12-08T10:18:57.190Z
2022-07-04,2022,7,89940,Battery,captis_pulse,BUDERIM,Residential,37.978,12.659333333333334,32.0,2.348,3,2025-12-08T10:18:57.190Z
2022-07-04,2022,7,89940,DeviceTemperature,captis_pulse,BUDERIM,Residential,12.78,12.78,12.78,12.78,1,2025-12-08T10:18:57.190Z
2022-07-06,2022,7,2611977,Pulse1,captis_pulse,MAROOCHYDORE,Residential,19.0,1.3571428571428572,9.0,0.0,14,2025-12-08T10:18:57.190Z
2022-07-06,2022,7,89940,Pulse1,captis_pulse,BUDERIM,Residential,0.0,0.0,0.0,0.0,13,2025-12-08T10:18:57.190Z
2022-07-06,2022,7,61163143,Pulse1_Total,captis_pulse,BUDERIM,Residential,1265288.0,84352.53333333334,84383.0,84330.0,15,2025-12-08T10:18:57.190Z
2022-07-06,2022,7,61163143,Pulse1,captis_pulse,BUDERIM,Residential,43.0,2.6875,28.0,0.0,16,2025-12-08T10:18:57.190Z
2022-07-06,2022,7,307439,Pulse1,captis_pulse,BUDERIM,Residential,25.0,1.3157894736842106,21.0,0.0,19,2025-12-08T10:18:57.190Z
2022-07-06,2022,7,60193616,Battery,captis_pulse,BUDERIM,Residential,20.950000000000003,3.491666666666667,3.5,3.48,6,2025-12-08T10:18:57.190Z
2022-07-06,2022,7,60193616,Pulse1_Total,captis_pulse,BUDERIM,Residential,0.0,0.0,0.0,0.0,13,2025-12-08T10:18:57.190Z
2022-07-06,2022,7,60193616,Pulse1,captis_pulse,BUDERIM,Residential,0.0,0.0,0.0,0.0,13,2025-12-08T10:18:57.190Z
2022-07-06,2022,7,60193616,DeviceTemperature,captis_pulse,BUDERIM,Residential,246.90000000000003,20.575000000000003,21.0,20.4,12,2025-12-08T10:18:57.190Z
2022-07-06,2022,7,307439,DeviceTemperature,captis_pulse,BUDERIM,Residential,19.8,19.8,19.8,19.8,1,2025-12-08T10:18:57.190Z
2022-07-06,2022,7,89940,DeviceTemperature,captis_pulse,BUDERIM,Residential,23.8,23.8,23.8,23.8,1,2025-12-08T10:18:57.190Z
2022-07-06,2022,7,61163143,Battery,captis_pulse,BUDERIM,Residential,70.64,35.32,67.0,3.64,2,2025-12-08T10:18:57.190Z
2022-07-06,2022,7,61163143,DeviceTemperature,captis_pulse,BUDERIM,Residential,16.7,16.7,16.7,16.7,1,2025-12-08T10:18:57.190Z
2022-07-04,2022,7,60193616,Pulse1_Total,captis_pulse,BUDERIM,Residential,0.0,0.0,0.0,0.0,102,2025-12-08T10:18:57.190Z
2022-07-04,2022,7,60193616,Pulse1,captis_pulse,BUDERIM,Residential,0.0,0.0,0.0,0.0,102,2025-12-08T10:18:57.190Z
2022-07-03,2022,7,60193616,Pulse1_Total,captis_pulse,BUDERIM,Residential,0.0,0.0,0.0,0.0,106,2025-12-08T10:18:57.190Z
2022-07-03,2022,7,60193616,Pulse1,captis_pulse,BUDERIM,Residential,0.0,0.0,0.0,0.0,106,2025-12-08T10:18:57.190Z
2022-07-02,2022,7,60193616,Pulse1_Total,captis_pulse,BUDERIM,Residential,0.0,0.0,0.0,0.0,101,2025-12-08T10:18:57.190Z
2022-07-02,2022,7,60193616,Pulse1,captis_pulse,BUDERIM,Residential,0.0,0.0,0.0,0.0,101,2025-12-08T10:18:57.190Z
2022-07-01,2022,7,60193616,Pulse1_Total,captis_pulse,BUDERIM,Residential,0.0,0.0,0.0,0.0,97,2025-12-08T10:18:57.190Z
2022-07-01,2022,7,60193616,Pulse1,captis_pulse,BUDERIM,Residential,0.0,0.0,0.0,0.0,97,2025-12-08T10:18:57.190Z
2022-07-05,2022,7,81966008,Pulse1,captis_pulse,CALOUNDRA,Non-Residential,0.0,0.0,0.0,0.0,23,2025-12-08T10:18:57.190Z
2022-07-05,2022,7,81966008,Battery,captis_pulse,CALOUNDRA,Non-Residential,73.65,36.825,70.0,3.65,2,2025-12-08T10:18:57.190Z
2022-07-05,2022,7,81966008,DeviceTemperature,captis_pulse,CALOUNDRA,Non-Residential,17.93,17.93,17.93,17.93,1,2025-12-08T10:18:57.190Z
2022-07-04,2022,7,81966008,Pulse1,captis_pulse,CALOUNDRA,Non-Residential,0.0,0.0,0.0,0.0,25,2025-12-08T10:18:57.190Z
2022-07-04,2022,7,81966008,DeviceTemperature,captis_pulse,CALOUNDRA,Non-Residential,16.6,16.6,16.6,16.6,1,2025-12-08T10:18:57.190Z
2022-07-06,2022,7,81966008,Pulse1,captis_pulse,CALOUNDRA,Non-Residential,0.0,0.0,0.0,0.0,2,2025-12-08T10:18:57.190Z
2022-07-05,2022,7,61246384,Pulse1_Total,captis_pulse,BUDERIM,Residential,2713775.0,55383.163265306124,55490.0,55120.0,49,2025-12-08T10:18:57.190Z
2022-07-05,2022,7,61246384,Pulse1,captis_pulse,BUDERIM,Residential,282.0,5.755102040816326,77.0,0.0,49,2025-12-08T10:18:57.190Z
2022-07-05,2022,7,81969310,Pulse1_Total,captis_pulse,MAROOCHYDORE,Non-Residential,215340.0,14356.0,14356.0,14356.0,15,2025-12-08T10:18:57.190Z
2022-07-05,2022,7,81969310,Pulse1,captis_pulse,MAROOCHYDORE,Non-Residential,0.0,0.0,0.0,0.0,16,2025-12-08T10:18:57.190Z
2022-07-05,2022,7,61246384,Battery,captis_pulse,BUDERIM,Residential,3.64,3.64,3.64,3.64,1,2025-12-08T10:18:57.190Z
2022-07-05,2022,7,61246384,DeviceTemperature,captis_pulse,BUDERIM,Residential,24.36,12.18,12.6,11.76,2,2025-12-08T10:18:57.190Z
2022-07-04,2022,7,61246384,Pulse1_Total,captis_pulse,BUDERIM,Residential,1267684.0,55116.69565217391,55120.0,55116.0,23,2025-12-08T10:18:57.190Z
2022-07-04,2022,7,61246384,Pulse1,captis_pulse,BUDERIM,Residential,4.0,0.17391304347826086,4.0,0.0,23,2025-12-08T10:18:57.190Z
2022-07-04,2022,7,81969310,Pulse1_Total,captis_pulse,MAROOCHYDORE,Non-Residential,315832.0,14356.0,14356.0,14356.0,22,2025-12-08T10:18:57.190Z
2022-07-04,2022,7,81969310,Pulse1,captis_pulse,MAROOCHYDORE,Non-Residential,0.0,0.0,0.0,0.0,22,2025-12-08T10:18:57.190Z
2022-07-04,2022,7,61246384,Battery,captis_pulse,BUDERIM,Residential,3.64,3.64,3.64,3.64,1,2025-12-08T10:18:57.190Z
2022-07-04,2022,7,61246384,DeviceTemperature,captis_pulse,BUDERIM,Residential,21.18,10.59,11.28,9.9,2,2025-12-08T10:18:57.190Z
2022-07-04,2022,7,81969310,DeviceTemperature,captis_pulse,MAROOCHYDORE,Non-Residential,25.15,12.575,13.15,12.0,2,2025-12-08T10:18:57.190Z
2022-07-04,2022,7,81969310,Battery,captis_pulse,MAROOCHYDORE,Non-Residential,80.64,40.32,77.0,3.64,2,2025-12-08T10:18:57.190Z
2022-07-06,2022,7,61246384,Pulse1_Total,captis_pulse,BUDERIM,Residential,777481.0,55534.357142857145,55588.0,55496.0,14,2025-12-08T10:18:57.190Z
2022-07-06,2022,7,61246384,Pulse1,captis_pulse,BUDERIM,Residential,17.0,1.2142857142857142,10.0,0.0,14,2025-12-08T10:18:57.190Z
2022-07-06,2022,7,61246384,DeviceTemperature,captis_pulse,BUDERIM,Residential,20.7,20.7,20.7,20.7,1,2025-12-08T10:18:57.190Z
2022-07-05,2022,7,81970952,Pulse1,captis_pulse,MAROOCHYDORE,Residential,320.0,11.851851851851851,70.0,0.0,27,2025-12-08T10:18:57.190Z
2022-07-05,2022,7,66213456,Pulse1,captis_pulse,BUDERIM,Residential,0.0,0.0,0.0,0.0,52,2025-12-08T10:18:57.190Z
2022-07-05,2022,7,27446212,Pulse1,captis_pulse,MAROOCHYDORE,Residential,0.0,0.0,0.0,0.0,53,2025-12-08T10:18:57.190Z
2022-07-05,2022,7,258562,Pulse1,captis_pulse,BUDERIM,Residential,119.0,2.2452830188679247,94.0,0.0,53,2025-12-08T10:18:57.190Z
2022-07-05,2022,7,66218056,Pulse1,captis_pulse,BUDERIM,Residential,0.0,0.0,0.0,0.0,53,2025-12-08T10:18:57.190Z
2022-07-05,2022,7,66213456,Pulse1_Total,captis_pulse,BUDERIM,Residential,1887.0,37.0,37.0,37.0,51,2025-12-08T10:18:57.190Z
2022-07-05,2022,7,66218056,Pulse1_Total,captis_pulse,BUDERIM,Residential,1820.0,35.0,35.0,35.0,52,2025-12-08T10:18:57.190Z
2022-07-05,2022,7,258562,DeviceTemperature,captis_pulse,BUDERIM,Residential,14.2,14.2,14.2,14.2,1,2025-12-08T10:18:57.190Z
2022-07-05,2022,7,66213456,DeviceTemperature,captis_pulse,BUDERIM,Residential,28.15,14.075,14.5,13.65,2,2025-12-08T10:18:57.190Z
2022-07-05,2022,7,81967206,Pulse1,captis_pulse,MAROOCHYDORE,Residential,405.0,14.464285714285714,65.0,0.0,28,2025-12-08T10:18:57.190Z
2022-07-05,2022,7,66218056,DeviceTemperature,captis_pulse,BUDERIM,Residential,30.729999999999997,15.364999999999998,15.7,15.03,2,2025-12-08T10:18:57.190Z
2022-07-05,2022,7,81968813,Pulse1,captis_pulse,MAROOCHYDORE,Residential,3720.0,148.8,530.0,20.0,25,2025-12-08T10:18:57.190Z
2022-07-05,2022,7,66218056,Battery,captis_pulse,BUDERIM,Residential,74.73,24.91,69.0,2.11,3,2025-12-08T10:18:57.190Z
2022-07-05,2022,7,81967206,DeviceTemperature,captis_pulse,MAROOCHYDORE,Residential,27.37,13.685,13.9,13.47,2,2025-12-08T10:18:57.190Z
2022-07-05,2022,7,81968813,DeviceTemperature,captis_pulse,MAROOCHYDORE,Residential,25.79,12.895,13.1,12.69,2,2025-12-08T10:18:57.190Z
2022-07-05,2022,7,66213456,Battery,captis_pulse,BUDERIM,Residential,80.531,26.843666666666667,75.0,1.891,3,2025-12-08T10:18:57.190Z
2022-07-05,2022,7,27446212,Battery,captis_pulse,MAROOCHYDORE,Residential,3.64,3.64,3.64,3.64,1,2025-12-08T10:18:57.190Z
2022-07-05,2022,7,27446212,DeviceTemperature,captis_pulse,MAROOCHYDORE,Residential,33.05,16.525,16.7,16.35,2,2025-12-08T10:18:57.190Z
2022-07-05,2022,7,258562,Battery,captis_pulse,BUDERIM,Residential,75.8,25.266666666666666,70.0,2.16,3,2025-12-08T10:18:57.190Z
2022-07-05,2022,7,81968813,Battery,captis_pulse,MAROOCHYDORE,Residential,68.64,34.32,65.0,3.64,2,2025-12-08T10:18:57.190Z
2022-07-05,2022,7,81967206,Battery,captis_pulse,MAROOCHYDORE,Residential,72.64,36.32,69.0,3.64,2,2025-12-08T10:18:57.190Z
2022-07-04,2022,7,81967206,Pulse1,captis_pulse,MAROOCHYDORE,Residential,160.0,6.4,40.0,0.0,25,2025-12-08T10:18:57.190Z
2022-07-04,2022,7,81968813,Pulse1,captis_pulse,MAROOCHYDORE,Residential,3980.0,165.83333333333334,500.0,0.0,24,2025-12-08T10:18:57.190Z
2022-07-04,2022,7,81970952,Pulse1,captis_pulse,MAROOCHYDORE,Residential,235.0,13.823529411764707,65.0,0.0,17,2025-12-08T10:18:57.190Z
2022-07-04,2022,7,27446212,Pulse1,captis_pulse,MAROOCHYDORE,Residential,100.0,4.166666666666667,100.0,0.0,24,2025-12-08T10:18:57.190Z
2022-07-04,2022,7,66213456,Pulse1_Total,captis_pulse,BUDERIM,Residential,888.0,37.0,37.0,37.0,24,2025-12-08T10:18:57.190Z
2022-07-04,2022,7,66213456,Pulse1,captis_pulse,BUDERIM,Residential,0.0,0.0,0.0,0.0,24,2025-12-08T10:18:57.190Z
2022-07-04,2022,7,258562,Pulse1,captis_pulse,BUDERIM,Residential,26.0,1.0833333333333333,16.0,0.0,24,2025-12-08T10:18:57.190Z
2022-07-04,2022,7,66218056,Pulse1_Total,captis_pulse,BUDERIM,Residential,910.0,35.0,35.0,35.0,26,2025-12-08T10:18:57.190Z
2022-07-04,2022,7,66218056,Pulse1,captis_pulse,BUDERIM,Residential,0.0,0.0,0.0,0.0,26,2025-12-08T10:18:57.190Z
2022-07-04,2022,7,66218056,DeviceTemperature,captis_pulse,BUDERIM,Residential,43.660000000000004,14.553333333333335,15.16,14.1,3,2025-12-08T10:18:57.190Z
2022-07-04,2022,7,258562,DeviceTemperature,captis_pulse,BUDERIM,Residential,24.700000000000003,12.350000000000001,12.9,11.8,2,2025-12-08T10:18:57.190Z
2022-07-04,2022,7,27446212,DeviceTemperature,captis_pulse,MAROOCHYDORE,Residential,15.9,15.9,15.9,15.9,1,2025-12-08T10:18:57.190Z
2022-07-04,2022,7,81970952,Battery,captis_pulse,MAROOCHYDORE,Residential,73.64,36.82,70.0,3.64,2,2025-12-08T10:18:57.190Z
2022-07-04,2022,7,81970952,DeviceTemperature,captis_pulse,MAROOCHYDORE,Residential,33.3,16.65,17.2,16.1,2,2025-12-08T10:18:57.190Z
2022-07-04,2022,7,81967206,DeviceTemperature,captis_pulse,MAROOCHYDORE,Residential,12.3,12.3,12.3,12.3,1,2025-12-08T10:18:57.190Z
2022-07-04,2022,7,66213456,DeviceTemperature,captis_pulse,BUDERIM,Residential,37.36,12.453333333333333,13.46,11.8,3,2025-12-08T10:18:57.190Z
2022-07-04,2022,7,66218056,Battery,captis_pulse,BUDERIM,Residential,75.64200000000001,25.214000000000002,70.0,2.022,3,2025-12-08T10:18:57.190Z
2022-07-06,2022,7,66213456,Pulse1_Total,captis_pulse,BUDERIM,Residential,481.0,37.0,37.0,37.0,13,2025-12-08T10:18:57.190Z
2022-07-06,2022,7,66213456,Pulse1,captis_pulse,BUDERIM,Residential,0.0,0.0,0.0,0.0,13,2025-12-08T10:18:57.190Z
2022-07-06,2022,7,27446212,Pulse1,captis_pulse,MAROOCHYDORE,Residential,0.0,0.0,0.0,0.0,13,2025-12-08T10:18:57.190Z
2022-07-06,2022,7,66218056,Pulse1_Total,captis_pulse,BUDERIM,Residential,735.0,35.0,35.0,35.0,21,2025-12-08T10:18:57.190Z
2022-07-06,2022,7,66218056,Pulse1,captis_pulse,BUDERIM,Residential,0.0,0.0,0.0,0.0,21,2025-12-08T10:18:57.190Z
2022-07-06,2022,7,258562,Pulse1,captis_pulse,BUDERIM,Residential,22.0,1.2222222222222223,16.0,0.0,18,2025-12-08T10:18:57.190Z
2022-07-06,2022,7,81967206,Pulse1,captis_pulse,MAROOCHYDORE,Residential,100.0,20.0,30.0,5.0,5,2025-12-08T10:18:57.190Z
2022-07-06,2022,7,81968813,Pulse1,captis_pulse,MAROOCHYDORE,Residential,620.0,310.0,380.0,240.0,2,2025-12-08T10:18:57.190Z
2022-07-06,2022,7,81970952,Pulse1,captis_pulse,MAROOCHYDORE,Residential,170.0,42.5,70.0,15.0,4,2025-12-08T10:18:57.190Z
2022-07-05,2022,7,65102808,Pulse1,captis_pulse,BUDERIM,Residential,0.0,0.0,0.0,0.0,49,2025-12-08T10:18:57.190Z
2022-07-05,2022,7,65102808,DeviceTemperature,captis_pulse,BUDERIM,Residential,51.3,17.099999999999998,17.3,16.7,3,2025-12-08T10:18:57.190Z
2022-07-05,2022,7,65102808,Battery,captis_pulse,BUDERIM,Residential,73.765,24.588333333333335,68.0,2.125,3,2025-12-08T10:18:57.190Z
2022-07-04,2022,7,65102808,Pulse1,captis_pulse,BUDERIM,Residential,0.0,0.0,0.0,0.0,24,2025-12-08T10:18:57.190Z
2022-07-04,2022,7,65102808,DeviceTemperature,captis_pulse,BUDERIM,Residential,16.32,16.32,16.32,16.32,1,2025-12-08T10:18:57.190Z
2022-07-06,2022,7,65102808,Pulse1,captis_pulse,BUDERIM,Residential,30.0,2.3076923076923075,30.0,0.0,13,2025-12-08T10:18:57.190Z
2022-07-05,2022,7,61572148,Pulse1_Total,captis_pulse,BUDERIM,Residential,1765268.0,34613.098039215685,34683.0,34564.0,51,2025-12-08T10:18:57.190Z
2022-07-05,2022,7,61572148,Pulse1,captis_pulse,BUDERIM,Residential,54.0,1.0588235294117647,10.0,0.0,51,2025-12-08T10:18:57.190Z
2022-07-05,2022,7,62347601,Pulse1,captis_pulse,BUDERIM,Residential,221.0,4.42,119.0,0.0,50,2025-12-08T10:18:57.190Z
2022-07-05,2022,7,62347601,Battery,captis_pulse,BUDERIM,Residential,74.81899999999999,24.939666666666664,69.0,2.189,3,2025-12-08T10:18:57.190Z
2022-07-05,2022,7,62347601,DeviceTemperature,captis_pulse,BUDERIM,Residential,29.0,14.5,14.7,14.3,2,2025-12-08T10:18:57.190Z
2022-07-05,2022,7,61572148,DeviceTemperature,captis_pulse,BUDERIM,Residential,11.92,11.92,11.92,11.92,1,2025-12-08T10:18:57.190Z
2022-07-05,2022,7,61572148,Battery,captis_pulse,BUDERIM,Residential,3.64,3.64,3.64,3.64,1,2025-12-08T10:18:57.190Z
2022-07-04,2022,7,61572148,Pulse1_Total,captis_pulse,BUDERIM,Residential,792957.0,34476.391304347824,34485.0,34472.0,23,2025-12-08T10:18:57.190Z
2022-07-04,2022,7,61572148,Pulse1,captis_pulse,BUDERIM,Residential,6.0,0.2608695652173913,4.0,0.0,23,2025-12-08T10:18:57.190Z
2022-07-04,2022,7,62347601,Pulse1,captis_pulse,BUDERIM,Residential,187.0,5.5,70.0,0.0,34,2025-12-08T10:18:57.190Z
2022-07-04,2022,7,62347601,DeviceTemperature,captis_pulse,BUDERIM,Residential,41.91,13.969999999999999,14.51,13.6,3,2025-12-08T10:18:57.190Z
2022-07-04,2022,7,62347601,Battery,captis_pulse,BUDERIM,Residential,72.92699999999999,24.308999999999997,67.0,2.297,3,2025-12-08T10:18:57.190Z
2022-07-04,2022,7,61572148,DeviceTemperature,captis_pulse,BUDERIM,Residential,21.43,10.715,11.43,10.0,2,2025-12-08T10:18:57.190Z
2022-07-06,2022,7,61572148,Pulse1_Total,captis_pulse,BUDERIM,Residential,452542.0,34810.92307692308,34836.0,34746.0,13,2025-12-08T10:18:57.190Z
2022-07-06,2022,7,61572148,Pulse1,captis_pulse,BUDERIM,Residential,95.0,7.3076923076923075,56.0,0.0,13,2025-12-08T10:18:57.190Z
2022-07-06,2022,7,62347601,Pulse1,captis_pulse,BUDERIM,Residential,337.0,19.823529411764707,150.0,0.0,17,2025-12-08T10:18:57.190Z
2022-07-05,2022,7,602584,Pulse1,captis_pulse,BUDERIM,Residential,38.0,0.76,7.0,0.0,50,2025-12-08T10:18:57.190Z
2022-07-05,2022,7,61285911,Pulse1_Total,captis_pulse,BUDERIM,Residential,561.0,11.0,11.0,11.0,51,2025-12-08T10:18:57.190Z
2022-07-05,2022,7,61285911,Pulse1,captis_pulse,BUDERIM,Residential,0.0,0.0,0.0,0.0,52,2025-12-08T10:18:57.190Z
2022-07-05,2022,7,64630139,Pulse1,captis_pulse,MAROOCHYDORE,Non-Residential,90.0,1.8,10.0,0.0,50,2025-12-08T10:18:57.190Z
2022-07-05,2022,7,274703,Pulse1,captis_pulse,KULUIN,Residential,691.0,13.82,104.0,0.0,50,2025-12-08T10:18:57.190Z
2022-07-05,2022,7,61204642,Pulse1_Total,captis_pulse,BUDERIM,Residential,1944.0,36.0,36.0,36.0,54,2025-12-08T10:18:57.190Z
2022-07-05,2022,7,61204642,Pulse1,captis_pulse,BUDERIM,Residential,0.0,0.0,0.0,0.0,55,2025-12-08T10:18:57.190Z
2022-07-05,2022,7,66214206,Pulse1_Total,captis_pulse,BUDERIM,Residential,1644124.0,31021.20754716981,31154.0,30970.0,53,2025-12-08T10:18:57.190Z
2022-07-05,2022,7,66214206,Pulse1,captis_pulse,BUDERIM,Residential,74.0,1.3703703703703705,14.0,0.0,54,2025-12-08T10:18:57.190Z
2022-07-05,2022,7,61237090,Pulse1_Total,captis_pulse,BUDERIM,Residential,4184432.0,77489.48148148147,77680.0,77347.0,54,2025-12-08T10:18:57.190Z
2022-07-05,2022,7,61237090,Pulse1,captis_pulse,BUDERIM,Residential,136.0,2.5185185185185186,16.0,0.0,54,2025-12-08T10:18:57.190Z
2022-07-05,2022,7,47593353,Pulse1,captis_pulse,MAROOCHYDORE,Residential,1810.0,36.93877551020408,120.0,0.0,49,2025-12-08T10:18:57.190Z
2022-07-05,2022,7,64630139,DeviceTemperature,captis_pulse,MAROOCHYDORE,Non-Residential,33.49,16.745,17.3,16.19,2,2025-12-08T10:18:57.190Z
2022-07-05,2022,7,66214206,DeviceTemperature,captis_pulse,BUDERIM,Residential,12.33,12.33,12.33,12.33,1,2025-12-08T10:18:57.190Z
2022-07-05,2022,7,61285911,Battery,captis_pulse,BUDERIM,Residential,3.64,3.64,3.64,3.64,1,2025-12-08T10:18:57.190Z
2022-07-05,2022,7,61285911,DeviceTemperature,captis_pulse,BUDERIM,Residential,25.240000000000002,12.620000000000001,13.0,12.24,2,2025-12-08T10:18:57.190Z
2022-07-05,2022,7,274703,Battery,captis_pulse,KULUIN,Residential,74.52799999999999,24.842666666666663,69.0,1.898,3,2025-12-08T10:18:57.190Z
2022-07-05,2022,7,47593353,Battery,captis_pulse,MAROOCHYDORE,Residential,73.843,24.614333333333335,68.0,2.203,3,2025-12-08T10:18:57.190Z
2022-07-05,2022,7,64630139,Battery,captis_pulse,MAROOCHYDORE,Non-Residential,75.281,25.093666666666667,69.0,2.641,3,2025-12-08T10:18:57.190Z
2022-07-05,2022,7,47593353,DeviceTemperature,captis_pulse,MAROOCHYDORE,Residential,12.9,12.9,12.9,12.9,1,2025-12-08T10:18:57.190Z
2022-07-05,2022,7,66214206,Battery,captis_pulse,BUDERIM,Residential,3.65,3.65,3.65,3.65,1,2025-12-08T10:18:57.190Z
2022-07-05,2022,7,61237090,DeviceTemperature,captis_pulse,BUDERIM,Residential,32.900000000000006,16.450000000000003,17.1,15.8,2,2025-12-08T10:18:57.190Z
2022-07-05,2022,7,61204642,DeviceTemperature,captis_pulse,BUDERIM,Residential,14.78,14.78,14.78,14.78,1,2025-12-08T10:18:57.190Z
2022-07-05,2022,7,602584,DeviceTemperature,captis_pulse,BUDERIM,Residential,14.6,14.6,14.6,14.6,1,2025-12-08T10:18:57.190Z
2022-07-04,2022,7,61237090,Pulse1_Total,captis_pulse,BUDERIM,Residential,1931489.0,77259.56,77324.0,77229.0,25,2025-12-08T10:18:57.190Z
2022-07-04,2022,7,61237090,Pulse1,captis_pulse,BUDERIM,Residential,52.0,2.08,14.0,0.0,25,2025-12-08T10:18:57.190Z
2022-07-04,2022,7,274703,Pulse1,captis_pulse,KULUIN,Residential,289.0,9.03125,109.0,0.0,32,2025-12-08T10:18:57.190Z
2022-07-04,2022,7,66214206,Pulse1_Total,captis_pulse,BUDERIM,Residential,772506.0,30900.24,30955.0,30887.0,25,2025-12-08T10:18:57.190Z
2022-07-04,2022,7,66214206,Pulse1,captis_pulse,BUDERIM,Residential,64.0,2.56,39.0,0.0,25,2025-12-08T10:18:57.190Z
2022-07-04,2022,7,602584,Pulse1,captis_pulse,BUDERIM,Residential,54.0,1.5,17.0,0.0,36,2025-12-08T10:18:57.190Z
2022-07-04,2022,7,61285911,Pulse1_Total,captis_pulse,BUDERIM,Residential,242.0,11.0,11.0,11.0,22,2025-12-08T10:18:57.190Z
2022-07-04,2022,7,61285911,Pulse1,captis_pulse,BUDERIM,Residential,0.0,0.0,0.0,0.0,23,2025-12-08T10:18:57.190Z
2022-07-04,2022,7,47593353,Pulse1,captis_pulse,MAROOCHYDORE,Residential,1020.0,42.5,230.0,0.0,24,2025-12-08T10:18:57.190Z
2022-07-04,2022,7,64630139,Pulse1,captis_pulse,MAROOCHYDORE,Non-Residential,30.0,1.3043478260869565,30.0,0.0,23,2025-12-08T10:18:57.190Z
2022-07-04,2022,7,61204642,Pulse1_Total,captis_pulse,BUDERIM,Residential,828.0,36.0,36.0,36.0,23,2025-12-08T10:18:57.190Z
2022-07-04,2022,7,61204642,Pulse1,captis_pulse,BUDERIM,Residential,0.0,0.0,0.0,0.0,23,2025-12-08T10:18:57.190Z
2022-07-04,2022,7,61237090,Battery,captis_pulse,BUDERIM,Residential,78.224,26.07466666666667,71.0,3.604,3,2025-12-08T10:18:57.190Z
2022-07-04,2022,7,61237090,DeviceTemperature,captis_pulse,BUDERIM,Residential,49.190000000000005,16.39666666666667,17.39,15.6,3,2025-12-08T10:18:57.190Z
2022-07-04,2022,7,61204642,DeviceTemperature,captis_pulse,BUDERIM,Residential,44.2,14.733333333333334,15.2,14.3,3,2025-12-08T10:18:57.190Z
2022-07-04,2022,7,64630139,DeviceTemperature,captis_pulse,MAROOCHYDORE,Non-Residential,30.7,15.35,15.6,15.1,2,2025-12-08T10:18:57.190Z
2022-07-04,2022,7,47593353,DeviceTemperature,captis_pulse,MAROOCHYDORE,Residential,11.8,11.8,11.8,11.8,1,2025-12-08T10:18:57.190Z
2022-07-04,2022,7,61285911,DeviceTemperature,captis_pulse,BUDERIM,Residential,22.47,11.235,11.87,10.6,2,2025-12-08T10:18:57.190Z
2022-07-04,2022,7,274703,Battery,captis_pulse,KULUIN,Residential,74.346,24.782,69.0,1.726,3,2025-12-08T10:18:57.190Z
2022-07-04,2022,7,66214206,DeviceTemperature,captis_pulse,BUDERIM,Residential,10.9,10.9,10.9,10.9,1,2025-12-08T10:18:57.190Z
2022-07-04,2022,7,47593353,Battery,captis_pulse,MAROOCHYDORE,Residential,1.879,1.879,1.879,1.879,1,2025-12-08T10:18:57.190Z
2022-07-04,2022,7,64630139,Battery,captis_pulse,MAROOCHYDORE,Non-Residential,2.045,2.045,2.045,2.045,1,2025-12-08T10:18:57.190Z
2022-07-04,2022,7,274703,DeviceTemperature,captis_pulse,KULUIN,Residential,11.6,11.6,11.6,11.6,1,2025-12-08T10:18:57.190Z
2022-07-04,2022,7,61204642,Battery,captis_pulse,BUDERIM,Residential,3.64,3.64,3.64,3.64,1,2025-12-08T10:18:57.190Z
2022-07-06,2022,7,602584,Pulse1,captis_pulse,BUDERIM,Residential,18.0,1.125,6.0,0.0,16,2025-12-08T10:18:57.190Z
2022-07-06,2022,7,61285911,Pulse1_Total,captis_pulse,BUDERIM,Residential,165.0,11.0,11.0,11.0,15,2025-12-08T10:18:57.190Z
2022-07-06,2022,7,61285911,Pulse1,captis_pulse,BUDERIM,Residential,0.0,0.0,0.0,0.0,15,2025-12-08T10:18:57.190Z
2022-07-06,2022,7,47593353,Pulse1,captis_pulse,MAROOCHYDORE,Residential,520.0,37.142857142857146,100.0,0.0,14,2025-12-08T10:18:57.190Z
2022-07-06,2022,7,64630139,Pulse1,captis_pulse,MAROOCHYDORE,Non-Residential,720.0,51.42857142857143,140.0,0.0,14,2025-12-08T10:18:57.190Z
2022-07-06,2022,7,274703,Pulse1,captis_pulse,KULUIN,Residential,188.0,11.75,120.0,0.0,16,2025-12-08T10:18:57.190Z
2022-07-06,2022,7,61204642,Pulse1_Total,captis_pulse,BUDERIM,Residential,648.0,36.0,36.0,36.0,18,2025-12-08T10:18:57.190Z
2022-07-06,2022,7,61204642,Pulse1,captis_pulse,BUDERIM,Residential,0.0,0.0,0.0,0.0,18,2025-12-08T10:18:57.190Z
2022-07-06,2022,7,61237090,Pulse1,captis_pulse,BUDERIM,Residential,129.0,7.166666666666667,29.0,0.0,18,2025-12-08T10:18:57.190Z
2022-07-06,2022,7,66214206,Pulse1_Total,captis_pulse,BUDERIM,Residential,562241.0,31235.61111111111,31297.0,31172.0,18,2025-12-08T10:18:57.190Z
2022-07-06,2022,7,66214206,Pulse1,captis_pulse,BUDERIM,Residential,48.0,2.6666666666666665,12.0,0.0,18,2025-12-08T10:18:57.190Z
2022-07-06,2022,7,61237090,Pulse1_Total,captis_pulse,BUDERIM,Residential,1324917.0,77936.29411764706,78022.0,77809.0,17,2025-12-08T10:18:57.190Z
2022-07-06,2022,7,61204642,DeviceTemperature,captis_pulse,BUDERIM,Residential,17.3,17.3,17.3,17.3,1,2025-12-08T10:18:57.190Z
2022-07-06,2022,7,61237090,DeviceTemperature,captis_pulse,BUDERIM,Residential,23.5,23.5,23.5,23.5,1,2025-12-08T10:18:57.190Z
2022-07-04,2022,7,832195,DeviceTemperature,captis_pulse,MAROOCHYDORE,Residential,33.6,16.8,17.7,15.9,2,2025-12-08T10:18:57.190Z
2022-07-04,2022,7,832195,Battery,captis_pulse,MAROOCHYDORE,Residential,3.316,3.316,3.316,3.316,1,2025-12-08T10:18:57.190Z
2022-07-05,2022,7,587223,Pulse1,captis_pulse,KULUIN,Residential,329.0,5.222222222222222,34.0,3.0,63,2025-12-08T10:18:57.190Z
2022-07-05,2022,7,621763,Pulse1,captis_pulse,MAROOCHYDORE,Residential,73.0,1.4038461538461537,26.0,0.0,52,2025-12-08T10:18:57.190Z
2022-07-05,2022,7,55230,Pulse1,captis_pulse,MAROOCHYDORE,Residential,544.0,10.074074074074074,89.0,0.0,54,2025-12-08T10:18:57.190Z
2022-07-05,2022,7,621763,DeviceTemperature,captis_pulse,MAROOCHYDORE,Residential,48.54,16.18,16.5,15.9,3,2025-12-08T10:18:57.190Z
2022-07-05,2022,7,60423641,Pulse1,captis_pulse,BUDERIM,Residential,0.0,0.0,0.0,0.0,7,2025-12-08T10:18:57.190Z
2022-07-05,2022,7,22038410,Pulse1,captis_pulse,MAROOCHYDORE,Non-Residential,790.0,46.470588235294116,200.0,20.0,17,2025-12-08T10:18:57.190Z
2022-07-05,2022,7,60423641,Pulse1_Total,captis_pulse,BUDERIM,Residential,558.0,93.0,93.0,93.0,6,2025-12-08T10:18:57.190Z
2022-07-05,2022,7,621763,Battery,captis_pulse,MAROOCHYDORE,Residential,77.874,25.958,72.0,2.244,3,2025-12-08T10:18:57.190Z
2022-07-05,2022,7,22038410,DeviceTemperature,captis_pulse,MAROOCHYDORE,Non-Residential,29.31,14.655,15.2,14.11,2,2025-12-08T10:18:57.190Z
2022-07-05,2022,7,60423641,DeviceTemperature,captis_pulse,BUDERIM,Residential,11.88,11.88,11.88,11.88,1,2025-12-08T10:18:57.190Z
2022-07-05,2022,7,22038410,Battery,captis_pulse,MAROOCHYDORE,Non-Residential,3.63,3.63,3.63,3.63,1,2025-12-08T10:18:57.190Z
2022-07-05,2022,7,55230,Battery,captis_pulse,MAROOCHYDORE,Residential,2.301,2.301,2.301,2.301,1,2025-12-08T10:18:57.190Z
2022-07-05,2022,7,55230,DeviceTemperature,captis_pulse,MAROOCHYDORE,Residential,18.0,18.0,18.0,18.0,1,2025-12-08T10:18:57.190Z
2022-07-04,2022,7,55230,Pulse1,captis_pulse,MAROOCHYDORE,Residential,124.0,4.96,67.0,0.0,25,2025-12-08T10:18:57.190Z
2022-07-04,2022,7,587223,Pulse1,captis_pulse,KULUIN,Residential,163.0,7.409090909090909,78.0,3.0,22,2025-12-08T10:18:57.190Z
2022-07-04,2022,7,621763,Pulse1,captis_pulse,MAROOCHYDORE,Residential,151.0,6.565217391304348,85.0,0.0,23,2025-12-08T10:18:57.190Z
2022-07-04,2022,7,22038410,Pulse1,captis_pulse,MAROOCHYDORE,Non-Residential,730.0,28.076923076923077,80.0,20.0,26,2025-12-08T10:18:57.190Z
2022-07-04,2022,7,55230,Battery,captis_pulse,MAROOCHYDORE,Residential,76.834,25.611333333333334,71.0,2.194,3,2025-12-08T10:18:57.190Z
2022-07-04,2022,7,55230,DeviceTemperature,captis_pulse,MAROOCHYDORE,Residential,52.239999999999995,17.41333333333333,18.04,16.9,3,2025-12-08T10:18:57.190Z
2022-07-04,2022,7,587223,DeviceTemperature,captis_pulse,KULUIN,Residential,12.1,12.1,12.1,12.1,1,2025-12-08T10:18:57.190Z
2022-07-04,2022,7,621763,DeviceTemperature,captis_pulse,MAROOCHYDORE,Residential,32.78,16.39,16.68,16.1,2,2025-12-08T10:18:57.190Z
2022-07-04,2022,7,22038410,Battery,captis_pulse,MAROOCHYDORE,Non-Residential,3.63,3.63,3.63,3.63,1,2025-12-08T10:18:57.190Z
2022-07-04,2022,7,22038410,DeviceTemperature,captis_pulse,MAROOCHYDORE,Non-Residential,14.38,14.38,14.38,14.38,1,2025-12-08T10:18:57.190Z
2022-07-06,2022,7,587223,Pulse1,captis_pulse,KULUIN,Residential,69.0,4.3125,11.0,3.0,16,2025-12-08T10:18:57.190Z
2022-07-06,2022,7,621763,Pulse1,captis_pulse,MAROOCHYDORE,Residential,113.0,7.533333333333333,46.0,0.0,15,2025-12-08T10:18:57.190Z
2022-07-06,2022,7,22038410,Pulse1,captis_pulse,MAROOCHYDORE,Non-Residential,990.0,70.71428571428571,240.0,40.0,14,2025-12-08T10:18:57.190Z
2022-07-06,2022,7,55230,Pulse1,captis_pulse,MAROOCHYDORE,Residential,85.0,4.722222222222222,28.0,0.0,18,2025-12-08T10:18:57.190Z
2022-07-06,2022,7,55230,DeviceTemperature,captis_pulse,MAROOCHYDORE,Residential,22.3,22.3,22.3,22.3,1,2025-12-08T10:18:57.190Z
2022-07-06,2022,7,621763,DeviceTemperature,captis_pulse,MAROOCHYDORE,Residential,17.7,17.7,17.7,17.7,1,2025-12-08T10:18:57.190Z
2022-07-04,2022,7,60423641,Pulse1_Total,captis_pulse,BUDERIM,Residential,8742.0,93.0,93.0,93.0,94,2025-12-08T10:18:57.190Z
2022-07-04,2022,7,60423641,Pulse1,captis_pulse,BUDERIM,Residential,0.0,0.0,0.0,0.0,96,2025-12-08T10:18:57.190Z
2022-07-04,2022,7,60423641,DeviceTemperature,captis_pulse,BUDERIM,Residential,10.2,10.2,10.2,10.2,1,2025-12-08T10:18:57.190Z
2022-07-05,2022,7,81426,Pulse1,captis_pulse,BUDERIM,Residential,224.0,4.48,75.0,0.0,50,2025-12-08T10:18:57.190Z
2022-07-05,2022,7,61274116,Pulse1_Total,captis_pulse,BUDERIM,Residential,454053.0,28378.3125,28398.0,28377.0,16,2025-12-08T10:18:57.190Z
2022-07-05,2022,7,61274116,Pulse1,captis_pulse,BUDERIM,Residential,1.0,0.0625,1.0,0.0,16,2025-12-08T10:18:57.190Z
2022-07-05,2022,7,61274116,Battery,captis_pulse,BUDERIM,Residential,82.81,27.603333333333335,74.0,3.62,3,2025-12-08T10:18:57.190Z
2022-07-05,2022,7,81426,Battery,captis_pulse,BUDERIM,Residential,74.616,24.872,69.0,1.986,3,2025-12-08T10:18:57.190Z
2022-07-05,2022,7,61274116,DeviceTemperature,captis_pulse,BUDERIM,Residential,12.52,12.52,12.52,12.52,1,2025-12-08T10:18:57.190Z
2022-07-05,2022,7,81426,DeviceTemperature,captis_pulse,BUDERIM,Residential,27.869999999999997,13.934999999999999,14.5,13.37,2,2025-12-08T10:18:57.190Z
2022-07-04,2022,7,81426,Pulse1,captis_pulse,BUDERIM,Residential,74.0,3.3636363636363638,23.0,0.0,22,2025-12-08T10:18:57.190Z
2022-07-04,2022,7,81426,Battery,captis_pulse,BUDERIM,Residential,75.58099999999999,25.19366666666666,70.0,1.951,3,2025-12-08T10:18:57.190Z
2022-07-04,2022,7,81426,DeviceTemperature,captis_pulse,BUDERIM,Residential,23.4,11.7,11.8,11.6,2,2025-12-08T10:18:57.190Z
2022-07-06,2022,7,61274116,Pulse1_Total,captis_pulse,BUDERIM,Residential,428657.0,28577.133333333335,28625.0,28415.0,15,2025-12-08T10:18:57.190Z
2022-07-06,2022,7,61274116,Pulse1,captis_pulse,BUDERIM,Residential,68.0,4.533333333333333,43.0,0.0,15,2025-12-08T10:18:57.190Z
2022-07-06,2022,7,81426,Pulse1,captis_pulse,BUDERIM,Residential,30.0,2.0,13.0,0.0,15,2025-12-08T10:18:57.190Z
2022-07-06,2022,7,81426,DeviceTemperature,captis_pulse,BUDERIM,Residential,27.3,27.3,27.3,27.3,1,2025-12-08T10:18:57.190Z
2022-07-04,2022,7,61274116,Pulse1_Total,captis_pulse,BUDERIM,Residential,2705239.0,28179.572916666668,28221.0,28164.0,96,2025-12-08T10:18:57.190Z
2022-07-04,2022,7,61274116,Pulse1,captis_pulse,BUDERIM,Residential,58.0,0.6041666666666666,10.0,0.0,96,2025-12-08T10:18:57.190Z
2022-07-04,2022,7,61274116,DeviceTemperature,captis_pulse,BUDERIM,Residential,11.0,11.0,11.0,11.0,1,2025-12-08T10:18:57.190Z
2022-07-04,2022,7,61274116,Battery,captis_pulse,BUDERIM,Residential,2.698,2.698,2.698,2.698,1,2025-12-08T10:18:57.190Z
2022-07-05,2022,7,67715036,Pulse1_Total,captis_pulse,BUDERIM,Residential,3325122.0,67859.63265306123,68072.0,67663.0,49,2025-12-08T10:18:57.190Z
2022-07-05,2022,7,67715036,Pulse1,captis_pulse,BUDERIM,Residential,254.0,5.183673469387755,50.0,0.0,49,2025-12-08T10:18:57.190Z
2022-07-05,2022,7,62365595,Pulse1_Total,captis_pulse,BUDERIM,Residential,2588236.0,47930.2962962963,47963.0,47887.0,54,2025-12-08T10:18:57.190Z
2022-07-05,2022,7,62365595,Pulse1,captis_pulse,BUDERIM,Residential,60.0,1.1111111111111112,35.0,0.0,54,2025-12-08T10:18:57.190Z
2022-07-05,2022,7,64632460,Pulse1,captis_pulse,MAROOCHYDORE,Residential,1620.0,32.4,110.0,0.0,50,2025-12-08T10:18:57.190Z
2022-07-05,2022,7,62365595,DeviceTemperature,captis_pulse,BUDERIM,Residential,28.77,14.385,15.1,13.67,2,2025-12-08T10:18:57.190Z
2022-07-05,2022,7,64632460,DeviceTemperature,captis_pulse,MAROOCHYDORE,Residential,27.77,13.885,14.2,13.57,2,2025-12-08T10:18:57.190Z
2022-07-05,2022,7,64632460,Battery,captis_pulse,MAROOCHYDORE,Residential,74.247,24.749,69.0,1.607,3,2025-12-08T10:18:57.190Z
2022-07-05,2022,7,62365595,Battery,captis_pulse,BUDERIM,Residential,71.56400000000001,23.85466666666667,66.0,1.924,3,2025-12-08T10:18:57.190Z
2022-07-04,2022,7,67715036,Pulse1_Total,captis_pulse,BUDERIM,Residential,1486660.0,67575.45454545454,67647.0,67557.0,22,2025-12-08T10:18:57.190Z
2022-07-04,2022,7,67715036,Pulse1,captis_pulse,BUDERIM,Residential,49.0,2.227272727272727,16.0,0.0,22,2025-12-08T10:18:57.190Z
2022-07-04,2022,7,62365595,Pulse1_Total,captis_pulse,BUDERIM,Residential,1050719.0,47759.954545454544,47804.0,47738.0,22,2025-12-08T10:18:57.190Z
2022-07-04,2022,7,62365595,Pulse1,captis_pulse,BUDERIM,Residential,32.0,1.4545454545454546,15.0,0.0,22,2025-12-08T10:18:57.190Z
2022-07-04,2022,7,64632460,Pulse1,captis_pulse,MAROOCHYDORE,Residential,700.0,31.818181818181817,130.0,0.0,22,2025-12-08T10:18:57.190Z
2022-07-04,2022,7,67715036,DeviceTemperature,captis_pulse,BUDERIM,Residential,10.2,10.2,10.2,10.2,1,2025-12-08T10:18:57.190Z
2022-07-04,2022,7,62365595,DeviceTemperature,captis_pulse,BUDERIM,Residential,37.47,12.49,13.37,11.9,3,2025-12-08T10:18:57.190Z
2022-07-04,2022,7,64632460,DeviceTemperature,captis_pulse,MAROOCHYDORE,Residential,25.1,12.55,12.7,12.4,2,2025-12-08T10:18:57.190Z
2022-07-04,2022,7,62365595,Battery,captis_pulse,BUDERIM,Residential,73.576,24.525333333333332,68.0,1.946,3,2025-12-08T10:18:57.190Z
2022-07-06,2022,7,67715036,Pulse1_Total,captis_pulse,BUDERIM,Residential,886719.0,68209.15384615384,68345.0,68074.0,13,2025-12-08T10:18:57.190Z
2022-07-06,2022,7,67715036,Pulse1,captis_pulse,BUDERIM,Residential,45.0,3.2142857142857144,19.0,0.0,14,2025-12-08T10:18:57.190Z
2022-07-06,2022,7,62365595,Pulse1_Total,captis_pulse,BUDERIM,Residential,721373.0,48091.53333333333,48227.0,47963.0,15,2025-12-08T10:18:57.190Z
2022-07-06,2022,7,62365595,Pulse1,captis_pulse,BUDERIM,Residential,70.0,4.666666666666667,27.0,0.0,15,2025-12-08T10:18:57.190Z
2022-07-06,2022,7,64632460,Pulse1,captis_pulse,MAROOCHYDORE,Residential,810.0,54.0,130.0,20.0,15,2025-12-08T10:18:57.190Z
2022-07-06,2022,7,67715036,DeviceTemperature,captis_pulse,BUDERIM,Residential,18.9,18.9,18.9,18.9,1,2025-12-08T10:18:57.190Z
2022-07-05,2022,7,65065637,Pulse1,captis_pulse,BUDERIM,Residential,1780.0,28.253968253968253,140.0,0.0,63,2025-12-08T10:18:57.190Z
2022-07-05,2022,7,64295745,Pulse1,captis_pulse,BUDERIM,Residential,1130.0,22.6,120.0,0.0,50,2025-12-08T10:18:57.190Z
2022-07-05,2022,7,65065637,DeviceTemperature,captis_pulse,BUDERIM,Residential,12.3,12.3,12.3,12.3,1,2025-12-08T10:18:57.190Z
2022-07-05,2022,7,65065637,Battery,captis_pulse,BUDERIM,Residential,83.409,27.803,78.0,1.769,3,2025-12-08T10:18:57.190Z
2022-07-05,2022,7,64295745,Battery,captis_pulse,BUDERIM,Residential,74.335,24.778333333333332,69.0,1.695,3,2025-12-08T10:18:57.190Z
2022-07-05,2022,7,64295745,DeviceTemperature,captis_pulse,BUDERIM,Residential,12.53,12.53,12.53,12.53,1,2025-12-08T10:18:57.190Z
2022-07-04,2022,7,65065637,Pulse1,captis_pulse,BUDERIM,Residential,560.0,23.333333333333332,160.0,0.0,24,2025-12-08T10:18:57.190Z
2022-07-04,2022,7,64295745,Pulse1,captis_pulse,BUDERIM,Residential,1010.0,43.91304347826087,180.0,0.0,23,2025-12-08T10:18:57.190Z
2022-07-04,2022,7,64295745,Battery,captis_pulse,BUDERIM,Residential,75.343,25.114333333333335,70.0,1.703,3,2025-12-08T10:18:57.190Z
2022-07-04,2022,7,64295745,DeviceTemperature,captis_pulse,BUDERIM,Residential,24.28,12.14,12.98,11.3,2,2025-12-08T10:18:57.190Z
2022-07-06,2022,7,65065637,Pulse1,captis_pulse,BUDERIM,Residential,600.0,40.0,80.0,0.0,15,2025-12-08T10:18:57.190Z
2022-07-06,2022,7,64295745,Pulse1,captis_pulse,BUDERIM,Residential,580.0,32.22222222222222,80.0,0.0,18,2025-12-08T10:18:57.190Z
2022-07-06,2022,7,64295745,DeviceTemperature,captis_pulse,BUDERIM,Residential,17.8,17.8,17.8,17.8,1,2025-12-08T10:18:57.190Z
2022-07-05,2022,7,45122201,Pulse1,captis_pulse,MOUNTAIN CREEK,Residential,244.0,4.784313725490196,34.0,1.0,51,2025-12-08T10:18:57.190Z
2022-07-05,2022,7,62366180,Pulse1_Total,captis_pulse,BUDERIM,Residential,4423721.0,88474.42,88720.0,88297.0,50,2025-12-08T10:18:57.190Z
2022-07-05,2022,7,62366180,Pulse1,captis_pulse,BUDERIM,Residential,238.0,4.76,39.0,1.0,50,2025-12-08T10:18:57.190Z
2022-07-05,2022,7,62366180,DeviceTemperature,captis_pulse,BUDERIM,Residential,25.009999999999998,12.504999999999999,13.0,12.01,2,2025-12-08T10:18:57.190Z
2022-07-05,2022,7,62366180,Battery,captis_pulse,BUDERIM,Residential,3.64,3.64,3.64,3.64,1,2025-12-08T10:18:57.190Z
2022-07-05,2022,7,45122201,DeviceTemperature,captis_pulse,MOUNTAIN CREEK,Residential,28.6,14.3,15.2,13.4,2,2025-12-08T10:18:57.190Z
2022-07-05,2022,7,45122201,Battery,captis_pulse,MOUNTAIN CREEK,Residential,74.38000000000001,24.793333333333337,69.0,1.73,3,2025-12-08T10:18:57.190Z
2022-07-04,2022,7,45122201,Pulse1,captis_pulse,MOUNTAIN CREEK,Residential,79.0,3.2916666666666665,31.0,0.0,24,2025-12-08T10:18:57.190Z
2022-07-04,2022,7,62366180,Pulse1_Total,captis_pulse,BUDERIM,Residential,2821850.0,88182.8125,88241.0,88158.0,32,2025-12-08T10:18:57.190Z
2022-07-04,2022,7,62366180,Pulse1,captis_pulse,BUDERIM,Residential,81.0,2.53125,16.0,1.0,32,2025-12-08T10:18:57.190Z
2022-07-04,2022,7,45122201,DeviceTemperature,captis_pulse,MOUNTAIN CREEK,Residential,35.99,11.996666666666668,13.09,11.4,3,2025-12-08T10:18:57.190Z
2022-07-04,2022,7,62366180,DeviceTemperature,captis_pulse,BUDERIM,Residential,10.7,10.7,10.7,10.7,1,2025-12-08T10:18:57.190Z
2022-07-06,2022,7,45122201,Pulse1,captis_pulse,MOUNTAIN CREEK,Residential,80.0,6.153846153846154,28.0,0.0,13,2025-12-08T10:18:57.190Z
2022-07-06,2022,7,62366180,Pulse1_Total,captis_pulse,BUDERIM,Residential,1422639.0,88914.9375,89014.0,88812.0,16,2025-12-08T10:18:57.190Z
2022-07-06,2022,7,62366180,Pulse1,captis_pulse,BUDERIM,Residential,83.0,5.1875,26.0,1.0,16,2025-12-08T10:18:57.190Z
2022-07-06,2022,7,62366180,DeviceTemperature,captis_pulse,BUDERIM,Residential,20.9,20.9,20.9,20.9,1,2025-12-08T10:18:57.190Z
2022-07-05,2022,7,61136989,Pulse1_Total,captis_pulse,BUDERIM,Residential,1998.0,37.0,37.0,37.0,54,2025-12-08T10:18:57.190Z
2022-07-05,2022,7,61136989,Pulse1,captis_pulse,BUDERIM,Residential,0.0,0.0,0.0,0.0,54,2025-12-08T10:18:57.190Z
2022-07-05,2022,7,68897,Pulse1,captis_pulse,BUDERIM,Residential,85.0,1.6037735849056605,30.0,0.0,53,2025-12-08T10:18:57.190Z
2022-07-05,2022,7,11344,Pulse1,captis_pulse,BUDERIM,Residential,147.0,2.7222222222222223,57.0,0.0,54,2025-12-08T10:18:57.190Z
2022-07-05,2022,7,68897,Battery,captis_pulse,BUDERIM,Residential,72.515,24.171666666666667,67.0,1.885,3,2025-12-08T10:18:57.190Z
2022-07-05,2022,7,11344,Battery,captis_pulse,BUDERIM,Residential,75.481,25.16033333333333,70.0,1.851,3,2025-12-08T10:18:57.190Z
2022-07-05,2022,7,68897,DeviceTemperature,captis_pulse,BUDERIM,Residential,12.89,12.89,12.89,12.89,1,2025-12-08T10:18:57.190Z
2022-07-05,2022,7,11344,DeviceTemperature,captis_pulse,BUDERIM,Residential,27.41,13.705,14.5,12.91,2,2025-12-08T10:18:57.190Z
2022-07-05,2022,7,61136989,DeviceTemperature,captis_pulse,BUDERIM,Residential,12.5,12.5,12.5,12.5,1,2025-12-08T10:18:57.190Z
2022-07-04,2022,7,61136989,Pulse1_Total,captis_pulse,BUDERIM,Residential,851.0,37.0,37.0,37.0,23,2025-12-08T10:18:57.190Z
2022-07-04,2022,7,61136989,Pulse1,captis_pulse,BUDERIM,Residential,0.0,0.0,0.0,0.0,23,2025-12-08T10:18:57.190Z
2022-07-04,2022,7,11344,Pulse1,captis_pulse,BUDERIM,Residential,85.0,3.4,37.0,0.0,25,2025-12-08T10:18:57.190Z
2022-07-04,2022,7,11344,DeviceTemperature,captis_pulse,BUDERIM,Residential,24.369999999999997,12.184999999999999,13.17,11.2,2,2025-12-08T10:18:57.190Z
2022-07-04,2022,7,68897,Pulse1,captis_pulse,BUDERIM,Residential,115.0,4.791666666666667,27.0,2.0,24,2025-12-08T10:18:57.190Z
2022-07-04,2022,7,68897,DeviceTemperature,captis_pulse,BUDERIM,Residential,25.07,12.535,13.07,12.0,2,2025-12-08T10:18:57.190Z
2022-07-04,2022,7,61136989,DeviceTemperature,captis_pulse,BUDERIM,Residential,32.35,10.783333333333333,11.75,10.1,3,2025-12-08T10:18:57.190Z
2022-07-04,2022,7,68897,Battery,captis_pulse,BUDERIM,Residential,79.61999999999999,26.539999999999996,74.0,1.99,3,2025-12-08T10:18:57.190Z
2022-07-04,2022,7,11344,Battery,captis_pulse,BUDERIM,Residential,73.478,24.492666666666665,68.0,1.848,3,2025-12-08T10:18:57.190Z
2022-07-04,2022,7,61136989,Battery,captis_pulse,BUDERIM,Residential,3.64,3.64,3.64,3.64,1,2025-12-08T10:18:57.190Z
2022-07-06,2022,7,61136989,Pulse1_Total,captis_pulse,BUDERIM,Residential,666.0,37.0,37.0,37.0,18,2025-12-08T10:18:57.190Z
2022-07-06,2022,7,61136989,Pulse1,captis_pulse,BUDERIM,Residential,0.0,0.0,0.0,0.0,18,2025-12-08T10:18:57.190Z
2022-07-06,2022,7,11344,Pulse1,captis_pulse,BUDERIM,Residential,45.0,2.5,31.0,0.0,18,2025-12-08T10:18:57.190Z
2022-07-06,2022,7,68897,Pulse1,captis_pulse,BUDERIM,Residential,27.0,1.5,11.0,0.0,18,2025-12-08T10:18:57.190Z
2022-07-06,2022,7,61136989,DeviceTemperature,captis_pulse,BUDERIM,Residential,18.4,18.4,18.4,18.4,1,2025-12-08T10:18:57.190Z
2022-07-05,2022,7,458,Pulse1,captis_pulse,MAROOCHYDORE,Residential,60.0,1.1538461538461537,21.0,0.0,52,2025-12-08T10:18:57.190Z
2022-07-05,2022,7,117719,Pulse1,captis_pulse,BUDERIM,Residential,102.0,2.04,44.0,0.0,50,2025-12-08T10:18:57.190Z
2022-07-05,2022,7,64960,Pulse1_Total,captis_pulse,BUDERIM,Residential,4651763.0,87769.11320754717,87775.0,87765.0,53,2025-12-08T10:18:57.190Z
2022-07-05,2022,7,64960,Pulse1,captis_pulse,BUDERIM,Residential,5.0,0.09615384615384616,1.0,0.0,52,2025-12-08T10:18:57.190Z
2022-07-05,2022,7,458,Battery,captis_pulse,MAROOCHYDORE,Residential,73.571,24.523666666666667,68.0,1.941,3,2025-12-08T10:18:57.190Z
2022-07-05,2022,7,117719,Battery,captis_pulse,BUDERIM,Residential,74.375,24.791666666666668,69.0,1.745,3,2025-12-08T10:18:57.190Z
2022-07-05,2022,7,117719,DeviceTemperature,captis_pulse,BUDERIM,Residential,29.240000000000002,14.620000000000001,15.6,13.64,2,2025-12-08T10:18:57.190Z
2022-07-05,2022,7,64960,DeviceTemperature,captis_pulse,BUDERIM,Residential,27.72,13.86,14.4,13.32,2,2025-12-08T10:18:57.190Z
2022-07-05,2022,7,64960,Battery,captis_pulse,BUDERIM,Residential,73.43299999999999,24.477666666666664,68.0,1.803,3,2025-12-08T10:18:57.190Z
2022-07-04,2022,7,458,Pulse1,captis_pulse,MAROOCHYDORE,Residential,10.0,0.43478260869565216,5.0,0.0,23,2025-12-08T10:18:57.190Z
2022-07-04,2022,7,117719,Pulse1,captis_pulse,BUDERIM,Residential,11.0,0.5,11.0,0.0,22,2025-12-08T10:18:57.190Z
2022-07-04,2022,7,64960,Pulse1_Total,captis_pulse,BUDERIM,Residential,2018531.0,87762.21739130435,87764.0,87761.0,23,2025-12-08T10:18:57.190Z
2022-07-04,2022,7,64960,Pulse1,captis_pulse,BUDERIM,Residential,1.0,0.043478260869565216,1.0,0.0,23,2025-12-08T10:18:57.190Z
2022-07-04,2022,7,117719,Battery,captis_pulse,BUDERIM,Residential,75.314,25.104666666666663,70.0,1.684,3,2025-12-08T10:18:57.190Z
2022-07-04,2022,7,117719,DeviceTemperature,captis_pulse,BUDERIM,Residential,12.87,12.87,12.87,12.87,1,2025-12-08T10:18:57.190Z
2022-07-04,2022,7,64960,DeviceTemperature,captis_pulse,BUDERIM,Residential,25.02,12.51,13.12,11.9,2,2025-12-08T10:18:57.190Z
2022-07-06,2022,7,458,Pulse1,captis_pulse,MAROOCHYDORE,Residential,29.0,1.9333333333333333,10.0,0.0,15,2025-12-08T10:18:57.190Z
2022-07-06,2022,7,117719,Pulse1,captis_pulse,BUDERIM,Residential,87.0,5.8,86.0,0.0,15,2025-12-08T10:18:57.190Z
2022-07-06,2022,7,64960,Pulse1_Total,captis_pulse,BUDERIM,Residential,1141116.0,87778.15384615384,87781.0,87776.0,13,2025-12-08T10:18:57.190Z
2022-07-06,2022,7,64960,Pulse1,captis_pulse,BUDERIM,Residential,0.0,0.0,0.0,0.0,13,2025-12-08T10:18:57.190Z
2022-07-06,2022,7,64960,DeviceTemperature,captis_pulse,BUDERIM,Residential,28.9,28.9,28.9,28.9,1,2025-12-08T10:18:57.190Z
2022-07-06,2022,7,117719,DeviceTemperature,captis_pulse,BUDERIM,Residential,36.4,36.4,36.4,36.4,1,2025-12-08T10:18:57.190Z
2022-07-05,2022,7,281670,Pulse1,captis_pulse,KULUIN,Residential,642.0,10.35483870967742,131.0,2.0,62,2025-12-08T10:18:57.190Z
2022-07-05,2022,7,72833,Pulse1,captis_pulse,KULUIN,Residential,442.0,8.185185185185185,119.0,0.0,54,2025-12-08T10:18:57.190Z
2022-07-05,2022,7,21270301,Pulse1,captis_pulse,LAWNTON,Non-Residential,280.0,5.6,35.0,0.0,50,2025-12-08T10:18:57.190Z
2022-07-05,2022,7,60456726,Pulse1_Total,captis_pulse,BUDERIM,Residential,3442534.0,95625.94444444444,95841.0,95480.0,36,2025-12-08T10:18:57.190Z
2022-07-05,2022,7,60456726,Pulse1,captis_pulse,BUDERIM,Residential,337.0,9.36111111111111,148.0,0.0,36,2025-12-08T10:18:57.190Z
2022-07-05,2022,7,72833,DeviceTemperature,captis_pulse,KULUIN,Residential,31.79,15.895,16.1,15.69,2,2025-12-08T10:18:57.190Z
2022-07-05,2022,7,21270301,DeviceTemperature,captis_pulse,LAWNTON,Non-Residential,25.85,12.925,13.5,12.35,2,2025-12-08T10:18:57.190Z
2022-07-05,2022,7,281670,DeviceTemperature,captis_pulse,KULUIN,Residential,14.72,14.72,14.72,14.72,1,2025-12-08T10:18:57.190Z
2022-07-05,2022,7,21270301,Battery,captis_pulse,LAWNTON,Non-Residential,3.64,3.64,3.64,3.64,1,2025-12-08T10:18:57.190Z
2022-07-05,2022,7,72833,Battery,captis_pulse,KULUIN,Residential,73.46,24.486666666666665,68.0,1.83,3,2025-12-08T10:18:57.190Z
2022-07-04,2022,7,60456726,Pulse1_Total,captis_pulse,BUDERIM,Residential,2382526.0,95301.04,95471.0,95217.0,25,2025-12-08T10:18:57.190Z
2022-07-04,2022,7,60456726,Pulse1,captis_pulse,BUDERIM,Residential,187.0,7.48,99.0,0.0,25,2025-12-08T10:18:57.190Z
2022-07-04,2022,7,281670,DeviceTemperature,captis_pulse,KULUIN,Residential,39.97,13.323333333333332,14.17,12.8,3,2025-12-08T10:18:57.190Z
2022-07-04,2022,7,72833,Pulse1,captis_pulse,KULUIN,Residential,2.0,0.09090909090909091,2.0,0.0,22,2025-12-08T10:18:57.190Z
2022-07-04,2022,7,21270301,Pulse1,captis_pulse,LAWNTON,Non-Residential,105.0,4.375,20.0,0.0,24,2025-12-08T10:18:57.190Z
2022-07-04,2022,7,281670,Pulse1,captis_pulse,KULUIN,Residential,130.0,5.416666666666667,23.0,2.0,24,2025-12-08T10:18:57.190Z
2022-07-04,2022,7,21270301,DeviceTemperature,captis_pulse,LAWNTON,Non-Residential,10.6,10.6,10.6,10.6,1,2025-12-08T10:18:57.190Z
2022-07-04,2022,7,72833,Battery,captis_pulse,KULUIN,Residential,77.376,25.792,72.0,1.736,3,2025-12-08T10:18:57.190Z
2022-07-04,2022,7,72833,DeviceTemperature,captis_pulse,KULUIN,Residential,31.060000000000002,15.530000000000001,15.96,15.1,2,2025-12-08T10:18:57.190Z
2022-07-04,2022,7,21270301,Battery,captis_pulse,LAWNTON,Non-Residential,3.65,3.65,3.65,3.65,1,2025-12-08T10:18:57.190Z
2022-07-06,2022,7,281670,Pulse1,captis_pulse,KULUIN,Residential,152.0,10.857142857142858,89.0,2.0,14,2025-12-08T10:18:57.190Z
2022-07-06,2022,7,72833,Pulse1,captis_pulse,KULUIN,Residential,162.0,10.8,67.0,0.0,15,2025-12-08T10:18:57.190Z
2022-07-06,2022,7,21270301,Pulse1,captis_pulse,LAWNTON,Non-Residential,175.0,13.461538461538462,75.0,0.0,13,2025-12-08T10:18:57.190Z
2022-07-06,2022,7,21270301,DeviceTemperature,captis_pulse,LAWNTON,Non-Residential,31.7,31.7,31.7,31.7,1,2025-12-08T10:18:57.190Z
2022-07-05,2022,7,9080,Pulse1,captis_pulse,BUDERIM,Residential,170.0,3.269230769230769,65.0,0.0,52,2025-12-08T10:18:57.190Z
2022-07-05,2022,7,65438204,Pulse1_Total,captis_pulse,MAROOCHYDORE,Non-Residential,3816585.0,74835.0,74835.0,74835.0,51,2025-12-08T10:18:57.190Z
2022-07-05,2022,7,65438204,Pulse1,captis_pulse,MAROOCHYDORE,Non-Residential,0.0,0.0,0.0,0.0,51,2025-12-08T10:18:57.190Z
2022-07-05,2022,7,27446323,Pulse1,captis_pulse,MAROOCHYDORE,Residential,0.0,0.0,0.0,0.0,50,2025-12-08T10:18:57.190Z
2022-07-05,2022,7,60194007,Pulse1_Total,captis_pulse,BUDERIM,Residential,477632.0,9011.924528301886,9022.0,9001.0,53,2025-12-08T10:18:57.190Z
2022-07-05,2022,7,60194007,Pulse1,captis_pulse,BUDERIM,Residential,14.0,0.2641509433962264,2.0,0.0,53,2025-12-08T10:18:57.190Z
2022-07-05,2022,7,27446323,DeviceTemperature,captis_pulse,MAROOCHYDORE,Residential,32.69,16.345,16.5,16.19,2,2025-12-08T10:18:57.190Z
2022-07-05,2022,7,65438204,Battery,captis_pulse,MAROOCHYDORE,Non-Residential,75.376,25.125333333333334,70.0,1.736,3,2025-12-08T10:18:57.190Z
2022-07-05,2022,7,65438204,DeviceTemperature,captis_pulse,MAROOCHYDORE,Non-Residential,25.42,12.71,13.1,12.32,2,2025-12-08T10:18:57.190Z
2022-07-05,2022,7,27446323,Battery,captis_pulse,MAROOCHYDORE,Residential,3.64,3.64,3.64,3.64,1,2025-12-08T10:18:57.190Z
2022-07-05,2022,7,9080,DeviceTemperature,captis_pulse,BUDERIM,Residential,13.28,13.28,13.28,13.28,1,2025-12-08T10:18:57.190Z
2022-07-04,2022,7,60194007,Pulse1_Total,captis_pulse,BUDERIM,Residential,224923.0,8996.92,9001.0,8995.0,25,2025-12-08T10:18:57.190Z
2022-07-04,2022,7,60194007,Pulse1,captis_pulse,BUDERIM,Residential,4.0,0.16,1.0,0.0,25,2025-12-08T10:18:57.190Z
2022-07-04,2022,7,9080,Pulse1,captis_pulse,BUDERIM,Residential,33.0,1.5,9.0,0.0,22,2025-12-08T10:18:57.190Z
2022-07-04,2022,7,65438204,Pulse1_Total,captis_pulse,MAROOCHYDORE,Non-Residential,1646370.0,74835.0,74835.0,74835.0,22,2025-12-08T10:18:57.190Z
2022-07-04,2022,7,65438204,Pulse1,captis_pulse,MAROOCHYDORE,Non-Residential,0.0,0.0,0.0,0.0,22,2025-12-08T10:18:57.190Z
2022-07-04,2022,7,27446323,Pulse1,captis_pulse,MAROOCHYDORE,Residential,0.0,0.0,0.0,0.0,25,2025-12-08T10:18:57.190Z
2022-07-04,2022,7,65438204,DeviceTemperature,captis_pulse,MAROOCHYDORE,Non-Residential,22.689999999999998,11.344999999999999,11.79,10.9,2,2025-12-08T10:18:57.190Z
2022-07-04,2022,7,27446323,DeviceTemperature,captis_pulse,MAROOCHYDORE,Residential,64.57,16.1425,17.07,15.7,4,2025-12-08T10:18:57.190Z
2022-07-04,2022,7,60194007,DeviceTemperature,captis_pulse,BUDERIM,Residential,29.91,14.955,15.51,14.4,2,2025-12-08T10:18:57.190Z
2022-07-04,2022,7,9080,DeviceTemperature,captis_pulse,BUDERIM,Residential,35.47,11.823333333333332,12.77,11.3,3,2025-12-08T10:18:57.190Z
2022-07-04,2022,7,65438204,Battery,captis_pulse,MAROOCHYDORE,Non-Residential,73.64,36.82,70.0,3.64,2,2025-12-08T10:18:57.190Z
2022-07-04,2022,7,60194007,Battery,captis_pulse,BUDERIM,Residential,75.792,25.264,69.0,3.162,3,2025-12-08T10:18:57.190Z
2022-07-06,2022,7,9080,Pulse1,captis_pulse,BUDERIM,Residential,61.0,4.066666666666666,41.0,0.0,15,2025-12-08T10:18:57.190Z
2022-07-06,2022,7,65438204,Pulse1_Total,captis_pulse,MAROOCHYDORE,Non-Residential,1122525.0,74835.0,74835.0,74835.0,15,2025-12-08T10:18:57.190Z
2022-07-06,2022,7,65438204,Pulse1,captis_pulse,MAROOCHYDORE,Non-Residential,0.0,0.0,0.0,0.0,15,2025-12-08T10:18:57.190Z
2022-07-06,2022,7,27446323,Pulse1,captis_pulse,MAROOCHYDORE,Residential,0.0,0.0,0.0,0.0,13,2025-12-08T10:18:57.190Z
2022-07-06,2022,7,60194007,Pulse1,captis_pulse,BUDERIM,Residential,6.0,0.3333333333333333,3.0,0.0,18,2025-12-08T10:18:57.190Z
2022-07-06,2022,7,60194007,Pulse1_Total,captis_pulse,BUDERIM,Residential,153632.0,9037.176470588236,9043.0,9023.0,17,2025-12-08T10:18:57.190Z
2022-07-05,2022,7,73866,Pulse1,captis_pulse,BUDERIM,Residential,74.0,1.48,19.0,0.0,50,2025-12-08T10:18:57.190Z
2022-07-05,2022,7,270417,Pulse1,captis_pulse,BUDERIM,Residential,63.0,1.26,31.0,0.0,50,2025-12-08T10:18:57.190Z
2022-07-05,2022,7,9202,Pulse1,captis_pulse,BUDERIM,Residential,1246.0,25.428571428571427,203.0,0.0,49,2025-12-08T10:18:57.190Z
2022-07-05,2022,7,9394261,Pulse1,captis_pulse,BUDERIM,Residential,72.0,1.44,58.0,0.0,50,2025-12-08T10:18:57.190Z
2022-07-05,2022,7,61144944,Pulse1_Total,captis_pulse,BUDERIM,Residential,3083287.0,58175.22641509434,58371.0,58008.0,53,2025-12-08T10:18:57.190Z
2022-07-05,2022,7,61144944,Pulse1,captis_pulse,BUDERIM,Residential,271.0,5.113207547169812,75.0,0.0,53,2025-12-08T10:18:57.190Z
2022-07-05,2022,7,46380792,Pulse1,captis_pulse,MAROOCHYDORE,Residential,680.0,12.830188679245284,70.0,0.0,53,2025-12-08T10:18:57.190Z
2022-07-05,2022,7,46380792,Battery,captis_pulse,MAROOCHYDORE,Residential,71.254,23.751333333333335,64.0,3.614,3,2025-12-08T10:18:57.190Z
2022-07-05,2022,7,73866,Battery,captis_pulse,BUDERIM,Residential,1.906,1.906,1.906,1.906,1,2025-12-08T10:18:57.190Z
2022-07-05,2022,7,9202,DeviceTemperature,captis_pulse,BUDERIM,Residential,14.06,14.06,14.06,14.06,1,2025-12-08T10:18:57.190Z
2022-07-05,2022,7,9394261,Battery,captis_pulse,BUDERIM,Residential,73.285,24.42833333333333,68.0,1.645,3,2025-12-08T10:18:57.190Z
2022-07-05,2022,7,9394261,DeviceTemperature,captis_pulse,BUDERIM,Residential,28.189999999999998,14.094999999999999,15.1,13.09,2,2025-12-08T10:18:57.190Z
2022-07-05,2022,7,61144944,Battery,captis_pulse,BUDERIM,Residential,73.419,24.473,68.0,1.779,3,2025-12-08T10:18:57.190Z
2022-07-05,2022,7,61144944,DeviceTemperature,captis_pulse,BUDERIM,Residential,16.21,16.21,16.21,16.21,1,2025-12-08T10:18:57.190Z
2022-07-05,2022,7,9202,Battery,captis_pulse,BUDERIM,Residential,77.737,25.912333333333333,72.0,2.107,3,2025-12-08T10:18:57.190Z
2022-07-05,2022,7,270417,DeviceTemperature,captis_pulse,BUDERIM,Residential,28.119999999999997,14.059999999999999,14.6,13.52,2,2025-12-08T10:18:57.190Z
2022-07-05,2022,7,46380792,DeviceTemperature,captis_pulse,MAROOCHYDORE,Residential,15.4,15.4,15.4,15.4,1,2025-12-08T10:18:57.190Z
2022-07-05,2022,7,73866,DeviceTemperature,captis_pulse,BUDERIM,Residential,15.3,15.3,15.3,15.3,1,2025-12-08T10:18:57.190Z
2022-07-04,2022,7,46380792,Pulse1,captis_pulse,MAROOCHYDORE,Residential,240.0,9.6,50.0,0.0,25,2025-12-08T10:18:57.190Z
2022-07-04,2022,7,61144944,Pulse1_Total,captis_pulse,BUDERIM,Residential,1449008.0,57960.32,58005.0,57944.0,25,2025-12-08T10:18:57.190Z
2022-07-04,2022,7,61144944,Pulse1,captis_pulse,BUDERIM,Residential,43.0,1.72,11.0,0.0,25,2025-12-08T10:18:57.190Z
2022-07-04,2022,7,73866,Pulse1,captis_pulse,BUDERIM,Residential,31.0,1.3478260869565217,9.0,0.0,23,2025-12-08T10:18:57.190Z
2022-07-04,2022,7,270417,Pulse1,captis_pulse,BUDERIM,Residential,36.0,0.972972972972973,16.0,0.0,37,2025-12-08T10:18:57.190Z
2022-07-04,2022,7,9202,Pulse1,captis_pulse,BUDERIM,Residential,259.0,10.791666666666666,202.0,0.0,24,2025-12-08T10:18:57.190Z
2022-07-04,2022,7,9394261,Pulse1,captis_pulse,BUDERIM,Residential,111.0,5.045454545454546,98.0,0.0,22,2025-12-08T10:18:57.190Z
2022-07-04,2022,7,61144944,DeviceTemperature,captis_pulse,BUDERIM,Residential,32.3,16.15,16.7,15.6,2,2025-12-08T10:18:57.190Z
2022-07-04,2022,7,73866,DeviceTemperature,captis_pulse,BUDERIM,Residential,11.5,11.5,11.5,11.5,1,2025-12-08T10:18:57.190Z
2022-07-04,2022,7,73866,Battery,captis_pulse,BUDERIM,Residential,1.779,1.779,1.779,1.779,1,2025-12-08T10:18:57.190Z
2022-07-04,2022,7,9202,DeviceTemperature,captis_pulse,BUDERIM,Residential,26.5,13.25,14.0,12.5,2,2025-12-08T10:18:57.190Z
2022-07-04,2022,7,46380792,DeviceTemperature,captis_pulse,MAROOCHYDORE,Residential,13.0,13.0,13.0,13.0,1,2025-12-08T10:18:57.190Z
2022-07-04,2022,7,270417,DeviceTemperature,captis_pulse,BUDERIM,Residential,36.46,12.153333333333334,13.06,11.5,3,2025-12-08T10:18:57.190Z
2022-07-04,2022,7,9394261,DeviceTemperature,captis_pulse,BUDERIM,Residential,23.68,11.84,12.58,11.1,2,2025-12-08T10:18:57.190Z
2022-07-04,2022,7,9394261,Battery,captis_pulse,BUDERIM,Residential,69.25,23.083333333333332,64.0,1.61,3,2025-12-08T10:18:57.190Z
2022-07-06,2022,7,73866,Pulse1,captis_pulse,BUDERIM,Residential,45.0,2.8125,14.0,0.0,16,2025-12-08T10:18:57.190Z
2022-07-06,2022,7,270417,Pulse1,captis_pulse,BUDERIM,Residential,23.0,1.4375,12.0,0.0,16,2025-12-08T10:18:57.190Z
2022-07-06,2022,7,9202,Pulse1,captis_pulse,BUDERIM,Residential,49.0,3.769230769230769,12.0,0.0,13,2025-12-08T10:18:57.190Z
2022-07-06,2022,7,9202,DeviceTemperature,captis_pulse,BUDERIM,Residential,24.9,24.9,24.9,24.9,1,2025-12-08T10:18:57.190Z
2022-07-06,2022,7,9394261,Pulse1,captis_pulse,BUDERIM,Residential,93.0,7.153846153846154,60.0,0.0,13,2025-12-08T10:18:57.190Z
2022-07-06,2022,7,61144944,Pulse1_Total,captis_pulse,BUDERIM,Residential,1052314.0,58461.88888888889,58482.0,58447.0,18,2025-12-08T10:18:57.190Z
2022-07-06,2022,7,61144944,Pulse1,captis_pulse,BUDERIM,Residential,15.0,0.8333333333333334,7.0,0.0,18,2025-12-08T10:18:57.190Z
2022-07-06,2022,7,46380792,Pulse1,captis_pulse,MAROOCHYDORE,Residential,610.0,33.888888888888886,100.0,0.0,18,2025-12-08T10:18:57.190Z
2022-07-05,2022,7,46058019,Pulse1,captis_pulse,MAROOCHYDORE,Residential,4250.0,81.73076923076923,300.0,0.0,52,2025-12-08T10:18:57.190Z
2022-07-05,2022,7,60219392,Pulse1_Total,captis_pulse,BUDERIM,Residential,104.0,2.0,2.0,2.0,52,2025-12-08T10:18:57.190Z
2022-07-05,2022,7,60219392,Pulse1,captis_pulse,BUDERIM,Residential,0.0,0.0,0.0,0.0,52,2025-12-08T10:18:57.190Z
2022-07-05,2022,7,61182001,Pulse1_Total,captis_pulse,BUDERIM,Residential,1188.0,33.0,33.0,33.0,36,2025-12-08T10:18:57.190Z
2022-07-05,2022,7,61182001,Pulse1,captis_pulse,BUDERIM,Residential,0.0,0.0,0.0,0.0,36,2025-12-08T10:18:57.190Z
2022-07-05,2022,7,81966172,Pulse1,captis_pulse,MAROOCHYDORE,Residential,0.0,0.0,0.0,0.0,17,2025-12-08T10:18:57.190Z
2022-07-05,2022,7,46058019,Battery,captis_pulse,MAROOCHYDORE,Residential,75.144,25.048000000000002,69.0,2.504,3,2025-12-08T10:18:57.190Z
2022-07-05,2022,7,81966172,DeviceTemperature,captis_pulse,MAROOCHYDORE,Residential,26.96,13.48,13.6,13.36,2,2025-12-08T10:18:57.190Z
2022-07-05,2022,7,60219392,Battery,captis_pulse,BUDERIM,Residential,71.544,23.848,66.0,1.914,3,2025-12-08T10:18:57.190Z
2022-07-05,2022,7,60219392,DeviceTemperature,captis_pulse,BUDERIM,Residential,13.58,13.58,13.58,13.58,1,2025-12-08T10:18:57.190Z
2022-07-05,2022,7,46058019,DeviceTemperature,captis_pulse,MAROOCHYDORE,Residential,16.5,16.5,16.5,16.5,1,2025-12-08T10:18:57.190Z
2022-07-05,2022,7,61182001,DeviceTemperature,captis_pulse,BUDERIM,Residential,14.4,14.4,14.4,14.4,1,2025-12-08T10:18:57.190Z
2022-07-05,2022,7,81966172,Battery,captis_pulse,MAROOCHYDORE,Residential,70.64,35.32,67.0,3.64,2,2025-12-08T10:18:57.190Z
2022-07-04,2022,7,61182001,Pulse1_Total,captis_pulse,BUDERIM,Residential,825.0,33.0,33.0,33.0,25,2025-12-08T10:18:57.190Z
2022-07-04,2022,7,61182001,Pulse1,captis_pulse,BUDERIM,Residential,0.0,0.0,0.0,0.0,25,2025-12-08T10:18:57.190Z
2022-07-04,2022,7,81966172,Pulse1,captis_pulse,MAROOCHYDORE,Residential,0.0,0.0,0.0,0.0,25,2025-12-08T10:18:57.190Z
2022-07-04,2022,7,46058019,Pulse1,captis_pulse,MAROOCHYDORE,Residential,2160.0,61.714285714285715,360.0,0.0,35,2025-12-08T10:18:57.190Z
2022-07-04,2022,7,60219392,Pulse1_Total,captis_pulse,BUDERIM,Residential,48.0,2.0,2.0,2.0,24,2025-12-08T10:18:57.190Z
2022-07-04,2022,7,60219392,Pulse1,captis_pulse,BUDERIM,Residential,0.0,0.0,0.0,0.0,24,2025-12-08T10:18:57.190Z
2022-07-04,2022,7,81966172,DeviceTemperature,captis_pulse,MAROOCHYDORE,Residential,12.0,12.0,12.0,12.0,1,2025-12-08T10:18:57.190Z
2022-07-04,2022,7,46058019,DeviceTemperature,captis_pulse,MAROOCHYDORE,Residential,27.1,13.55,13.7,13.4,2,2025-12-08T10:18:57.190Z
2022-07-04,2022,7,60219392,DeviceTemperature,captis_pulse,BUDERIM,Residential,12.1,12.1,12.1,12.1,1,2025-12-08T10:18:57.190Z
2022-07-06,2022,7,46058019,Pulse1,captis_pulse,MAROOCHYDORE,Residential,1630.0,108.66666666666667,240.0,0.0,15,2025-12-08T10:18:57.190Z
2022-07-06,2022,7,60219392,Pulse1_Total,captis_pulse,BUDERIM,Residential,26.0,2.0,2.0,2.0,13,2025-12-08T10:18:57.190Z
2022-07-06,2022,7,60219392,Pulse1,captis_pulse,BUDERIM,Residential,0.0,0.0,0.0,0.0,13,2025-12-08T10:18:57.190Z
2022-07-06,2022,7,60219392,DeviceTemperature,captis_pulse,BUDERIM,Residential,21.7,21.7,21.7,21.7,1,2025-12-08T10:18:57.190Z
2022-07-06,2022,7,46058019,DeviceTemperature,captis_pulse,MAROOCHYDORE,Residential,27.2,27.2,27.2,27.2,1,2025-12-08T10:18:57.190Z
2022-07-05,2022,7,296099,Pulse1,captis_pulse,KULUIN,Residential,49.0,0.98,25.0,0.0,50,2025-12-08T10:18:57.190Z
2022-07-05,2022,7,21810494,Pulse1,captis_pulse,PEREGIAN SPRINGS,Non-Residential,0.0,0.0,0.0,0.0,51,2025-12-08T10:18:57.190Z
2022-07-05,2022,7,61190052,Pulse1_Total,captis_pulse,BUDERIM,Residential,2079597.0,41591.94,41609.0,41558.0,50,2025-12-08T10:18:57.190Z
2022-07-05,2022,7,61190052,Pulse1,captis_pulse,BUDERIM,Residential,42.0,0.84,13.0,0.0,50,2025-12-08T10:18:57.190Z
2022-07-05,2022,7,61190052,DeviceTemperature,captis_pulse,BUDERIM,Residential,27.55,13.775,14.3,13.25,2,2025-12-08T10:18:57.190Z
2022-07-05,2022,7,296099,DeviceTemperature,captis_pulse,KULUIN,Residential,14.3,14.3,14.3,14.3,1,2025-12-08T10:18:57.190Z
2022-07-05,2022,7,21810494,Battery,captis_pulse,PEREGIAN SPRINGS,Non-Residential,3.6,3.6,3.6,3.6,1,2025-12-08T10:18:57.190Z
2022-07-05,2022,7,61190052,Battery,captis_pulse,BUDERIM,Residential,65.92,21.973333333333333,59.0,3.3,3,2025-12-08T10:18:57.190Z
2022-07-04,2022,7,296099,Pulse1,captis_pulse,KULUIN,Residential,19.0,0.8636363636363636,7.0,0.0,22,2025-12-08T10:18:57.190Z
2022-07-04,2022,7,21810494,Pulse1,captis_pulse,PEREGIAN SPRINGS,Non-Residential,0.0,0.0,0.0,0.0,23,2025-12-08T10:18:57.190Z
2022-07-04,2022,7,61190052,Pulse1_Total,captis_pulse,BUDERIM,Residential,914080.0,41549.09090909091,41550.0,41549.0,22,2025-12-08T10:18:57.190Z
2022-07-04,2022,7,61190052,Pulse1,captis_pulse,BUDERIM,Residential,1.0,0.045454545454545456,1.0,0.0,22,2025-12-08T10:18:57.190Z
2022-07-04,2022,7,296099,DeviceTemperature,captis_pulse,KULUIN,Residential,11.9,11.9,11.9,11.9,1,2025-12-08T10:18:57.190Z
2022-07-04,2022,7,61190052,DeviceTemperature,captis_pulse,BUDERIM,Residential,13.56,13.56,13.56,13.56,1,2025-12-08T10:18:57.190Z
2022-07-06,2022,7,296099,Pulse1,captis_pulse,KULUIN,Residential,32.0,2.2857142857142856,12.0,0.0,14,2025-12-08T10:18:57.190Z
2022-07-06,2022,7,21810494,Pulse1,captis_pulse,PEREGIAN SPRINGS,Non-Residential,0.0,0.0,0.0,0.0,15,2025-12-08T10:18:57.190Z
2022-07-06,2022,7,61190052,Pulse1_Total,captis_pulse,BUDERIM,Residential,666229.0,41639.3125,41652.0,41625.0,16,2025-12-08T10:18:57.190Z
2022-07-06,2022,7,61190052,Pulse1,captis_pulse,BUDERIM,Residential,4.0,0.25,3.0,0.0,16,2025-12-08T10:18:57.190Z
2022-07-05,2022,7,15527,Pulse1,captis_pulse,BUDERIM,Residential,22.0,0.4230769230769231,1.0,0.0,52,2025-12-08T10:18:57.190Z
2022-07-05,2022,7,595395,Pulse1,captis_pulse,KULUIN,Residential,122.0,2.033333333333333,36.0,0.0,60,2025-12-08T10:18:57.190Z
2022-07-05,2022,7,62419764,Pulse1_Total,captis_pulse,BUDERIM,Residential,1225112.0,31413.128205128207,31790.0,31246.0,39,2025-12-08T10:18:57.190Z
2022-07-05,2022,7,62419764,Pulse1,captis_pulse,BUDERIM,Residential,400.0,10.256410256410257,107.0,0.0,39,2025-12-08T10:18:57.190Z
2022-07-05,2022,7,15527,DeviceTemperature,captis_pulse,BUDERIM,Residential,27.25,13.625,14.1,13.15,2,2025-12-08T10:18:57.190Z
2022-07-05,2022,7,15527,Battery,captis_pulse,BUDERIM,Residential,73.652,24.550666666666668,68.0,2.012,3,2025-12-08T10:18:57.190Z
2022-07-05,2022,7,62419764,DeviceTemperature,captis_pulse,BUDERIM,Residential,14.5,14.5,14.5,14.5,1,2025-12-08T10:18:57.190Z
2022-07-05,2022,7,595395,DeviceTemperature,captis_pulse,KULUIN,Residential,16.7,16.7,16.7,16.7,1,2025-12-08T10:18:57.190Z
2022-07-04,2022,7,62419764,Pulse1_Total,captis_pulse,BUDERIM,Residential,749904.0,31246.0,31246.0,31246.0,24,2025-12-08T10:18:57.190Z
2022-07-04,2022,7,62419764,Pulse1,captis_pulse,BUDERIM,Residential,0.0,0.0,0.0,0.0,24,2025-12-08T10:18:57.190Z
2022-07-04,2022,7,15527,Pulse1,captis_pulse,BUDERIM,Residential,11.0,0.3235294117647059,1.0,0.0,34,2025-12-08T10:18:57.190Z
2022-07-04,2022,7,595395,Pulse1,captis_pulse,KULUIN,Residential,68.0,2.8333333333333335,34.0,0.0,24,2025-12-08T10:18:57.190Z
2022-07-04,2022,7,62419764,Battery,captis_pulse,BUDERIM,Residential,76.691,25.563666666666666,71.0,2.051,3,2025-12-08T10:18:57.190Z
2022-07-04,2022,7,62419764,DeviceTemperature,captis_pulse,BUDERIM,Residential,13.18,13.18,13.18,13.18,1,2025-12-08T10:18:57.190Z
2022-07-04,2022,7,15527,DeviceTemperature,captis_pulse,BUDERIM,Residential,35.61,11.87,12.81,11.4,3,2025-12-08T10:18:57.190Z
2022-07-04,2022,7,15527,Battery,captis_pulse,BUDERIM,Residential,70.44500000000001,23.48166666666667,65.0,1.805,3,2025-12-08T10:18:57.190Z
2022-07-04,2022,7,595395,DeviceTemperature,captis_pulse,KULUIN,Residential,32.09,16.045,16.89,15.2,2,2025-12-08T10:18:57.190Z
2022-07-04,2022,7,595395,Battery,captis_pulse,KULUIN,Residential,76.52499999999999,25.50833333333333,71.0,1.895,3,2025-12-08T10:18:57.190Z
2022-07-06,2022,7,15527,Pulse1,captis_pulse,BUDERIM,Residential,6.0,0.4,1.0,0.0,15,2025-12-08T10:18:57.190Z
2022-07-06,2022,7,595395,Pulse1,captis_pulse,KULUIN,Residential,5.0,0.2777777777777778,4.0,0.0,18,2025-12-08T10:18:57.190Z
2022-07-06,2022,7,15527,DeviceTemperature,captis_pulse,BUDERIM,Residential,32.9,32.9,32.9,32.9,1,2025-12-08T10:18:57.190Z
2022-07-06,2022,7,595395,DeviceTemperature,captis_pulse,KULUIN,Residential,17.9,17.9,17.9,17.9,1,2025-12-08T10:18:57.190Z
2022-07-05,2022,7,273456,Pulse1,captis_pulse,BUDERIM,Residential,221.0,4.510204081632653,59.0,0.0,49,2025-12-08T10:18:57.190Z
2022-07-05,2022,7,45121196,Pulse1,captis_pulse,MOUNTAIN CREEK,Residential,287.0,5.519230769230769,31.0,1.0,52,2025-12-08T10:18:57.190Z
2022-07-05,2022,7,62365839,Pulse1_Total,captis_pulse,BUDERIM,Residential,2009003.0,37203.75925925926,37388.0,37085.0,54,2025-12-08T10:18:57.190Z
2022-07-05,2022,7,62365839,Pulse1,captis_pulse,BUDERIM,Residential,114.0,2.111111111111111,71.0,0.0,54,2025-12-08T10:18:57.190Z
2022-07-05,2022,7,2691,Pulse1,captis_pulse,BUDERIM,Residential,183.0,3.66,138.0,0.0,50,2025-12-08T10:18:57.190Z
2022-07-05,2022,7,60483133,Pulse1_Total,captis_pulse,BUDERIM,Residential,1530.0,30.0,30.0,30.0,51,2025-12-08T10:18:57.190Z
2022-07-05,2022,7,60483133,Pulse1,captis_pulse,BUDERIM,Residential,0.0,0.0,0.0,0.0,51,2025-12-08T10:18:57.190Z
2022-07-05,2022,7,28489989,Pulse1,captis_pulse,MAROOCHYDORE,Residential,20160.0,366.54545454545456,820.0,40.0,55,2025-12-08T10:18:57.190Z
2022-07-05,2022,7,45121196,DeviceTemperature,captis_pulse,MOUNTAIN CREEK,Residential,28.46,14.23,15.0,13.46,2,2025-12-08T10:18:57.190Z
2022-07-05,2022,7,68985066,Pulse1_Total,captis_pulse,BUDERIM,Residential,749893.0,41660.72222222222,41673.0,41660.0,18,2025-12-08T10:18:57.190Z
2022-07-05,2022,7,68985066,Pulse1,captis_pulse,BUDERIM,Residential,5.0,0.2777777777777778,5.0,0.0,18,2025-12-08T10:18:57.190Z
2022-07-05,2022,7,62365839,Battery,captis_pulse,BUDERIM,Residential,70.651,23.55033333333333,65.0,2.021,3,2025-12-08T10:18:57.190Z
2022-07-05,2022,7,2691,Battery,captis_pulse,BUDERIM,Residential,74.211,24.737,68.0,2.581,3,2025-12-08T10:18:57.190Z
2022-07-05,2022,7,2691,DeviceTemperature,captis_pulse,BUDERIM,Residential,28.07,14.035,14.8,13.27,2,2025-12-08T10:18:57.190Z
2022-07-05,2022,7,45121196,Battery,captis_pulse,MOUNTAIN CREEK,Residential,72.63,36.315,69.0,3.63,2,2025-12-08T10:18:57.190Z
2022-07-05,2022,7,60483133,DeviceTemperature,captis_pulse,BUDERIM,Residential,16.1,16.1,16.1,16.1,1,2025-12-08T10:18:57.190Z
2022-07-05,2022,7,273456,DeviceTemperature,captis_pulse,BUDERIM,Residential,14.6,14.6,14.6,14.6,1,2025-12-08T10:18:57.190Z
2022-07-05,2022,7,28489989,DeviceTemperature,captis_pulse,MAROOCHYDORE,Residential,15.2,15.2,15.2,15.2,1,2025-12-08T10:18:57.190Z
2022-07-04,2022,7,28489989,Pulse1,captis_pulse,MAROOCHYDORE,Residential,6470.0,258.8,620.0,40.0,25,2025-12-08T10:18:57.190Z
2022-07-04,2022,7,273456,Pulse1,captis_pulse,BUDERIM,Residential,35.0,1.5909090909090908,24.0,0.0,22,2025-12-08T10:18:57.190Z
2022-07-04,2022,7,45121196,Pulse1,captis_pulse,MOUNTAIN CREEK,Residential,233.0,11.095238095238095,122.0,0.0,21,2025-12-08T10:18:57.190Z
2022-07-04,2022,7,62365839,Pulse1_Total,captis_pulse,BUDERIM,Residential,889776.0,37074.0,37074.0,37074.0,24,2025-12-08T10:18:57.190Z
2022-07-04,2022,7,62365839,Pulse1,captis_pulse,BUDERIM,Residential,0.0,0.0,0.0,0.0,25,2025-12-08T10:18:57.190Z
2022-07-04,2022,7,2691,Pulse1,captis_pulse,BUDERIM,Residential,192.0,9.142857142857142,118.0,0.0,21,2025-12-08T10:18:57.190Z
2022-07-04,2022,7,60483133,Pulse1_Total,captis_pulse,BUDERIM,Residential,690.0,30.0,30.0,30.0,23,2025-12-08T10:18:57.190Z
2022-07-04,2022,7,60483133,Pulse1,captis_pulse,BUDERIM,Residential,0.0,0.0,0.0,0.0,23,2025-12-08T10:18:57.190Z
2022-07-04,2022,7,60483133,DeviceTemperature,captis_pulse,BUDERIM,Residential,30.72,15.36,16.02,14.7,2,2025-12-08T10:18:57.190Z
2022-07-04,2022,7,273456,DeviceTemperature,captis_pulse,BUDERIM,Residential,22.5,11.25,11.3,11.2,2,2025-12-08T10:18:57.190Z
2022-07-04,2022,7,45121196,DeviceTemperature,captis_pulse,MOUNTAIN CREEK,Residential,23.299999999999997,11.649999999999999,11.7,11.6,2,2025-12-08T10:18:57.190Z
2022-07-04,2022,7,2691,Battery,captis_pulse,BUDERIM,Residential,70.714,23.57133333333333,65.0,2.084,3,2025-12-08T10:18:57.190Z
2022-07-04,2022,7,2691,DeviceTemperature,captis_pulse,BUDERIM,Residential,24.4,12.2,12.9,11.5,2,2025-12-08T10:18:57.190Z
2022-07-04,2022,7,45121196,Battery,captis_pulse,MOUNTAIN CREEK,Residential,73.63,36.815,70.0,3.63,2,2025-12-08T10:18:57.190Z
2022-07-04,2022,7,28489989,DeviceTemperature,captis_pulse,MAROOCHYDORE,Residential,12.7,12.7,12.7,12.7,1,2025-12-08T10:18:57.190Z
2022-07-06,2022,7,273456,Pulse1,captis_pulse,BUDERIM,Residential,98.0,7.0,37.0,0.0,14,2025-12-08T10:18:57.190Z
2022-07-06,2022,7,45121196,Pulse1,captis_pulse,MOUNTAIN CREEK,Residential,183.0,12.2,92.0,0.0,15,2025-12-08T10:18:57.190Z
2022-07-06,2022,7,45121196,DeviceTemperature,captis_pulse,MOUNTAIN CREEK,Residential,22.9,22.9,22.9,22.9,1,2025-12-08T10:18:57.190Z
2022-07-06,2022,7,62365839,Pulse1_Total,captis_pulse,BUDERIM,Residential,560833.0,37388.86666666667,37393.0,37388.0,15,2025-12-08T10:18:57.190Z
2022-07-06,2022,7,62365839,Pulse1,captis_pulse,BUDERIM,Residential,3.0,0.2,2.0,0.0,15,2025-12-08T10:18:57.190Z
2022-07-06,2022,7,2691,Pulse1,captis_pulse,BUDERIM,Residential,6.0,0.4,2.0,0.0,15,2025-12-08T10:18:57.190Z
2022-07-06,2022,7,60483133,Pulse1_Total,captis_pulse,BUDERIM,Residential,480.0,30.0,30.0,30.0,16,2025-12-08T10:18:57.190Z
2022-07-06,2022,7,60483133,Pulse1,captis_pulse,BUDERIM,Residential,0.0,0.0,0.0,0.0,17,2025-12-08T10:18:57.190Z
2022-07-06,2022,7,28489989,Pulse1,captis_pulse,MAROOCHYDORE,Residential,10300.0,572.2222222222222,2000.0,260.0,18,2025-12-08T10:18:57.190Z
2022-07-06,2022,7,68985066,Pulse1_Total,captis_pulse,BUDERIM,Residential,588239.0,42017.07142857143,42049.0,41709.0,14,2025-12-08T10:18:57.190Z
2022-07-06,2022,7,68985066,Pulse1,captis_pulse,BUDERIM,Residential,121.0,8.642857142857142,102.0,0.0,14,2025-12-08T10:18:57.190Z
2022-07-06,2022,7,60483133,DeviceTemperature,captis_pulse,BUDERIM,Residential,21.8,21.8,21.8,21.8,1,2025-12-08T10:18:57.190Z
2022-07-06,2022,7,2691,DeviceTemperature,captis_pulse,BUDERIM,Residential,34.9,34.9,34.9,34.9,1,2025-12-08T10:18:57.190Z
2022-07-06,2022,7,68985066,DeviceTemperature,captis_pulse,BUDERIM,Residential,19.1,19.1,19.1,19.1,1,2025-12-08T10:18:57.190Z
2022-07-06,2022,7,62365839,DeviceTemperature,captis_pulse,BUDERIM,Residential,19.6,19.6,19.6,19.6,1,2025-12-08T10:18:57.190Z
2022-07-06,2022,7,273456,DeviceTemperature,captis_pulse,BUDERIM,Residential,24.4,24.4,24.4,24.4,1,2025-12-08T10:18:57.190Z
2022-07-04,2022,7,68985066,Pulse1_Total,captis_pulse,BUDERIM,Residential,3944110.0,41084.479166666664,41200.0,41002.0,96,2025-12-08T10:18:57.190Z
2022-07-04,2022,7,68985066,Pulse1,captis_pulse,BUDERIM,Residential,222.0,2.3125,83.0,0.0,96,2025-12-08T10:18:57.190Z
2022-07-04,2022,7,68985066,DeviceTemperature,captis_pulse,BUDERIM,Residential,9.8,9.8,9.8,9.8,1,2025-12-08T10:18:57.190Z
2022-07-05,2022,7,60563688,Pulse1_Total,captis_pulse,BUDERIM,Residential,3227440.0,68668.93617021276,68886.0,68447.0,47,2025-12-08T10:18:57.190Z
2022-07-05,2022,7,60563688,Pulse1,captis_pulse,BUDERIM,Residential,368.0,7.666666666666667,98.0,0.0,48,2025-12-08T10:18:57.190Z
2022-07-05,2022,7,588695,Pulse1,captis_pulse,BUDERIM,Residential,67.0,1.2181818181818183,10.0,0.0,55,2025-12-08T10:18:57.190Z
2022-07-05,2022,7,60449965,Pulse1_Total,captis_pulse,BUDERIM,Residential,2872703.0,54201.943396226416,54331.0,54051.0,53,2025-12-08T10:18:57.190Z
2022-07-05,2022,7,60449965,Pulse1,captis_pulse,BUDERIM,Residential,174.0,3.3461538461538463,112.0,0.0,52,2025-12-08T10:18:57.190Z
2022-07-05,2022,7,62362043,Pulse1_Total,captis_pulse,BUDERIM,Residential,4138424.0,79585.07692307692,79888.0,79332.0,52,2025-12-08T10:18:57.190Z
2022-07-05,2022,7,62362043,Pulse1,captis_pulse,BUDERIM,Residential,286.0,5.607843137254902,55.0,0.0,51,2025-12-08T10:18:57.190Z
2022-07-05,2022,7,81969311,Pulse1,captis_pulse,MAROOCHYDORE,Residential,150.0,9.375,40.0,0.0,16,2025-12-08T10:18:57.190Z
2022-07-05,2022,7,81971053,Pulse1,captis_pulse,MAROOCHYDORE,Non-Residential,35.0,2.3333333333333335,30.0,0.0,15,2025-12-08T10:18:57.190Z
2022-07-05,2022,7,81971053,Battery,captis_pulse,MAROOCHYDORE,Non-Residential,72.64,36.32,69.0,3.64,2,2025-12-08T10:18:57.190Z
2022-07-05,2022,7,81971053,DeviceTemperature,captis_pulse,MAROOCHYDORE,Non-Residential,14.42,14.42,14.42,14.42,1,2025-12-08T10:18:57.190Z
2022-07-05,2022,7,60563688,Battery,captis_pulse,BUDERIM,Residential,3.64,3.64,3.64,3.64,1,2025-12-08T10:18:57.190Z
2022-07-05,2022,7,60563688,DeviceTemperature,captis_pulse,BUDERIM,Residential,13.74,13.74,13.74,13.74,1,2025-12-08T10:18:57.190Z
2022-07-05,2022,7,62362043,DeviceTemperature,captis_pulse,BUDERIM,Residential,65.28999999999999,13.057999999999998,15.7,11.82,5,2025-12-08T10:18:57.190Z
2022-07-05,2022,7,62362043,Battery,captis_pulse,BUDERIM,Residential,144.457,20.636714285714284,61.0,3.6,7,2025-12-08T10:18:57.190Z
2022-07-05,2022,7,588695,DeviceTemperature,captis_pulse,BUDERIM,Residential,13.19,13.19,13.19,13.19,1,2025-12-08T10:18:57.190Z
2022-07-05,2022,7,588695,Battery,captis_pulse,BUDERIM,Residential,76.536,25.512,71.0,1.896,3,2025-12-08T10:18:57.190Z
2022-07-05,2022,7,60449965,DeviceTemperature,captis_pulse,BUDERIM,Residential,25.53,12.765,13.2,12.33,2,2025-12-08T10:18:57.190Z
2022-07-05,2022,7,60449965,Battery,captis_pulse,BUDERIM,Residential,3.63,3.63,3.63,3.63,1,2025-12-08T10:18:57.190Z
2022-07-04,2022,7,60449965,Pulse1_Total,captis_pulse,BUDERIM,Residential,1349512.0,53980.48,54044.0,53966.0,25,2025-12-08T10:18:57.190Z
2022-07-04,2022,7,60449965,Pulse1,captis_pulse,BUDERIM,Residential,78.0,3.12,46.0,0.0,25,2025-12-08T10:18:57.190Z
2022-07-04,2022,7,81969311,Pulse1,captis_pulse,MAROOCHYDORE,Residential,290.0,13.80952380952381,75.0,0.0,21,2025-12-08T10:18:57.190Z
2022-07-04,2022,7,81971053,Pulse1,captis_pulse,MAROOCHYDORE,Non-Residential,5.0,0.29411764705882354,5.0,0.0,17,2025-12-08T10:18:57.190Z
2022-07-04,2022,7,60563688,Pulse1_Total,captis_pulse,BUDERIM,Residential,1503294.0,68331.54545454546,68423.0,68309.0,22,2025-12-08T10:18:57.190Z
2022-07-04,2022,7,60563688,Pulse1,captis_pulse,BUDERIM,Residential,95.0,4.318181818181818,43.0,0.0,22,2025-12-08T10:18:57.190Z
2022-07-04,2022,7,588695,Pulse1,captis_pulse,BUDERIM,Residential,10.0,0.4166666666666667,7.0,0.0,24,2025-12-08T10:18:57.190Z
2022-07-04,2022,7,62362043,Pulse1_Total,captis_pulse,BUDERIM,Residential,4273733.0,79143.20370370371,79319.0,79119.0,54,2025-12-08T10:18:57.190Z
2022-07-04,2022,7,62362043,Pulse1,captis_pulse,BUDERIM,Residential,192.0,3.6226415094339623,59.0,0.0,53,2025-12-08T10:18:57.190Z
2022-07-04,2022,7,588695,Battery,captis_pulse,BUDERIM,Residential,74.836,24.945333333333334,69.0,2.196,3,2025-12-08T10:18:57.190Z
2022-07-04,2022,7,60563688,Battery,captis_pulse,BUDERIM,Residential,3.63,3.63,3.63,3.63,1,2025-12-08T10:18:57.190Z
2022-07-04,2022,7,62362043,DeviceTemperature,captis_pulse,BUDERIM,Residential,10.6,10.6,10.6,10.6,1,2025-12-08T10:18:57.190Z
2022-07-04,2022,7,60563688,DeviceTemperature,captis_pulse,BUDERIM,Residential,25.48,12.74,13.48,12.0,2,2025-12-08T10:18:57.190Z
2022-07-04,2022,7,60449965,DeviceTemperature,captis_pulse,BUDERIM,Residential,11.0,11.0,11.0,11.0,1,2025-12-08T10:18:57.190Z
2022-07-04,2022,7,81969311,Battery,captis_pulse,MAROOCHYDORE,Residential,70.64,35.32,67.0,3.64,2,2025-12-08T10:18:57.190Z
2022-07-04,2022,7,81969311,DeviceTemperature,captis_pulse,MAROOCHYDORE,Residential,31.700000000000003,15.850000000000001,16.3,15.4,2,2025-12-08T10:18:57.190Z
2022-07-06,2022,7,60563688,Pulse1_Total,captis_pulse,BUDERIM,Residential,1104186.0,69011.625,69205.0,68948.0,16,2025-12-08T10:18:57.190Z
2022-07-06,2022,7,60563688,Pulse1,captis_pulse,BUDERIM,Residential,68.0,4.25,52.0,0.0,16,2025-12-08T10:18:57.190Z
2022-07-06,2022,7,588695,Pulse1,captis_pulse,BUDERIM,Residential,9.0,0.5,5.0,0.0,18,2025-12-08T10:18:57.190Z
2022-07-06,2022,7,588695,DeviceTemperature,captis_pulse,BUDERIM,Residential,27.9,27.9,27.9,27.9,1,2025-12-08T10:18:57.190Z
2022-07-06,2022,7,60449965,Pulse1_Total,captis_pulse,BUDERIM,Residential,982325.0,54573.61111111111,54639.0,54489.0,18,2025-12-08T10:18:57.190Z
2022-07-06,2022,7,60449965,Pulse1,captis_pulse,BUDERIM,Residential,209.0,11.61111111111111,129.0,0.0,18,2025-12-08T10:18:57.190Z
2022-07-06,2022,7,62362043,Pulse1_Total,captis_pulse,BUDERIM,Residential,1518980.0,79946.31578947368,80131.0,79888.0,19,2025-12-08T10:18:57.190Z
2022-07-06,2022,7,62362043,Pulse1,captis_pulse,BUDERIM,Residential,148.0,7.7894736842105265,50.0,0.0,19,2025-12-08T10:18:57.190Z
2022-07-06,2022,7,62362043,DeviceTemperature,captis_pulse,BUDERIM,Residential,34.5,17.25,17.8,16.7,2,2025-12-08T10:18:57.190Z
2022-07-06,2022,7,60563688,DeviceTemperature,captis_pulse,BUDERIM,Residential,17.2,17.2,17.2,17.2,1,2025-12-08T10:18:57.190Z
2022-07-06,2022,7,60449965,DeviceTemperature,captis_pulse,BUDERIM,Residential,24.8,24.8,24.8,24.8,1,2025-12-08T10:18:57.190Z
2022-07-05,2022,7,275819,Pulse1,captis_pulse,BUDERIM,Residential,65.0,1.3265306122448979,18.0,0.0,49,2025-12-08T10:18:57.190Z
2022-07-05,2022,7,37093650,Pulse1,captis_pulse,MOUNTAIN CREEK,Non-Residential,493.0,9.666666666666666,77.0,0.0,51,2025-12-08T10:18:57.190Z
2022-07-05,2022,7,2277,Pulse1,captis_pulse,MAROOCHYDORE,Residential,59.0,1.0925925925925926,20.0,0.0,54,2025-12-08T10:18:57.190Z
2022-07-05,2022,7,275819,DeviceTemperature,captis_pulse,BUDERIM,Residential,14.5,14.5,14.5,14.5,1,2025-12-08T10:18:57.190Z
2022-07-05,2022,7,2277,DeviceTemperature,captis_pulse,MAROOCHYDORE,Residential,42.96,14.32,14.8,13.36,3,2025-12-08T10:18:57.190Z
2022-07-05,2022,7,288542,Pulse1,captis_pulse,KULUIN,Residential,158.0,2.981132075471698,84.0,0.0,53,2025-12-08T10:18:57.190Z
2022-07-05,2022,7,275819,Battery,captis_pulse,BUDERIM,Residential,71.406,23.802000000000003,66.0,1.756,3,2025-12-08T10:18:57.190Z
2022-07-05,2022,7,37093650,DeviceTemperature,captis_pulse,MOUNTAIN CREEK,Non-Residential,35.8,17.9,18.3,17.5,2,2025-12-08T10:18:57.190Z
2022-07-05,2022,7,2277,Battery,captis_pulse,MAROOCHYDORE,Residential,75.78399999999999,25.26133333333333,70.0,2.154,3,2025-12-08T10:18:57.190Z
2022-07-05,2022,7,288542,DeviceTemperature,captis_pulse,KULUIN,Residential,15.8,15.8,15.8,15.8,1,2025-12-08T10:18:57.190Z
2022-07-04,2022,7,37093650,Pulse1,captis_pulse,MOUNTAIN CREEK,Non-Residential,60.0,2.727272727272727,16.0,0.0,22,2025-12-08T10:18:57.190Z
2022-07-04,2022,7,2277,Pulse1,captis_pulse,MAROOCHYDORE,Residential,16.0,0.47058823529411764,6.0,0.0,34,2025-12-08T10:18:57.190Z
2022-07-04,2022,7,61580614,Pulse1_Total,captis_pulse,BUDERIM,Residential,390.0,39.0,39.0,39.0,10,2025-12-08T10:18:57.190Z
2022-07-04,2022,7,61580614,Pulse1,captis_pulse,BUDERIM,Residential,0.0,0.0,0.0,0.0,10,2025-12-08T10:18:57.190Z
2022-07-04,2022,7,288542,Pulse1,captis_pulse,KULUIN,Residential,49.0,2.130434782608696,36.0,0.0,23,2025-12-08T10:18:57.190Z
2022-07-04,2022,7,275819,Pulse1,captis_pulse,BUDERIM,Residential,41.0,1.7083333333333333,9.0,0.0,24,2025-12-08T10:18:57.190Z
2022-07-04,2022,7,275819,DeviceTemperature,captis_pulse,BUDERIM,Residential,22.5,11.25,11.3,11.2,2,2025-12-08T10:18:57.190Z
2022-07-04,2022,7,288542,Battery,captis_pulse,KULUIN,Residential,75.741,25.247,70.0,2.101,3,2025-12-08T10:18:57.190Z
2022-07-04,2022,7,288542,DeviceTemperature,captis_pulse,KULUIN,Residential,24.85,12.425,13.05,11.8,2,2025-12-08T10:18:57.190Z
2022-07-04,2022,7,275819,Battery,captis_pulse,BUDERIM,Residential,71.465,23.82166666666667,66.0,1.815,3,2025-12-08T10:18:57.190Z
2022-07-04,2022,7,2277,DeviceTemperature,captis_pulse,MAROOCHYDORE,Residential,11.3,11.3,11.3,11.3,1,2025-12-08T10:18:57.190Z
2022-07-04,2022,7,37093650,DeviceTemperature,captis_pulse,MOUNTAIN CREEK,Non-Residential,18.06,18.06,18.06,18.06,1,2025-12-08T10:18:57.190Z
2022-07-04,2022,7,2277,Battery,captis_pulse,MAROOCHYDORE,Residential,74.566,24.855333333333334,69.0,1.936,3,2025-12-08T10:18:57.190Z
2022-07-04,2022,7,61580614,DeviceTemperature,captis_pulse,BUDERIM,Residential,12.3,12.3,12.3,12.3,1,2025-12-08T10:18:57.190Z
2022-07-06,2022,7,275819,Pulse1,captis_pulse,BUDERIM,Residential,275.0,17.1875,227.0,0.0,16,2025-12-08T10:18:57.190Z
2022-07-06,2022,7,37093650,Pulse1,captis_pulse,MOUNTAIN CREEK,Non-Residential,123.0,8.2,41.0,0.0,15,2025-12-08T10:18:57.190Z
2022-07-06,2022,7,2277,Pulse1,captis_pulse,MAROOCHYDORE,Residential,30.0,2.0,16.0,0.0,15,2025-12-08T10:18:57.190Z
2022-07-06,2022,7,2277,DeviceTemperature,captis_pulse,MAROOCHYDORE,Residential,33.4,33.4,33.4,33.4,1,2025-12-08T10:18:57.190Z
2022-07-06,2022,7,288542,Pulse1,captis_pulse,KULUIN,Residential,137.0,7.611111111111111,47.0,0.0,18,2025-12-08T10:18:57.190Z
2022-07-06,2022,7,275819,DeviceTemperature,captis_pulse,BUDERIM,Residential,33.8,33.8,33.8,33.8,1,2025-12-08T10:18:57.190Z
2022-07-05,2022,7,61280482,Pulse1,captis_pulse,BUDERIM,Residential,571.0,12.977272727272727,109.0,0.0,44,2025-12-08T10:18:57.190Z
2022-07-05,2022,7,46056632,Pulse1,captis_pulse,MAROOCHYDORE,Residential,1850.0,31.35593220338983,170.0,0.0,59,2025-12-08T10:18:57.190Z
2022-07-05,2022,7,81963606,Pulse1,captis_pulse,KULUIN,Residential,123.0,5.857142857142857,81.0,0.0,21,2025-12-08T10:18:57.190Z
2022-07-05,2022,7,46056632,DeviceTemperature,captis_pulse,MAROOCHYDORE,Residential,27.27,13.635,14.0,13.27,2,2025-12-08T10:18:57.190Z
2022-07-05,2022,7,46056632,Battery,captis_pulse,MAROOCHYDORE,Residential,74.07600000000001,24.692000000000004,68.0,2.436,3,2025-12-08T10:18:57.190Z
2022-07-05,2022,7,81963606,Battery,captis_pulse,KULUIN,Residential,52.65,26.325,49.0,3.65,2,2025-12-08T10:18:57.190Z
2022-07-05,2022,7,81963606,DeviceTemperature,captis_pulse,KULUIN,Residential,18.01,18.01,18.01,18.01,1,2025-12-08T10:18:57.190Z
2022-07-04,2022,7,81963606,Pulse1,captis_pulse,KULUIN,Residential,360.0,14.4,92.0,0.0,25,2025-12-08T10:18:57.190Z
2022-07-04,2022,7,61280482,Pulse1,captis_pulse,BUDERIM,Residential,74.0,3.0833333333333335,44.0,0.0,24,2025-12-08T10:18:57.190Z
2022-07-04,2022,7,46056632,Pulse1,captis_pulse,MAROOCHYDORE,Residential,540.0,23.47826086956522,110.0,0.0,23,2025-12-08T10:18:57.190Z
2022-07-04,2022,7,61280482,Battery,captis_pulse,BUDERIM,Residential,3.63,3.63,3.63,3.63,1,2025-12-08T10:18:57.190Z
2022-07-04,2022,7,46056632,DeviceTemperature,captis_pulse,MAROOCHYDORE,Residential,25.09,12.545,13.19,11.9,2,2025-12-08T10:18:57.190Z
2022-07-04,2022,7,81963606,DeviceTemperature,captis_pulse,KULUIN,Residential,17.5,17.5,17.5,17.5,1,2025-12-08T10:18:57.190Z
2022-07-06,2022,7,46056632,Pulse1,captis_pulse,MAROOCHYDORE,Residential,620.0,47.69230769230769,100.0,10.0,13,2025-12-08T10:18:57.190Z
2022-07-06,2022,7,46056632,DeviceTemperature,captis_pulse,MAROOCHYDORE,Residential,19.8,19.8,19.8,19.8,1,2025-12-08T10:18:57.190Z
2022-07-06,2022,7,81963606,Pulse1,captis_pulse,KULUIN,Residential,4.0,4.0,4.0,4.0,1,2025-12-08T10:18:57.190Z
2022-07-05,2022,7,421,Pulse1,captis_pulse,MAROOCHYDORE,Residential,162.0,3.24,42.0,0.0,50,2025-12-08T10:18:57.190Z
2022-07-05,2022,7,76298,Pulse1,captis_pulse,BUDERIM,Residential,279.0,4.5,45.0,1.0,62,2025-12-08T10:18:57.190Z
2022-07-05,2022,7,63067285,Pulse1,captis_pulse,BUDERIM,Residential,39.0,0.78,3.0,0.0,50,2025-12-08T10:18:57.190Z
2022-07-05,2022,7,314767,Pulse1,captis_pulse,BUDERIM,Residential,291.0,5.82,77.0,0.0,50,2025-12-08T10:18:57.190Z
2022-07-05,2022,7,46057473,Pulse1,captis_pulse,MAROOCHYDORE,Non-Residential,2790.0,47.28813559322034,720.0,0.0,59,2025-12-08T10:18:57.190Z
2022-07-05,2022,7,76298,DeviceTemperature,captis_pulse,BUDERIM,Residential,35.25,17.625,18.0,17.25,2,2025-12-08T10:18:57.190Z
2022-07-05,2022,7,63067285,DeviceTemperature,captis_pulse,BUDERIM,Residential,24.119999999999997,12.059999999999999,12.5,11.62,2,2025-12-08T10:18:57.190Z
2022-07-05,2022,7,421,Battery,captis_pulse,MAROOCHYDORE,Residential,73.63,36.815,70.0,3.63,2,2025-12-08T10:18:57.190Z
2022-07-05,2022,7,421,DeviceTemperature,captis_pulse,MAROOCHYDORE,Residential,28.54,14.27,14.7,13.84,2,2025-12-08T10:18:57.190Z
2022-07-05,2022,7,46057473,Battery,captis_pulse,MAROOCHYDORE,Non-Residential,71.316,23.772000000000002,66.0,1.666,3,2025-12-08T10:18:57.190Z
2022-07-05,2022,7,46057473,DeviceTemperature,captis_pulse,MAROOCHYDORE,Non-Residential,29.42,14.71,15.4,14.02,2,2025-12-08T10:18:57.190Z
2022-07-05,2022,7,63067285,Battery,captis_pulse,BUDERIM,Residential,3.64,3.64,3.64,3.64,1,2025-12-08T10:18:57.190Z
2022-07-05,2022,7,314767,Battery,captis_pulse,BUDERIM,Residential,72.464,24.154666666666667,67.0,1.834,3,2025-12-08T10:18:57.190Z
2022-07-05,2022,7,314767,DeviceTemperature,captis_pulse,BUDERIM,Residential,27.810000000000002,13.905000000000001,14.6,13.21,2,2025-12-08T10:18:57.190Z
2022-07-05,2022,7,76298,Battery,captis_pulse,BUDERIM,Residential,78.089,26.029666666666667,72.0,2.459,3,2025-12-08T10:18:57.190Z
2022-07-04,2022,7,421,Pulse1,captis_pulse,MAROOCHYDORE,Residential,19.0,0.95,12.0,0.0,20,2025-12-08T10:18:57.190Z
2022-07-04,2022,7,76298,Pulse1,captis_pulse,BUDERIM,Residential,51.0,2.4285714285714284,8.0,1.0,21,2025-12-08T10:18:57.190Z
2022-07-04,2022,7,63067285,Pulse1,captis_pulse,BUDERIM,Residential,30.0,1.3636363636363635,14.0,0.0,22,2025-12-08T10:18:57.190Z
2022-07-04,2022,7,314767,Pulse1,captis_pulse,BUDERIM,Residential,174.0,5.4375,101.0,0.0,32,2025-12-08T10:18:57.190Z
2022-07-04,2022,7,46057473,Pulse1,captis_pulse,MAROOCHYDORE,Non-Residential,330.0,15.0,60.0,0.0,22,2025-12-08T10:18:57.190Z
2022-07-04,2022,7,421,DeviceTemperature,captis_pulse,MAROOCHYDORE,Residential,37.23,12.409999999999998,13.43,11.9,3,2025-12-08T10:18:57.190Z
2022-07-04,2022,7,63067285,DeviceTemperature,captis_pulse,BUDERIM,Residential,10.5,10.5,10.5,10.5,1,2025-12-08T10:18:57.190Z
2022-07-04,2022,7,46057473,DeviceTemperature,captis_pulse,MAROOCHYDORE,Non-Residential,26.39,13.195,13.79,12.6,2,2025-12-08T10:18:57.190Z
2022-07-04,2022,7,421,Battery,captis_pulse,MAROOCHYDORE,Residential,76.63,38.315,73.0,3.63,2,2025-12-08T10:18:57.190Z
2022-07-04,2022,7,46057473,Battery,captis_pulse,MAROOCHYDORE,Non-Residential,73.322,24.44066666666667,68.0,1.682,3,2025-12-08T10:18:57.190Z
2022-07-04,2022,7,76298,Battery,captis_pulse,BUDERIM,Residential,75.835,25.278333333333332,70.0,2.205,3,2025-12-08T10:18:57.190Z
2022-07-04,2022,7,314767,DeviceTemperature,captis_pulse,BUDERIM,Residential,11.9,11.9,11.9,11.9,1,2025-12-08T10:18:57.190Z
2022-07-04,2022,7,76298,DeviceTemperature,captis_pulse,BUDERIM,Residential,16.7,16.7,16.7,16.7,1,2025-12-08T10:18:57.190Z
2022-07-06,2022,7,421,Pulse1,captis_pulse,MAROOCHYDORE,Residential,8.0,0.5333333333333333,8.0,0.0,15,2025-12-08T10:18:57.190Z
2022-07-06,2022,7,76298,Pulse1,captis_pulse,BUDERIM,Residential,51.0,3.4,20.0,1.0,15,2025-12-08T10:18:57.190Z
2022-07-06,2022,7,314767,Pulse1,captis_pulse,BUDERIM,Residential,64.0,4.266666666666667,22.0,0.0,15,2025-12-08T10:18:57.190Z
2022-07-06,2022,7,63067285,Pulse1,captis_pulse,BUDERIM,Residential,7.0,0.4666666666666667,2.0,0.0,15,2025-12-08T10:18:57.190Z
2022-07-06,2022,7,46057473,Pulse1,captis_pulse,MAROOCHYDORE,Non-Residential,550.0,32.35294117647059,70.0,0.0,17,2025-12-08T10:18:57.190Z
2022-07-06,2022,7,314767,DeviceTemperature,captis_pulse,BUDERIM,Residential,31.0,31.0,31.0,31.0,1,2025-12-08T10:18:57.190Z
2022-07-06,2022,7,63067285,DeviceTemperature,captis_pulse,BUDERIM,Residential,17.8,17.8,17.8,17.8,1,2025-12-08T10:18:57.190Z
2022-07-06,2022,7,421,DeviceTemperature,captis_pulse,MAROOCHYDORE,Residential,31.5,31.5,31.5,31.5,1,2025-12-08T10:18:57.190Z
2022-07-06,2022,7,76298,DeviceTemperature,captis_pulse,BUDERIM,Residential,23.1,23.1,23.1,23.1,1,2025-12-08T10:18:57.190Z
2022-07-06,2022,7,46057473,DeviceTemperature,captis_pulse,MAROOCHYDORE,Non-Residential,30.8,30.8,30.8,30.8,1,2025-12-08T10:18:57.190Z
2022-07-05,2022,7,60380115,Pulse1_Total,captis_pulse,BUDERIM,Residential,4084169.0,83350.38775510204,83580.0,83128.0,49,2025-12-08T10:18:57.190Z
2022-07-05,2022,7,60380115,Pulse1,captis_pulse,BUDERIM,Residential,329.0,6.714285714285714,116.0,0.0,49,2025-12-08T10:18:57.190Z
2022-07-05,2022,7,10299354,Pulse1_Total,captis_pulse,BUDERIM,Residential,1560.0,30.0,30.0,30.0,52,2025-12-08T10:18:57.190Z
2022-07-05,2022,7,10299354,Pulse1,captis_pulse,BUDERIM,Residential,0.0,0.0,0.0,0.0,52,2025-12-08T10:18:57.190Z
2022-07-05,2022,7,334680,Pulse1,captis_pulse,BUDERIM,Residential,98.0,1.8148148148148149,66.0,0.0,54,2025-12-08T10:18:57.190Z
2022-07-05,2022,7,333896,Pulse1,captis_pulse,BUDERIM,Residential,233.0,4.017241379310345,58.0,0.0,58,2025-12-08T10:18:57.190Z
2022-07-05,2022,7,81968489,Pulse1,captis_pulse,MAROOCHYDORE,Residential,195.0,6.964285714285714,50.0,0.0,28,2025-12-08T10:18:57.190Z
2022-07-05,2022,7,71891,Pulse1,captis_pulse,BUDERIM,Residential,0.0,0.0,0.0,0.0,18,2025-12-08T10:18:57.190Z
2022-07-05,2022,7,60380115,Battery,captis_pulse,BUDERIM,Residential,78.03699999999999,26.01233333333333,68.0,3.63,3,2025-12-08T10:18:57.190Z
2022-07-05,2022,7,60380115,DeviceTemperature,captis_pulse,BUDERIM,Residential,29.240000000000002,14.620000000000001,14.9,14.34,2,2025-12-08T10:18:57.190Z
2022-07-05,2022,7,10299354,DeviceTemperature,captis_pulse,BUDERIM,Residential,30.92,15.46,15.7,15.22,2,2025-12-08T10:18:57.190Z
2022-07-05,2022,7,71891,Battery,captis_pulse,BUDERIM,Residential,1.685,1.685,1.685,1.685,1,2025-12-08T10:18:57.190Z
2022-07-05,2022,7,10299354,Battery,captis_pulse,BUDERIM,Residential,71.229,23.743,66.0,1.599,3,2025-12-08T10:18:57.190Z
2022-07-05,2022,7,334680,Battery,captis_pulse,BUDERIM,Residential,76.377,25.459,71.0,1.777,3,2025-12-08T10:18:57.190Z
2022-07-05,2022,7,333896,Battery,captis_pulse,BUDERIM,Residential,44.878,14.959333333333333,39.0,2.248,3,2025-12-08T10:18:57.190Z
2022-07-05,2022,7,81968489,DeviceTemperature,captis_pulse,MAROOCHYDORE,Residential,27.689999999999998,13.844999999999999,14.6,13.09,2,2025-12-08T10:18:57.190Z
2022-07-05,2022,7,81968489,Battery,captis_pulse,MAROOCHYDORE,Residential,71.65,35.825,68.0,3.65,2,2025-12-08T10:18:57.190Z
2022-07-05,2022,7,333896,DeviceTemperature,captis_pulse,BUDERIM,Residential,14.6,14.6,14.6,14.6,1,2025-12-08T10:18:57.190Z
2022-07-05,2022,7,334680,DeviceTemperature,captis_pulse,BUDERIM,Residential,14.5,14.5,14.5,14.5,1,2025-12-08T10:18:57.190Z
2022-07-04,2022,7,81968489,Pulse1,captis_pulse,MAROOCHYDORE,Residential,285.0,11.4,80.0,0.0,25,2025-12-08T10:18:57.190Z
2022-07-04,2022,7,60380115,Pulse1_Total,captis_pulse,BUDERIM,Residential,1824018.0,82909.90909090909,83051.0,82884.0,22,2025-12-08T10:18:57.190Z
2022-07-04,2022,7,60380115,Pulse1,captis_pulse,BUDERIM,Residential,147.0,6.681818181818182,88.0,0.0,22,2025-12-08T10:18:57.190Z
2022-07-04,2022,7,10299354,Pulse1_Total,captis_pulse,BUDERIM,Residential,660.0,30.0,30.0,30.0,22,2025-12-08T10:18:57.190Z
2022-07-04,2022,7,10299354,Pulse1,captis_pulse,BUDERIM,Residential,0.0,0.0,0.0,0.0,22,2025-12-08T10:18:57.190Z
2022-07-04,2022,7,71891,Pulse1,captis_pulse,BUDERIM,Residential,0.0,0.0,0.0,0.0,10,2025-12-08T10:18:57.190Z
2022-07-04,2022,7,334680,Pulse1,captis_pulse,BUDERIM,Residential,0.0,0.0,0.0,0.0,24,2025-12-08T10:18:57.190Z
2022-07-04,2022,7,333896,Pulse1,captis_pulse,BUDERIM,Residential,83.0,3.4583333333333335,37.0,0.0,24,2025-12-08T10:18:57.190Z
2022-07-04,2022,7,334680,DeviceTemperature,captis_pulse,BUDERIM,Residential,13.23,13.23,13.23,13.23,1,2025-12-08T10:18:57.190Z
2022-07-04,2022,7,333896,DeviceTemperature,captis_pulse,BUDERIM,Residential,24.189999999999998,12.094999999999999,12.99,11.2,2,2025-12-08T10:18:57.190Z
2022-07-04,2022,7,60380115,DeviceTemperature,captis_pulse,BUDERIM,Residential,28.26,14.13,14.96,13.3,2,2025-12-08T10:18:57.190Z
2022-07-04,2022,7,60380115,Battery,captis_pulse,BUDERIM,Residential,79.67699999999999,26.558999999999997,68.0,3.63,3,2025-12-08T10:18:57.190Z
2022-07-04,2022,7,81968489,DeviceTemperature,captis_pulse,MAROOCHYDORE,Residential,11.8,11.8,11.8,11.8,1,2025-12-08T10:18:57.190Z
2022-07-04,2022,7,10299354,Battery,captis_pulse,BUDERIM,Residential,68.61699999999999,22.87233333333333,63.0,1.987,3,2025-12-08T10:18:57.190Z
2022-07-04,2022,7,71891,Battery,captis_pulse,BUDERIM,Residential,65.63,32.815,62.0,3.63,2,2025-12-08T10:18:57.190Z
2022-07-06,2022,7,60380115,Pulse1_Total,captis_pulse,BUDERIM,Residential,1341117.0,83819.8125,83889.0,83751.0,16,2025-12-08T10:18:57.190Z
2022-07-06,2022,7,60380115,Pulse1,captis_pulse,BUDERIM,Residential,49.0,3.0625,15.0,0.0,16,2025-12-08T10:18:57.190Z
2022-07-06,2022,7,10299354,Pulse1_Total,captis_pulse,BUDERIM,Residential,420.0,30.0,30.0,30.0,14,2025-12-08T10:18:57.190Z
2022-07-06,2022,7,10299354,Pulse1,captis_pulse,BUDERIM,Residential,0.0,0.0,0.0,0.0,15,2025-12-08T10:18:57.190Z
2022-07-06,2022,7,71891,Pulse1,captis_pulse,BUDERIM,Residential,0.0,0.0,0.0,0.0,13,2025-12-08T10:18:57.190Z
2022-07-06,2022,7,334680,Pulse1,captis_pulse,BUDERIM,Residential,152.0,8.444444444444445,62.0,0.0,18,2025-12-08T10:18:57.190Z
2022-07-06,2022,7,333896,Pulse1,captis_pulse,BUDERIM,Residential,165.0,9.166666666666666,63.0,0.0,18,2025-12-08T10:18:57.190Z
2022-07-06,2022,7,81968489,Pulse1,captis_pulse,MAROOCHYDORE,Residential,5.0,1.6666666666666667,5.0,0.0,3,2025-12-08T10:18:57.190Z
2022-07-06,2022,7,60380115,DeviceTemperature,captis_pulse,BUDERIM,Residential,19.4,19.4,19.4,19.4,1,2025-12-08T10:18:57.190Z
2022-07-06,2022,7,334680,DeviceTemperature,captis_pulse,BUDERIM,Residential,27.0,27.0,27.0,27.0,1,2025-12-08T10:18:57.190Z
2022-07-06,2022,7,81968489,Battery,captis_pulse,MAROOCHYDORE,Residential,72.64,36.32,69.0,3.64,2,2025-12-08T10:18:57.190Z
2022-07-06,2022,7,81968489,DeviceTemperature,captis_pulse,MAROOCHYDORE,Residential,33.07,16.535,18.5,14.57,2,2025-12-08T10:18:57.190Z
2022-07-04,2022,7,10299354,DeviceTemperature,captis_pulse,BUDERIM,Residential,14.1,14.1,14.1,14.1,1,2025-12-08T10:18:57.190Z
2022-07-05,2022,7,13283,Pulse1,captis_pulse,BUDERIM,Residential,211.0,4.3061224489795915,36.0,0.0,49,2025-12-08T10:18:57.190Z
2022-07-05,2022,7,62362145,Pulse1_Total,captis_pulse,BUDERIM,Residential,2749297.0,45070.44262295082,45190.0,44925.0,61,2025-12-08T10:18:57.190Z
2022-07-05,2022,7,62362145,Pulse1,captis_pulse,BUDERIM,Residential,168.0,2.8,26.0,0.0,60,2025-12-08T10:18:57.190Z
2022-07-05,2022,7,65087778,Pulse1,captis_pulse,BUDERIM,Non-Residential,8830.0,169.80769230769232,3880.0,0.0,52,2025-12-08T10:18:57.190Z
2022-07-05,2022,7,46056720,Pulse1,captis_pulse,MAROOCHYDORE,Non-Residential,480.0,9.23076923076923,30.0,0.0,52,2025-12-08T10:18:57.190Z
2022-07-05,2022,7,46056338,Pulse1,captis_pulse,GRIFFIN,Non-Residential,10770.0,203.20754716981133,3280.0,60.0,53,2025-12-08T10:18:57.190Z
2022-07-05,2022,7,65087778,DeviceTemperature,captis_pulse,BUDERIM,Non-Residential,12.9,12.9,12.9,12.9,1,2025-12-08T10:18:57.190Z
2022-07-05,2022,7,46056338,DeviceTemperature,captis_pulse,GRIFFIN,Non-Residential,15.9,15.9,15.9,15.9,1,2025-12-08T10:18:57.190Z
2022-07-05,2022,7,62362145,DeviceTemperature,captis_pulse,BUDERIM,Residential,28.119999999999997,14.059999999999999,14.5,13.62,2,2025-12-08T10:18:57.190Z
2022-07-05,2022,7,65087778,Battery,captis_pulse,BUDERIM,Non-Residential,72.731,24.243666666666666,67.0,2.091,3,2025-12-08T10:18:57.190Z
2022-07-05,2022,7,62362145,Battery,captis_pulse,BUDERIM,Residential,72.458,24.152666666666665,67.0,1.818,3,2025-12-08T10:18:57.190Z
2022-07-05,2022,7,13283,DeviceTemperature,captis_pulse,BUDERIM,Residential,16.2,16.2,16.2,16.2,1,2025-12-08T10:18:57.190Z
2022-07-05,2022,7,46056720,DeviceTemperature,captis_pulse,MAROOCHYDORE,Non-Residential,15.2,15.2,15.2,15.2,1,2025-12-08T10:18:57.190Z
2022-07-04,2022,7,46056338,Pulse1,captis_pulse,GRIFFIN,Non-Residential,18190.0,627.2413793103449,3290.0,70.0,29,2025-12-08T10:18:57.190Z
2022-07-04,2022,7,13283,Pulse1,captis_pulse,BUDERIM,Residential,42.0,1.9090909090909092,13.0,0.0,22,2025-12-08T10:18:57.190Z
2022-07-04,2022,7,62362145,Pulse1_Total,captis_pulse,BUDERIM,Residential,987156.0,44870.72727272727,44921.0,44845.0,22,2025-12-08T10:18:57.190Z
2022-07-04,2022,7,62362145,Pulse1,captis_pulse,BUDERIM,Residential,48.0,2.1818181818181817,10.0,1.0,22,2025-12-08T10:18:57.190Z
2022-07-04,2022,7,65087778,Pulse1,captis_pulse,BUDERIM,Non-Residential,500.0,21.73913043478261,210.0,0.0,23,2025-12-08T10:18:57.190Z
2022-07-04,2022,7,62366197,Pulse1_Total,captis_pulse,BUDERIM,Residential,179100.0,19900.0,19900.0,19900.0,9,2025-12-08T10:18:57.190Z
2022-07-04,2022,7,62366197,Pulse1,captis_pulse,BUDERIM,Residential,0.0,0.0,0.0,0.0,9,2025-12-08T10:18:57.190Z
2022-07-04,2022,7,46056720,Pulse1,captis_pulse,MAROOCHYDORE,Non-Residential,140.0,5.833333333333333,70.0,0.0,24,2025-12-08T10:18:57.190Z
2022-07-04,2022,7,46056338,Battery,captis_pulse,GRIFFIN,Non-Residential,73.283,24.427666666666667,68.0,1.643,3,2025-12-08T10:18:57.190Z
2022-07-04,2022,7,62366197,DeviceTemperature,captis_pulse,BUDERIM,Residential,10.9,10.9,10.9,10.9,1,2025-12-08T10:18:57.190Z
2022-07-04,2022,7,46056338,DeviceTemperature,captis_pulse,GRIFFIN,Non-Residential,26.7,13.35,14.2,12.5,2,2025-12-08T10:18:57.190Z
2022-07-04,2022,7,62362145,DeviceTemperature,captis_pulse,BUDERIM,Residential,12.2,12.2,12.2,12.2,1,2025-12-08T10:18:57.190Z
2022-07-04,2022,7,62362145,Battery,captis_pulse,BUDERIM,Residential,70.376,23.45866666666667,65.0,1.736,3,2025-12-08T10:18:57.190Z
2022-07-04,2022,7,13283,DeviceTemperature,captis_pulse,BUDERIM,Residential,13.4,13.4,13.4,13.4,1,2025-12-08T10:18:57.190Z
2022-07-04,2022,7,46056720,DeviceTemperature,captis_pulse,MAROOCHYDORE,Non-Residential,12.5,12.5,12.5,12.5,1,2025-12-08T10:18:57.190Z
2022-07-06,2022,7,13283,Pulse1,captis_pulse,BUDERIM,Residential,172.0,10.75,62.0,0.0,16,2025-12-08T10:18:57.190Z
2022-07-06,2022,7,62362145,Pulse1_Total,captis_pulse,BUDERIM,Residential,679616.0,45307.73333333333,45415.0,45217.0,15,2025-12-08T10:18:57.190Z
2022-07-06,2022,7,62362145,Pulse1,captis_pulse,BUDERIM,Residential,69.0,4.6,17.0,0.0,15,2025-12-08T10:18:57.190Z
2022-07-06,2022,7,65087778,Pulse1,captis_pulse,BUDERIM,Non-Residential,2630.0,175.33333333333334,2290.0,0.0,15,2025-12-08T10:18:57.190Z
2022-07-06,2022,7,46056720,Pulse1,captis_pulse,MAROOCHYDORE,Non-Residential,260.0,14.444444444444445,30.0,0.0,18,2025-12-08T10:18:57.190Z
2022-07-06,2022,7,46056338,Pulse1,captis_pulse,GRIFFIN,Non-Residential,1440.0,80.0,90.0,70.0,18,2025-12-08T10:18:57.190Z
2022-07-06,2022,7,13283,DeviceTemperature,captis_pulse,BUDERIM,Residential,30.6,30.6,30.6,30.6,1,2025-12-08T10:18:57.190Z
2022-07-06,2022,7,46056720,DeviceTemperature,captis_pulse,MAROOCHYDORE,Non-Residential,30.2,30.2,30.2,30.2,1,2025-12-08T10:18:57.190Z
2022-07-06,2022,7,65087778,DeviceTemperature,captis_pulse,BUDERIM,Non-Residential,18.3,18.3,18.3,18.3,1,2025-12-08T10:18:57.190Z
2022-07-05,2022,7,66208682,Pulse1_Total,captis_pulse,BUDERIM,Residential,1130271.0,22605.42,22639.0,22557.0,50,2025-12-08T10:18:57.190Z
2022-07-05,2022,7,66208682,Pulse1,captis_pulse,BUDERIM,Residential,45.0,0.9,16.0,0.0,50,2025-12-08T10:18:57.190Z
2022-07-05,2022,7,299418,Pulse1,captis_pulse,BUDERIM,Residential,85.0,1.7,29.0,0.0,50,2025-12-08T10:18:57.190Z
2022-07-05,2022,7,65090110,Pulse1,captis_pulse,BUDERIM,Residential,5220.0,104.4,330.0,0.0,50,2025-12-08T10:18:57.190Z
2022-07-05,2022,7,66208682,DeviceTemperature,captis_pulse,BUDERIM,Residential,27.259999999999998,13.629999999999999,14.0,13.26,2,2025-12-08T10:18:57.190Z
2022-07-05,2022,7,299418,DeviceTemperature,captis_pulse,BUDERIM,Residential,28.23,14.115,14.4,13.83,2,2025-12-08T10:18:57.190Z
2022-07-05,2022,7,65090110,Battery,captis_pulse,BUDERIM,Residential,76.704,25.567999999999998,71.0,2.064,3,2025-12-08T10:18:57.190Z
2022-07-04,2022,7,66208682,Pulse1_Total,captis_pulse,BUDERIM,Residential,518510.0,22543.91304347826,22546.0,22543.0,23,2025-12-08T10:18:57.190Z
2022-07-04,2022,7,66208682,Pulse1,captis_pulse,BUDERIM,Residential,2.0,0.08695652173913043,1.0,0.0,23,2025-12-08T10:18:57.190Z
2022-07-04,2022,7,299418,Pulse1,captis_pulse,BUDERIM,Residential,1.0,0.047619047619047616,1.0,0.0,21,2025-12-08T10:18:57.190Z
2022-07-04,2022,7,65090110,Pulse1,captis_pulse,BUDERIM,Residential,1430.0,38.648648648648646,150.0,0.0,37,2025-12-08T10:18:57.190Z
2022-07-04,2022,7,66208682,DeviceTemperature,captis_pulse,BUDERIM,Residential,35.98,11.993333333333332,12.78,11.5,3,2025-12-08T10:18:57.190Z
2022-07-04,2022,7,299418,DeviceTemperature,captis_pulse,BUDERIM,Residential,37.8,12.6,13.6,12.1,3,2025-12-08T10:18:57.190Z
2022-07-06,2022,7,66208682,Pulse1_Total,captis_pulse,BUDERIM,Residential,339909.0,22660.6,22679.0,22643.0,15,2025-12-08T10:18:57.190Z
2022-07-06,2022,7,66208682,Pulse1,captis_pulse,BUDERIM,Residential,12.0,0.8,8.0,0.0,15,2025-12-08T10:18:57.190Z
2022-07-06,2022,7,299418,Pulse1,captis_pulse,BUDERIM,Residential,39.0,2.6,38.0,0.0,15,2025-12-08T10:18:57.190Z
2022-07-06,2022,7,299418,DeviceTemperature,captis_pulse,BUDERIM,Residential,23.2,23.2,23.2,23.2,1,2025-12-08T10:18:57.190Z
2022-07-06,2022,7,65090110,Pulse1,captis_pulse,BUDERIM,Residential,1880.0,134.28571428571428,300.0,30.0,14,2025-12-08T10:18:57.190Z
2022-07-06,2022,7,65090110,DeviceTemperature,captis_pulse,BUDERIM,Residential,18.8,18.8,18.8,18.8,1,2025-12-08T10:18:57.190Z
2022-07-06,2022,7,66208682,DeviceTemperature,captis_pulse,BUDERIM,Residential,20.4,20.4,20.4,20.4,1,2025-12-08T10:18:57.190Z
2022-07-05,2022,7,1276270,Pulse1,captis_pulse,MAROOCHYDORE,Residential,0.0,0.0,0.0,0.0,49,2025-12-08T10:18:57.190Z
2022-07-05,2022,7,61182091,Pulse1_Total,captis_pulse,BUDERIM,Residential,1568.0,32.0,32.0,32.0,49,2025-12-08T10:18:57.190Z
2022-07-05,2022,7,61182091,Pulse1,captis_pulse,BUDERIM,Residential,0.0,0.0,0.0,0.0,49,2025-12-08T10:18:57.190Z
2022-07-05,2022,7,61208127,Pulse1_Total,captis_pulse,BUDERIM,Residential,1166.0,22.0,22.0,22.0,53,2025-12-08T10:18:57.190Z
2022-07-05,2022,7,61208127,Pulse1,captis_pulse,BUDERIM,Residential,0.0,0.0,0.0,0.0,54,2025-12-08T10:18:57.190Z
2022-07-05,2022,7,1276270,DeviceTemperature,captis_pulse,MAROOCHYDORE,Residential,34.64,17.32,17.7,16.94,2,2025-12-08T10:18:57.190Z
2022-07-05,2022,7,81970558,Pulse1,captis_pulse,MAROOCHYDORE,Non-Residential,240.0,15.0,60.0,0.0,16,2025-12-08T10:18:57.190Z
2022-07-05,2022,7,1276270,Battery,captis_pulse,MAROOCHYDORE,Residential,74.61,24.87,68.0,2.99,3,2025-12-08T10:18:57.190Z
2022-07-05,2022,7,61182091,Battery,captis_pulse,BUDERIM,Residential,75.59299999999999,25.197666666666663,70.0,1.963,3,2025-12-08T10:18:57.190Z
2022-07-05,2022,7,61182091,DeviceTemperature,captis_pulse,BUDERIM,Residential,28.46,14.23,14.6,13.86,2,2025-12-08T10:18:57.190Z
2022-07-05,2022,7,61208127,DeviceTemperature,captis_pulse,BUDERIM,Residential,13.69,13.69,13.69,13.69,1,2025-12-08T10:18:57.190Z
2022-07-04,2022,7,81970558,Pulse1,captis_pulse,MAROOCHYDORE,Non-Residential,1330.0,73.88888888888889,870.0,0.0,18,2025-12-08T10:18:57.190Z
2022-07-04,2022,7,1276270,Pulse1,captis_pulse,MAROOCHYDORE,Residential,0.0,0.0,0.0,0.0,21,2025-12-08T10:18:57.190Z
2022-07-04,2022,7,61182091,Pulse1_Total,captis_pulse,BUDERIM,Residential,704.0,32.0,32.0,32.0,22,2025-12-08T10:18:57.190Z
2022-07-04,2022,7,61182091,Pulse1,captis_pulse,BUDERIM,Residential,0.0,0.0,0.0,0.0,22,2025-12-08T10:18:57.190Z
2022-07-04,2022,7,61208127,Pulse1_Total,captis_pulse,BUDERIM,Residential,506.0,22.0,22.0,22.0,23,2025-12-08T10:18:57.190Z
2022-07-04,2022,7,61208127,Pulse1,captis_pulse,BUDERIM,Residential,0.0,0.0,0.0,0.0,23,2025-12-08T10:18:57.190Z
2022-07-04,2022,7,61208127,DeviceTemperature,captis_pulse,BUDERIM,Residential,13.45,13.45,13.45,13.45,1,2025-12-08T10:18:57.190Z
2022-07-04,2022,7,1276270,DeviceTemperature,captis_pulse,MAROOCHYDORE,Residential,50.24,16.746666666666666,17.44,16.4,3,2025-12-08T10:18:57.190Z
2022-07-04,2022,7,1276270,Battery,captis_pulse,MAROOCHYDORE,Residential,81.399,27.133,74.0,3.63,3,2025-12-08T10:18:57.190Z
2022-07-04,2022,7,61182091,DeviceTemperature,captis_pulse,BUDERIM,Residential,37.51,12.503333333333332,13.31,12.1,3,2025-12-08T10:18:57.190Z
2022-07-04,2022,7,61182091,Battery,captis_pulse,BUDERIM,Residential,74.466,24.822,69.0,1.826,3,2025-12-08T10:18:57.190Z
2022-07-04,2022,7,81970558,Battery,captis_pulse,MAROOCHYDORE,Non-Residential,73.64,36.82,70.0,3.64,2,2025-12-08T10:18:57.190Z
2022-07-04,2022,7,81970558,DeviceTemperature,captis_pulse,MAROOCHYDORE,Non-Residential,12.85,12.85,12.85,12.85,1,2025-12-08T10:18:57.190Z
2022-07-04,2022,7,61208127,Battery,captis_pulse,BUDERIM,Residential,75.556,25.185333333333332,70.0,1.916,3,2025-12-08T10:18:57.190Z
2022-07-06,2022,7,1276270,Pulse1,captis_pulse,MAROOCHYDORE,Residential,0.0,0.0,0.0,0.0,15,2025-12-08T10:18:57.190Z
2022-07-06,2022,7,61182091,Pulse1_Total,captis_pulse,BUDERIM,Residential,480.0,32.0,32.0,32.0,15,2025-12-08T10:18:57.190Z
2022-07-06,2022,7,61182091,Pulse1,captis_pulse,BUDERIM,Residential,0.0,0.0,0.0,0.0,15,2025-12-08T10:18:57.190Z
2022-07-06,2022,7,61208127,Pulse1_Total,captis_pulse,BUDERIM,Residential,396.0,22.0,22.0,22.0,18,2025-12-08T10:18:57.190Z
2022-07-06,2022,7,61208127,Pulse1,captis_pulse,BUDERIM,Residential,0.0,0.0,0.0,0.0,18,2025-12-08T10:18:57.190Z
2022-07-06,2022,7,1276270,DeviceTemperature,captis_pulse,MAROOCHYDORE,Residential,22.4,22.4,22.4,22.4,1,2025-12-08T10:18:57.190Z
2022-07-05,2022,7,60223976,Pulse1,captis_pulse,BUDERIM,Residential,212.0,3.8545454545454545,10.0,3.0,55,2025-12-08T10:18:57.190Z
2022-07-05,2022,7,60223976,DeviceTemperature,captis_pulse,BUDERIM,Residential,25.3,12.65,12.9,12.4,2,2025-12-08T10:18:57.190Z
2022-07-04,2022,7,60223976,Pulse1,captis_pulse,BUDERIM,Residential,104.0,4.16,9.0,3.0,25,2025-12-08T10:18:57.190Z
2022-07-04,2022,7,307054,Pulse1,captis_pulse,MAROOCHYDORE,Residential,11.0,0.8461538461538461,1.0,0.0,13,2025-12-08T10:18:57.190Z
2022-07-04,2022,7,61196888,DeviceTemperature,captis_pulse,BUDERIM,Residential,11.2,11.2,11.2,11.2,1,2025-12-08T10:18:57.190Z
2022-07-06,2022,7,60223976,Pulse1,captis_pulse,BUDERIM,Residential,196.0,10.88888888888889,117.0,3.0,18,2025-12-08T10:18:57.190Z
2022-07-06,2022,7,60223976,DeviceTemperature,captis_pulse,BUDERIM,Residential,18.6,18.6,18.6,18.6,1,2025-12-08T10:18:57.190Z
2022-07-05,2022,7,733,Pulse1,captis_pulse,MAROOCHYDORE,Residential,98.0,2.0,64.0,0.0,49,2025-12-08T10:18:57.190Z
2022-07-05,2022,7,733,Battery,captis_pulse,MAROOCHYDORE,Residential,73.669,24.55633333333333,68.0,2.039,3,2025-12-08T10:18:57.190Z
2022-07-05,2022,7,733,DeviceTemperature,captis_pulse,MAROOCHYDORE,Residential,13.26,13.26,13.26,13.26,1,2025-12-08T10:18:57.190Z
2022-07-04,2022,7,733,Pulse1,captis_pulse,MAROOCHYDORE,Residential,50.0,2.272727272727273,44.0,0.0,22,2025-12-08T10:18:57.190Z
2022-07-04,2022,7,733,Battery,captis_pulse,MAROOCHYDORE,Residential,75.654,25.218,70.0,2.024,3,2025-12-08T10:18:57.190Z
2022-07-04,2022,7,733,DeviceTemperature,captis_pulse,MAROOCHYDORE,Residential,25.0,12.5,13.2,11.8,2,2025-12-08T10:18:57.190Z
2022-07-06,2022,7,733,Pulse1,captis_pulse,MAROOCHYDORE,Residential,16.0,1.2307692307692308,8.0,0.0,13,2025-12-08T10:18:57.190Z
2022-07-05,2022,7,61275333,Pulse1_Total,captis_pulse,BUDERIM,Residential,1750.0,35.0,35.0,35.0,50,2025-12-08T10:18:57.190Z
2022-07-05,2022,7,61275333,Pulse1,captis_pulse,BUDERIM,Residential,0.0,0.0,0.0,0.0,50,2025-12-08T10:18:57.190Z
2022-07-05,2022,7,9031818,Pulse1,captis_pulse,MAROOCHYDORE,Residential,0.0,0.0,0.0,0.0,50,2025-12-08T10:18:57.190Z
2022-07-05,2022,7,61275333,DeviceTemperature,captis_pulse,BUDERIM,Residential,32.400000000000006,16.200000000000003,16.6,15.8,2,2025-12-08T10:18:57.190Z
2022-07-05,2022,7,9031818,Battery,captis_pulse,MAROOCHYDORE,Residential,73.584,24.528000000000002,67.0,2.964,3,2025-12-08T10:18:57.190Z
2022-07-05,2022,7,9031818,DeviceTemperature,captis_pulse,MAROOCHYDORE,Residential,29.11,14.555,15.5,13.61,2,2025-12-08T10:18:57.190Z
2022-07-05,2022,7,61275333,Battery,captis_pulse,BUDERIM,Residential,75.5,25.166666666666668,70.0,1.86,3,2025-12-08T10:18:57.190Z
2022-07-04,2022,7,61275333,Pulse1_Total,captis_pulse,BUDERIM,Residential,735.0,35.0,35.0,35.0,21,2025-12-08T10:18:57.190Z
2022-07-04,2022,7,61275333,Pulse1,captis_pulse,BUDERIM,Residential,0.0,0.0,0.0,0.0,22,2025-12-08T10:18:57.190Z
2022-07-04,2022,7,9031818,Pulse1,captis_pulse,MAROOCHYDORE,Residential,0.0,0.0,0.0,0.0,21,2025-12-08T10:18:57.190Z
2022-07-04,2022,7,61275333,DeviceTemperature,captis_pulse,BUDERIM,Residential,46.23,15.409999999999998,16.13,15.0,3,2025-12-08T10:18:57.190Z
2022-07-04,2022,7,61275333,Battery,captis_pulse,BUDERIM,Residential,72.828,24.276,67.0,2.188,3,2025-12-08T10:18:57.190Z
2022-07-04,2022,7,9031818,Battery,captis_pulse,MAROOCHYDORE,Residential,71.275,23.758333333333336,65.0,2.655,3,2025-12-08T10:18:57.190Z
2022-07-04,2022,7,9031818,DeviceTemperature,captis_pulse,MAROOCHYDORE,Residential,24.92,12.46,13.02,11.9,2,2025-12-08T10:18:57.190Z
2022-07-06,2022,7,61275333,Pulse1_Total,captis_pulse,BUDERIM,Residential,490.0,35.0,35.0,35.0,14,2025-12-08T10:18:57.190Z
2022-07-06,2022,7,61275333,Pulse1,captis_pulse,BUDERIM,Residential,0.0,0.0,0.0,0.0,15,2025-12-08T10:18:57.190Z
2022-07-06,2022,7,9031818,Pulse1,captis_pulse,MAROOCHYDORE,Residential,0.0,0.0,0.0,0.0,13,2025-12-08T10:18:57.190Z
2022-07-06,2022,7,9031818,DeviceTemperature,captis_pulse,MAROOCHYDORE,Residential,35.2,35.2,35.2,35.2,1,2025-12-08T10:18:57.190Z
2022-07-06,2022,7,61275333,DeviceTemperature,captis_pulse,BUDERIM,Residential,23.4,23.4,23.4,23.4,1,2025-12-08T10:18:57.190Z
2022-07-05,2022,7,577012,Pulse1,captis_pulse,BUDERIM,Residential,118.0,2.4081632653061225,33.0,0.0,49,2025-12-08T10:18:57.190Z
2022-07-05,2022,7,684,Pulse1,captis_pulse,MAROOCHYDORE,Residential,93.0,1.7547169811320755,52.0,0.0,53,2025-12-08T10:18:57.190Z
2022-07-05,2022,7,61144928,Pulse1_Total,captis_pulse,BUDERIM,Residential,4506745.0,91974.38775510204,92220.0,91682.0,49,2025-12-08T10:18:57.190Z
2022-07-05,2022,7,61144928,Pulse1,captis_pulse,BUDERIM,Residential,319.0,6.38,110.0,0.0,50,2025-12-08T10:18:57.190Z
2022-07-05,2022,7,61144928,DeviceTemperature,captis_pulse,BUDERIM,Residential,77.17999999999999,15.435999999999998,16.4,13.48,5,2025-12-08T10:18:57.190Z
2022-07-05,2022,7,60192876,Pulse1_Total,captis_pulse,BUDERIM,Residential,0.0,0.0,0.0,0.0,13,2025-12-08T10:18:57.190Z
2022-07-05,2022,7,60192876,Pulse1,captis_pulse,BUDERIM,Residential,0.0,0.0,0.0,0.0,15,2025-12-08T10:18:57.190Z
2022-07-05,2022,7,77285,Pulse1,captis_pulse,BUDERIM,Residential,0.0,0.0,0.0,0.0,14,2025-12-08T10:18:57.190Z
2022-07-05,2022,7,77285,DeviceTemperature,captis_pulse,BUDERIM,Residential,13.94,13.94,13.94,13.94,1,2025-12-08T10:18:57.190Z
2022-07-05,2022,7,577012,Battery,captis_pulse,BUDERIM,Residential,1.789,1.789,1.789,1.789,1,2025-12-08T10:18:57.190Z
2022-07-05,2022,7,60192876,Battery,captis_pulse,BUDERIM,Residential,76.45,25.483333333333334,69.0,3.62,3,2025-12-08T10:18:57.190Z
2022-07-05,2022,7,577012,DeviceTemperature,captis_pulse,BUDERIM,Residential,13.46,13.46,13.46,13.46,1,2025-12-08T10:18:57.190Z
2022-07-05,2022,7,684,DeviceTemperature,captis_pulse,MAROOCHYDORE,Residential,27.88,13.94,14.6,13.28,2,2025-12-08T10:18:57.190Z
2022-07-05,2022,7,60192876,DeviceTemperature,captis_pulse,BUDERIM,Residential,13.1,13.1,13.1,13.1,1,2025-12-08T10:18:57.190Z
2022-07-05,2022,7,684,Battery,captis_pulse,MAROOCHYDORE,Residential,76.84599999999999,25.61533333333333,71.0,2.216,3,2025-12-08T10:18:57.190Z
2022-07-04,2022,7,577012,Pulse1,captis_pulse,BUDERIM,Residential,7.0,0.30434782608695654,6.0,0.0,23,2025-12-08T10:18:57.190Z
2022-07-04,2022,7,684,Pulse1,captis_pulse,MAROOCHYDORE,Residential,13.0,0.5652173913043478,8.0,0.0,23,2025-12-08T10:18:57.190Z
2022-07-04,2022,7,61144928,Pulse1_Total,captis_pulse,BUDERIM,Residential,2470283.0,91491.96296296296,91682.0,91406.0,27,2025-12-08T10:18:57.190Z
2022-07-04,2022,7,61144928,Pulse1,captis_pulse,BUDERIM,Residential,235.0,8.703703703703704,143.0,0.0,27,2025-12-08T10:18:57.190Z
2022-07-04,2022,7,684,DeviceTemperature,captis_pulse,MAROOCHYDORE,Residential,12.0,12.0,12.0,12.0,1,2025-12-08T10:18:57.190Z
2022-07-04,2022,7,684,Battery,captis_pulse,MAROOCHYDORE,Residential,75.727,25.242333333333335,70.0,2.107,3,2025-12-08T10:18:57.190Z
2022-07-04,2022,7,61144928,DeviceTemperature,captis_pulse,BUDERIM,Residential,28.160000000000004,14.080000000000002,16.26,11.9,2,2025-12-08T10:18:57.190Z
2022-07-04,2022,7,77285,DeviceTemperature,captis_pulse,BUDERIM,Residential,37.09,12.363333333333335,13.59,11.7,3,2025-12-08T10:18:57.190Z
2022-07-04,2022,7,577012,DeviceTemperature,captis_pulse,BUDERIM,Residential,36.32,12.106666666666667,13.02,11.6,3,2025-12-08T10:18:57.190Z
2022-07-04,2022,7,577012,Battery,captis_pulse,BUDERIM,Residential,1.699,1.699,1.699,1.699,1,2025-12-08T10:18:57.190Z
2022-07-04,2022,7,61144928,Battery,captis_pulse,BUDERIM,Residential,76.576,25.525333333333332,64.0,3.57,3,2025-12-08T10:18:57.190Z
2022-07-06,2022,7,77285,Pulse1,captis_pulse,BUDERIM,Residential,13.0,0.9285714285714286,7.0,0.0,14,2025-12-08T10:18:57.190Z
2022-07-06,2022,7,577012,Pulse1,captis_pulse,BUDERIM,Residential,271.0,16.9375,85.0,0.0,16,2025-12-08T10:18:57.190Z
2022-07-06,2022,7,684,Pulse1,captis_pulse,MAROOCHYDORE,Residential,69.0,3.8333333333333335,61.0,0.0,18,2025-12-08T10:18:57.190Z
2022-07-06,2022,7,60192876,Pulse1_Total,captis_pulse,BUDERIM,Residential,0.0,0.0,0.0,0.0,18,2025-12-08T10:18:57.190Z
2022-07-06,2022,7,60192876,Pulse1,captis_pulse,BUDERIM,Residential,0.0,0.0,0.0,0.0,18,2025-12-08T10:18:57.190Z
2022-07-06,2022,7,60192876,DeviceTemperature,captis_pulse,BUDERIM,Residential,18.4,18.4,18.4,18.4,1,2025-12-08T10:18:57.190Z
2022-07-04,2022,7,60192876,Pulse1_Total,captis_pulse,BUDERIM,Residential,0.0,0.0,0.0,0.0,95,2025-12-08T10:18:57.190Z
2022-07-04,2022,7,60192876,Pulse1,captis_pulse,BUDERIM,Residential,0.0,0.0,0.0,0.0,96,2025-12-08T10:18:57.190Z
2022-07-04,2022,7,60192876,DeviceTemperature,captis_pulse,BUDERIM,Residential,11.0,11.0,11.0,11.0,1,2025-12-08T10:18:57.190Z
2022-07-04,2022,7,60192876,Battery,captis_pulse,BUDERIM,Residential,2.939,2.939,2.939,2.939,1,2025-12-08T10:18:57.190Z
2022-07-05,2022,7,22604171,Pulse1,captis_pulse,ALBANY CREEK,Non-Residential,0.0,0.0,0.0,0.0,49,2025-12-08T10:18:57.190Z
2022-07-05,2022,7,61235970,Pulse1_Total,captis_pulse,BUDERIM,Residential,1458.0,27.0,27.0,27.0,54,2025-12-08T10:18:57.190Z
2022-07-05,2022,7,61235970,Pulse1,captis_pulse,BUDERIM,Residential,0.0,0.0,0.0,0.0,54,2025-12-08T10:18:57.190Z
2022-07-05,2022,7,22604171,Battery,captis_pulse,ALBANY CREEK,Non-Residential,73.359,24.453,68.0,1.719,3,2025-12-08T10:18:57.190Z
2022-07-05,2022,7,22604171,DeviceTemperature,captis_pulse,ALBANY CREEK,Non-Residential,18.23,18.23,18.23,18.23,1,2025-12-08T10:18:57.190Z
2022-07-05,2022,7,61235970,Battery,captis_pulse,BUDERIM,Residential,75.38199999999999,25.12733333333333,70.0,1.752,3,2025-12-08T10:18:57.190Z
2022-07-05,2022,7,61235970,DeviceTemperature,captis_pulse,BUDERIM,Residential,12.18,12.18,12.18,12.18,1,2025-12-08T10:18:57.190Z
2022-07-04,2022,7,22604171,Pulse1,captis_pulse,ALBANY CREEK,Non-Residential,0.0,0.0,0.0,0.0,22,2025-12-08T10:18:57.190Z
2022-07-04,2022,7,61235970,Pulse1_Total,captis_pulse,BUDERIM,Residential,675.0,27.0,27.0,27.0,25,2025-12-08T10:18:57.190Z
2022-07-04,2022,7,61235970,Pulse1,captis_pulse,BUDERIM,Residential,0.0,0.0,0.0,0.0,25,2025-12-08T10:18:57.190Z
2022-07-04,2022,7,61235970,DeviceTemperature,captis_pulse,BUDERIM,Residential,24.22,12.11,13.02,11.2,2,2025-12-08T10:18:57.190Z
2022-07-04,2022,7,22604171,DeviceTemperature,captis_pulse,ALBANY CREEK,Non-Residential,54.8,18.266666666666666,18.9,17.9,3,2025-12-08T10:18:57.190Z
2022-07-04,2022,7,22604171,Battery,captis_pulse,ALBANY CREEK,Non-Residential,74.433,24.811000000000003,69.0,1.793,3,2025-12-08T10:18:57.190Z
2022-07-04,2022,7,61235970,Battery,captis_pulse,BUDERIM,Residential,74.35799999999999,24.785999999999998,69.0,1.728,3,2025-12-08T10:18:57.190Z
2022-07-06,2022,7,22604171,Pulse1,captis_pulse,ALBANY CREEK,Non-Residential,0.0,0.0,0.0,0.0,15,2025-12-08T10:18:57.190Z
2022-07-06,2022,7,61235970,Pulse1_Total,captis_pulse,BUDERIM,Residential,486.0,27.0,27.0,27.0,18,2025-12-08T10:18:57.190Z
2022-07-06,2022,7,61235970,Pulse1,captis_pulse,BUDERIM,Residential,0.0,0.0,0.0,0.0,18,2025-12-08T10:18:57.190Z
2022-07-06,2022,7,61235970,DeviceTemperature,captis_pulse,BUDERIM,Residential,20.2,20.2,20.2,20.2,1,2025-12-08T10:18:57.190Z
2022-07-05,2022,7,65438039,Pulse1,captis_pulse,MAROOCHYDORE,Residential,560.0,10.76923076923077,120.0,0.0,52,2025-12-08T10:18:57.190Z
2022-07-05,2022,7,65438039,DeviceTemperature,captis_pulse,MAROOCHYDORE,Residential,27.43,13.715,14.3,13.13,2,2025-12-08T10:18:57.190Z
2022-07-05,2022,7,65438039,Battery,captis_pulse,MAROOCHYDORE,Residential,74.462,24.820666666666668,69.0,1.822,3,2025-12-08T10:18:57.190Z
2022-07-04,2022,7,65438039,Pulse1,captis_pulse,MAROOCHYDORE,Residential,270.0,12.272727272727273,70.0,0.0,22,2025-12-08T10:18:57.190Z
2022-07-04,2022,7,65438039,DeviceTemperature,captis_pulse,MAROOCHYDORE,Residential,35.61,11.87,12.71,11.4,3,2025-12-08T10:18:57.190Z
2022-07-04,2022,7,65438039,Battery,captis_pulse,MAROOCHYDORE,Residential,83.586,27.862,78.0,1.946,3,2025-12-08T10:18:57.190Z
2022-07-06,2022,7,65438039,Pulse1,captis_pulse,MAROOCHYDORE,Residential,130.0,8.666666666666666,20.0,0.0,15,2025-12-08T10:18:57.190Z
2022-07-05,2022,7,294921,Pulse1,captis_pulse,BUDERIM,Residential,72.0,1.411764705882353,15.0,0.0,51,2025-12-08T10:18:57.190Z
2022-07-05,2022,7,60223933,Pulse1_Total,captis_pulse,BUDERIM,Residential,3873767.0,77475.34,77630.0,77260.0,50,2025-12-08T10:18:57.190Z
2022-07-05,2022,7,60223933,Pulse1,captis_pulse,BUDERIM,Residential,287.0,5.74,111.0,0.0,50,2025-12-08T10:18:57.190Z
2022-07-05,2022,7,61165823,Pulse1_Total,captis_pulse,BUDERIM,Residential,1650.0,33.0,33.0,33.0,50,2025-12-08T10:18:57.190Z
2022-07-05,2022,7,61165823,Pulse1,captis_pulse,BUDERIM,Residential,0.0,0.0,0.0,0.0,50,2025-12-08T10:18:57.190Z
2022-07-05,2022,7,61572288,Pulse1_Total,captis_pulse,BUDERIM,Residential,1550.0,31.0,31.0,31.0,50,2025-12-08T10:18:57.190Z
2022-07-05,2022,7,61572288,Pulse1,captis_pulse,BUDERIM,Residential,0.0,0.0,0.0,0.0,50,2025-12-08T10:18:57.190Z
2022-07-05,2022,7,81844,Pulse1,captis_pulse,BUDERIM,Residential,314.0,6.038461538461538,98.0,0.0,52,2025-12-08T10:18:57.190Z
2022-07-05,2022,7,69436,Pulse1,captis_pulse,BUDERIM,Residential,36.0,0.6792452830188679,10.0,0.0,53,2025-12-08T10:18:57.190Z
2022-07-05,2022,7,60194062,Pulse1_Total,captis_pulse,BUDERIM,Residential,222435.0,4943.0,4943.0,4943.0,45,2025-12-08T10:18:57.190Z
2022-07-05,2022,7,60194062,Pulse1,captis_pulse,BUDERIM,Residential,0.0,0.0,0.0,0.0,46,2025-12-08T10:18:57.190Z
2022-07-05,2022,7,61572288,Battery,captis_pulse,BUDERIM,Residential,85.455,28.485,80.0,1.815,3,2025-12-08T10:18:57.190Z
2022-07-05,2022,7,61165823,Battery,captis_pulse,BUDERIM,Residential,3.64,3.64,3.64,3.64,1,2025-12-08T10:18:57.190Z
2022-07-05,2022,7,61572288,DeviceTemperature,captis_pulse,BUDERIM,Residential,26.869999999999997,13.434999999999999,14.1,12.77,2,2025-12-08T10:18:57.190Z
2022-07-05,2022,7,60223933,Battery,captis_pulse,BUDERIM,Residential,3.63,3.63,3.63,3.63,1,2025-12-08T10:18:57.190Z
2022-07-05,2022,7,60223933,DeviceTemperature,captis_pulse,BUDERIM,Residential,24.42,12.21,12.7,11.72,2,2025-12-08T10:18:57.190Z
2022-07-05,2022,7,294921,DeviceTemperature,captis_pulse,BUDERIM,Residential,28.009999999999998,14.004999999999999,14.5,13.51,2,2025-12-08T10:18:57.190Z
2022-07-05,2022,7,81844,DeviceTemperature,captis_pulse,BUDERIM,Residential,13.9,13.9,13.9,13.9,1,2025-12-08T10:18:57.190Z
2022-07-05,2022,7,60194062,DeviceTemperature,captis_pulse,BUDERIM,Residential,13.1,13.1,13.1,13.1,1,2025-12-08T10:18:57.190Z
2022-07-05,2022,7,69436,DeviceTemperature,captis_pulse,BUDERIM,Residential,14.7,14.7,14.7,14.7,1,2025-12-08T10:18:57.190Z
2022-07-04,2022,7,60194062,Pulse1_Total,captis_pulse,BUDERIM,Residential,123575.0,4943.0,4943.0,4943.0,25,2025-12-08T10:18:57.190Z
2022-07-04,2022,7,60194062,Pulse1,captis_pulse,BUDERIM,Residential,0.0,0.0,0.0,0.0,25,2025-12-08T10:18:57.190Z
2022-07-04,2022,7,294921,Pulse1,captis_pulse,BUDERIM,Residential,24.0,1.0909090909090908,7.0,0.0,22,2025-12-08T10:18:57.190Z
2022-07-04,2022,7,60223933,Pulse1_Total,captis_pulse,BUDERIM,Residential,1770854.0,76993.65217391304,77105.0,76953.0,23,2025-12-08T10:18:57.190Z
2022-07-04,2022,7,60223933,Pulse1,captis_pulse,BUDERIM,Residential,63.0,2.739130434782609,16.0,0.0,23,2025-12-08T10:18:57.190Z
2022-07-04,2022,7,61165823,Pulse1_Total,captis_pulse,BUDERIM,Residential,726.0,33.0,33.0,33.0,22,2025-12-08T10:18:57.190Z
2022-07-04,2022,7,61165823,Pulse1,captis_pulse,BUDERIM,Residential,0.0,0.0,0.0,0.0,23,2025-12-08T10:18:57.190Z
2022-07-04,2022,7,61572288,Pulse1_Total,captis_pulse,BUDERIM,Residential,713.0,31.0,31.0,31.0,23,2025-12-08T10:18:57.190Z
2022-07-04,2022,7,61572288,Pulse1,captis_pulse,BUDERIM,Residential,0.0,0.0,0.0,0.0,23,2025-12-08T10:18:57.190Z
2022-07-04,2022,7,81844,Pulse1,captis_pulse,BUDERIM,Residential,41.0,1.7083333333333333,19.0,0.0,24,2025-12-08T10:18:57.190Z
2022-07-04,2022,7,81844,DeviceTemperature,captis_pulse,BUDERIM,Residential,24.47,12.235,12.87,11.6,2,2025-12-08T10:18:57.190Z
2022-07-04,2022,7,69436,Pulse1,captis_pulse,BUDERIM,Residential,104.0,4.16,45.0,0.0,25,2025-12-08T10:18:57.190Z
2022-07-04,2022,7,69436,DeviceTemperature,captis_pulse,BUDERIM,Residential,24.73,12.365,12.93,11.8,2,2025-12-08T10:18:57.190Z
2022-07-04,2022,7,61572288,DeviceTemperature,captis_pulse,BUDERIM,Residential,23.64,11.82,12.44,11.2,2,2025-12-08T10:18:57.190Z
2022-07-04,2022,7,294921,DeviceTemperature,captis_pulse,BUDERIM,Residential,24.83,12.415,13.23,11.6,2,2025-12-08T10:18:57.190Z
2022-07-04,2022,7,61165823,DeviceTemperature,captis_pulse,BUDERIM,Residential,27.8,13.9,14.0,13.8,2,2025-12-08T10:18:57.190Z
2022-07-04,2022,7,61572288,Battery,captis_pulse,BUDERIM,Residential,73.556,24.518666666666665,68.0,1.916,3,2025-12-08T10:18:57.190Z
2022-07-04,2022,7,61165823,Battery,captis_pulse,BUDERIM,Residential,3.64,3.64,3.64,3.64,1,2025-12-08T10:18:57.190Z
2022-07-04,2022,7,69436,Battery,captis_pulse,BUDERIM,Residential,73.449,24.483,68.0,1.819,3,2025-12-08T10:18:57.190Z
2022-07-04,2022,7,60223933,DeviceTemperature,captis_pulse,BUDERIM,Residential,10.4,10.4,10.4,10.4,1,2025-12-08T10:18:57.190Z
2022-07-06,2022,7,294921,Pulse1,captis_pulse,BUDERIM,Residential,7.0,0.4666666666666667,6.0,0.0,15,2025-12-08T10:18:57.190Z
2022-07-06,2022,7,60223933,Pulse1_Total,captis_pulse,BUDERIM,Residential,1013929.0,77994.53846153847,78049.0,77844.0,13,2025-12-08T10:18:57.190Z
2022-07-06,2022,7,60223933,Pulse1,captis_pulse,BUDERIM,Residential,25.0,1.9230769230769231,9.0,0.0,13,2025-12-08T10:18:57.190Z
2022-07-06,2022,7,61165823,Pulse1_Total,captis_pulse,BUDERIM,Residential,528.0,33.0,33.0,33.0,16,2025-12-08T10:18:57.190Z
2022-07-06,2022,7,61165823,Pulse1,captis_pulse,BUDERIM,Residential,0.0,0.0,0.0,0.0,17,2025-12-08T10:18:57.190Z
2022-07-06,2022,7,61572288,Pulse1_Total,captis_pulse,BUDERIM,Residential,496.0,31.0,31.0,31.0,16,2025-12-08T10:18:57.190Z
2022-07-06,2022,7,61572288,Pulse1,captis_pulse,BUDERIM,Residential,0.0,0.0,0.0,0.0,17,2025-12-08T10:18:57.190Z
2022-07-06,2022,7,81844,Pulse1,captis_pulse,BUDERIM,Residential,256.0,14.222222222222221,109.0,0.0,18,2025-12-08T10:18:57.190Z
2022-07-06,2022,7,69436,Pulse1,captis_pulse,BUDERIM,Residential,25.0,1.3888888888888888,11.0,0.0,18,2025-12-08T10:18:57.190Z
2022-07-06,2022,7,60194062,Pulse1_Total,captis_pulse,BUDERIM,Residential,84031.0,4943.0,4943.0,4943.0,17,2025-12-08T10:18:57.190Z
2022-07-06,2022,7,60194062,Pulse1,captis_pulse,BUDERIM,Residential,0.0,0.0,0.0,0.0,17,2025-12-08T10:18:57.190Z
2022-07-06,2022,7,61572288,DeviceTemperature,captis_pulse,BUDERIM,Residential,23.5,23.5,23.5,23.5,1,2025-12-08T10:18:57.190Z
2022-07-06,2022,7,60223933,DeviceTemperature,captis_pulse,BUDERIM,Residential,18.7,18.7,18.7,18.7,1,2025-12-08T10:18:57.190Z
2022-07-06,2022,7,69436,DeviceTemperature,captis_pulse,BUDERIM,Residential,32.7,32.7,32.7,32.7,1,2025-12-08T10:18:57.190Z
2022-07-06,2022,7,60194062,Battery,captis_pulse,BUDERIM,Residential,70.62,35.31,67.0,3.62,2,2025-12-08T10:18:57.190Z
2022-07-06,2022,7,60194062,DeviceTemperature,captis_pulse,BUDERIM,Residential,26.1,13.05,14.5,11.6,2,2025-12-08T10:18:57.190Z
2022-07-05,2022,7,590801,Pulse1,captis_pulse,BUDERIM,Residential,448.0,7.225806451612903,35.0,1.0,62,2025-12-08T10:18:57.190Z
2022-07-05,2022,7,1792,Pulse1,captis_pulse,MAROOCHYDORE,Residential,478.0,9.755102040816327,65.0,2.0,49,2025-12-08T10:18:57.190Z
2022-07-05,2022,7,63076216,Pulse1,captis_pulse,MAROOCHYDORE,Non-Residential,0.0,0.0,0.0,0.0,52,2025-12-08T10:18:57.190Z
2022-07-05,2022,7,65027565,Pulse1,captis_pulse,MAROOCHYDORE,Non-Residential,700.0,13.20754716981132,100.0,0.0,53,2025-12-08T10:18:57.190Z
2022-07-05,2022,7,64629961,Pulse1_Total,captis_pulse,MAROOCHYDORE,Residential,3523266.0,66476.71698113208,66522.0,66432.0,53,2025-12-08T10:18:57.190Z
2022-07-05,2022,7,64629961,Pulse1,captis_pulse,MAROOCHYDORE,Residential,40.0,0.7547169811320755,10.0,0.0,53,2025-12-08T10:18:57.190Z
2022-07-05,2022,7,81963294,Pulse1,captis_pulse,MAROOCHYDORE,Residential,250.0,8.064516129032258,85.0,0.0,31,2025-12-08T10:18:57.190Z
2022-07-05,2022,7,590801,DeviceTemperature,captis_pulse,BUDERIM,Residential,19.6,19.6,19.6,19.6,1,2025-12-08T10:18:57.190Z
2022-07-05,2022,7,65027565,DeviceTemperature,captis_pulse,MAROOCHYDORE,Non-Residential,16.1,16.1,16.1,16.1,1,2025-12-08T10:18:57.190Z
2022-07-05,2022,7,81969192,Pulse1,captis_pulse,MAROOCHYDORE,Residential,535.0,33.4375,95.0,15.0,16,2025-12-08T10:18:57.190Z
2022-07-05,2022,7,64629961,DeviceTemperature,captis_pulse,MAROOCHYDORE,Residential,27.979999999999997,13.989999999999998,14.7,13.28,2,2025-12-08T10:18:57.190Z
2022-07-05,2022,7,81963294,DeviceTemperature,captis_pulse,MAROOCHYDORE,Residential,26.67,13.335,13.6,13.07,2,2025-12-08T10:18:57.190Z
2022-07-05,2022,7,1792,Battery,captis_pulse,MAROOCHYDORE,Residential,76.984,25.66133333333333,71.0,2.354,3,2025-12-08T10:18:57.190Z
2022-07-05,2022,7,1792,DeviceTemperature,captis_pulse,MAROOCHYDORE,Residential,29.119999999999997,14.559999999999999,15.1,14.02,2,2025-12-08T10:18:57.190Z
2022-07-05,2022,7,64629961,Battery,captis_pulse,MAROOCHYDORE,Residential,74.64,37.32,71.0,3.64,2,2025-12-08T10:18:57.190Z
2022-07-05,2022,7,81963294,Battery,captis_pulse,MAROOCHYDORE,Residential,70.64,35.32,67.0,3.64,2,2025-12-08T10:18:57.190Z
2022-07-05,2022,7,63076216,DeviceTemperature,captis_pulse,MAROOCHYDORE,Non-Residential,13.5,13.5,13.5,13.5,1,2025-12-08T10:18:57.190Z
2022-07-04,2022,7,81963294,Pulse1,captis_pulse,MAROOCHYDORE,Residential,170.0,6.8,55.0,0.0,25,2025-12-08T10:18:57.190Z
2022-07-04,2022,7,81969192,Pulse1,captis_pulse,MAROOCHYDORE,Residential,1355.0,71.3157894736842,290.0,10.0,19,2025-12-08T10:18:57.190Z
2022-07-04,2022,7,590801,Pulse1,captis_pulse,BUDERIM,Residential,54.0,2.4545454545454546,9.0,2.0,22,2025-12-08T10:18:57.190Z
2022-07-04,2022,7,1792,Pulse1,captis_pulse,MAROOCHYDORE,Residential,239.0,7.029411764705882,154.0,1.0,34,2025-12-08T10:18:57.190Z
2022-07-04,2022,7,65027565,Pulse1,captis_pulse,MAROOCHYDORE,Non-Residential,200.0,8.333333333333334,100.0,0.0,24,2025-12-08T10:18:57.190Z
2022-07-04,2022,7,63076216,Pulse1,captis_pulse,MAROOCHYDORE,Non-Residential,0.0,0.0,0.0,0.0,26,2025-12-08T10:18:57.190Z
2022-07-04,2022,7,64629961,Pulse1_Total,captis_pulse,MAROOCHYDORE,Residential,1660590.0,66423.6,66432.0,66422.0,25,2025-12-08T10:18:57.190Z
2022-07-04,2022,7,64629961,Pulse1,captis_pulse,MAROOCHYDORE,Residential,10.0,0.4,10.0,0.0,25,2025-12-08T10:18:57.190Z
2022-07-04,2022,7,81969192,Battery,captis_pulse,MAROOCHYDORE,Residential,83.64,41.82,80.0,3.64,2,2025-12-08T10:18:57.190Z
2022-07-04,2022,7,81969192,DeviceTemperature,captis_pulse,MAROOCHYDORE,Residential,14.02,14.02,14.02,14.02,1,2025-12-08T10:18:57.190Z
2022-07-04,2022,7,590801,DeviceTemperature,captis_pulse,BUDERIM,Residential,38.0,19.0,19.0,19.0,2,2025-12-08T10:18:57.190Z
2022-07-04,2022,7,65027565,DeviceTemperature,captis_pulse,MAROOCHYDORE,Non-Residential,14.8,14.8,14.8,14.8,1,2025-12-08T10:18:57.190Z
2022-07-04,2022,7,63076216,DeviceTemperature,captis_pulse,MAROOCHYDORE,Non-Residential,22.12,11.06,11.72,10.4,2,2025-12-08T10:18:57.190Z
2022-07-04,2022,7,1792,DeviceTemperature,captis_pulse,MAROOCHYDORE,Residential,12.2,12.2,12.2,12.2,1,2025-12-08T10:18:57.190Z
2022-07-04,2022,7,64629961,Battery,captis_pulse,MAROOCHYDORE,Residential,71.64,35.82,68.0,3.64,2,2025-12-08T10:18:57.190Z
2022-07-04,2022,7,64629961,DeviceTemperature,captis_pulse,MAROOCHYDORE,Residential,12.86,12.86,12.86,12.86,1,2025-12-08T10:18:57.190Z
2022-07-06,2022,7,590801,Pulse1,captis_pulse,BUDERIM,Residential,75.0,4.6875,17.0,2.0,16,2025-12-08T10:18:57.190Z
2022-07-06,2022,7,1792,Pulse1,captis_pulse,MAROOCHYDORE,Residential,152.0,11.692307692307692,79.0,2.0,13,2025-12-08T10:18:57.190Z
2022-07-06,2022,7,65027565,Pulse1,captis_pulse,MAROOCHYDORE,Non-Residential,200.0,11.11111111111111,100.0,0.0,18,2025-12-08T10:18:57.190Z
2022-07-06,2022,7,63076216,Pulse1,captis_pulse,MAROOCHYDORE,Non-Residential,0.0,0.0,0.0,0.0,18,2025-12-08T10:18:57.190Z
2022-07-06,2022,7,63076216,DeviceTemperature,captis_pulse,MAROOCHYDORE,Non-Residential,28.6,28.6,28.6,28.6,1,2025-12-08T10:18:57.190Z
2022-07-06,2022,7,64629961,Pulse1_Total,captis_pulse,MAROOCHYDORE,Residential,1265178.0,66588.31578947368,66612.0,66542.0,19,2025-12-08T10:18:57.190Z
2022-07-06,2022,7,64629961,Pulse1,captis_pulse,MAROOCHYDORE,Residential,30.0,1.5789473684210527,10.0,0.0,19,2025-12-08T10:18:57.190Z
2022-07-06,2022,7,81963294,Pulse1,captis_pulse,MAROOCHYDORE,Residential,135.0,22.5,75.0,0.0,6,2025-12-08T10:18:57.190Z
2022-07-06,2022,7,1792,DeviceTemperature,captis_pulse,MAROOCHYDORE,Residential,24.1,24.1,24.1,24.1,1,2025-12-08T10:18:57.190Z
2022-07-06,2022,7,81963294,Battery,captis_pulse,MAROOCHYDORE,Residential,73.64,36.82,70.0,3.64,2,2025-12-08T10:18:57.190Z
2022-07-06,2022,7,81963294,DeviceTemperature,captis_pulse,MAROOCHYDORE,Residential,14.91,14.91,14.91,14.91,1,2025-12-08T10:18:57.190Z
2022-07-06,2022,7,65027565,DeviceTemperature,captis_pulse,MAROOCHYDORE,Non-Residential,18.4,18.4,18.4,18.4,1,2025-12-08T10:18:57.190Z
2022-07-05,2022,7,57398,Pulse1,captis_pulse,BUDERIM,Residential,97.0,2.0208333333333335,39.0,0.0,48,2025-12-08T10:18:57.190Z
2022-07-05,2022,7,22680113,Pulse1_Total,captis_pulse,MOUNTAIN CREEK,Non-Residential,285264.0,5943.0,5943.0,5943.0,48,2025-12-08T10:18:57.190Z
2022-07-05,2022,7,22680113,Pulse1,captis_pulse,MOUNTAIN CREEK,Non-Residential,0.0,0.0,0.0,0.0,50,2025-12-08T10:18:57.190Z
2022-07-05,2022,7,63432272,Pulse1,captis_pulse,MAROOCHYDORE,Residential,3110.0,60.98039215686274,220.0,0.0,51,2025-12-08T10:18:57.190Z
2022-07-05,2022,7,68780,Pulse1,captis_pulse,BUDERIM,Residential,468.0,8.830188679245284,89.0,0.0,53,2025-12-08T10:18:57.190Z
2022-07-05,2022,7,22680113,DeviceTemperature,captis_pulse,MOUNTAIN CREEK,Non-Residential,29.48,14.74,15.4,14.08,2,2025-12-08T10:18:57.190Z
2022-07-05,2022,7,68780,DeviceTemperature,captis_pulse,BUDERIM,Residential,28.21,14.105,15.0,13.21,2,2025-12-08T10:18:57.190Z
2022-07-05,2022,7,60381125,Pulse1_Total,captis_pulse,BUDERIM,Residential,888288.0,55518.0,55581.0,55509.0,16,2025-12-08T10:18:57.190Z
2022-07-05,2022,7,60381125,Pulse1,captis_pulse,BUDERIM,Residential,3.0,0.1875,2.0,0.0,16,2025-12-08T10:18:57.190Z
2022-07-05,2022,7,57398,Battery,captis_pulse,BUDERIM,Residential,74.776,24.92533333333333,69.0,2.146,3,2025-12-08T10:18:57.190Z
2022-07-05,2022,7,57398,DeviceTemperature,captis_pulse,BUDERIM,Residential,27.35,13.675,14.3,13.05,2,2025-12-08T10:18:57.190Z
2022-07-05,2022,7,63432272,Battery,captis_pulse,MAROOCHYDORE,Residential,75.468,25.156000000000002,70.0,1.828,3,2025-12-08T10:18:57.190Z
2022-07-05,2022,7,63432272,DeviceTemperature,captis_pulse,MAROOCHYDORE,Residential,26.92,13.46,13.9,13.02,2,2025-12-08T10:18:57.190Z
2022-07-05,2022,7,22680113,Battery,captis_pulse,MOUNTAIN CREEK,Non-Residential,72.481,24.16033333333333,67.0,1.851,3,2025-12-08T10:18:57.190Z
2022-07-05,2022,7,60381125,Battery,captis_pulse,BUDERIM,Residential,3.62,3.62,3.62,3.62,1,2025-12-08T10:18:57.190Z
2022-07-05,2022,7,60381125,DeviceTemperature,captis_pulse,BUDERIM,Residential,34.22,17.11,17.32,16.9,2,2025-12-08T10:18:57.190Z
2022-07-05,2022,7,68780,Battery,captis_pulse,BUDERIM,Residential,73.46199999999999,24.48733333333333,68.0,1.832,3,2025-12-08T10:18:57.190Z
2022-07-05,2022,7,62306620,Battery,captis_pulse,BUDERIM,Residential,52.64,26.32,49.0,3.64,2,2025-12-08T10:18:57.190Z
2022-07-05,2022,7,62306620,DeviceTemperature,captis_pulse,BUDERIM,Residential,16.54,16.54,16.54,16.54,1,2025-12-08T10:18:57.190Z
2022-07-04,2022,7,63432272,Pulse1,captis_pulse,MAROOCHYDORE,Residential,1270.0,39.6875,180.0,10.0,32,2025-12-08T10:18:57.190Z
2022-07-04,2022,7,68780,Pulse1,captis_pulse,BUDERIM,Residential,75.0,3.125,18.0,0.0,24,2025-12-08T10:18:57.190Z
2022-07-04,2022,7,57398,Pulse1,captis_pulse,BUDERIM,Residential,23.0,1.0454545454545454,10.0,0.0,22,2025-12-08T10:18:57.190Z
2022-07-04,2022,7,60381125,Pulse1_Total,captis_pulse,BUDERIM,Residential,495492.0,55054.666666666664,55059.0,55048.0,9,2025-12-08T10:18:57.190Z
2022-07-04,2022,7,60381125,Pulse1,captis_pulse,BUDERIM,Residential,10.0,1.1111111111111112,5.0,0.0,9,2025-12-08T10:18:57.190Z
2022-07-04,2022,7,22680113,Pulse1_Total,captis_pulse,MOUNTAIN CREEK,Non-Residential,130746.0,5943.0,5943.0,5943.0,22,2025-12-08T10:18:57.190Z
2022-07-04,2022,7,22680113,Pulse1,captis_pulse,MOUNTAIN CREEK,Non-Residential,0.0,0.0,0.0,0.0,22,2025-12-08T10:18:57.190Z
2022-07-04,2022,7,63432272,DeviceTemperature,captis_pulse,MAROOCHYDORE,Residential,24.61,12.305,12.91,11.7,2,2025-12-08T10:18:57.190Z
2022-07-04,2022,7,22680113,DeviceTemperature,captis_pulse,MOUNTAIN CREEK,Non-Residential,26.48,13.24,13.98,12.5,2,2025-12-08T10:18:57.190Z
2022-07-04,2022,7,57398,Battery,captis_pulse,BUDERIM,Residential,74.73100000000001,24.910333333333337,69.0,2.111,3,2025-12-08T10:18:57.190Z
2022-07-04,2022,7,57398,DeviceTemperature,captis_pulse,BUDERIM,Residential,34.65,11.549999999999999,12.55,11.0,3,2025-12-08T10:18:57.190Z
2022-07-04,2022,7,63432272,Battery,captis_pulse,MAROOCHYDORE,Residential,75.32000000000001,25.10666666666667,70.0,1.68,3,2025-12-08T10:18:57.190Z
2022-07-04,2022,7,68780,DeviceTemperature,captis_pulse,BUDERIM,Residential,11.6,11.6,11.6,11.6,1,2025-12-08T10:18:57.190Z
2022-07-04,2022,7,60381125,Battery,captis_pulse,BUDERIM,Residential,3.63,3.63,3.63,3.63,1,2025-12-08T10:18:57.190Z
2022-07-04,2022,7,60381125,DeviceTemperature,captis_pulse,BUDERIM,Residential,35.57,17.785,18.17,17.4,2,2025-12-08T10:18:57.190Z
2022-07-04,2022,7,62306620,DeviceTemperature,captis_pulse,BUDERIM,Residential,15.3,15.3,15.3,15.3,1,2025-12-08T10:18:57.190Z
2022-07-06,2022,7,57398,Pulse1,captis_pulse,BUDERIM,Residential,0.0,0.0,0.0,0.0,16,2025-12-08T10:18:57.190Z
2022-07-06,2022,7,60381125,Pulse1_Total,captis_pulse,BUDERIM,Residential,723316.0,55639.692307692305,55832.0,55581.0,13,2025-12-08T10:18:57.190Z
2022-07-06,2022,7,60381125,Pulse1,captis_pulse,BUDERIM,Residential,39.0,3.0,16.0,0.0,13,2025-12-08T10:18:57.190Z
2022-07-06,2022,7,22680113,Pulse1_Total,captis_pulse,MOUNTAIN CREEK,Non-Residential,89145.0,5943.0,5943.0,5943.0,15,2025-12-08T10:18:57.190Z
2022-07-06,2022,7,22680113,Pulse1,captis_pulse,MOUNTAIN CREEK,Non-Residential,0.0,0.0,0.0,0.0,15,2025-12-08T10:18:57.190Z
2022-07-06,2022,7,63432272,Pulse1,captis_pulse,MAROOCHYDORE,Residential,1080.0,67.5,280.0,20.0,16,2025-12-08T10:18:57.190Z
2022-07-06,2022,7,68780,Pulse1,captis_pulse,BUDERIM,Residential,84.0,4.666666666666667,19.0,0.0,18,2025-12-08T10:18:57.190Z
2022-07-06,2022,7,63432272,DeviceTemperature,captis_pulse,MAROOCHYDORE,Residential,18.9,18.9,18.9,18.9,1,2025-12-08T10:18:57.190Z
2022-07-06,2022,7,68780,DeviceTemperature,captis_pulse,BUDERIM,Residential,34.7,34.7,34.7,34.7,1,2025-12-08T10:18:57.190Z
2022-07-05,2022,7,22047833,Pulse1,captis_pulse,BIRTINYA,#N/A,0.0,0.0,0.0,0.0,52,2025-12-08T10:18:57.190Z
2022-07-05,2022,7,65087788,Pulse1,captis_pulse,BUDERIM,Residential,2360.0,46.27450980392157,190.0,0.0,51,2025-12-08T10:18:57.190Z
2022-07-05,2022,7,64629928,Pulse1_Total,captis_pulse,BUDERIM,Residential,501075.0,9825.0,9825.0,9825.0,51,2025-12-08T10:18:57.190Z
2022-07-05,2022,7,64629928,Pulse1,captis_pulse,BUDERIM,Residential,0.0,0.0,0.0,0.0,51,2025-12-08T10:18:57.190Z
2022-07-05,2022,7,61217785,Pulse1_Total,captis_pulse,BUDERIM,Residential,1814634.0,33604.333333333336,33634.0,33582.0,54,2025-12-08T10:18:57.190Z
2022-07-05,2022,7,61217785,Pulse1,captis_pulse,BUDERIM,Residential,14.0,0.25925925925925924,5.0,0.0,54,2025-12-08T10:18:57.190Z
2022-07-05,2022,7,22047833,DeviceTemperature,captis_pulse,BIRTINYA,#N/A,27.14,13.57,14.2,12.94,2,2025-12-08T10:18:57.190Z
2022-07-05,2022,7,64629928,Battery,captis_pulse,BUDERIM,Residential,70.394,23.46466666666667,64.0,2.754,3,2025-12-08T10:18:57.190Z
2022-07-05,2022,7,64629928,DeviceTemperature,captis_pulse,BUDERIM,Residential,25.07,12.535,13.1,11.97,2,2025-12-08T10:18:57.190Z
2022-07-05,2022,7,65087788,Battery,captis_pulse,BUDERIM,Residential,74.498,24.832666666666668,69.0,1.858,3,2025-12-08T10:18:57.190Z
2022-07-05,2022,7,65087788,DeviceTemperature,captis_pulse,BUDERIM,Residential,24.03,12.015,12.4,11.63,2,2025-12-08T10:18:57.190Z
2022-07-05,2022,7,22047833,Battery,captis_pulse,BIRTINYA,#N/A,3.64,3.64,3.64,3.64,1,2025-12-08T10:18:57.190Z
2022-07-04,2022,7,22047833,Pulse1,captis_pulse,BIRTINYA,#N/A,0.0,0.0,0.0,0.0,22,2025-12-08T10:18:57.190Z
2022-07-04,2022,7,65087788,Pulse1,captis_pulse,BUDERIM,Residential,710.0,20.88235294117647,100.0,0.0,34,2025-12-08T10:18:57.190Z
2022-07-04,2022,7,64629928,Pulse1_Total,captis_pulse,BUDERIM,Residential,225975.0,9825.0,9825.0,9825.0,23,2025-12-08T10:18:57.190Z
2022-07-04,2022,7,64629928,Pulse1,captis_pulse,BUDERIM,Residential,0.0,0.0,0.0,0.0,23,2025-12-08T10:18:57.190Z
2022-07-04,2022,7,61217785,Pulse1_Total,captis_pulse,BUDERIM,Residential,772308.0,33578.608695652176,33582.0,33577.0,23,2025-12-08T10:18:57.190Z
2022-07-04,2022,7,61217785,Pulse1,captis_pulse,BUDERIM,Residential,1.0,0.043478260869565216,1.0,0.0,23,2025-12-08T10:18:57.190Z
2022-07-04,2022,7,22047833,DeviceTemperature,captis_pulse,BIRTINYA,#N/A,34.76,11.586666666666666,12.56,11.1,3,2025-12-08T10:18:57.190Z
2022-07-04,2022,7,22047833,Battery,captis_pulse,BIRTINYA,#N/A,3.63,3.63,3.63,3.63,1,2025-12-08T10:18:57.190Z
2022-07-04,2022,7,64629928,DeviceTemperature,captis_pulse,BUDERIM,Residential,21.5,10.75,11.4,10.1,2,2025-12-08T10:18:57.190Z
2022-07-04,2022,7,61217785,DeviceTemperature,captis_pulse,BUDERIM,Residential,33.27,11.090000000000002,11.97,10.5,3,2025-12-08T10:18:57.190Z
2022-07-04,2022,7,64629928,Battery,captis_pulse,BUDERIM,Residential,71.072,23.69066666666667,65.0,2.492,3,2025-12-08T10:18:57.190Z
2022-07-04,2022,7,61217785,Battery,captis_pulse,BUDERIM,Residential,80.44800000000001,26.816000000000003,75.0,1.808,3,2025-12-08T10:18:57.190Z
2022-07-06,2022,7,22047833,Pulse1,captis_pulse,BIRTINYA,#N/A,0.0,0.0,0.0,0.0,15,2025-12-08T10:18:57.190Z
2022-07-06,2022,7,65087788,Pulse1,captis_pulse,BUDERIM,Residential,820.0,63.07692307692308,210.0,10.0,13,2025-12-08T10:18:57.190Z
2022-07-06,2022,7,64629928,Pulse1_Total,captis_pulse,BUDERIM,Residential,117900.0,9825.0,9825.0,9825.0,12,2025-12-08T10:18:57.190Z
2022-07-06,2022,7,64629928,Pulse1,captis_pulse,BUDERIM,Residential,0.0,0.0,0.0,0.0,13,2025-12-08T10:18:57.190Z
2022-07-06,2022,7,61217785,Pulse1_Total,captis_pulse,BUDERIM,Residential,606207.0,33678.166666666664,33691.0,33640.0,18,2025-12-08T10:18:57.190Z
2022-07-06,2022,7,61217785,Pulse1,captis_pulse,BUDERIM,Residential,11.0,0.6111111111111112,11.0,0.0,18,2025-12-08T10:18:57.190Z
2022-07-06,2022,7,65087788,DeviceTemperature,captis_pulse,BUDERIM,Residential,19.8,19.8,19.8,19.8,1,2025-12-08T10:18:57.190Z
2022-07-06,2022,7,61217785,DeviceTemperature,captis_pulse,BUDERIM,Residential,20.9,20.9,20.9,20.9,1,2025-12-08T10:18:57.190Z
2022-07-05,2022,7,81985208,Pulse1,captis_pulse,MAROOCHYDORE,Residential,455.0,9.1,90.0,0.0,50,2025-12-08T10:18:57.190Z
2022-07-05,2022,7,61183262,Pulse1_Total,captis_pulse,BUDERIM,Residential,943.0,23.0,23.0,23.0,41,2025-12-08T10:18:57.190Z
2022-07-05,2022,7,61183262,Pulse1,captis_pulse,BUDERIM,Residential,0.0,0.0,0.0,0.0,42,2025-12-08T10:18:57.190Z
2022-07-05,2022,7,65437759,Pulse1,captis_pulse,MAROOCHYDORE,Residential,1180.0,21.454545454545453,90.0,0.0,55,2025-12-08T10:18:57.190Z
2022-07-05,2022,7,65437759,DeviceTemperature,captis_pulse,MAROOCHYDORE,Residential,27.270000000000003,13.635000000000002,14.3,12.97,2,2025-12-08T10:18:57.190Z
2022-07-05,2022,7,61183262,Battery,captis_pulse,BUDERIM,Residential,77.852,25.950666666666667,71.0,3.212,3,2025-12-08T10:18:57.190Z
2022-07-05,2022,7,65437759,Battery,captis_pulse,MAROOCHYDORE,Residential,83.367,27.789,78.0,1.727,3,2025-12-08T10:18:57.190Z
2022-07-05,2022,7,61183262,DeviceTemperature,captis_pulse,BUDERIM,Residential,16.7,16.7,16.7,16.7,1,2025-12-08T10:18:57.190Z
2022-07-05,2022,7,81985208,DeviceTemperature,captis_pulse,MAROOCHYDORE,Residential,15.0,15.0,15.0,15.0,1,2025-12-08T10:18:57.190Z
2022-07-04,2022,7,81985208,Pulse1,captis_pulse,MAROOCHYDORE,Residential,110.0,2.8205128205128207,20.0,0.0,39,2025-12-08T10:18:57.190Z
2022-07-04,2022,7,61183262,Pulse1_Total,captis_pulse,BUDERIM,Residential,529.0,23.0,23.0,23.0,23,2025-12-08T10:18:57.190Z
2022-07-04,2022,7,61183262,Pulse1,captis_pulse,BUDERIM,Residential,0.0,0.0,0.0,0.0,23,2025-12-08T10:18:57.190Z
2022-07-04,2022,7,65437759,Pulse1,captis_pulse,MAROOCHYDORE,Residential,440.0,17.6,80.0,0.0,25,2025-12-08T10:18:57.190Z
2022-07-04,2022,7,81985208,Battery,captis_pulse,MAROOCHYDORE,Residential,71.718,23.906000000000002,66.0,2.078,3,2025-12-08T10:18:57.190Z
2022-07-04,2022,7,61183262,DeviceTemperature,captis_pulse,BUDERIM,Residential,29.6,14.8,14.9,14.7,2,2025-12-08T10:18:57.190Z
2022-07-04,2022,7,65437759,DeviceTemperature,captis_pulse,MAROOCHYDORE,Residential,34.900000000000006,11.633333333333335,12.4,11.2,3,2025-12-08T10:18:57.190Z
2022-07-04,2022,7,65437759,Battery,captis_pulse,MAROOCHYDORE,Residential,75.41,25.136666666666667,70.0,1.77,3,2025-12-08T10:18:57.190Z
2022-07-04,2022,7,81985208,DeviceTemperature,captis_pulse,MAROOCHYDORE,Residential,13.36,13.36,13.36,13.36,1,2025-12-08T10:18:57.190Z
2022-07-06,2022,7,81985208,Pulse1,captis_pulse,MAROOCHYDORE,Residential,205.0,13.666666666666666,65.0,0.0,15,2025-12-08T10:18:57.190Z
2022-07-06,2022,7,61183262,Pulse1_Total,captis_pulse,BUDERIM,Residential,322.0,23.0,23.0,23.0,14,2025-12-08T10:18:57.190Z
2022-07-06,2022,7,61183262,Pulse1,captis_pulse,BUDERIM,Residential,0.0,0.0,0.0,0.0,15,2025-12-08T10:18:57.190Z
2022-07-06,2022,7,81985208,DeviceTemperature,captis_pulse,MAROOCHYDORE,Residential,33.5,33.5,33.5,33.5,1,2025-12-08T10:18:57.190Z
2022-07-06,2022,7,65437759,Pulse1,captis_pulse,MAROOCHYDORE,Residential,630.0,33.1578947368421,140.0,0.0,19,2025-12-08T10:18:57.190Z
2022-07-06,2022,7,61183262,DeviceTemperature,captis_pulse,BUDERIM,Residential,23.1,23.1,23.1,23.1,1,2025-12-08T10:18:57.190Z
2022-07-06,2022,7,65437759,DeviceTemperature,captis_pulse,MAROOCHYDORE,Residential,25.3,25.3,25.3,25.3,1,2025-12-08T10:18:57.190Z
2022-07-05,2022,7,586352,Pulse1,captis_pulse,KULUIN,Residential,203.0,3.759259259259259,55.0,0.0,54,2025-12-08T10:18:57.190Z
2022-07-05,2022,7,60380262,Pulse1,captis_pulse,BUDERIM,Residential,0.0,0.0,0.0,0.0,53,2025-12-08T10:18:57.190Z
2022-07-05,2022,7,281900,Pulse1,captis_pulse,BUDERIM,Residential,83.0,1.6938775510204083,43.0,0.0,49,2025-12-08T10:18:57.190Z
2022-07-05,2022,7,67715754,Pulse1_Total,captis_pulse,BUDERIM,Residential,2694519.0,52833.705882352944,53187.0,52716.0,51,2025-12-08T10:18:57.190Z
2022-07-05,2022,7,67715754,Pulse1,captis_pulse,BUDERIM,Residential,234.0,4.588235294117647,75.0,0.0,51,2025-12-08T10:18:57.190Z
2022-07-05,2022,7,311065,Pulse1,captis_pulse,BUDERIM,Residential,160.0,3.018867924528302,89.0,0.0,53,2025-12-08T10:18:57.190Z
2022-07-05,2022,7,60380262,Pulse1_Total,captis_pulse,BUDERIM,Residential,0.0,0.0,0.0,0.0,52,2025-12-08T10:18:57.190Z
2022-07-05,2022,7,586352,DeviceTemperature,captis_pulse,KULUIN,Residential,27.83,13.915,14.3,13.53,2,2025-12-08T10:18:57.190Z
2022-07-05,2022,7,281900,Battery,captis_pulse,BUDERIM,Residential,77.303,25.767666666666667,72.0,1.663,3,2025-12-08T10:18:57.190Z
2022-07-05,2022,7,67715754,Battery,captis_pulse,BUDERIM,Residential,73.505,24.501666666666665,68.0,1.875,3,2025-12-08T10:18:57.190Z
2022-07-05,2022,7,67715754,DeviceTemperature,captis_pulse,BUDERIM,Residential,26.15,13.075,13.5,12.65,2,2025-12-08T10:18:57.190Z
2022-07-05,2022,7,281900,DeviceTemperature,captis_pulse,BUDERIM,Residential,28.58,14.29,15.1,13.48,2,2025-12-08T10:18:57.190Z
2022-07-05,2022,7,586352,Battery,captis_pulse,KULUIN,Residential,75.383,25.127666666666666,70.0,1.753,3,2025-12-08T10:18:57.190Z
2022-07-05,2022,7,311065,Battery,captis_pulse,BUDERIM,Residential,71.95599999999999,23.98533333333333,66.0,2.326,3,2025-12-08T10:18:57.190Z
2022-07-05,2022,7,311065,DeviceTemperature,captis_pulse,BUDERIM,Residential,13.8,13.8,13.8,13.8,1,2025-12-08T10:18:57.190Z
2022-07-04,2022,7,586352,Pulse1,captis_pulse,KULUIN,Residential,135.0,6.136363636363637,67.0,0.0,22,2025-12-08T10:18:57.190Z
2022-07-04,2022,7,281900,Pulse1,captis_pulse,BUDERIM,Residential,7.0,0.30434782608695654,7.0,0.0,23,2025-12-08T10:18:57.190Z
2022-07-04,2022,7,21672871,Pulse1,captis_pulse,BUDERIM,Non-Residential,8.0,0.8,1.0,0.0,10,2025-12-08T10:18:57.190Z
2022-07-04,2022,7,67715754,Pulse1_Total,captis_pulse,BUDERIM,Residential,1209488.0,52586.434782608696,52714.0,52535.0,23,2025-12-08T10:18:57.190Z
2022-07-04,2022,7,67715754,Pulse1,captis_pulse,BUDERIM,Residential,95.0,4.130434782608695,36.0,0.0,23,2025-12-08T10:18:57.190Z
2022-07-04,2022,7,311065,Pulse1,captis_pulse,BUDERIM,Residential,6.0,0.24,3.0,0.0,25,2025-12-08T10:18:57.190Z
2022-07-04,2022,7,60380262,Pulse1_Total,captis_pulse,BUDERIM,Residential,0.0,0.0,0.0,0.0,25,2025-12-08T10:18:57.190Z
2022-07-04,2022,7,60380262,Pulse1,captis_pulse,BUDERIM,Residential,0.0,0.0,0.0,0.0,25,2025-12-08T10:18:57.190Z
2022-07-04,2022,7,311065,DeviceTemperature,captis_pulse,BUDERIM,Residential,35.19,11.729999999999999,12.59,11.2,3,2025-12-08T10:18:57.190Z
2022-07-04,2022,7,67715754,DeviceTemperature,captis_pulse,BUDERIM,Residential,35.01,11.67,12.61,11.0,3,2025-12-08T10:18:57.190Z
2022-07-04,2022,7,281900,DeviceTemperature,captis_pulse,BUDERIM,Residential,23.5,11.75,12.0,11.5,2,2025-12-08T10:18:57.190Z
2022-07-04,2022,7,586352,DeviceTemperature,captis_pulse,KULUIN,Residential,24.6,12.3,12.9,11.7,2,2025-12-08T10:18:57.190Z
2022-07-04,2022,7,67715754,Battery,captis_pulse,BUDERIM,Residential,73.63,36.815,70.0,3.63,2,2025-12-08T10:18:57.190Z
2022-07-04,2022,7,281900,Battery,captis_pulse,BUDERIM,Residential,1.69,1.69,1.69,1.69,1,2025-12-08T10:18:57.190Z
2022-07-04,2022,7,586352,Battery,captis_pulse,KULUIN,Residential,76.228,25.409333333333333,71.0,1.598,3,2025-12-08T10:18:57.190Z
2022-07-04,2022,7,21672871,DeviceTemperature,captis_pulse,BUDERIM,Non-Residential,31.18,15.59,15.98,15.2,2,2025-12-08T10:18:57.190Z
2022-07-06,2022,7,586352,Pulse1,captis_pulse,KULUIN,Residential,3.0,0.2,2.0,0.0,15,2025-12-08T10:18:57.190Z
2022-07-06,2022,7,281900,Pulse1,captis_pulse,BUDERIM,Residential,17.0,1.3076923076923077,6.0,0.0,13,2025-12-08T10:18:57.190Z
2022-07-06,2022,7,67715754,Pulse1_Total,captis_pulse,BUDERIM,Residential,851795.0,53237.1875,53321.0,53190.0,16,2025-12-08T10:18:57.190Z
2022-07-06,2022,7,67715754,Pulse1,captis_pulse,BUDERIM,Residential,79.0,4.9375,42.0,0.0,16,2025-12-08T10:18:57.190Z
2022-07-06,2022,7,311065,Pulse1,captis_pulse,BUDERIM,Residential,5.0,0.2777777777777778,3.0,0.0,18,2025-12-08T10:18:57.190Z
2022-07-06,2022,7,60380262,Pulse1_Total,captis_pulse,BUDERIM,Residential,0.0,0.0,0.0,0.0,18,2025-12-08T10:18:57.190Z
2022-07-06,2022,7,60380262,Pulse1,captis_pulse,BUDERIM,Residential,0.0,0.0,0.0,0.0,18,2025-12-08T10:18:57.190Z
2022-07-06,2022,7,311065,DeviceTemperature,captis_pulse,BUDERIM,Residential,29.2,29.2,29.2,29.2,1,2025-12-08T10:18:57.190Z
2022-07-06,2022,7,281900,DeviceTemperature,captis_pulse,BUDERIM,Residential,33.0,33.0,33.0,33.0,1,2025-12-08T10:18:57.190Z
2022-07-05,2022,7,55775,Pulse1,captis_pulse,MAROOCHYDORE,Residential,0.0,0.0,0.0,0.0,51,2025-12-08T10:18:57.190Z
2022-07-05,2022,7,55775,Battery,captis_pulse,MAROOCHYDORE,Residential,2.039,2.039,2.039,2.039,1,2025-12-08T10:18:57.190Z
2022-07-05,2022,7,55775,DeviceTemperature,captis_pulse,MAROOCHYDORE,Residential,18.1,18.1,18.1,18.1,1,2025-12-08T10:18:57.190Z
2022-07-04,2022,7,55775,Pulse1,captis_pulse,MAROOCHYDORE,Residential,0.0,0.0,0.0,0.0,24,2025-12-08T10:18:57.190Z
2022-07-04,2022,7,55775,DeviceTemperature,captis_pulse,MAROOCHYDORE,Residential,53.36,17.786666666666665,18.26,17.4,3,2025-12-08T10:18:57.190Z
2022-07-04,2022,7,55775,Battery,captis_pulse,MAROOCHYDORE,Residential,1.978,1.978,1.978,1.978,1,2025-12-08T10:18:57.190Z
2022-07-06,2022,7,55775,Pulse1,captis_pulse,MAROOCHYDORE,Residential,0.0,0.0,0.0,0.0,17,2025-12-08T10:18:57.190Z
2022-07-05,2022,7,64254,Pulse1,captis_pulse,BUDERIM,Residential,108.0,1.8305084745762712,28.0,0.0,59,2025-12-08T10:18:57.190Z
2022-07-05,2022,7,64254,Battery,captis_pulse,BUDERIM,Residential,74.292,24.764,69.0,1.652,3,2025-12-08T10:18:57.190Z
2022-07-05,2022,7,64254,DeviceTemperature,captis_pulse,BUDERIM,Residential,14.8,14.8,14.8,14.8,1,2025-12-08T10:18:57.190Z
2022-07-04,2022,7,64254,Pulse1,captis_pulse,BUDERIM,Residential,106.0,4.818181818181818,44.0,0.0,22,2025-12-08T10:18:57.190Z
2022-07-04,2022,7,64254,DeviceTemperature,captis_pulse,BUDERIM,Residential,12.1,12.1,12.1,12.1,1,2025-12-08T10:18:57.190Z
2022-07-04,2022,7,64254,Battery,captis_pulse,BUDERIM,Residential,75.273,25.090999999999998,70.0,1.633,3,2025-12-08T10:18:57.190Z
2022-07-06,2022,7,64254,Pulse1,captis_pulse,BUDERIM,Residential,102.0,6.0,32.0,0.0,17,2025-12-08T10:18:57.190Z
2022-07-05,2022,7,61506145,Pulse1_Total,captis_pulse,BUDERIM,Non-Residential,1715526.0,34310.52,34395.0,34137.0,50,2025-12-08T10:18:57.190Z
2022-07-05,2022,7,61506145,Pulse1,captis_pulse,BUDERIM,Non-Residential,101.0,2.02,35.0,0.0,50,2025-12-08T10:18:57.190Z
2022-07-05,2022,7,65061787,Pulse1,captis_pulse,BUDERIM,Residential,1110.0,17.34375,100.0,0.0,64,2025-12-08T10:18:57.190Z
2022-07-05,2022,7,21268559,Pulse1,captis_pulse,ALBANY CREEK,Non-Residential,0.0,0.0,0.0,0.0,50,2025-12-08T10:18:57.190Z
2022-07-05,2022,7,65061787,DeviceTemperature,captis_pulse,BUDERIM,Residential,25.87,12.935,13.4,12.47,2,2025-12-08T10:18:57.190Z
2022-07-05,2022,7,21268559,DeviceTemperature,captis_pulse,ALBANY CREEK,Non-Residential,27.86,13.93,14.5,13.36,2,2025-12-08T10:18:57.190Z
2022-07-05,2022,7,21268559,Battery,captis_pulse,ALBANY CREEK,Non-Residential,3.64,3.64,3.64,3.64,1,2025-12-08T10:18:57.190Z
2022-07-05,2022,7,61506145,DeviceTemperature,captis_pulse,BUDERIM,Non-Residential,14.71,14.71,14.71,14.71,1,2025-12-08T10:18:57.190Z
2022-07-05,2022,7,65061787,Battery,captis_pulse,BUDERIM,Residential,72.562,24.18733333333333,67.0,1.922,3,2025-12-08T10:18:57.190Z
2022-07-04,2022,7,61506145,Pulse1_Total,captis_pulse,BUDERIM,Non-Residential,784734.0,34118.86956521739,34122.0,34118.0,23,2025-12-08T10:18:57.190Z
2022-07-04,2022,7,61506145,Pulse1,captis_pulse,BUDERIM,Non-Residential,3.0,0.13043478260869565,1.0,0.0,23,2025-12-08T10:18:57.190Z
2022-07-04,2022,7,65061787,Pulse1,captis_pulse,BUDERIM,Residential,450.0,20.454545454545453,90.0,0.0,22,2025-12-08T10:18:57.190Z
2022-07-04,2022,7,21268559,Pulse1,captis_pulse,ALBANY CREEK,Non-Residential,0.0,0.0,0.0,0.0,21,2025-12-08T10:18:57.190Z
2022-07-04,2022,7,585501,Pulse1,captis_pulse,BUDERIM,Residential,10.0,1.1111111111111112,7.0,0.0,9,2025-12-08T10:18:57.190Z
2022-07-04,2022,7,21268559,DeviceTemperature,captis_pulse,ALBANY CREEK,Non-Residential,11.5,11.5,11.5,11.5,1,2025-12-08T10:18:57.190Z
2022-07-04,2022,7,61506145,DeviceTemperature,captis_pulse,BUDERIM,Non-Residential,29.119999999999997,14.559999999999999,15.02,14.1,2,2025-12-08T10:18:57.190Z
2022-07-04,2022,7,65061787,Battery,captis_pulse,BUDERIM,Residential,64.532,21.510666666666665,59.0,1.892,3,2025-12-08T10:18:57.190Z
2022-07-04,2022,7,65061787,DeviceTemperature,captis_pulse,BUDERIM,Residential,11.75,11.75,11.75,11.75,1,2025-12-08T10:18:57.190Z
2022-07-04,2022,7,21268559,Battery,captis_pulse,ALBANY CREEK,Non-Residential,3.63,3.63,3.63,3.63,1,2025-12-08T10:18:57.190Z
2022-07-06,2022,7,61506145,Pulse1_Total,captis_pulse,BUDERIM,Non-Residential,550406.0,34400.375,34416.0,34396.0,16,2025-12-08T10:18:57.190Z
2022-07-06,2022,7,61506145,Pulse1,captis_pulse,BUDERIM,Non-Residential,5.0,0.3125,1.0,0.0,16,2025-12-08T10:18:57.190Z
2022-07-06,2022,7,65061787,Pulse1,captis_pulse,BUDERIM,Residential,405.0,27.0,90.0,0.0,15,2025-12-08T10:18:57.190Z
2022-07-06,2022,7,21268559,Pulse1,captis_pulse,ALBANY CREEK,Non-Residential,0.0,0.0,0.0,0.0,15,2025-12-08T10:18:57.190Z
2022-07-06,2022,7,65061787,DeviceTemperature,captis_pulse,BUDERIM,Residential,25.6,25.6,25.6,25.6,1,2025-12-08T10:18:57.190Z
2022-07-05,2022,7,82308,Pulse1,captis_pulse,BUDERIM,Residential,114.0,2.235294117647059,83.0,0.0,51,2025-12-08T10:18:57.190Z
2022-07-05,2022,7,61149604,Pulse1_Total,captis_pulse,BUDERIM,Residential,5380312.0,91191.72881355933,91392.0,90945.0,59,2025-12-08T10:18:57.190Z
2022-07-05,2022,7,61149604,Pulse1,captis_pulse,BUDERIM,Residential,353.0,5.983050847457627,54.0,0.0,59,2025-12-08T10:18:57.190Z
2022-07-05,2022,7,27713072,Pulse1,captis_pulse,MAROOCHYDORE,#N/A,1600.0,32.0,100.0,0.0,50,2025-12-08T10:18:57.190Z
2022-07-05,2022,7,61234352,Pulse1_Total,captis_pulse,BUDERIM,Residential,1519.0,31.0,31.0,31.0,49,2025-12-08T10:18:57.190Z
2022-07-05,2022,7,61234352,Pulse1,captis_pulse,BUDERIM,Residential,0.0,0.0,0.0,0.0,50,2025-12-08T10:18:57.190Z
2022-07-05,2022,7,64631110,Pulse1,captis_pulse,MAROOCHYDORE,Residential,4140.0,70.16949152542372,320.0,0.0,59,2025-12-08T10:18:57.190Z
2022-07-05,2022,7,583492,Pulse1,captis_pulse,KULUIN,Residential,161.0,3.22,20.0,0.0,50,2025-12-08T10:18:57.190Z
2022-07-05,2022,7,100133,Pulse1,captis_pulse,BUDERIM,Residential,292.0,5.84,58.0,0.0,50,2025-12-08T10:18:57.190Z
2022-07-05,2022,7,60193584,Pulse1_Total,captis_pulse,BUDERIM,Residential,0.0,0.0,0.0,0.0,53,2025-12-08T10:18:57.190Z
2022-07-05,2022,7,60193584,Pulse1,captis_pulse,BUDERIM,Residential,0.0,0.0,0.0,0.0,53,2025-12-08T10:18:57.190Z
2022-07-05,2022,7,61149604,DeviceTemperature,captis_pulse,BUDERIM,Residential,25.22,12.61,13.1,12.12,2,2025-12-08T10:18:57.190Z
2022-07-05,2022,7,60193584,DeviceTemperature,captis_pulse,BUDERIM,Residential,26.439999999999998,13.219999999999999,13.6,12.84,2,2025-12-08T10:18:57.190Z
2022-07-05,2022,7,100133,Battery,captis_pulse,BUDERIM,Residential,74.35900000000001,24.786333333333335,69.0,1.739,3,2025-12-08T10:18:57.190Z
2022-07-05,2022,7,27713072,DeviceTemperature,captis_pulse,MAROOCHYDORE,#N/A,29.32,14.66,15.2,14.12,2,2025-12-08T10:18:57.190Z
2022-07-05,2022,7,64631110,Battery,captis_pulse,MAROOCHYDORE,Residential,73.369,24.456333333333333,68.0,1.719,3,2025-12-08T10:18:57.190Z
2022-07-05,2022,7,27713072,Battery,captis_pulse,MAROOCHYDORE,#N/A,72.409,24.136333333333337,67.0,1.769,3,2025-12-08T10:18:57.190Z
2022-07-05,2022,7,61234352,Battery,captis_pulse,BUDERIM,Residential,74.37100000000001,24.790333333333336,69.0,1.721,3,2025-12-08T10:18:57.190Z
2022-07-05,2022,7,583492,Battery,captis_pulse,KULUIN,Residential,74.35799999999999,24.785999999999998,69.0,1.728,3,2025-12-08T10:18:57.190Z
2022-07-05,2022,7,61234352,DeviceTemperature,captis_pulse,BUDERIM,Residential,25.93,12.965,13.4,12.53,2,2025-12-08T10:18:57.190Z
2022-07-05,2022,7,583492,DeviceTemperature,captis_pulse,KULUIN,Residential,27.91,13.955,14.5,13.41,2,2025-12-08T10:18:57.190Z
2022-07-05,2022,7,82308,Battery,captis_pulse,BUDERIM,Residential,78.329,26.109666666666666,73.0,1.689,3,2025-12-08T10:18:57.190Z
2022-07-05,2022,7,61149604,Battery,captis_pulse,BUDERIM,Residential,3.62,3.62,3.62,3.62,1,2025-12-08T10:18:57.190Z
2022-07-05,2022,7,82308,DeviceTemperature,captis_pulse,BUDERIM,Residential,28.8,14.4,15.0,13.8,2,2025-12-08T10:18:57.190Z
2022-07-05,2022,7,64631110,DeviceTemperature,captis_pulse,MAROOCHYDORE,Residential,14.6,14.6,14.6,14.6,1,2025-12-08T10:18:57.190Z
2022-07-05,2022,7,100133,DeviceTemperature,captis_pulse,BUDERIM,Residential,15.3,15.3,15.3,15.3,1,2025-12-08T10:18:57.190Z
2022-07-05,2022,7,60193584,Battery,captis_pulse,BUDERIM,Residential,3.62,3.62,3.62,3.62,1,2025-12-08T10:18:57.190Z
2022-07-04,2022,7,60193584,Pulse1_Total,captis_pulse,BUDERIM,Residential,0.0,0.0,0.0,0.0,25,2025-12-08T10:18:57.190Z
2022-07-04,2022,7,60193584,Pulse1,captis_pulse,BUDERIM,Residential,0.0,0.0,0.0,0.0,25,2025-12-08T10:18:57.190Z
2022-07-04,2022,7,61149604,Pulse1_Total,captis_pulse,BUDERIM,Residential,2089140.0,90832.17391304347,90938.0,90791.0,23,2025-12-08T10:18:57.190Z
2022-07-04,2022,7,61149604,Pulse1,captis_pulse,BUDERIM,Residential,57.0,2.4782608695652173,14.0,0.0,23,2025-12-08T10:18:57.190Z
2022-07-04,2022,7,82308,Pulse1,captis_pulse,BUDERIM,Residential,1.0,0.043478260869565216,1.0,0.0,23,2025-12-08T10:18:57.190Z
2022-07-04,2022,7,27713072,Pulse1,captis_pulse,MAROOCHYDORE,#N/A,200.0,8.333333333333334,100.0,0.0,24,2025-12-08T10:18:57.190Z
2022-07-04,2022,7,61234352,Pulse1_Total,captis_pulse,BUDERIM,Residential,651.0,31.0,31.0,31.0,21,2025-12-08T10:18:57.190Z
2022-07-04,2022,7,61234352,Pulse1,captis_pulse,BUDERIM,Residential,0.0,0.0,0.0,0.0,21,2025-12-08T10:18:57.190Z
2022-07-04,2022,7,583492,Pulse1,captis_pulse,KULUIN,Residential,98.0,3.0625,40.0,0.0,32,2025-12-08T10:18:57.190Z
2022-07-04,2022,7,64631110,Pulse1,captis_pulse,MAROOCHYDORE,Residential,1550.0,70.45454545454545,270.0,0.0,22,2025-12-08T10:18:57.190Z
2022-07-04,2022,7,100133,Pulse1,captis_pulse,BUDERIM,Residential,166.0,7.217391304347826,76.0,0.0,23,2025-12-08T10:18:57.190Z
2022-07-04,2022,7,27713072,DeviceTemperature,captis_pulse,MAROOCHYDORE,#N/A,38.86,12.953333333333333,13.96,12.3,3,2025-12-08T10:18:57.190Z
2022-07-04,2022,7,100133,Battery,captis_pulse,BUDERIM,Residential,75.757,25.252333333333336,70.0,2.137,3,2025-12-08T10:18:57.190Z
2022-07-04,2022,7,60193584,DeviceTemperature,captis_pulse,BUDERIM,Residential,11.7,11.7,11.7,11.7,1,2025-12-08T10:18:57.190Z
2022-07-04,2022,7,61234352,DeviceTemperature,captis_pulse,BUDERIM,Residential,22.97,11.485,12.17,10.8,2,2025-12-08T10:18:57.190Z
2022-07-04,2022,7,61149604,DeviceTemperature,captis_pulse,BUDERIM,Residential,33.370000000000005,11.123333333333335,12.07,10.5,3,2025-12-08T10:18:57.190Z
2022-07-04,2022,7,61234352,Battery,captis_pulse,BUDERIM,Residential,74.32000000000001,24.773333333333337,69.0,1.67,3,2025-12-08T10:18:57.190Z
2022-07-04,2022,7,583492,Battery,captis_pulse,KULUIN,Residential,71.253,23.751,66.0,1.623,3,2025-12-08T10:18:57.190Z
2022-07-04,2022,7,583492,DeviceTemperature,captis_pulse,KULUIN,Residential,24.8,12.4,12.9,11.9,2,2025-12-08T10:18:57.190Z
2022-07-06,2022,7,61149604,Pulse1_Total,captis_pulse,BUDERIM,Residential,1192660.0,91743.07692307692,92033.0,91530.0,13,2025-12-08T10:18:57.190Z
2022-07-06,2022,7,61149604,Pulse1,captis_pulse,BUDERIM,Residential,126.0,9.692307692307692,50.0,0.0,13,2025-12-08T10:18:57.190Z
2022-07-06,2022,7,82308,Pulse1,captis_pulse,BUDERIM,Residential,2.0,0.15384615384615385,1.0,0.0,13,2025-12-08T10:18:57.190Z
2022-07-06,2022,7,27713072,Pulse1,captis_pulse,MAROOCHYDORE,#N/A,800.0,61.53846153846154,100.0,0.0,13,2025-12-08T10:18:57.190Z
2022-07-06,2022,7,61234352,Pulse1_Total,captis_pulse,BUDERIM,Residential,403.0,31.0,31.0,31.0,13,2025-12-08T10:18:57.190Z
2022-07-06,2022,7,61234352,Pulse1,captis_pulse,BUDERIM,Residential,0.0,0.0,0.0,0.0,14,2025-12-08T10:18:57.190Z
2022-07-06,2022,7,583492,Pulse1,captis_pulse,KULUIN,Residential,107.0,7.642857142857143,32.0,0.0,14,2025-12-08T10:18:57.190Z
2022-07-06,2022,7,64631110,Pulse1,captis_pulse,MAROOCHYDORE,Residential,1250.0,83.33333333333333,230.0,20.0,15,2025-12-08T10:18:57.190Z
2022-07-06,2022,7,100133,Pulse1,captis_pulse,BUDERIM,Residential,117.0,6.882352941176471,103.0,0.0,17,2025-12-08T10:18:57.190Z
2022-07-06,2022,7,60193584,Pulse1_Total,captis_pulse,BUDERIM,Residential,0.0,0.0,0.0,0.0,17,2025-12-08T10:18:57.190Z
2022-07-06,2022,7,60193584,Pulse1,captis_pulse,BUDERIM,Residential,0.0,0.0,0.0,0.0,18,2025-12-08T10:18:57.190Z
2022-07-06,2022,7,61234352,DeviceTemperature,captis_pulse,BUDERIM,Residential,30.7,30.7,30.7,30.7,1,2025-12-08T10:18:57.190Z
2022-07-06,2022,7,60193584,DeviceTemperature,captis_pulse,BUDERIM,Residential,17.3,17.3,17.3,17.3,1,2025-12-08T10:18:57.190Z
2022-07-05,2022,7,22609922,Pulse1,captis_pulse,NORTH LAKES,Non-Residential,1600.0,32.0,1100.0,0.0,50,2025-12-08T10:18:57.190Z
2022-07-05,2022,7,331010,Pulse1,captis_pulse,BUDERIM,Residential,427.0,8.372549019607844,85.0,0.0,51,2025-12-08T10:18:57.190Z
2022-07-05,2022,7,60233046,Pulse1_Total,captis_pulse,BUDERIM,Residential,0.0,0.0,0.0,0.0,53,2025-12-08T10:18:57.190Z
2022-07-05,2022,7,60233046,Pulse1,captis_pulse,BUDERIM,Residential,0.0,0.0,0.0,0.0,53,2025-12-08T10:18:57.190Z
2022-07-05,2022,7,590071,Pulse1,captis_pulse,BUDERIM,Residential,318.0,6.235294117647059,60.0,0.0,51,2025-12-08T10:18:57.190Z
2022-07-05,2022,7,273581,Pulse1,captis_pulse,MAROOCHYDORE,Residential,328.0,6.56,155.0,0.0,50,2025-12-08T10:18:57.190Z
2022-07-05,2022,7,22609922,DeviceTemperature,captis_pulse,NORTH LAKES,Non-Residential,28.39,14.195,14.6,13.79,2,2025-12-08T10:18:57.190Z
2022-07-05,2022,7,331010,DeviceTemperature,captis_pulse,BUDERIM,Residential,27.8,13.9,14.4,13.4,2,2025-12-08T10:18:57.190Z
2022-07-05,2022,7,273581,Battery,captis_pulse,MAROOCHYDORE,Residential,73.86,24.62,67.0,3.24,3,2025-12-08T10:18:57.190Z
2022-07-05,2022,7,590071,DeviceTemperature,captis_pulse,BUDERIM,Residential,27.28,13.64,14.1,13.18,2,2025-12-08T10:18:57.190Z
2022-07-05,2022,7,60233046,DeviceTemperature,captis_pulse,BUDERIM,Residential,27.0,13.5,14.1,12.9,2,2025-12-08T10:18:57.190Z
2022-07-05,2022,7,590071,Battery,captis_pulse,BUDERIM,Residential,71.37599999999999,23.791999999999998,66.0,1.746,3,2025-12-08T10:18:57.190Z
2022-07-05,2022,7,60233046,Battery,captis_pulse,BUDERIM,Residential,3.63,3.63,3.63,3.63,1,2025-12-08T10:18:57.190Z
2022-07-05,2022,7,22609922,Battery,captis_pulse,NORTH LAKES,Non-Residential,69.64,34.82,66.0,3.64,2,2025-12-08T10:18:57.190Z
2022-07-05,2022,7,331010,Battery,captis_pulse,BUDERIM,Residential,76.312,25.43733333333333,71.0,1.672,3,2025-12-08T10:18:57.190Z
2022-07-05,2022,7,273581,DeviceTemperature,captis_pulse,MAROOCHYDORE,Residential,16.5,16.5,16.5,16.5,1,2025-12-08T10:18:57.190Z
2022-07-04,2022,7,22609922,Pulse1,captis_pulse,NORTH LAKES,Non-Residential,0.0,0.0,0.0,0.0,22,2025-12-08T10:18:57.190Z
2022-07-04,2022,7,331010,Pulse1,captis_pulse,BUDERIM,Residential,112.0,5.333333333333333,46.0,0.0,21,2025-12-08T10:18:57.190Z
2022-07-04,2022,7,60233046,Pulse1_Total,captis_pulse,BUDERIM,Residential,0.0,0.0,0.0,0.0,24,2025-12-08T10:18:57.190Z
2022-07-04,2022,7,60233046,Pulse1,captis_pulse,BUDERIM,Residential,0.0,0.0,0.0,0.0,24,2025-12-08T10:18:57.190Z
2022-07-04,2022,7,590071,Pulse1,captis_pulse,BUDERIM,Residential,113.0,5.136363636363637,58.0,0.0,22,2025-12-08T10:18:57.190Z
2022-07-04,2022,7,273581,Pulse1,captis_pulse,MAROOCHYDORE,Residential,74.0,3.3636363636363638,56.0,0.0,22,2025-12-08T10:18:57.190Z
2022-07-04,2022,7,273581,DeviceTemperature,captis_pulse,MAROOCHYDORE,Residential,14.1,14.1,14.1,14.1,1,2025-12-08T10:18:57.190Z
2022-07-04,2022,7,331010,DeviceTemperature,captis_pulse,BUDERIM,Residential,11.5,11.5,11.5,11.5,1,2025-12-08T10:18:57.190Z
2022-07-04,2022,7,273581,Battery,captis_pulse,MAROOCHYDORE,Residential,74.98,24.993333333333336,68.0,3.36,3,2025-12-08T10:18:57.190Z
2022-07-04,2022,7,22609922,DeviceTemperature,captis_pulse,NORTH LAKES,Non-Residential,25.380000000000003,12.690000000000001,13.58,11.8,2,2025-12-08T10:18:57.190Z
2022-07-04,2022,7,22609922,Battery,captis_pulse,NORTH LAKES,Non-Residential,66.64,33.32,63.0,3.64,2,2025-12-08T10:18:57.190Z
2022-07-04,2022,7,331010,Battery,captis_pulse,BUDERIM,Residential,76.275,25.425,71.0,1.635,3,2025-12-08T10:18:57.190Z
2022-07-04,2022,7,590071,DeviceTemperature,captis_pulse,BUDERIM,Residential,22.9,11.45,11.6,11.3,2,2025-12-08T10:18:57.190Z
2022-07-04,2022,7,60233046,DeviceTemperature,captis_pulse,BUDERIM,Residential,12.31,12.31,12.31,12.31,1,2025-12-08T10:18:57.190Z
2022-07-04,2022,7,590071,Battery,captis_pulse,BUDERIM,Residential,72.63,36.315,69.0,3.63,2,2025-12-08T10:18:57.190Z
2022-07-06,2022,7,22609922,Pulse1,captis_pulse,NORTH LAKES,Non-Residential,300.0,20.0,300.0,0.0,15,2025-12-08T10:18:57.190Z
2022-07-06,2022,7,331010,Pulse1,captis_pulse,BUDERIM,Residential,65.0,4.333333333333333,41.0,0.0,15,2025-12-08T10:18:57.190Z
2022-07-06,2022,7,60233046,Pulse1_Total,captis_pulse,BUDERIM,Residential,0.0,0.0,0.0,0.0,13,2025-12-08T10:18:57.190Z
2022-07-06,2022,7,60233046,Pulse1,captis_pulse,BUDERIM,Residential,0.0,0.0,0.0,0.0,13,2025-12-08T10:18:57.190Z
2022-07-06,2022,7,590071,Pulse1,captis_pulse,BUDERIM,Residential,59.0,4.538461538461538,37.0,0.0,13,2025-12-08T10:18:57.190Z
2022-07-06,2022,7,273581,Pulse1,captis_pulse,MAROOCHYDORE,Residential,186.0,11.625,60.0,0.0,16,2025-12-08T10:18:57.190Z
2022-07-06,2022,7,22609922,DeviceTemperature,captis_pulse,NORTH LAKES,Non-Residential,27.0,27.0,27.0,27.0,1,2025-12-08T10:18:57.190Z
2022-07-05,2022,7,65061775,Pulse1,captis_pulse,BUDERIM,Non-Residential,710.0,14.489795918367347,110.0,0.0,49,2025-12-08T10:18:57.190Z
2022-07-05,2022,7,62364325,Pulse1,captis_pulse,BUDERIM,Residential,283.0,5.66,56.0,0.0,50,2025-12-08T10:18:57.190Z
2022-07-05,2022,7,2719,Pulse1,captis_pulse,BUDERIM,Residential,291.0,5.490566037735849,53.0,2.0,53,2025-12-08T10:18:57.190Z
2022-07-05,2022,7,60193437,Pulse1_Total,captis_pulse,BUDERIM,Residential,264781.0,4903.351851851852,4915.0,4895.0,54,2025-12-08T10:18:57.190Z
2022-07-05,2022,7,60193437,Pulse1,captis_pulse,BUDERIM,Residential,11.0,0.2037037037037037,1.0,0.0,54,2025-12-08T10:18:57.190Z
2022-07-05,2022,7,81966067,Pulse1,captis_pulse,MAROOCHYDORE,Non-Residential,0.0,0.0,0.0,0.0,29,2025-12-08T10:18:57.190Z
2022-07-05,2022,7,65061775,DeviceTemperature,captis_pulse,BUDERIM,Non-Residential,25.6,12.8,13.2,12.4,2,2025-12-08T10:18:57.190Z
2022-07-05,2022,7,81966067,DeviceTemperature,captis_pulse,MAROOCHYDORE,Non-Residential,13.2,13.2,13.2,13.2,1,2025-12-08T10:18:57.190Z
2022-07-05,2022,7,65061775,Battery,captis_pulse,BUDERIM,Non-Residential,71.587,23.862333333333336,66.0,1.947,3,2025-12-08T10:18:57.190Z
2022-07-05,2022,7,62364325,DeviceTemperature,captis_pulse,BUDERIM,Residential,13.39,13.39,13.39,13.39,1,2025-12-08T10:18:57.190Z
2022-07-05,2022,7,60193437,DeviceTemperature,captis_pulse,BUDERIM,Residential,27.259999999999998,13.629999999999999,14.4,12.86,2,2025-12-08T10:18:57.190Z
2022-07-05,2022,7,62364325,Battery,captis_pulse,BUDERIM,Residential,72.402,24.134,67.0,1.772,3,2025-12-08T10:18:57.190Z
2022-07-05,2022,7,60193437,Battery,captis_pulse,BUDERIM,Residential,138.723,34.68075,69.0,3.113,4,2025-12-08T10:18:57.190Z
2022-07-05,2022,7,2719,DeviceTemperature,captis_pulse,BUDERIM,Residential,14.0,14.0,14.0,14.0,1,2025-12-08T10:18:57.190Z
2022-07-05,2022,7,81966067,Battery,captis_pulse,MAROOCHYDORE,Non-Residential,72.64,36.32,69.0,3.64,2,2025-12-08T10:18:57.190Z
2022-07-04,2022,7,2719,Pulse1,captis_pulse,BUDERIM,Residential,83.0,2.8620689655172415,9.0,2.0,29,2025-12-08T10:18:57.190Z
2022-07-04,2022,7,81966067,Pulse1,captis_pulse,MAROOCHYDORE,Non-Residential,0.0,0.0,0.0,0.0,25,2025-12-08T10:18:57.190Z
2022-07-04,2022,7,65061775,Pulse1,captis_pulse,BUDERIM,Non-Residential,70.0,2.0588235294117645,40.0,0.0,34,2025-12-08T10:18:57.190Z
2022-07-04,2022,7,62364325,Pulse1,captis_pulse,BUDERIM,Residential,225.0,10.227272727272727,78.0,0.0,22,2025-12-08T10:18:57.190Z
2022-07-04,2022,7,60193437,Pulse1_Total,captis_pulse,BUDERIM,Residential,117480.0,4895.0,4895.0,4895.0,24,2025-12-08T10:18:57.190Z
2022-07-04,2022,7,60193437,Pulse1,captis_pulse,BUDERIM,Residential,0.0,0.0,0.0,0.0,24,2025-12-08T10:18:57.190Z
2022-07-04,2022,7,2719,Battery,captis_pulse,BUDERIM,Residential,41.413000000000004,13.804333333333334,34.0,3.64,3,2025-12-08T10:18:57.190Z
2022-07-04,2022,7,60193437,DeviceTemperature,captis_pulse,BUDERIM,Residential,12.0,12.0,12.0,12.0,1,2025-12-08T10:18:57.190Z
2022-07-04,2022,7,2719,DeviceTemperature,captis_pulse,BUDERIM,Residential,36.81,12.270000000000001,13.41,11.4,3,2025-12-08T10:18:57.190Z
2022-07-04,2022,7,62364325,DeviceTemperature,captis_pulse,BUDERIM,Residential,37.29,12.43,13.39,11.8,3,2025-12-08T10:18:57.190Z
2022-07-04,2022,7,65061775,Battery,captis_pulse,BUDERIM,Non-Residential,75.35799999999999,25.11933333333333,70.0,1.728,3,2025-12-08T10:18:57.190Z
2022-07-04,2022,7,65061775,DeviceTemperature,captis_pulse,BUDERIM,Non-Residential,35.379999999999995,11.793333333333331,12.98,11.2,3,2025-12-08T10:18:57.190Z
2022-07-04,2022,7,81966067,DeviceTemperature,captis_pulse,MAROOCHYDORE,Non-Residential,11.4,11.4,11.4,11.4,1,2025-12-08T10:18:57.190Z
2022-07-04,2022,7,60193437,Battery,captis_pulse,BUDERIM,Residential,133.258,33.3145,63.0,3.61,4,2025-12-08T10:18:57.190Z
2022-07-06,2022,7,65061775,Pulse1,captis_pulse,BUDERIM,Non-Residential,310.0,20.666666666666668,80.0,0.0,15,2025-12-08T10:18:57.190Z
2022-07-06,2022,7,62364325,Pulse1,captis_pulse,BUDERIM,Residential,302.0,20.133333333333333,95.0,0.0,15,2025-12-08T10:18:57.190Z
2022-07-06,2022,7,2719,Pulse1,captis_pulse,BUDERIM,Residential,256.0,14.222222222222221,71.0,1.0,18,2025-12-08T10:18:57.190Z
2022-07-06,2022,7,60193437,Pulse1_Total,captis_pulse,BUDERIM,Residential,93477.0,4919.8421052631575,4925.0,4916.0,19,2025-12-08T10:18:57.190Z
2022-07-06,2022,7,60193437,Pulse1,captis_pulse,BUDERIM,Residential,5.0,0.2631578947368421,1.0,0.0,19,2025-12-08T10:18:57.190Z
2022-07-06,2022,7,81966067,Pulse1,captis_pulse,MAROOCHYDORE,Non-Residential,0.0,0.0,0.0,0.0,5,2025-12-08T10:18:57.190Z
2022-07-06,2022,7,60193437,DeviceTemperature,captis_pulse,BUDERIM,Residential,18.3,18.3,18.3,18.3,1,2025-12-08T10:18:57.190Z
2022-07-06,2022,7,2719,DeviceTemperature,captis_pulse,BUDERIM,Residential,22.6,22.6,22.6,22.6,1,2025-12-08T10:18:57.190Z
2022-07-05,2022,7,602993,Pulse1,captis_pulse,KULUIN,Residential,326.0,6.52,135.0,0.0,50,2025-12-08T10:18:57.190Z
2022-07-05,2022,7,59451,Pulse1,captis_pulse,MAROOCHYDORE,Residential,0.0,0.0,0.0,0.0,53,2025-12-08T10:18:57.190Z
2022-07-05,2022,7,61487282,Pulse1_Total,captis_pulse,BUDERIM,Residential,1674.0,31.0,31.0,31.0,54,2025-12-08T10:18:57.190Z
2022-07-05,2022,7,61487282,Pulse1,captis_pulse,BUDERIM,Residential,0.0,0.0,0.0,0.0,54,2025-12-08T10:18:57.190Z
2022-07-05,2022,7,602993,DeviceTemperature,captis_pulse,KULUIN,Residential,28.66,14.33,14.9,13.76,2,2025-12-08T10:18:57.190Z
2022-07-05,2022,7,27446324,Pulse1,captis_pulse,MAROOCHYDORE,Non-Residential,40900.0,801.9607843137255,2300.0,0.0,51,2025-12-08T10:18:57.190Z
2022-07-05,2022,7,22449402,Pulse1,captis_pulse,BIRTINYA,#N/A,51200.0,867.7966101694915,2000.0,0.0,59,2025-12-08T10:18:57.190Z
2022-07-05,2022,7,62365672,Pulse1,captis_pulse,BUDERIM,Residential,645.0,12.647058823529411,66.0,8.0,51,2025-12-08T10:18:57.190Z
2022-07-05,2022,7,61231936,Pulse1_Total,captis_pulse,BUDERIM,Residential,5542344.0,93938.03389830509,93995.0,93719.0,59,2025-12-08T10:18:57.190Z
2022-07-05,2022,7,61231936,Pulse1,captis_pulse,BUDERIM,Residential,204.0,3.457627118644068,63.0,0.0,59,2025-12-08T10:18:57.190Z
2022-07-05,2022,7,45135069,Pulse1_Total,captis_pulse,MOUNTAIN CREEK,Residential,2745561.0,54911.22,54923.0,54902.0,50,2025-12-08T10:18:57.190Z
2022-07-05,2022,7,45135069,Pulse1,captis_pulse,MOUNTAIN CREEK,Residential,12.0,0.24,1.0,0.0,50,2025-12-08T10:18:57.190Z
2022-07-05,2022,7,59451,DeviceTemperature,captis_pulse,MAROOCHYDORE,Residential,34.91,17.455,17.7,17.21,2,2025-12-08T10:18:57.190Z
2022-07-05,2022,7,61487282,DeviceTemperature,captis_pulse,BUDERIM,Residential,14.95,14.95,14.95,14.95,1,2025-12-08T10:18:57.190Z
2022-07-05,2022,7,27446324,Battery,captis_pulse,MAROOCHYDORE,Non-Residential,3.64,3.64,3.64,3.64,1,2025-12-08T10:18:57.190Z
2022-07-05,2022,7,61231936,DeviceTemperature,captis_pulse,BUDERIM,Residential,25.66,12.83,13.7,11.96,2,2025-12-08T10:18:57.190Z
2022-07-05,2022,7,45135069,Battery,captis_pulse,MOUNTAIN CREEK,Residential,70.372,23.457333333333334,65.0,1.732,3,2025-12-08T10:18:57.190Z
2022-07-05,2022,7,45135069,DeviceTemperature,captis_pulse,MOUNTAIN CREEK,Residential,27.79,13.895,14.8,12.99,2,2025-12-08T10:18:57.190Z
2022-07-05,2022,7,62365672,DeviceTemperature,captis_pulse,BUDERIM,Residential,12.51,12.51,12.51,12.51,1,2025-12-08T10:18:57.190Z
2022-07-05,2022,7,61231936,Battery,captis_pulse,BUDERIM,Residential,3.6,3.6,3.6,3.6,1,2025-12-08T10:18:57.190Z
2022-07-05,2022,7,22449402,DeviceTemperature,captis_pulse,BIRTINYA,#N/A,27.740000000000002,13.870000000000001,14.4,13.34,2,2025-12-08T10:18:57.190Z
2022-07-05,2022,7,62365672,Battery,captis_pulse,BUDERIM,Residential,3.64,3.64,3.64,3.64,1,2025-12-08T10:18:57.190Z
2022-07-05,2022,7,22449402,Battery,captis_pulse,BIRTINYA,#N/A,3.64,3.64,3.64,3.64,1,2025-12-08T10:18:57.190Z
2022-07-05,2022,7,59451,Battery,captis_pulse,MAROOCHYDORE,Residential,76.333,25.444333333333333,68.0,3.64,3,2025-12-08T10:18:57.190Z
2022-07-05,2022,7,61487282,Battery,captis_pulse,BUDERIM,Residential,73.931,24.643666666666665,68.0,2.301,3,2025-12-08T10:18:57.190Z
2022-07-04,2022,7,602993,Pulse1,captis_pulse,KULUIN,Residential,23.0,1.0454545454545454,11.0,0.0,22,2025-12-08T10:18:57.190Z
2022-07-04,2022,7,59451,Pulse1,captis_pulse,MAROOCHYDORE,Residential,0.0,0.0,0.0,0.0,22,2025-12-08T10:18:57.190Z
2022-07-04,2022,7,61487282,Pulse1_Total,captis_pulse,BUDERIM,Residential,682.0,31.0,31.0,31.0,22,2025-12-08T10:18:57.190Z
2022-07-04,2022,7,61487282,Pulse1,captis_pulse,BUDERIM,Residential,0.0,0.0,0.0,0.0,22,2025-12-08T10:18:57.190Z
2022-07-04,2022,7,27446324,Pulse1,captis_pulse,MAROOCHYDORE,Non-Residential,2900.0,126.08695652173913,600.0,0.0,23,2025-12-08T10:18:57.190Z
2022-07-04,2022,7,22449402,Pulse1,captis_pulse,BIRTINYA,#N/A,16100.0,700.0,1500.0,100.0,23,2025-12-08T10:18:57.190Z
2022-07-04,2022,7,62365672,Pulse1,captis_pulse,BUDERIM,Residential,232.0,10.545454545454545,18.0,9.0,22,2025-12-08T10:18:57.190Z
2022-07-04,2022,7,61231936,Pulse1_Total,captis_pulse,BUDERIM,Residential,2152927.0,93605.52173913043,93623.0,93597.0,23,2025-12-08T10:18:57.190Z
2022-07-04,2022,7,61231936,Pulse1,captis_pulse,BUDERIM,Residential,22.0,0.9565217391304348,8.0,0.0,23,2025-12-08T10:18:57.190Z
2022-07-04,2022,7,45135069,Pulse1_Total,captis_pulse,MOUNTAIN CREEK,Residential,1207712.0,54896.0,54901.0,54892.0,22,2025-12-08T10:18:57.190Z
2022-07-04,2022,7,45135069,Pulse1,captis_pulse,MOUNTAIN CREEK,Residential,5.0,0.22727272727272727,1.0,0.0,22,2025-12-08T10:18:57.190Z
2022-07-04,2022,7,45135069,DeviceTemperature,captis_pulse,MOUNTAIN CREEK,Residential,24.310000000000002,12.155000000000001,12.91,11.4,2,2025-12-08T10:18:57.190Z
2022-07-04,2022,7,602993,DeviceTemperature,captis_pulse,KULUIN,Residential,13.13,13.13,13.13,13.13,1,2025-12-08T10:18:57.190Z
2022-07-04,2022,7,59451,DeviceTemperature,captis_pulse,MAROOCHYDORE,Residential,51.22,17.073333333333334,17.82,16.7,3,2025-12-08T10:18:57.190Z
2022-07-04,2022,7,61231936,DeviceTemperature,captis_pulse,BUDERIM,Residential,22.53,11.265,11.93,10.6,2,2025-12-08T10:18:57.190Z
2022-07-04,2022,7,45135069,Battery,captis_pulse,MOUNTAIN CREEK,Residential,72.333,24.111,67.0,1.703,3,2025-12-08T10:18:57.190Z
2022-07-04,2022,7,59451,Battery,captis_pulse,MAROOCHYDORE,Residential,71.048,23.682666666666666,65.0,2.408,3,2025-12-08T10:18:57.190Z
2022-07-04,2022,7,61487282,Battery,captis_pulse,BUDERIM,Residential,38.642,12.880666666666668,31.0,3.63,3,2025-12-08T10:18:57.190Z
2022-07-04,2022,7,27446324,DeviceTemperature,captis_pulse,MAROOCHYDORE,Non-Residential,11.7,11.7,11.7,11.7,1,2025-12-08T10:18:57.190Z
2022-07-04,2022,7,22449402,DeviceTemperature,captis_pulse,BIRTINYA,#N/A,13.14,13.14,13.14,13.14,1,2025-12-08T10:18:57.190Z
2022-07-04,2022,7,62365672,Battery,captis_pulse,BUDERIM,Residential,3.64,3.64,3.64,3.64,1,2025-12-08T10:18:57.190Z
2022-07-04,2022,7,62365672,DeviceTemperature,captis_pulse,BUDERIM,Residential,11.5,11.5,11.5,11.5,1,2025-12-08T10:18:57.190Z
2022-07-04,2022,7,61487282,DeviceTemperature,captis_pulse,BUDERIM,Residential,14.0,14.0,14.0,14.0,1,2025-12-08T10:18:57.190Z
2022-07-06,2022,7,602993,Pulse1,captis_pulse,KULUIN,Residential,18.0,1.2,9.0,0.0,15,2025-12-08T10:18:57.190Z
2022-07-06,2022,7,59451,Pulse1,captis_pulse,MAROOCHYDORE,Residential,0.0,0.0,0.0,0.0,15,2025-12-08T10:18:57.190Z
2022-07-06,2022,7,61487282,Pulse1_Total,captis_pulse,BUDERIM,Residential,434.0,31.0,31.0,31.0,14,2025-12-08T10:18:57.190Z
2022-07-06,2022,7,61487282,Pulse1,captis_pulse,BUDERIM,Residential,0.0,0.0,0.0,0.0,15,2025-12-08T10:18:57.190Z
2022-07-06,2022,7,27446324,Pulse1,captis_pulse,MAROOCHYDORE,Non-Residential,21000.0,1400.0,2900.0,300.0,15,2025-12-08T10:18:57.190Z
2022-07-06,2022,7,22449402,Pulse1,captis_pulse,BIRTINYA,#N/A,15000.0,1153.8461538461538,1700.0,800.0,13,2025-12-08T10:18:57.190Z
2022-07-06,2022,7,62365672,Pulse1,captis_pulse,BUDERIM,Residential,156.0,12.0,21.0,9.0,13,2025-12-08T10:18:57.190Z
2022-07-06,2022,7,61231936,Pulse1_Total,captis_pulse,BUDERIM,Residential,1509598.0,94349.875,94394.0,94096.0,16,2025-12-08T10:18:57.190Z
2022-07-06,2022,7,61231936,Pulse1,captis_pulse,BUDERIM,Residential,31.0,1.9375,19.0,0.0,16,2025-12-08T10:18:57.190Z
2022-07-06,2022,7,45135069,Pulse1_Total,captis_pulse,MOUNTAIN CREEK,Residential,933785.0,54928.529411764706,54933.0,54924.0,17,2025-12-08T10:18:57.190Z
2022-07-06,2022,7,45135069,Pulse1,captis_pulse,MOUNTAIN CREEK,Residential,2.0,0.11764705882352941,1.0,0.0,17,2025-12-08T10:18:57.190Z
2022-07-06,2022,7,61231936,DeviceTemperature,captis_pulse,BUDERIM,Residential,24.5,24.5,24.5,24.5,1,2025-12-08T10:18:57.190Z
2022-07-06,2022,7,59451,DeviceTemperature,captis_pulse,MAROOCHYDORE,Residential,24.0,24.0,24.0,24.0,1,2025-12-08T10:18:57.190Z
2022-07-06,2022,7,61487282,DeviceTemperature,captis_pulse,BUDERIM,Residential,19.6,19.6,19.6,19.6,1,2025-12-08T10:18:57.190Z
2022-07-05,2022,7,62309947,Pulse1_Total,captis_pulse,BUDERIM,Residential,1508306.0,30781.755102040817,30787.0,30777.0,49,2025-12-08T10:18:57.190Z
2022-07-05,2022,7,62309947,Pulse1,captis_pulse,BUDERIM,Residential,4.0,0.08163265306122448,1.0,0.0,49,2025-12-08T10:18:57.190Z
2022-07-05,2022,7,62309947,Battery,captis_pulse,BUDERIM,Residential,73.306,24.435333333333332,66.0,3.63,3,2025-12-08T10:18:57.190Z
2022-07-05,2022,7,62309947,DeviceTemperature,captis_pulse,BUDERIM,Residential,33.82,16.91,17.2,16.62,2,2025-12-08T10:18:57.190Z
2022-07-04,2022,7,62309947,Pulse1_Total,captis_pulse,BUDERIM,Residential,738582.0,30774.25,30776.0,30773.0,24,2025-12-08T10:18:57.190Z
2022-07-04,2022,7,62309947,Pulse1,captis_pulse,BUDERIM,Residential,2.0,0.08333333333333333,1.0,0.0,24,2025-12-08T10:18:57.190Z
2022-07-06,2022,7,62309947,Pulse1_Total,captis_pulse,BUDERIM,Residential,400268.0,30789.846153846152,30793.0,30787.0,13,2025-12-08T10:18:57.190Z
2022-07-06,2022,7,62309947,Pulse1,captis_pulse,BUDERIM,Residential,2.0,0.15384615384615385,1.0,0.0,13,2025-12-08T10:18:57.190Z
2022-07-05,2022,7,64628265,Pulse1,captis_pulse,MAROOCHYDORE,Residential,440.0,8.8,70.0,0.0,50,2025-12-08T10:18:57.190Z
2022-07-05,2022,7,21267301,Pulse1,captis_pulse,ALBANY CREEK,Non-Residential,6590.0,109.83333333333333,210.0,90.0,60,2025-12-08T10:18:57.190Z
2022-07-05,2022,7,46059200,Pulse1,captis_pulse,MAROOCHYDORE,Residential,2850.0,48.30508474576271,290.0,0.0,59,2025-12-08T10:18:57.190Z
2022-07-05,2022,7,60193159,Pulse1_Total,captis_pulse,BUDERIM,Residential,1173.0,23.0,23.0,23.0,51,2025-12-08T10:18:57.190Z
2022-07-05,2022,7,60193159,Pulse1,captis_pulse,BUDERIM,Residential,0.0,0.0,0.0,0.0,51,2025-12-08T10:18:57.190Z
2022-07-05,2022,7,64632471,Pulse1,captis_pulse,BUDERIM,Residential,0.0,0.0,0.0,0.0,53,2025-12-08T10:18:57.190Z
2022-07-05,2022,7,100403,Pulse1_Total,captis_pulse,BUDERIM,Residential,3642228.0,68721.28301886792,68729.0,68687.0,53,2025-12-08T10:18:57.190Z
2022-07-05,2022,7,100403,Pulse1,captis_pulse,BUDERIM,Residential,36.0,0.6792452830188679,10.0,0.0,53,2025-12-08T10:18:57.190Z
2022-07-05,2022,7,46059200,DeviceTemperature,captis_pulse,MAROOCHYDORE,Residential,32.42,16.21,16.5,15.92,2,2025-12-08T10:18:57.190Z
2022-07-05,2022,7,60193159,Battery,captis_pulse,BUDERIM,Residential,71.149,23.716333333333335,65.0,2.519,3,2025-12-08T10:18:57.190Z
2022-07-05,2022,7,60193159,DeviceTemperature,captis_pulse,BUDERIM,Residential,25.39,12.695,13.1,12.29,2,2025-12-08T10:18:57.190Z
2022-07-05,2022,7,21267301,DeviceTemperature,captis_pulse,ALBANY CREEK,Non-Residential,26.810000000000002,13.405000000000001,14.0,12.81,2,2025-12-08T10:18:57.190Z
2022-07-05,2022,7,21267301,Battery,captis_pulse,ALBANY CREEK,Non-Residential,3.64,3.64,3.64,3.64,1,2025-12-08T10:18:57.190Z
2022-07-05,2022,7,46059200,Battery,captis_pulse,MAROOCHYDORE,Residential,74.078,24.692666666666668,67.0,3.438,3,2025-12-08T10:18:57.190Z
2022-07-05,2022,7,64628265,Battery,captis_pulse,MAROOCHYDORE,Residential,77.413,25.804333333333332,71.0,2.773,3,2025-12-08T10:18:57.190Z
2022-07-05,2022,7,64628265,DeviceTemperature,captis_pulse,MAROOCHYDORE,Residential,26.14,13.07,13.4,12.74,2,2025-12-08T10:18:57.190Z
2022-07-05,2022,7,100403,DeviceTemperature,captis_pulse,BUDERIM,Residential,14.6,14.6,14.6,14.6,1,2025-12-08T10:18:57.190Z
2022-07-04,2022,7,64628265,Pulse1,captis_pulse,MAROOCHYDORE,Residential,1180.0,49.166666666666664,380.0,0.0,24,2025-12-08T10:18:57.190Z
2022-07-04,2022,7,21267301,Pulse1,captis_pulse,ALBANY CREEK,Non-Residential,5300.0,230.43478260869566,570.0,90.0,23,2025-12-08T10:18:57.190Z
2022-07-04,2022,7,46059200,Pulse1,captis_pulse,MAROOCHYDORE,Residential,1560.0,74.28571428571429,360.0,0.0,21,2025-12-08T10:18:57.190Z
2022-07-04,2022,7,60193159,Pulse1_Total,captis_pulse,BUDERIM,Residential,506.0,23.0,23.0,23.0,22,2025-12-08T10:18:57.190Z
2022-07-04,2022,7,60193159,Pulse1,captis_pulse,BUDERIM,Residential,0.0,0.0,0.0,0.0,22,2025-12-08T10:18:57.190Z
2022-07-04,2022,7,64632471,Pulse1,captis_pulse,BUDERIM,Residential,0.0,0.0,0.0,0.0,24,2025-12-08T10:18:57.190Z
2022-07-04,2022,7,100403,Pulse1_Total,captis_pulse,BUDERIM,Residential,1716835.0,68673.4,68683.0,68673.0,25,2025-12-08T10:18:57.190Z
2022-07-04,2022,7,100403,Pulse1,captis_pulse,BUDERIM,Residential,10.0,0.4,10.0,0.0,25,2025-12-08T10:18:57.190Z
2022-07-04,2022,7,64632471,DeviceTemperature,captis_pulse,BUDERIM,Residential,50.199999999999996,16.73333333333333,16.9,16.6,3,2025-12-08T10:18:57.190Z
2022-07-04,2022,7,64628265,DeviceTemperature,captis_pulse,MAROOCHYDORE,Residential,22.6,11.3,11.4,11.2,2,2025-12-08T10:18:57.190Z
2022-07-04,2022,7,21267301,DeviceTemperature,captis_pulse,ALBANY CREEK,Non-Residential,11.2,11.2,11.2,11.2,1,2025-12-08T10:18:57.190Z
2022-07-04,2022,7,60193159,DeviceTemperature,captis_pulse,BUDERIM,Residential,34.64,11.546666666666667,12.44,10.9,3,2025-12-08T10:18:57.190Z
2022-07-04,2022,7,60193159,Battery,captis_pulse,BUDERIM,Residential,69.61099999999999,23.203666666666663,63.0,2.981,3,2025-12-08T10:18:57.190Z
2022-07-04,2022,7,46059200,DeviceTemperature,captis_pulse,MAROOCHYDORE,Residential,45.96,15.32,15.96,14.9,3,2025-12-08T10:18:57.190Z
2022-07-04,2022,7,21267301,Battery,captis_pulse,ALBANY CREEK,Non-Residential,3.63,3.63,3.63,3.63,1,2025-12-08T10:18:57.190Z
2022-07-04,2022,7,46059200,Battery,captis_pulse,MAROOCHYDORE,Residential,74.661,24.887,69.0,2.021,3,2025-12-08T10:18:57.190Z
2022-07-06,2022,7,64628265,Pulse1,captis_pulse,MAROOCHYDORE,Residential,200.0,15.384615384615385,100.0,0.0,13,2025-12-08T10:18:57.190Z
2022-07-06,2022,7,21267301,Pulse1,captis_pulse,ALBANY CREEK,Non-Residential,1740.0,133.84615384615384,180.0,90.0,13,2025-12-08T10:18:57.190Z
2022-07-06,2022,7,46059200,Pulse1,captis_pulse,MAROOCHYDORE,Residential,1170.0,78.0,230.0,10.0,15,2025-12-08T10:18:57.190Z
2022-07-06,2022,7,60193159,Pulse1_Total,captis_pulse,BUDERIM,Residential,368.0,23.0,23.0,23.0,16,2025-12-08T10:18:57.190Z
2022-07-06,2022,7,60193159,Pulse1,captis_pulse,BUDERIM,Residential,0.0,0.0,0.0,0.0,17,2025-12-08T10:18:57.190Z
2022-07-06,2022,7,64632471,Pulse1,captis_pulse,BUDERIM,Residential,0.0,0.0,0.0,0.0,18,2025-12-08T10:18:57.190Z
2022-07-06,2022,7,100403,Pulse1_Total,captis_pulse,BUDERIM,Residential,1237541.0,68752.27777777778,68761.0,68732.0,18,2025-12-08T10:18:57.190Z
2022-07-06,2022,7,100403,Pulse1,captis_pulse,BUDERIM,Residential,13.0,0.7222222222222222,9.0,0.0,18,2025-12-08T10:18:57.190Z
2022-07-06,2022,7,64628265,DeviceTemperature,captis_pulse,MAROOCHYDORE,Residential,18.7,18.7,18.7,18.7,1,2025-12-08T10:18:57.190Z
2022-07-05,2022,7,21211959,Pulse1,captis_pulse,MOUNTAIN CREEK,Non-Residential,80.0,1.5384615384615385,40.0,0.0,52,2025-12-08T10:18:57.190Z
2022-07-05,2022,7,21211959,Battery,captis_pulse,MOUNTAIN CREEK,Non-Residential,3.63,3.63,3.63,3.63,1,2025-12-08T10:18:57.190Z
2022-07-05,2022,7,21211959,DeviceTemperature,captis_pulse,MOUNTAIN CREEK,Non-Residential,13.8,13.8,13.8,13.8,1,2025-12-08T10:18:57.190Z
2022-07-04,2022,7,21211959,Pulse1,captis_pulse,MOUNTAIN CREEK,Non-Residential,30.0,1.3043478260869565,20.0,0.0,23,2025-12-08T10:18:57.190Z
2022-07-04,2022,7,21211959,DeviceTemperature,captis_pulse,MOUNTAIN CREEK,Non-Residential,21.299999999999997,10.649999999999999,10.7,10.6,2,2025-12-08T10:18:57.190Z
2022-07-06,2022,7,21211959,Pulse1,captis_pulse,MOUNTAIN CREEK,Non-Residential,80.0,5.333333333333333,30.0,0.0,15,2025-12-08T10:18:57.190Z
2022-07-06,2022,7,21211959,DeviceTemperature,captis_pulse,MOUNTAIN CREEK,Non-Residential,22.7,22.7,22.7,22.7,1,2025-12-08T10:18:57.190Z
2022-07-05,2022,7,27446095,Pulse1,captis_pulse,MAROOCHYDORE,Non-Residential,0.0,0.0,0.0,0.0,49,2025-12-08T10:18:57.190Z
2022-07-05,2022,7,60380448,Pulse1,captis_pulse,BUDERIM,Residential,169.0,3.3137254901960786,48.0,0.0,51,2025-12-08T10:18:57.190Z
2022-07-05,2022,7,8976840,Pulse1,captis_pulse,MAROOCHYDORE,Residential,86.0,1.72,61.0,0.0,50,2025-12-08T10:18:57.190Z
2022-07-05,2022,7,81969254,Pulse1,captis_pulse,BUDERIM,Non-Residential,662.0,22.82758620689655,88.0,0.0,29,2025-12-08T10:18:57.190Z
2022-07-05,2022,7,81969254,Battery,captis_pulse,BUDERIM,Non-Residential,51.65,25.825,48.0,3.65,2,2025-12-08T10:18:57.190Z
2022-07-05,2022,7,81969254,DeviceTemperature,captis_pulse,BUDERIM,Non-Residential,41.82,13.94,15.1,13.12,3,2025-12-08T10:18:57.190Z
2022-07-05,2022,7,27446095,Battery,captis_pulse,MAROOCHYDORE,Non-Residential,3.63,3.63,3.63,3.63,1,2025-12-08T10:18:57.190Z
2022-07-05,2022,7,8976840,DeviceTemperature,captis_pulse,MAROOCHYDORE,Residential,28.89,14.445,15.3,13.59,2,2025-12-08T10:18:57.190Z
2022-07-05,2022,7,8976840,Battery,captis_pulse,MAROOCHYDORE,Residential,74.71799999999999,24.905999999999995,69.0,2.088,3,2025-12-08T10:18:57.190Z
2022-07-05,2022,7,27446095,DeviceTemperature,captis_pulse,MAROOCHYDORE,Non-Residential,27.56,13.78,14.2,13.36,2,2025-12-08T10:18:57.190Z
2022-07-05,2022,7,60380448,Battery,captis_pulse,BUDERIM,Residential,110.368,36.78933333333333,103.0,3.63,3,2025-12-08T10:18:57.190Z
2022-07-05,2022,7,60380448,DeviceTemperature,captis_pulse,BUDERIM,Residential,15.59,15.59,15.59,15.59,1,2025-12-08T10:18:57.190Z
2022-07-04,2022,7,81969254,Pulse1,captis_pulse,BUDERIM,Non-Residential,231.0,9.24,56.0,0.0,25,2025-12-08T10:18:57.190Z
2022-07-04,2022,7,27446095,Pulse1,captis_pulse,MAROOCHYDORE,Non-Residential,0.0,0.0,0.0,0.0,21,2025-12-08T10:18:57.190Z
2022-07-04,2022,7,60380448,Pulse1,captis_pulse,BUDERIM,Residential,60.0,2.608695652173913,26.0,0.0,23,2025-12-08T10:18:57.190Z
2022-07-04,2022,7,8976840,Pulse1,captis_pulse,MAROOCHYDORE,Residential,62.0,2.6956521739130435,44.0,0.0,23,2025-12-08T10:18:57.190Z
2022-07-04,2022,7,8976840,DeviceTemperature,captis_pulse,MAROOCHYDORE,Residential,25.23,12.615,13.13,12.1,2,2025-12-08T10:18:57.190Z
2022-07-04,2022,7,60380448,DeviceTemperature,captis_pulse,BUDERIM,Residential,30.2,15.1,15.2,15.0,2,2025-12-08T10:18:57.190Z
2022-07-04,2022,7,27446095,Battery,captis_pulse,MAROOCHYDORE,Non-Residential,3.63,3.63,3.63,3.63,1,2025-12-08T10:18:57.190Z
2022-07-04,2022,7,27446095,DeviceTemperature,captis_pulse,MAROOCHYDORE,Non-Residential,23.299999999999997,11.649999999999999,11.7,11.6,2,2025-12-08T10:18:57.190Z
2022-07-06,2022,7,27446095,Pulse1,captis_pulse,MAROOCHYDORE,Non-Residential,0.0,0.0,0.0,0.0,15,2025-12-08T10:18:57.190Z
2022-07-06,2022,7,60380448,Pulse1,captis_pulse,BUDERIM,Residential,3.0,0.23076923076923078,2.0,0.0,13,2025-12-08T10:18:57.190Z
2022-07-06,2022,7,8976840,Pulse1,captis_pulse,MAROOCHYDORE,Residential,7.0,0.4375,3.0,0.0,16,2025-12-08T10:18:57.190Z
2022-07-06,2022,7,81969254,Pulse1,captis_pulse,BUDERIM,Non-Residential,195.0,39.0,69.0,11.0,5,2025-12-08T10:18:57.190Z
2022-07-06,2022,7,8976840,DeviceTemperature,captis_pulse,MAROOCHYDORE,Residential,35.1,35.1,35.1,35.1,1,2025-12-08T10:18:57.190Z
2022-07-05,2022,7,1178690,Pulse1,captis_pulse,MAROOCHYDORE,Residential,136.0,2.5660377358490565,103.0,0.0,53,2025-12-08T10:18:57.190Z
2022-07-05,2022,7,65438080,Pulse1,captis_pulse,BUDERIM,Non-Residential,2800.0,52.83018867924528,250.0,0.0,53,2025-12-08T10:18:57.190Z
2022-07-05,2022,7,65438080,Battery,captis_pulse,BUDERIM,Non-Residential,75.423,25.141000000000002,70.0,1.783,3,2025-12-08T10:18:57.190Z
2022-07-05,2022,7,65438080,DeviceTemperature,captis_pulse,BUDERIM,Non-Residential,27.18,13.59,14.1,13.08,2,2025-12-08T10:18:57.190Z
2022-07-04,2022,7,65438080,Pulse1,captis_pulse,BUDERIM,Non-Residential,900.0,36.0,160.0,0.0,25,2025-12-08T10:18:57.190Z
2022-07-04,2022,7,1178690,Pulse1,captis_pulse,MAROOCHYDORE,Residential,133.0,5.541666666666667,44.0,0.0,24,2025-12-08T10:18:57.190Z
2022-07-04,2022,7,1178690,DeviceTemperature,captis_pulse,MAROOCHYDORE,Residential,36.6,18.3,18.6,18.0,2,2025-12-08T10:18:57.190Z
2022-07-04,2022,7,65438080,DeviceTemperature,captis_pulse,BUDERIM,Non-Residential,23.4,11.7,11.8,11.6,2,2025-12-08T10:18:57.190Z
2022-07-06,2022,7,65438080,Pulse1,captis_pulse,BUDERIM,Non-Residential,3410.0,262.3076923076923,600.0,0.0,13,2025-12-08T10:18:57.190Z
2022-07-06,2022,7,1178690,Pulse1,captis_pulse,MAROOCHYDORE,Residential,36.0,2.0,14.0,0.0,18,2025-12-08T10:18:57.190Z
2022-07-06,2022,7,1178690,DeviceTemperature,captis_pulse,MAROOCHYDORE,Residential,23.9,23.9,23.9,23.9,1,2025-12-08T10:18:57.190Z
2022-07-05,2022,7,61236077,Pulse1_Total,captis_pulse,BUDERIM,Residential,1674.0,31.0,31.0,31.0,54,2025-12-08T10:18:57.190Z
2022-07-05,2022,7,61236077,Pulse1,captis_pulse,BUDERIM,Residential,0.0,0.0,0.0,0.0,54,2025-12-08T10:18:57.190Z
2022-07-05,2022,7,61276076,Pulse1_Total,captis_pulse,BUDERIM,Residential,517903.0,32368.9375,32369.0,32368.0,16,2025-12-08T10:18:57.190Z
2022-07-05,2022,7,61276076,Pulse1,captis_pulse,BUDERIM,Residential,1.0,0.0625,1.0,0.0,16,2025-12-08T10:18:57.190Z
2022-07-05,2022,7,61236077,Battery,captis_pulse,BUDERIM,Residential,75.577,25.192333333333334,68.0,3.64,3,2025-12-08T10:18:57.190Z
2022-07-05,2022,7,61276076,Battery,captis_pulse,BUDERIM,Residential,78.48599999999999,26.161999999999995,71.0,3.6,3,2025-12-08T10:18:57.190Z
2022-07-05,2022,7,61276076,DeviceTemperature,captis_pulse,BUDERIM,Residential,13.0,13.0,13.0,13.0,1,2025-12-08T10:18:57.190Z
2022-07-05,2022,7,61236077,DeviceTemperature,captis_pulse,BUDERIM,Residential,15.2,15.2,15.2,15.2,1,2025-12-08T10:18:57.190Z
2022-07-04,2022,7,61236077,Pulse1_Total,captis_pulse,BUDERIM,Residential,775.0,31.0,31.0,31.0,25,2025-12-08T10:18:57.190Z
2022-07-04,2022,7,61236077,Pulse1,captis_pulse,BUDERIM,Residential,0.0,0.0,0.0,0.0,25,2025-12-08T10:18:57.190Z
2022-07-04,2022,7,61236077,DeviceTemperature,captis_pulse,BUDERIM,Residential,14.3,14.3,14.3,14.3,1,2025-12-08T10:18:57.190Z
2022-07-06,2022,7,61276076,Pulse1_Total,captis_pulse,BUDERIM,Residential,485535.0,32369.0,32369.0,32369.0,15,2025-12-08T10:18:57.190Z
2022-07-06,2022,7,61276076,Pulse1,captis_pulse,BUDERIM,Residential,0.0,0.0,0.0,0.0,15,2025-12-08T10:18:57.190Z
2022-07-06,2022,7,61236077,Pulse1_Total,captis_pulse,BUDERIM,Residential,558.0,31.0,31.0,31.0,18,2025-12-08T10:18:57.190Z
2022-07-06,2022,7,61236077,Pulse1,captis_pulse,BUDERIM,Residential,0.0,0.0,0.0,0.0,19,2025-12-08T10:18:57.190Z
2022-07-06,2022,7,61236077,DeviceTemperature,captis_pulse,BUDERIM,Residential,17.3,17.3,17.3,17.3,1,2025-12-08T10:18:57.190Z
2022-07-06,2022,7,61276076,DeviceTemperature,captis_pulse,BUDERIM,Residential,32.3,32.3,32.3,32.3,1,2025-12-08T10:18:57.190Z
2022-07-04,2022,7,61276076,Pulse1_Total,captis_pulse,BUDERIM,Residential,3081988.0,32104.041666666668,32327.0,31819.0,96,2025-12-08T10:18:57.190Z
2022-07-04,2022,7,61276076,Pulse1,captis_pulse,BUDERIM,Residential,508.0,5.291666666666667,141.0,0.0,96,2025-12-08T10:18:57.190Z
2022-07-04,2022,7,61276076,DeviceTemperature,captis_pulse,BUDERIM,Residential,11.1,11.1,11.1,11.1,1,2025-12-08T10:18:57.190Z
2022-07-04,2022,7,61276076,Battery,captis_pulse,BUDERIM,Residential,2.486,2.486,2.486,2.486,1,2025-12-08T10:18:57.190Z
2022-07-03,2022,7,61276076,Pulse1_Total,captis_pulse,BUDERIM,Residential,2996151.0,31538.43157894737,31819.0,31167.0,95,2025-12-08T10:18:57.190Z
2022-07-03,2022,7,61276076,Pulse1,captis_pulse,BUDERIM,Residential,652.0,6.791666666666667,102.0,0.0,96,2025-12-08T10:18:57.190Z
2022-07-05,2022,7,92395,Pulse1,captis_pulse,BUDERIM,Residential,43.0,0.8775510204081632,6.0,0.0,49,2025-12-08T10:18:57.190Z
2022-07-05,2022,7,64627478,Pulse1,captis_pulse,MAROOCHYDORE,Residential,3040.0,57.35849056603774,280.0,0.0,53,2025-12-08T10:18:57.190Z
2022-07-05,2022,7,92395,Battery,captis_pulse,BUDERIM,Residential,75.44800000000001,25.149333333333335,70.0,1.808,3,2025-12-08T10:18:57.190Z
2022-07-05,2022,7,92395,DeviceTemperature,captis_pulse,BUDERIM,Residential,28.63,14.315,15.1,13.53,2,2025-12-08T10:18:57.190Z
2022-07-05,2022,7,64627478,Battery,captis_pulse,MAROOCHYDORE,Residential,79.519,26.506333333333334,74.0,1.879,3,2025-12-08T10:18:57.190Z
2022-07-05,2022,7,64627478,DeviceTemperature,captis_pulse,MAROOCHYDORE,Residential,12.79,12.79,12.79,12.79,1,2025-12-08T10:18:57.190Z
2022-07-04,2022,7,92395,Pulse1,captis_pulse,BUDERIM,Residential,81.0,3.6818181818181817,48.0,0.0,22,2025-12-08T10:18:57.190Z
2022-07-04,2022,7,64627478,Pulse1,captis_pulse,MAROOCHYDORE,Residential,980.0,37.69230769230769,140.0,0.0,26,2025-12-08T10:18:57.190Z
2022-07-04,2022,7,92395,Battery,captis_pulse,BUDERIM,Residential,73.269,24.423000000000002,68.0,1.649,3,2025-12-08T10:18:57.190Z
2022-07-04,2022,7,92395,DeviceTemperature,captis_pulse,BUDERIM,Residential,24.65,12.325,12.95,11.7,2,2025-12-08T10:18:57.190Z
2022-07-04,2022,7,64627478,DeviceTemperature,captis_pulse,MAROOCHYDORE,Residential,11.6,11.6,11.6,11.6,1,2025-12-08T10:18:57.190Z
2022-07-06,2022,7,92395,Pulse1,captis_pulse,BUDERIM,Residential,56.0,3.7333333333333334,52.0,0.0,15,2025-12-08T10:18:57.190Z
2022-07-06,2022,7,64627478,Pulse1,captis_pulse,MAROOCHYDORE,Residential,1370.0,72.10526315789474,160.0,20.0,19,2025-12-08T10:18:57.190Z
2022-07-05,2022,7,67714898,Pulse1_Total,captis_pulse,BUDERIM,Residential,2268.0,42.0,42.0,42.0,54,2025-12-08T10:18:57.190Z
2022-07-05,2022,7,67714898,Pulse1,captis_pulse,BUDERIM,Residential,0.0,0.0,0.0,0.0,54,2025-12-08T10:18:57.190Z
2022-07-05,2022,7,67714898,DeviceTemperature,captis_pulse,BUDERIM,Residential,12.09,12.09,12.09,12.09,1,2025-12-08T10:18:57.190Z
2022-07-05,2022,7,67714898,Battery,captis_pulse,BUDERIM,Residential,3.62,3.62,3.62,3.62,1,2025-12-08T10:18:57.190Z
2022-07-04,2022,7,67714898,Pulse1_Total,captis_pulse,BUDERIM,Residential,924.0,42.0,42.0,42.0,22,2025-12-08T10:18:57.190Z
2022-07-04,2022,7,67714898,Pulse1,captis_pulse,BUDERIM,Residential,0.0,0.0,0.0,0.0,22,2025-12-08T10:18:57.190Z
2022-07-04,2022,7,67714898,DeviceTemperature,captis_pulse,BUDERIM,Residential,32.45,10.816666666666668,11.65,10.4,3,2025-12-08T10:18:57.190Z
2022-07-04,2022,7,67714898,Battery,captis_pulse,BUDERIM,Residential,3.62,3.62,3.62,3.62,1,2025-12-08T10:18:57.190Z
2022-07-06,2022,7,67714898,Pulse1_Total,captis_pulse,BUDERIM,Residential,588.0,42.0,42.0,42.0,14,2025-12-08T10:18:57.190Z
2022-07-06,2022,7,67714898,Pulse1,captis_pulse,BUDERIM,Residential,0.0,0.0,0.0,0.0,15,2025-12-08T10:18:57.190Z
2022-07-05,2022,7,65439124,Pulse1,captis_pulse,MAROOCHYDORE,Residential,19890.0,337.1186440677966,980.0,20.0,59,2025-12-08T10:18:57.190Z
2022-07-05,2022,7,81970969,Pulse1,captis_pulse,MAROOCHYDORE,Non-Residential,0.0,0.0,0.0,0.0,16,2025-12-08T10:18:57.190Z
2022-07-05,2022,7,65439124,Battery,captis_pulse,MAROOCHYDORE,Residential,76.876,25.625333333333334,69.0,3.64,3,2025-12-08T10:18:57.190Z
2022-07-05,2022,7,65439124,DeviceTemperature,captis_pulse,MAROOCHYDORE,Residential,26.92,13.46,14.1,12.82,2,2025-12-08T10:18:57.190Z
2022-07-04,2022,7,81970969,Pulse1,captis_pulse,MAROOCHYDORE,Non-Residential,10.0,0.5882352941176471,10.0,0.0,17,2025-12-08T10:18:57.190Z
2022-07-04,2022,7,65439124,Pulse1,captis_pulse,MAROOCHYDORE,Residential,7020.0,305.2173913043478,1020.0,20.0,23,2025-12-08T10:18:57.190Z
2022-07-04,2022,7,65439124,DeviceTemperature,captis_pulse,MAROOCHYDORE,Residential,34.61,11.536666666666667,12.31,11.1,3,2025-12-08T10:18:57.190Z
2022-07-04,2022,7,65439124,Battery,captis_pulse,MAROOCHYDORE,Residential,70.728,23.575999999999997,65.0,2.098,3,2025-12-08T10:18:57.190Z
2022-07-06,2022,7,65439124,Pulse1,captis_pulse,MAROOCHYDORE,Residential,7200.0,553.8461538461538,980.0,300.0,13,2025-12-08T10:18:57.190Z
2022-07-06,2022,7,65439124,DeviceTemperature,captis_pulse,MAROOCHYDORE,Residential,25.5,25.5,25.5,25.5,1,2025-12-08T10:18:57.190Z
2022-07-05,2022,7,61148154,Pulse1_Total,captis_pulse,BUDERIM,Residential,2106361.0,50151.45238095238,50227.0,50008.0,42,2025-12-08T10:18:57.190Z
2022-07-05,2022,7,61148154,Pulse1,captis_pulse,BUDERIM,Residential,151.0,3.5952380952380953,45.0,0.0,42,2025-12-08T10:18:57.190Z
2022-07-05,2022,7,1237719,Pulse1,captis_pulse,MAROOCHYDORE,Residential,60.0,1.4285714285714286,25.0,0.0,42,2025-12-08T10:18:57.190Z
2022-07-05,2022,7,61298826,Pulse1_Total,captis_pulse,BUDERIM,Residential,2789977.0,48103.05172413793,48214.0,47921.0,58,2025-12-08T10:18:57.190Z
2022-07-05,2022,7,61298826,Pulse1,captis_pulse,BUDERIM,Residential,215.0,3.706896551724138,64.0,0.0,58,2025-12-08T10:18:57.190Z
2022-07-05,2022,7,61298826,DeviceTemperature,captis_pulse,BUDERIM,Residential,13.9,13.9,13.9,13.9,1,2025-12-08T10:18:57.190Z
2022-07-05,2022,7,61148154,DeviceTemperature,captis_pulse,BUDERIM,Residential,31.42,15.71,16.1,15.32,2,2025-12-08T10:18:57.190Z
2022-07-05,2022,7,61298826,Battery,captis_pulse,BUDERIM,Residential,74.468,24.822666666666667,69.0,1.828,3,2025-12-08T10:18:57.190Z
2022-07-04,2022,7,61148154,Pulse1_Total,captis_pulse,BUDERIM,Residential,1097517.0,49887.13636363636,49978.0,49859.0,22,2025-12-08T10:18:57.190Z
2022-07-04,2022,7,61148154,Pulse1,captis_pulse,BUDERIM,Residential,110.0,5.0,47.0,0.0,22,2025-12-08T10:18:57.190Z
2022-07-04,2022,7,1237719,Pulse1,captis_pulse,MAROOCHYDORE,Residential,80.0,3.3333333333333335,51.0,0.0,24,2025-12-08T10:18:57.190Z
2022-07-04,2022,7,61298826,Pulse1_Total,captis_pulse,BUDERIM,Residential,1145696.0,47737.333333333336,47840.0,47725.0,24,2025-12-08T10:18:57.190Z
2022-07-04,2022,7,61298826,Pulse1,captis_pulse,BUDERIM,Residential,107.0,4.458333333333333,83.0,0.0,24,2025-12-08T10:18:57.190Z
2022-07-04,2022,7,61298826,DeviceTemperature,captis_pulse,BUDERIM,Residential,12.86,12.86,12.86,12.86,1,2025-12-08T10:18:57.190Z
2022-07-04,2022,7,1237719,DeviceTemperature,captis_pulse,MAROOCHYDORE,Residential,65.55000000000001,16.387500000000003,17.2,15.7,4,2025-12-08T10:18:57.190Z
2022-07-04,2022,7,61148154,DeviceTemperature,captis_pulse,BUDERIM,Residential,14.5,14.5,14.5,14.5,1,2025-12-08T10:18:57.190Z
2022-07-06,2022,7,61298826,Pulse1_Total,captis_pulse,BUDERIM,Residential,871561.0,48420.055555555555,48720.0,48367.0,18,2025-12-08T10:18:57.190Z
2022-07-06,2022,7,61298826,Pulse1,captis_pulse,BUDERIM,Residential,79.0,4.388888888888889,70.0,0.0,18,2025-12-08T10:18:57.190Z
2022-07-06,2022,7,61298826,DeviceTemperature,captis_pulse,BUDERIM,Residential,25.7,25.7,25.7,25.7,1,2025-12-08T10:18:57.190Z
2022-07-05,2022,7,272718,Pulse1,captis_pulse,BUDERIM,Residential,356.0,7.26530612244898,136.0,0.0,49,2025-12-08T10:18:57.190Z
2022-07-05,2022,7,1875,Pulse1,captis_pulse,MAROOCHYDORE,Residential,48.0,0.96,9.0,0.0,50,2025-12-08T10:18:57.190Z
2022-07-05,2022,7,272718,DeviceTemperature,captis_pulse,BUDERIM,Residential,14.4,14.4,14.4,14.4,1,2025-12-08T10:18:57.190Z
2022-07-05,2022,7,36811364,Pulse1,captis_pulse,MANGO HILL,Non-Residential,4300.0,82.6923076923077,500.0,0.0,52,2025-12-08T10:18:57.190Z
2022-07-05,2022,7,81964560,Pulse1,captis_pulse,KULUIN,Residential,318.0,10.258064516129032,130.0,0.0,31,2025-12-08T10:18:57.190Z
2022-07-05,2022,7,36811364,DeviceTemperature,captis_pulse,MANGO HILL,Non-Residential,15.4,15.4,15.4,15.4,1,2025-12-08T10:18:57.190Z
2022-07-05,2022,7,1875,DeviceTemperature,captis_pulse,MAROOCHYDORE,Residential,27.92,13.96,14.4,13.52,2,2025-12-08T10:18:57.190Z
2022-07-05,2022,7,1875,Battery,captis_pulse,MAROOCHYDORE,Residential,75.706,25.235333333333333,70.0,2.086,3,2025-12-08T10:18:57.190Z
2022-07-05,2022,7,81964560,Battery,captis_pulse,KULUIN,Residential,135.64,67.82,132.0,3.64,2,2025-12-08T10:18:57.190Z
2022-07-05,2022,7,81964560,DeviceTemperature,captis_pulse,KULUIN,Residential,16.98,16.98,16.98,16.98,1,2025-12-08T10:18:57.190Z
2022-07-04,2022,7,36811364,Pulse1,captis_pulse,MANGO HILL,Non-Residential,3300.0,132.0,700.0,0.0,25,2025-12-08T10:18:57.190Z
2022-07-04,2022,7,81964560,Pulse1,captis_pulse,KULUIN,Residential,32.0,1.28,12.0,0.0,25,2025-12-08T10:18:57.190Z
2022-07-04,2022,7,272718,Pulse1,captis_pulse,BUDERIM,Residential,118.0,5.363636363636363,63.0,0.0,22,2025-12-08T10:18:57.190Z
2022-07-04,2022,7,1875,Pulse1,captis_pulse,MAROOCHYDORE,Residential,21.0,0.9545454545454546,6.0,0.0,22,2025-12-08T10:18:57.190Z
2022-07-04,2022,7,272718,DeviceTemperature,captis_pulse,BUDERIM,Residential,11.3,11.3,11.3,11.3,1,2025-12-08T10:18:57.190Z
2022-07-04,2022,7,1875,DeviceTemperature,captis_pulse,MAROOCHYDORE,Residential,36.51,12.17,13.11,11.7,3,2025-12-08T10:18:57.190Z
2022-07-04,2022,7,1875,Battery,captis_pulse,MAROOCHYDORE,Residential,73.755,24.584999999999997,67.0,3.145,3,2025-12-08T10:18:57.190Z
2022-07-06,2022,7,272718,Pulse1,captis_pulse,BUDERIM,Residential,125.0,8.928571428571429,73.0,0.0,14,2025-12-08T10:18:57.190Z
2022-07-06,2022,7,1875,Pulse1,captis_pulse,MAROOCHYDORE,Residential,45.0,3.0,38.0,0.0,15,2025-12-08T10:18:57.190Z
2022-07-06,2022,7,36811364,Pulse1,captis_pulse,MANGO HILL,Non-Residential,2500.0,138.88888888888889,500.0,0.0,18,2025-12-08T10:18:57.190Z
2022-07-06,2022,7,81964560,Pulse1,captis_pulse,KULUIN,Residential,3.0,0.5,3.0,0.0,6,2025-12-08T10:18:57.190Z
2022-07-06,2022,7,272718,DeviceTemperature,captis_pulse,BUDERIM,Residential,22.8,22.8,22.8,22.8,1,2025-12-08T10:18:57.190Z
2022-07-06,2022,7,81964560,Battery,captis_pulse,KULUIN,Residential,98.64,49.32,95.0,3.64,2,2025-12-08T10:18:57.190Z
2022-07-06,2022,7,81964560,DeviceTemperature,captis_pulse,KULUIN,Residential,40.36,20.18,22.7,17.66,2,2025-12-08T10:18:57.190Z
2022-07-06,2022,7,36811364,DeviceTemperature,captis_pulse,MANGO HILL,Non-Residential,26.2,26.2,26.2,26.2,1,2025-12-08T10:18:57.190Z
2022-07-05,2022,7,61291346,Pulse1_Total,captis_pulse,BUDERIM,Residential,1508.0,29.0,29.0,29.0,52,2025-12-08T10:18:57.190Z
2022-07-05,2022,7,61291346,Pulse1,captis_pulse,BUDERIM,Residential,0.0,0.0,0.0,0.0,53,2025-12-08T10:18:57.190Z
2022-07-05,2022,7,61291346,Battery,captis_pulse,BUDERIM,Residential,67.5,22.5,62.0,1.87,3,2025-12-08T10:18:57.190Z
2022-07-05,2022,7,61291346,DeviceTemperature,captis_pulse,BUDERIM,Residential,25.9,12.95,13.5,12.4,2,2025-12-08T10:18:57.190Z
2022-07-04,2022,7,61291346,Pulse1_Total,captis_pulse,BUDERIM,Residential,725.0,29.0,29.0,29.0,25,2025-12-08T10:18:57.190Z
2022-07-04,2022,7,61291346,Pulse1,captis_pulse,BUDERIM,Residential,0.0,0.0,0.0,0.0,25,2025-12-08T10:18:57.190Z
2022-07-06,2022,7,61291346,Pulse1_Total,captis_pulse,BUDERIM,Residential,522.0,29.0,29.0,29.0,18,2025-12-08T10:18:57.190Z
2022-07-06,2022,7,61291346,Pulse1,captis_pulse,BUDERIM,Residential,0.0,0.0,0.0,0.0,18,2025-12-08T10:18:57.190Z
2022-07-06,2022,7,61291346,DeviceTemperature,captis_pulse,BUDERIM,Residential,25.2,25.2,25.2,25.2,1,2025-12-08T10:18:57.190Z
2022-07-05,2022,7,61249239,Pulse1,,,,579.0,11.58,403.0,2.0,50,2025-12-08T10:18:57.190Z
2022-07-05,2022,7,61249239,Battery,,,,71.56700000000001,23.855666666666668,66.0,1.927,3,2025-12-08T10:18:57.190Z
2022-07-05,2022,7,61249239,DeviceTemperature,,,,13.32,13.32,13.32,13.32,1,2025-12-08T10:18:57.190Z
2022-07-04,2022,7,61249239,Pulse1,,,,661.0,30.045454545454547,408.0,2.0,22,2025-12-08T10:18:57.190Z
2022-07-04,2022,7,61249239,DeviceTemperature,,,,12.2,12.2,12.2,12.2,1,2025-12-08T10:18:57.190Z
2022-07-06,2022,7,61249239,Pulse1,,,,58.0,3.8666666666666667,13.0,2.0,15,2025-12-08T10:18:57.190Z
2022-07-05,2022,7,14171,Pulse1,captis_pulse,BUDERIM,Residential,107.0,1.9814814814814814,19.0,0.0,54,2025-12-08T10:18:57.190Z
2022-07-05,2022,7,10190,Pulse1,captis_pulse,BUDERIM,Residential,252.0,4.9411764705882355,52.0,0.0,51,2025-12-08T10:18:57.190Z
2022-07-05,2022,7,14171,Battery,captis_pulse,BUDERIM,Residential,71.522,23.840666666666667,66.0,1.902,3,2025-12-08T10:18:57.190Z
2022-07-05,2022,7,14171,DeviceTemperature,captis_pulse,BUDERIM,Residential,28.17,14.085,14.8,13.37,2,2025-12-08T10:18:57.190Z
2022-07-05,2022,7,10190,DeviceTemperature,captis_pulse,BUDERIM,Residential,27.8,13.9,14.3,13.5,2,2025-12-08T10:18:57.190Z
2022-07-05,2022,7,10190,Battery,captis_pulse,BUDERIM,Residential,78.896,26.298666666666666,73.0,2.276,3,2025-12-08T10:18:57.190Z
2022-07-04,2022,7,14171,Pulse1,captis_pulse,BUDERIM,Residential,60.0,2.608695652173913,20.0,0.0,23,2025-12-08T10:18:57.190Z
2022-07-04,2022,7,10190,Pulse1,captis_pulse,BUDERIM,Residential,141.0,4.147058823529412,65.0,0.0,34,2025-12-08T10:18:57.190Z
2022-07-04,2022,7,14171,DeviceTemperature,captis_pulse,BUDERIM,Residential,23.0,11.5,11.6,11.4,2,2025-12-08T10:18:57.190Z
2022-07-04,2022,7,10190,DeviceTemperature,captis_pulse,BUDERIM,Residential,25.84,12.92,13.44,12.4,2,2025-12-08T10:18:57.190Z
2022-07-04,2022,7,10190,Battery,captis_pulse,BUDERIM,Residential,75.44800000000001,25.149333333333335,69.0,2.828,3,2025-12-08T10:18:57.190Z
2022-07-06,2022,7,14171,Pulse1,captis_pulse,BUDERIM,Residential,45.0,3.0,15.0,0.0,15,2025-12-08T10:18:57.190Z
2022-07-06,2022,7,10190,Pulse1,captis_pulse,BUDERIM,Residential,16.0,1.2307692307692308,8.0,0.0,13,2025-12-08T10:18:57.190Z
2022-07-05,2022,7,83008,Pulse1,captis_pulse,BUDERIM,Residential,435.0,8.055555555555555,82.0,0.0,54,2025-12-08T10:18:57.190Z
2022-07-05,2022,7,83008,DeviceTemperature,captis_pulse,BUDERIM,Residential,43.4,14.466666666666667,14.9,13.6,3,2025-12-08T10:18:57.190Z
2022-07-05,2022,7,62366640,Pulse1_Total,captis_pulse,BUDERIM,Non-Residential,1470.0,30.0,30.0,30.0,49,2025-12-08T10:18:57.190Z
2022-07-05,2022,7,62366640,Pulse1,captis_pulse,BUDERIM,Non-Residential,0.0,0.0,0.0,0.0,49,2025-12-08T10:18:57.190Z
2022-07-05,2022,7,60218272,Pulse1_Total,captis_pulse,BUDERIM,Residential,3167814.0,62114.0,62114.0,62114.0,51,2025-12-08T10:18:57.190Z
2022-07-05,2022,7,60218272,Pulse1,captis_pulse,BUDERIM,Residential,0.0,0.0,0.0,0.0,51,2025-12-08T10:18:57.190Z
2022-07-05,2022,7,61290332,Pulse1_Total,captis_pulse,BUDERIM,Residential,1404.0,26.0,26.0,26.0,54,2025-12-08T10:18:57.190Z
2022-07-05,2022,7,61290332,Pulse1,captis_pulse,BUDERIM,Residential,0.0,0.0,0.0,0.0,54,2025-12-08T10:18:57.190Z
2022-07-05,2022,7,61290332,Battery,captis_pulse,BUDERIM,Residential,69.19800000000001,23.066000000000003,64.0,1.558,3,2025-12-08T10:18:57.190Z
2022-07-05,2022,7,61290332,DeviceTemperature,captis_pulse,BUDERIM,Residential,12.09,12.09,12.09,12.09,1,2025-12-08T10:18:57.190Z
2022-07-05,2022,7,62366640,Battery,captis_pulse,BUDERIM,Non-Residential,3.63,3.63,3.63,3.63,1,2025-12-08T10:18:57.190Z
2022-07-05,2022,7,62366640,DeviceTemperature,captis_pulse,BUDERIM,Non-Residential,24.310000000000002,12.155000000000001,12.6,11.71,2,2025-12-08T10:18:57.190Z
2022-07-05,2022,7,60218272,DeviceTemperature,captis_pulse,BUDERIM,Residential,29.25,14.625,15.2,14.05,2,2025-12-08T10:18:57.190Z
2022-07-05,2022,7,60218272,Battery,captis_pulse,BUDERIM,Residential,76.851,25.617,70.0,3.221,3,2025-12-08T10:18:57.190Z
2022-07-05,2022,7,83008,Battery,captis_pulse,BUDERIM,Residential,71.269,23.756333333333334,66.0,1.629,3,2025-12-08T10:18:57.190Z
2022-07-04,2022,7,61290332,Pulse1_Total,captis_pulse,BUDERIM,Residential,650.0,26.0,26.0,26.0,25,2025-12-08T10:18:57.190Z
2022-07-04,2022,7,61290332,Pulse1,captis_pulse,BUDERIM,Residential,0.0,0.0,0.0,0.0,25,2025-12-08T10:18:57.190Z
2022-07-04,2022,7,83008,Pulse1,captis_pulse,BUDERIM,Residential,95.0,4.318181818181818,36.0,0.0,22,2025-12-08T10:18:57.190Z
2022-07-04,2022,7,62366640,Pulse1_Total,captis_pulse,BUDERIM,Non-Residential,690.0,30.0,30.0,30.0,23,2025-12-08T10:18:57.190Z
2022-07-04,2022,7,62366640,Pulse1,captis_pulse,BUDERIM,Non-Residential,0.0,0.0,0.0,0.0,23,2025-12-08T10:18:57.190Z
2022-07-04,2022,7,60218272,Pulse1_Total,captis_pulse,BUDERIM,Residential,1490727.0,62113.625,62114.0,62113.0,24,2025-12-08T10:18:57.190Z
2022-07-04,2022,7,60218272,Pulse1,captis_pulse,BUDERIM,Residential,1.0,0.041666666666666664,1.0,0.0,24,2025-12-08T10:18:57.190Z
2022-07-04,2022,7,60218272,DeviceTemperature,captis_pulse,BUDERIM,Residential,41.6,13.866666666666667,14.5,13.4,3,2025-12-08T10:18:57.190Z
2022-07-04,2022,7,62366640,Battery,captis_pulse,BUDERIM,Non-Residential,3.64,3.64,3.64,3.64,1,2025-12-08T10:18:57.190Z
2022-07-04,2022,7,62366640,DeviceTemperature,captis_pulse,BUDERIM,Non-Residential,21.86,10.93,11.46,10.4,2,2025-12-08T10:18:57.190Z
2022-07-04,2022,7,83008,Battery,captis_pulse,BUDERIM,Residential,70.573,23.52433333333333,65.0,1.943,3,2025-12-08T10:18:57.190Z
2022-07-04,2022,7,61290332,DeviceTemperature,captis_pulse,BUDERIM,Residential,10.7,10.7,10.7,10.7,1,2025-12-08T10:18:57.190Z
2022-07-06,2022,7,83008,Pulse1,captis_pulse,BUDERIM,Residential,188.0,12.533333333333333,154.0,0.0,15,2025-12-08T10:18:57.190Z
2022-07-06,2022,7,62366640,Pulse1_Total,captis_pulse,BUDERIM,Non-Residential,420.0,30.0,30.0,30.0,14,2025-12-08T10:18:57.190Z
2022-07-06,2022,7,62366640,Pulse1,captis_pulse,BUDERIM,Non-Residential,0.0,0.0,0.0,0.0,14,2025-12-08T10:18:57.190Z
2022-07-06,2022,7,60218272,Pulse1_Total,captis_pulse,BUDERIM,Residential,807495.0,62115.0,62115.0,62115.0,13,2025-12-08T10:18:57.190Z
2022-07-06,2022,7,60218272,Pulse1,captis_pulse,BUDERIM,Residential,0.0,0.0,0.0,0.0,13,2025-12-08T10:18:57.190Z
2022-07-06,2022,7,61290332,Pulse1,captis_pulse,BUDERIM,Residential,0.0,0.0,0.0,0.0,18,2025-12-08T10:18:57.190Z
2022-07-06,2022,7,62366640,DeviceTemperature,captis_pulse,BUDERIM,Non-Residential,18.8,18.8,18.8,18.8,1,2025-12-08T10:18:57.190Z
2022-07-06,2022,7,61290332,Pulse1_Total,captis_pulse,BUDERIM,Residential,442.0,26.0,26.0,26.0,17,2025-12-08T10:18:57.190Z
2022-07-06,2022,7,60218272,DeviceTemperature,captis_pulse,BUDERIM,Residential,18.2,18.2,18.2,18.2,1,2025-12-08T10:18:57.190Z
2022-07-05,2022,7,61105858,Pulse1,captis_pulse,BUDERIM,Residential,0.0,0.0,0.0,0.0,50,2025-12-08T10:18:57.190Z
2022-07-05,2022,7,45121676,Pulse1,captis_pulse,BUDERIM,Residential,0.0,0.0,0.0,0.0,52,2025-12-08T10:18:57.190Z
2022-07-05,2022,7,61105858,Pulse1_Total,captis_pulse,BUDERIM,Residential,1617.0,33.0,33.0,33.0,49,2025-12-08T10:18:57.190Z
2022-07-05,2022,7,45121676,Pulse1_Total,captis_pulse,BUDERIM,Residential,1500.0,30.0,30.0,30.0,50,2025-12-08T10:18:57.190Z
2022-07-05,2022,7,61247543,Pulse1_Total,captis_pulse,BUDERIM,Residential,1568330.0,98020.625,98285.0,97998.0,16,2025-12-08T10:18:57.190Z
2022-07-05,2022,7,61247543,Pulse1,captis_pulse,BUDERIM,Residential,87.0,5.4375,77.0,0.0,16,2025-12-08T10:18:57.190Z
2022-07-05,2022,7,8987939,Pulse1,captis_pulse,MAROOCHYDORE,Residential,0.0,0.0,0.0,0.0,16,2025-12-08T10:18:57.190Z
2022-07-05,2022,7,61105858,DeviceTemperature,captis_pulse,BUDERIM,Residential,34.08,17.04,17.08,17.0,2,2025-12-08T10:18:57.190Z
2022-07-05,2022,7,8987939,Battery,captis_pulse,MAROOCHYDORE,Residential,79.647,26.549000000000003,72.0,3.61,3,2025-12-08T10:18:57.190Z
2022-07-05,2022,7,8987939,DeviceTemperature,captis_pulse,MAROOCHYDORE,Residential,13.01,13.01,13.01,13.01,1,2025-12-08T10:18:57.190Z
2022-07-05,2022,7,61247543,Battery,captis_pulse,BUDERIM,Residential,3.64,3.64,3.64,3.64,1,2025-12-08T10:18:57.190Z
2022-07-05,2022,7,61247543,DeviceTemperature,captis_pulse,BUDERIM,Residential,16.43,16.43,16.43,16.43,1,2025-12-08T10:18:57.190Z
2022-07-05,2022,7,61105858,Battery,captis_pulse,BUDERIM,Residential,71.179,23.726333333333333,65.0,2.539,3,2025-12-08T10:18:57.190Z
2022-07-05,2022,7,45121676,DeviceTemperature,captis_pulse,BUDERIM,Residential,14.7,14.7,14.7,14.7,1,2025-12-08T10:18:57.190Z
2022-07-05,2022,7,45121676,Battery,captis_pulse,BUDERIM,Residential,72.64,36.32,69.0,3.64,2,2025-12-08T10:18:57.190Z
2022-07-04,2022,7,45121676,Pulse1_Total,captis_pulse,BUDERIM,Residential,750.0,30.0,30.0,30.0,25,2025-12-08T10:18:57.190Z
2022-07-04,2022,7,45121676,Pulse1,captis_pulse,BUDERIM,Residential,0.0,0.0,0.0,0.0,25,2025-12-08T10:18:57.190Z
2022-07-04,2022,7,61105858,Pulse1_Total,captis_pulse,BUDERIM,Residential,759.0,33.0,33.0,33.0,23,2025-12-08T10:18:57.190Z
2022-07-04,2022,7,61105858,Pulse1,captis_pulse,BUDERIM,Residential,0.0,0.0,0.0,0.0,23,2025-12-08T10:18:57.190Z
2022-07-04,2022,7,61105858,DeviceTemperature,captis_pulse,BUDERIM,Residential,52.18,17.393333333333334,17.78,17.0,3,2025-12-08T10:18:57.190Z
2022-07-06,2022,7,61105858,Pulse1_Total,captis_pulse,BUDERIM,Residential,429.0,33.0,33.0,33.0,13,2025-12-08T10:18:57.190Z
2022-07-06,2022,7,61105858,Pulse1,captis_pulse,BUDERIM,Residential,0.0,0.0,0.0,0.0,13,2025-12-08T10:18:57.190Z
2022-07-06,2022,7,61247543,Pulse1_Total,captis_pulse,BUDERIM,Residential,1280661.0,98512.38461538461,98827.0,98312.0,13,2025-12-08T10:18:57.190Z
2022-07-06,2022,7,61247543,Pulse1,captis_pulse,BUDERIM,Residential,63.0,4.846153846153846,27.0,0.0,13,2025-12-08T10:18:57.190Z
2022-07-06,2022,7,8987939,Pulse1,captis_pulse,MAROOCHYDORE,Residential,55.0,3.6666666666666665,28.0,0.0,15,2025-12-08T10:18:57.190Z
2022-07-06,2022,7,45121676,Pulse1_Total,captis_pulse,BUDERIM,Residential,510.0,30.0,30.0,30.0,17,2025-12-08T10:18:57.190Z
2022-07-06,2022,7,45121676,Pulse1,captis_pulse,BUDERIM,Residential,0.0,0.0,0.0,0.0,18,2025-12-08T10:18:57.190Z
2022-07-06,2022,7,61247543,DeviceTemperature,captis_pulse,BUDERIM,Residential,26.7,26.7,26.7,26.7,1,2025-12-08T10:18:57.190Z
2022-07-06,2022,7,8987939,DeviceTemperature,captis_pulse,MAROOCHYDORE,Residential,24.4,24.4,24.4,24.4,1,2025-12-08T10:18:57.190Z
2022-07-04,2022,7,45121676,DeviceTemperature,captis_pulse,BUDERIM,Residential,13.7,13.7,13.7,13.7,1,2025-12-08T10:18:57.190Z
2022-07-04,2022,7,61247543,Pulse1_Total,captis_pulse,BUDERIM,Residential,9229221.0,97149.69473684211,97538.0,96876.0,95,2025-12-08T10:18:57.190Z
2022-07-04,2022,7,61247543,Pulse1,captis_pulse,BUDERIM,Residential,662.0,6.895833333333333,79.0,0.0,96,2025-12-08T10:18:57.190Z
2022-07-04,2022,7,61247543,DeviceTemperature,captis_pulse,BUDERIM,Residential,15.8,15.8,15.8,15.8,1,2025-12-08T10:18:57.190Z
2022-07-04,2022,7,8987939,Pulse1,captis_pulse,MAROOCHYDORE,Residential,59.0,0.6145833333333334,10.0,0.0,96,2025-12-08T10:18:57.190Z
2022-07-04,2022,7,8987939,DeviceTemperature,captis_pulse,MAROOCHYDORE,Residential,11.2,11.2,11.2,11.2,1,2025-12-08T10:18:57.190Z
2022-07-04,2022,7,8987939,Battery,captis_pulse,MAROOCHYDORE,Residential,2.955,2.955,2.955,2.955,1,2025-12-08T10:18:57.190Z
2022-07-05,2022,7,292566,Pulse1,captis_pulse,KULUIN,Residential,36.0,0.7346938775510204,13.0,0.0,49,2025-12-08T10:18:57.190Z
2022-07-05,2022,7,576630,Pulse1,captis_pulse,KULUIN,Residential,129.0,2.63265306122449,32.0,0.0,49,2025-12-08T10:18:57.190Z
2022-07-05,2022,7,576630,DeviceTemperature,captis_pulse,KULUIN,Residential,33.2,16.6,16.8,16.4,2,2025-12-08T10:18:57.190Z
2022-07-05,2022,7,292566,Battery,captis_pulse,KULUIN,Residential,71.42099999999999,23.807,66.0,1.791,3,2025-12-08T10:18:57.190Z
2022-07-05,2022,7,576630,Battery,captis_pulse,KULUIN,Residential,76.833,25.611,71.0,2.203,3,2025-12-08T10:18:57.190Z
2022-07-04,2022,7,292566,Pulse1,captis_pulse,KULUIN,Residential,60.0,2.857142857142857,45.0,0.0,21,2025-12-08T10:18:57.190Z
2022-07-04,2022,7,576630,Pulse1,captis_pulse,KULUIN,Residential,28.0,1.2173913043478262,6.0,0.0,23,2025-12-08T10:18:57.190Z
2022-07-04,2022,7,292566,Battery,captis_pulse,KULUIN,Residential,70.36399999999999,23.454666666666665,65.0,1.734,3,2025-12-08T10:18:57.190Z
2022-07-04,2022,7,292566,DeviceTemperature,captis_pulse,KULUIN,Residential,23.6,11.8,11.9,11.7,2,2025-12-08T10:18:57.190Z
2022-07-04,2022,7,576630,DeviceTemperature,captis_pulse,KULUIN,Residential,16.1,16.1,16.1,16.1,1,2025-12-08T10:18:57.190Z
2022-07-06,2022,7,292566,Pulse1,captis_pulse,KULUIN,Residential,31.0,2.066666666666667,31.0,0.0,15,2025-12-08T10:18:57.190Z
2022-07-06,2022,7,292566,DeviceTemperature,captis_pulse,KULUIN,Residential,35.6,35.6,35.6,35.6,1,2025-12-08T10:18:57.190Z
2022-07-06,2022,7,576630,Pulse1,captis_pulse,KULUIN,Residential,23.0,1.7692307692307692,7.0,0.0,13,2025-12-08T10:18:57.190Z
2022-07-06,2022,7,576630,DeviceTemperature,captis_pulse,KULUIN,Residential,21.9,21.9,21.9,21.9,1,2025-12-08T10:18:57.190Z
2022-07-05,2022,7,65063933,Pulse1,captis_pulse,MAROOCHYDORE,Non-Residential,8120.0,156.15384615384616,485.0,10.0,52,2025-12-08T10:18:57.190Z
2022-07-05,2022,7,21892717,DeviceTemperature,captis_pulse,MAROOCHYDORE,Non-Residential,15.9,15.9,15.9,15.9,1,2025-12-08T10:18:57.190Z
2022-07-05,2022,7,65063933,Battery,captis_pulse,MAROOCHYDORE,Non-Residential,75.44,25.146666666666665,70.0,1.8,3,2025-12-08T10:18:57.190Z
2022-07-05,2022,7,65063933,DeviceTemperature,captis_pulse,MAROOCHYDORE,Non-Residential,13.3,13.3,13.3,13.3,1,2025-12-08T10:18:57.190Z
2022-07-04,2022,7,21892717,Pulse1,captis_pulse,MAROOCHYDORE,Non-Residential,6.0,0.24,4.0,0.0,25,2025-12-08T10:18:57.190Z
2022-07-04,2022,7,65063933,Pulse1,captis_pulse,MAROOCHYDORE,Non-Residential,3875.0,110.71428571428571,595.0,10.0,35,2025-12-08T10:18:57.190Z
2022-07-04,2022,7,61962870,Pulse1_Total,captis_pulse,BUDERIM,Residential,442.0,34.0,34.0,34.0,13,2025-12-08T10:18:57.190Z
2022-07-04,2022,7,61962870,Pulse1,captis_pulse,BUDERIM,Residential,0.0,0.0,0.0,0.0,13,2025-12-08T10:18:57.190Z
2022-07-04,2022,7,2648948,DeviceTemperature,captis_pulse,MAROOCHYDORE,Residential,32.87,16.435,16.97,15.9,2,2025-12-08T10:18:57.190Z
2022-07-04,2022,7,65063933,DeviceTemperature,captis_pulse,MAROOCHYDORE,Non-Residential,10.8,10.8,10.8,10.8,1,2025-12-08T10:18:57.190Z
2022-07-06,2022,7,65063933,Pulse1,captis_pulse,MAROOCHYDORE,Non-Residential,3010.0,200.66666666666666,435.0,105.0,15,2025-12-08T10:18:57.190Z
2022-07-05,2022,7,64629940,Pulse1_Total,captis_pulse,BUDERIM,Residential,38500.0,770.0,770.0,770.0,50,2025-12-08T10:18:57.190Z
2022-07-05,2022,7,64629940,Pulse1,captis_pulse,BUDERIM,Residential,0.0,0.0,0.0,0.0,52,2025-12-08T10:18:57.190Z
2022-07-05,2022,7,61270989,Pulse1_Total,captis_pulse,BUDERIM,Residential,2122627.0,55858.60526315789,56109.0,55712.0,38,2025-12-08T10:18:57.190Z
2022-07-05,2022,7,61270989,Pulse1,captis_pulse,BUDERIM,Residential,169.0,4.447368421052632,59.0,0.0,38,2025-12-08T10:18:57.190Z
2022-07-05,2022,7,61270989,Battery,captis_pulse,BUDERIM,Residential,74.64,37.32,71.0,3.64,2,2025-12-08T10:18:57.190Z
2022-07-05,2022,7,61270989,DeviceTemperature,captis_pulse,BUDERIM,Residential,25.77,12.885,13.4,12.37,2,2025-12-08T10:18:57.190Z
2022-07-05,2022,7,64629940,DeviceTemperature,captis_pulse,BUDERIM,Residential,15.76,15.76,15.76,15.76,1,2025-12-08T10:18:57.190Z
2022-07-05,2022,7,64629940,Battery,captis_pulse,BUDERIM,Residential,77.604,25.868,72.0,1.964,3,2025-12-08T10:18:57.190Z
2022-07-04,2022,7,61270989,Pulse1_Total,captis_pulse,BUDERIM,Residential,1390721.0,55628.84,55712.0,55592.0,25,2025-12-08T10:18:57.190Z
2022-07-04,2022,7,61270989,Pulse1,captis_pulse,BUDERIM,Residential,98.0,3.92,61.0,0.0,25,2025-12-08T10:18:57.190Z
2022-07-04,2022,7,64629940,Pulse1_Total,captis_pulse,BUDERIM,Residential,16170.0,770.0,770.0,770.0,21,2025-12-08T10:18:57.190Z
2022-07-04,2022,7,64629940,Pulse1,captis_pulse,BUDERIM,Residential,0.0,0.0,0.0,0.0,21,2025-12-08T10:18:57.190Z
2022-07-04,2022,7,64629940,Battery,captis_pulse,BUDERIM,Residential,73.544,24.514666666666667,68.0,1.904,3,2025-12-08T10:18:57.190Z
2022-07-04,2022,7,64629940,DeviceTemperature,captis_pulse,BUDERIM,Residential,47.07,15.69,16.37,15.3,3,2025-12-08T10:18:57.190Z
2022-07-04,2022,7,61270989,DeviceTemperature,captis_pulse,BUDERIM,Residential,11.2,11.2,11.2,11.2,1,2025-12-08T10:18:57.190Z
2022-07-06,2022,7,64629940,Pulse1_Total,captis_pulse,BUDERIM,Residential,11550.0,770.0,770.0,770.0,15,2025-12-08T10:18:57.190Z
2022-07-06,2022,7,64629940,Pulse1,captis_pulse,BUDERIM,Residential,0.0,0.0,0.0,0.0,15,2025-12-08T10:18:57.190Z
2022-07-06,2022,7,61270989,Pulse1_Total,captis_pulse,BUDERIM,Residential,673792.0,56149.333333333336,56173.0,56122.0,12,2025-12-08T10:18:57.190Z
2022-07-06,2022,7,61270989,Pulse1,captis_pulse,BUDERIM,Residential,35.0,2.9166666666666665,10.0,0.0,12,2025-12-08T10:18:57.190Z
2022-07-06,2022,7,64629940,DeviceTemperature,captis_pulse,BUDERIM,Residential,18.3,18.3,18.3,18.3,1,2025-12-08T10:18:57.190Z
2022-07-05,2022,7,305434,Pulse1,captis_pulse,BUDERIM,Residential,107.0,2.0980392156862746,63.0,0.0,51,2025-12-08T10:18:57.190Z
2022-07-05,2022,7,46358581,Pulse1,captis_pulse,MAROOCHYDORE,Residential,950.0,17.272727272727273,130.0,0.0,55,2025-12-08T10:18:57.190Z
2022-07-05,2022,7,9338119,Pulse1_Total,captis_pulse,BUDERIM,Residential,1560.0,30.0,30.0,30.0,52,2025-12-08T10:18:57.190Z
2022-07-05,2022,7,9338119,Pulse1,captis_pulse,BUDERIM,Residential,0.0,0.0,0.0,0.0,52,2025-12-08T10:18:57.190Z
2022-07-05,2022,7,67164,Pulse1,captis_pulse,BUDERIM,Residential,134.0,2.627450980392157,39.0,0.0,51,2025-12-08T10:18:57.190Z
2022-07-05,2022,7,9338119,Battery,captis_pulse,BUDERIM,Residential,73.64,36.82,70.0,3.64,2,2025-12-08T10:18:57.190Z
2022-07-05,2022,7,305434,DeviceTemperature,captis_pulse,BUDERIM,Residential,33.95,16.975,17.4,16.55,2,2025-12-08T10:18:57.190Z
2022-07-05,2022,7,305434,Battery,captis_pulse,BUDERIM,Residential,75.295,25.098333333333333,70.0,1.655,3,2025-12-08T10:18:57.190Z
2022-07-05,2022,7,46358581,DeviceTemperature,captis_pulse,MAROOCHYDORE,Residential,15.4,15.4,15.4,15.4,1,2025-12-08T10:18:57.190Z
2022-07-05,2022,7,67164,DeviceTemperature,captis_pulse,BUDERIM,Residential,26.689999999999998,13.344999999999999,13.9,12.79,2,2025-12-08T10:18:57.190Z
2022-07-05,2022,7,9338119,DeviceTemperature,captis_pulse,BUDERIM,Residential,14.77,14.77,14.77,14.77,1,2025-12-08T10:18:57.190Z
2022-07-05,2022,7,67164,Battery,captis_pulse,BUDERIM,Residential,71.63,35.815,68.0,3.63,2,2025-12-08T10:18:57.190Z
2022-07-04,2022,7,9338119,Pulse1_Total,captis_pulse,BUDERIM,Residential,750.0,30.0,30.0,30.0,25,2025-12-08T10:18:57.190Z
2022-07-04,2022,7,9338119,Pulse1,captis_pulse,BUDERIM,Residential,0.0,0.0,0.0,0.0,25,2025-12-08T10:18:57.190Z
2022-07-04,2022,7,67164,Pulse1,captis_pulse,BUDERIM,Residential,9.0,0.36,4.0,0.0,25,2025-12-08T10:18:57.190Z
2022-07-04,2022,7,305434,Pulse1,captis_pulse,BUDERIM,Residential,32.0,1.391304347826087,20.0,0.0,23,2025-12-08T10:18:57.190Z
2022-07-04,2022,7,46358581,Pulse1,captis_pulse,MAROOCHYDORE,Residential,230.0,7.1875,80.0,0.0,32,2025-12-08T10:18:57.190Z
2022-07-04,2022,7,46358581,DeviceTemperature,captis_pulse,MAROOCHYDORE,Residential,27.89,13.945,14.49,13.4,2,2025-12-08T10:18:57.190Z
2022-07-04,2022,7,305434,DeviceTemperature,captis_pulse,BUDERIM,Residential,49.31,16.436666666666667,17.21,15.9,3,2025-12-08T10:18:57.190Z
2022-07-04,2022,7,67164,DeviceTemperature,captis_pulse,BUDERIM,Residential,11.4,11.4,11.4,11.4,1,2025-12-08T10:18:57.190Z
2022-07-04,2022,7,46358581,Battery,captis_pulse,MAROOCHYDORE,Residential,72.587,24.195666666666668,67.0,1.947,3,2025-12-08T10:18:57.190Z
2022-07-04,2022,7,9338119,DeviceTemperature,captis_pulse,BUDERIM,Residential,13.9,13.9,13.9,13.9,1,2025-12-08T10:18:57.190Z
2022-07-06,2022,7,305434,Pulse1,captis_pulse,BUDERIM,Residential,29.0,1.8125,12.0,0.0,16,2025-12-08T10:18:57.190Z
2022-07-06,2022,7,46358581,Pulse1,captis_pulse,MAROOCHYDORE,Residential,470.0,26.11111111111111,120.0,0.0,18,2025-12-08T10:18:57.190Z
2022-07-06,2022,7,9338119,Pulse1_Total,captis_pulse,BUDERIM,Residential,510.0,30.0,30.0,30.0,17,2025-12-08T10:18:57.190Z
2022-07-06,2022,7,9338119,Pulse1,captis_pulse,BUDERIM,Residential,0.0,0.0,0.0,0.0,18,2025-12-08T10:18:57.190Z
2022-07-06,2022,7,67164,Pulse1,captis_pulse,BUDERIM,Residential,26.0,1.4444444444444444,24.0,0.0,18,2025-12-08T10:18:57.190Z
2022-07-06,2022,7,305434,DeviceTemperature,captis_pulse,BUDERIM,Residential,24.6,24.6,24.6,24.6,1,2025-12-08T10:18:57.190Z
2022-07-06,2022,7,67164,DeviceTemperature,captis_pulse,BUDERIM,Residential,20.9,20.9,20.9,20.9,1,2025-12-08T10:18:57.190Z
2022-07-05,2022,7,349725,Pulse1,captis_pulse,BUDERIM,Residential,23.0,0.46938775510204084,5.0,0.0,49,2025-12-08T10:18:57.190Z
2022-07-05,2022,7,65438069,Pulse1,captis_pulse,MAROOCHYDORE,Non-Residential,11100.0,226.53061224489795,600.0,0.0,49,2025-12-08T10:18:57.190Z
2022-07-05,2022,7,589914,Pulse1,captis_pulse,BUDERIM,Residential,338.0,6.76,76.0,0.0,50,2025-12-08T10:18:57.190Z
2022-07-05,2022,7,69959,Pulse1,captis_pulse,KULUIN,Residential,306.0,5.773584905660377,80.0,0.0,53,2025-12-08T10:18:57.190Z
2022-07-05,2022,7,65438069,Battery,captis_pulse,MAROOCHYDORE,Non-Residential,68.704,22.90133333333333,63.0,2.064,3,2025-12-08T10:18:57.190Z
2022-07-05,2022,7,589914,DeviceTemperature,captis_pulse,BUDERIM,Residential,28.36,14.18,14.7,13.66,2,2025-12-08T10:18:57.190Z
2022-07-05,2022,7,589914,Battery,captis_pulse,BUDERIM,Residential,72.441,24.147000000000002,67.0,1.811,3,2025-12-08T10:18:57.190Z
2022-07-05,2022,7,65438069,DeviceTemperature,captis_pulse,MAROOCHYDORE,Non-Residential,30.79,15.395,15.7,15.09,2,2025-12-08T10:18:57.190Z
2022-07-05,2022,7,69959,DeviceTemperature,captis_pulse,KULUIN,Residential,28.46,14.23,15.1,13.36,2,2025-12-08T10:18:57.190Z
2022-07-05,2022,7,69959,Battery,captis_pulse,KULUIN,Residential,71.42099999999999,23.807,66.0,1.791,3,2025-12-08T10:18:57.190Z
2022-07-05,2022,7,349725,DeviceTemperature,captis_pulse,BUDERIM,Residential,15.2,15.2,15.2,15.2,1,2025-12-08T10:18:57.190Z
2022-07-04,2022,7,349725,Pulse1,captis_pulse,BUDERIM,Residential,80.0,3.6363636363636362,48.0,0.0,22,2025-12-08T10:18:57.190Z
2022-07-04,2022,7,65438069,Pulse1,captis_pulse,MAROOCHYDORE,Non-Residential,2300.0,104.54545454545455,400.0,0.0,22,2025-12-08T10:18:57.190Z
2022-07-04,2022,7,589914,Pulse1,captis_pulse,BUDERIM,Residential,65.0,1.9696969696969697,28.0,0.0,33,2025-12-08T10:18:57.190Z
2022-07-04,2022,7,69959,Pulse1,captis_pulse,KULUIN,Residential,100.0,4.3478260869565215,23.0,0.0,23,2025-12-08T10:18:57.190Z
2022-07-04,2022,7,69959,DeviceTemperature,captis_pulse,KULUIN,Residential,36.25,12.083333333333334,13.15,11.5,3,2025-12-08T10:18:57.190Z
2022-07-04,2022,7,69959,Battery,captis_pulse,KULUIN,Residential,72.42,24.14,67.0,1.79,3,2025-12-08T10:18:57.190Z
2022-07-04,2022,7,349725,DeviceTemperature,captis_pulse,BUDERIM,Residential,11.8,11.8,11.8,11.8,1,2025-12-08T10:18:57.190Z
2022-07-04,2022,7,65438069,Battery,captis_pulse,MAROOCHYDORE,Non-Residential,1.865,1.865,1.865,1.865,1,2025-12-08T10:18:57.190Z
2022-07-04,2022,7,589914,Battery,captis_pulse,BUDERIM,Residential,72.34299999999999,24.11433333333333,67.0,1.713,3,2025-12-08T10:18:57.190Z
2022-07-04,2022,7,65438069,DeviceTemperature,captis_pulse,MAROOCHYDORE,Non-Residential,14.1,14.1,14.1,14.1,1,2025-12-08T10:18:57.190Z
2022-07-06,2022,7,349725,Pulse1,captis_pulse,BUDERIM,Residential,344.0,24.571428571428573,266.0,0.0,14,2025-12-08T10:18:57.190Z
2022-07-06,2022,7,65438069,Pulse1,captis_pulse,MAROOCHYDORE,Non-Residential,5300.0,378.57142857142856,600.0,100.0,14,2025-12-08T10:18:57.190Z
2022-07-06,2022,7,589914,Pulse1,captis_pulse,BUDERIM,Residential,65.0,5.0,32.0,0.0,13,2025-12-08T10:18:57.190Z
2022-07-06,2022,7,69959,Pulse1,captis_pulse,KULUIN,Residential,192.0,10.666666666666666,64.0,0.0,18,2025-12-08T10:18:57.190Z
2022-07-06,2022,7,349725,DeviceTemperature,captis_pulse,BUDERIM,Residential,39.2,39.2,39.2,39.2,1,2025-12-08T10:18:57.190Z
2022-07-05,2022,7,61901204,Pulse1_Total,captis_pulse,BUDERIM,Residential,2134751.0,42695.02,42724.0,42649.0,50,2025-12-08T10:18:57.190Z
2022-07-05,2022,7,61901204,Pulse1,captis_pulse,BUDERIM,Residential,58.0,1.16,19.0,0.0,50,2025-12-08T10:18:57.190Z
2022-07-05,2022,7,1660522,Pulse1,captis_pulse,MAROOCHYDORE,Residential,20.0,0.37735849056603776,12.0,0.0,53,2025-12-08T10:18:57.190Z
2022-07-05,2022,7,61237814,Pulse1_Total,captis_pulse,BUDERIM,Residential,1250.0,25.0,25.0,25.0,50,2025-12-08T10:18:57.190Z
2022-07-05,2022,7,61237814,Pulse1,captis_pulse,BUDERIM,Residential,0.0,0.0,0.0,0.0,50,2025-12-08T10:18:57.190Z
2022-07-05,2022,7,66218035,Pulse1_Total,captis_pulse,BUDERIM,Residential,2778290.0,55565.8,55652.0,55478.0,50,2025-12-08T10:18:57.190Z
2022-07-05,2022,7,66218035,Pulse1,captis_pulse,BUDERIM,Residential,34.0,0.68,18.0,0.0,50,2025-12-08T10:18:57.190Z
2022-07-05,2022,7,257640,Pulse1,captis_pulse,MAROOCHYDORE,Residential,167.0,2.737704918032787,39.0,0.0,61,2025-12-08T10:18:57.190Z
2022-07-05,2022,7,45121593,Pulse1_Total,captis_pulse,MOUNTAIN CREEK,Residential,4636108.0,89155.92307692308,89546.0,88790.0,52,2025-12-08T10:18:57.190Z
2022-07-05,2022,7,45121593,Pulse1,captis_pulse,MOUNTAIN CREEK,Residential,436.0,8.384615384615385,136.0,0.0,52,2025-12-08T10:18:57.190Z
2022-07-05,2022,7,257640,DeviceTemperature,captis_pulse,MAROOCHYDORE,Residential,31.700000000000003,15.850000000000001,16.1,15.6,2,2025-12-08T10:18:57.190Z
2022-07-05,2022,7,61901204,DeviceTemperature,captis_pulse,BUDERIM,Residential,13.3,13.3,13.3,13.3,1,2025-12-08T10:18:57.190Z
2022-07-05,2022,7,1660522,DeviceTemperature,captis_pulse,MAROOCHYDORE,Residential,16.89,16.89,16.89,16.89,1,2025-12-08T10:18:57.190Z
2022-07-05,2022,7,61237814,Battery,captis_pulse,BUDERIM,Residential,84.353,28.117666666666665,79.0,1.723,3,2025-12-08T10:18:57.190Z
2022-07-05,2022,7,66218035,Battery,captis_pulse,BUDERIM,Residential,76.509,25.503,71.0,1.869,3,2025-12-08T10:18:57.190Z
2022-07-05,2022,7,61237814,DeviceTemperature,captis_pulse,BUDERIM,Residential,12.47,12.47,12.47,12.47,1,2025-12-08T10:18:57.190Z
2022-07-05,2022,7,66218035,DeviceTemperature,captis_pulse,BUDERIM,Residential,25.36,12.68,13.1,12.26,2,2025-12-08T10:18:57.190Z
2022-07-05,2022,7,1660522,Battery,captis_pulse,MAROOCHYDORE,Residential,75.854,25.284666666666666,70.0,2.224,3,2025-12-08T10:18:57.190Z
2022-07-04,2022,7,257640,Pulse1,captis_pulse,MAROOCHYDORE,Residential,79.0,3.16,27.0,0.0,25,2025-12-08T10:18:57.190Z
2022-07-04,2022,7,61901204,Pulse1_Total,captis_pulse,BUDERIM,Residential,937948.0,42634.0,42649.0,42630.0,22,2025-12-08T10:18:57.190Z
2022-07-04,2022,7,61901204,Pulse1,captis_pulse,BUDERIM,Residential,19.0,0.8636363636363636,10.0,0.0,22,2025-12-08T10:18:57.190Z
2022-07-04,2022,7,1660522,Pulse1,captis_pulse,MAROOCHYDORE,Residential,18.0,0.8571428571428571,10.0,0.0,21,2025-12-08T10:18:57.190Z
2022-07-04,2022,7,61237814,Pulse1_Total,captis_pulse,BUDERIM,Residential,575.0,25.0,25.0,25.0,23,2025-12-08T10:18:57.190Z
2022-07-04,2022,7,61237814,Pulse1,captis_pulse,BUDERIM,Residential,0.0,0.0,0.0,0.0,23,2025-12-08T10:18:57.190Z
2022-07-04,2022,7,66218035,Pulse1_Total,captis_pulse,BUDERIM,Residential,1164663.0,55460.142857142855,55478.0,55453.0,21,2025-12-08T10:18:57.190Z
2022-07-04,2022,7,66218035,Pulse1,captis_pulse,BUDERIM,Residential,22.0,1.0476190476190477,20.0,0.0,21,2025-12-08T10:18:57.190Z
2022-07-04,2022,7,45121593,Pulse1_Total,captis_pulse,MOUNTAIN CREEK,Residential,2396794.0,88770.14814814815,88780.0,88764.0,27,2025-12-08T10:18:57.190Z
2022-07-04,2022,7,45121593,Pulse1,captis_pulse,MOUNTAIN CREEK,Residential,6.0,0.2222222222222222,5.0,0.0,27,2025-12-08T10:18:57.190Z
2022-07-04,2022,7,66218035,DeviceTemperature,captis_pulse,BUDERIM,Residential,21.3,10.65,10.8,10.5,2,2025-12-08T10:18:57.190Z
2022-07-04,2022,7,257640,DeviceTemperature,captis_pulse,MAROOCHYDORE,Residential,15.1,15.1,15.1,15.1,1,2025-12-08T10:18:57.190Z
2022-07-04,2022,7,257640,Battery,captis_pulse,MAROOCHYDORE,Residential,2.449,2.449,2.449,2.449,1,2025-12-08T10:18:57.190Z
2022-07-04,2022,7,1660522,DeviceTemperature,captis_pulse,MAROOCHYDORE,Residential,51.24999999999999,17.083333333333332,17.9,16.4,3,2025-12-08T10:18:57.190Z
2022-07-04,2022,7,1660522,Battery,captis_pulse,MAROOCHYDORE,Residential,75.507,25.169,68.0,3.64,3,2025-12-08T10:18:57.190Z
2022-07-04,2022,7,61237814,DeviceTemperature,captis_pulse,BUDERIM,Residential,22.98,11.49,12.18,10.8,2,2025-12-08T10:18:57.190Z
2022-07-04,2022,7,61237814,Battery,captis_pulse,BUDERIM,Residential,74.41499999999999,24.804999999999996,69.0,1.785,3,2025-12-08T10:18:57.190Z
2022-07-04,2022,7,66218035,Battery,captis_pulse,BUDERIM,Residential,74.583,24.861,69.0,1.953,3,2025-12-08T10:18:57.190Z
2022-07-06,2022,7,61901204,Pulse1_Total,captis_pulse,BUDERIM,Residential,641249.0,42749.933333333334,42789.0,42734.0,15,2025-12-08T10:18:57.190Z
2022-07-06,2022,7,61901204,Pulse1,captis_pulse,BUDERIM,Residential,3.0,0.2,3.0,0.0,15,2025-12-08T10:18:57.190Z
2022-07-06,2022,7,1660522,Pulse1,captis_pulse,MAROOCHYDORE,Residential,0.0,0.0,0.0,0.0,15,2025-12-08T10:18:57.190Z
2022-07-06,2022,7,61237814,Pulse1_Total,captis_pulse,BUDERIM,Residential,325.0,25.0,25.0,25.0,13,2025-12-08T10:18:57.190Z
2022-07-06,2022,7,61237814,Pulse1,captis_pulse,BUDERIM,Residential,0.0,0.0,0.0,0.0,13,2025-12-08T10:18:57.190Z
2022-07-06,2022,7,66218035,Pulse1_Total,captis_pulse,BUDERIM,Residential,780131.0,55723.642857142855,55875.0,55656.0,14,2025-12-08T10:18:57.190Z
2022-07-06,2022,7,66218035,Pulse1,captis_pulse,BUDERIM,Residential,4.0,0.2857142857142857,2.0,0.0,14,2025-12-08T10:18:57.190Z
2022-07-06,2022,7,257640,Pulse1,captis_pulse,MAROOCHYDORE,Residential,80.0,4.444444444444445,18.0,0.0,18,2025-12-08T10:18:57.190Z
2022-07-06,2022,7,61901204,DeviceTemperature,captis_pulse,BUDERIM,Residential,23.7,23.7,23.7,23.7,1,2025-12-08T10:18:57.190Z
2022-07-06,2022,7,45121593,Pulse1_Total,captis_pulse,MOUNTAIN CREEK,Residential,1616604.0,89811.33333333333,90108.0,89678.0,18,2025-12-08T10:18:57.190Z
2022-07-06,2022,7,45121593,Pulse1,captis_pulse,MOUNTAIN CREEK,Residential,321.0,17.833333333333332,149.0,0.0,18,2025-12-08T10:18:57.190Z
2022-07-06,2022,7,66218035,DeviceTemperature,captis_pulse,BUDERIM,Residential,20.3,20.3,20.3,20.3,1,2025-12-08T10:18:57.190Z
2022-07-06,2022,7,61237814,DeviceTemperature,captis_pulse,BUDERIM,Residential,20.1,20.1,20.1,20.1,1,2025-12-08T10:18:57.190Z
2022-07-06,2022,7,1660522,DeviceTemperature,captis_pulse,MAROOCHYDORE,Residential,21.0,21.0,21.0,21.0,1,2025-12-08T10:18:57.190Z
2022-07-06,2022,7,257640,DeviceTemperature,captis_pulse,MAROOCHYDORE,Residential,18.2,18.2,18.2,18.2,1,2025-12-08T10:18:57.190Z
2022-07-05,2022,7,22039253,Pulse1,captis_pulse,NOOSAVILLE,Non-Residential,6050.0,97.58064516129032,490.0,30.0,62,2025-12-08T10:18:57.190Z
2022-07-04,2022,7,22039253,Pulse1,captis_pulse,NOOSAVILLE,Non-Residential,1720.0,78.18181818181819,250.0,30.0,22,2025-12-08T10:18:57.190Z
2022-07-04,2022,7,22039253,DeviceTemperature,captis_pulse,NOOSAVILLE,Non-Residential,26.7,13.35,13.6,13.1,2,2025-12-08T10:18:57.190Z
2022-07-06,2022,7,22039253,Pulse1,captis_pulse,NOOSAVILLE,Non-Residential,3140.0,209.33333333333334,570.0,60.0,15,2025-12-08T10:18:57.190Z
2022-07-06,2022,7,22039253,DeviceTemperature,captis_pulse,NOOSAVILLE,Non-Residential,20.6,20.6,20.6,20.6,1,2025-12-08T10:18:57.190Z
2022-07-05,2022,7,22451070,Pulse1,captis_pulse,MOUNTAIN CREEK,Non-Residential,5200.0,106.12244897959184,600.0,0.0,49,2025-12-08T10:18:57.190Z
2022-07-05,2022,7,61287576,Pulse1_Total,captis_pulse,BUDERIM,Residential,539882.0,11018.0,11018.0,11018.0,49,2025-12-08T10:18:57.190Z
2022-07-05,2022,7,61287576,Pulse1,captis_pulse,BUDERIM,Residential,0.0,0.0,0.0,0.0,49,2025-12-08T10:18:57.190Z
2022-07-05,2022,7,65089397,Pulse1,captis_pulse,BUDERIM,Residential,900.0,18.0,100.0,0.0,50,2025-12-08T10:18:57.190Z
2022-07-05,2022,7,62364130,Pulse1_Total,captis_pulse,BUDERIM,Residential,1632.0,32.0,32.0,32.0,51,2025-12-08T10:18:57.190Z
2022-07-05,2022,7,62364130,Pulse1,captis_pulse,BUDERIM,Residential,0.0,0.0,0.0,0.0,51,2025-12-08T10:18:57.190Z
2022-07-05,2022,7,60854678,Pulse1_Total,captis_pulse,BUDERIM,Residential,3390268.0,65197.46153846154,65369.0,64947.0,52,2025-12-08T10:18:57.190Z
2022-07-05,2022,7,60854678,Pulse1,captis_pulse,BUDERIM,Residential,290.0,5.576923076923077,115.0,0.0,52,2025-12-08T10:18:57.190Z
2022-07-05,2022,7,65089397,DeviceTemperature,captis_pulse,BUDERIM,Residential,24.41,12.205,12.6,11.81,2,2025-12-08T10:18:57.190Z
2022-07-05,2022,7,60854678,DeviceTemperature,captis_pulse,BUDERIM,Residential,13.9,13.9,13.9,13.9,1,2025-12-08T10:18:57.190Z
2022-07-05,2022,7,22451070,DeviceTemperature,captis_pulse,MOUNTAIN CREEK,Non-Residential,39.59,19.795,20.0,19.59,2,2025-12-08T10:18:57.190Z
2022-07-05,2022,7,62364130,Battery,captis_pulse,BUDERIM,Residential,3.64,3.64,3.64,3.64,1,2025-12-08T10:18:57.190Z
2022-07-05,2022,7,60854678,Battery,captis_pulse,BUDERIM,Residential,2.906,2.906,2.906,2.906,1,2025-12-08T10:18:57.190Z
2022-07-05,2022,7,62364130,DeviceTemperature,captis_pulse,BUDERIM,Residential,24.8,12.4,12.9,11.9,2,2025-12-08T10:18:57.190Z
2022-07-05,2022,7,65089397,Battery,captis_pulse,BUDERIM,Residential,74.759,24.919666666666668,69.0,2.119,3,2025-12-08T10:18:57.190Z
2022-07-05,2022,7,61287576,Battery,captis_pulse,BUDERIM,Residential,3.64,3.64,3.64,3.64,1,2025-12-08T10:18:57.190Z
2022-07-05,2022,7,61287576,DeviceTemperature,captis_pulse,BUDERIM,Residential,24.42,12.21,12.6,11.82,2,2025-12-08T10:18:57.190Z
2022-07-04,2022,7,22451070,Pulse1,captis_pulse,MOUNTAIN CREEK,Non-Residential,2100.0,95.45454545454545,600.0,0.0,22,2025-12-08T10:18:57.190Z
2022-07-04,2022,7,61287576,Pulse1_Total,captis_pulse,BUDERIM,Residential,264414.0,11017.25,11018.0,11017.0,24,2025-12-08T10:18:57.190Z
2022-07-04,2022,7,61287576,Pulse1,captis_pulse,BUDERIM,Residential,0.0,0.0,0.0,0.0,24,2025-12-08T10:18:57.190Z
2022-07-04,2022,7,65089397,Pulse1,captis_pulse,BUDERIM,Residential,800.0,25.0,200.0,0.0,32,2025-12-08T10:18:57.190Z
2022-07-04,2022,7,62364130,Pulse1_Total,captis_pulse,BUDERIM,Residential,704.0,32.0,32.0,32.0,22,2025-12-08T10:18:57.190Z
2022-07-04,2022,7,62364130,Pulse1,captis_pulse,BUDERIM,Residential,0.0,0.0,0.0,0.0,22,2025-12-08T10:18:57.190Z
2022-07-04,2022,7,60854678,Pulse1_Total,captis_pulse,BUDERIM,Residential,1555594.0,64816.416666666664,64916.0,64779.0,24,2025-12-08T10:18:57.190Z
2022-07-04,2022,7,60854678,Pulse1,captis_pulse,BUDERIM,Residential,107.0,4.458333333333333,72.0,0.0,24,2025-12-08T10:18:57.190Z
2022-07-04,2022,7,22451070,DeviceTemperature,captis_pulse,MOUNTAIN CREEK,Non-Residential,58.45,19.483333333333334,19.85,19.3,3,2025-12-08T10:18:57.190Z
2022-07-04,2022,7,62364130,Battery,captis_pulse,BUDERIM,Residential,3.64,3.64,3.64,3.64,1,2025-12-08T10:18:57.190Z
2022-07-04,2022,7,60854678,Battery,captis_pulse,BUDERIM,Residential,2.877,2.877,2.877,2.877,1,2025-12-08T10:18:57.190Z
2022-07-04,2022,7,65089397,DeviceTemperature,captis_pulse,BUDERIM,Residential,21.4,10.7,10.9,10.5,2,2025-12-08T10:18:57.190Z
2022-07-04,2022,7,62364130,DeviceTemperature,captis_pulse,BUDERIM,Residential,11.59,11.59,11.59,11.59,1,2025-12-08T10:18:57.190Z
2022-07-04,2022,7,61287576,DeviceTemperature,captis_pulse,BUDERIM,Residential,10.1,10.1,10.1,10.1,1,2025-12-08T10:18:57.190Z
2022-07-06,2022,7,22451070,Pulse1,captis_pulse,MOUNTAIN CREEK,Non-Residential,1400.0,87.5,300.0,0.0,16,2025-12-08T10:18:57.190Z
2022-07-06,2022,7,61287576,Pulse1_Total,captis_pulse,BUDERIM,Residential,154252.0,11018.0,11018.0,11018.0,14,2025-12-08T10:18:57.190Z
2022-07-06,2022,7,61287576,Pulse1,captis_pulse,BUDERIM,Residential,0.0,0.0,0.0,0.0,14,2025-12-08T10:18:57.190Z
2022-07-06,2022,7,65089397,Pulse1,captis_pulse,BUDERIM,Residential,400.0,26.666666666666668,100.0,0.0,15,2025-12-08T10:18:57.190Z
2022-07-06,2022,7,62364130,Pulse1_Total,captis_pulse,BUDERIM,Residential,480.0,32.0,32.0,32.0,15,2025-12-08T10:18:57.190Z
2022-07-06,2022,7,62364130,Pulse1,captis_pulse,BUDERIM,Residential,0.0,0.0,0.0,0.0,16,2025-12-08T10:18:57.190Z
2022-07-06,2022,7,60854678,Pulse1_Total,captis_pulse,BUDERIM,Residential,1116676.0,65686.82352941176,66226.0,65502.0,17,2025-12-08T10:18:57.190Z
2022-07-06,2022,7,60854678,Pulse1,captis_pulse,BUDERIM,Residential,162.0,9.529411764705882,95.0,0.0,17,2025-12-08T10:18:57.190Z
2022-07-06,2022,7,65089397,DeviceTemperature,captis_pulse,BUDERIM,Residential,17.9,17.9,17.9,17.9,1,2025-12-08T10:18:57.190Z
2022-07-06,2022,7,61287576,DeviceTemperature,captis_pulse,BUDERIM,Residential,24.6,24.6,24.6,24.6,1,2025-12-08T10:18:57.190Z
2022-07-06,2022,7,62364130,DeviceTemperature,captis_pulse,BUDERIM,Residential,26.2,26.2,26.2,26.2,1,2025-12-08T10:18:57.190Z
2022-07-06,2022,7,60854678,DeviceTemperature,captis_pulse,BUDERIM,Residential,20.0,20.0,20.0,20.0,1,2025-12-08T10:18:57.190Z
2022-07-05,2022,7,83295,Pulse1_Total,captis_pulse,KULUIN,Residential,4878508.0,97570.16,97596.0,97545.0,50,2025-12-08T10:18:57.190Z
2022-07-05,2022,7,83295,Pulse1,captis_pulse,KULUIN,Residential,38.0,0.76,27.0,0.0,50,2025-12-08T10:18:57.190Z
2022-07-05,2022,7,46311766,Pulse1,captis_pulse,MAROOCHYDORE,Residential,0.0,0.0,0.0,0.0,51,2025-12-08T10:18:57.190Z
2022-07-05,2022,7,65044438,Pulse1,captis_pulse,MAROOCHYDORE,Non-Residential,135.0,4.655172413793103,20.0,0.0,29,2025-12-08T10:18:57.190Z
2022-07-05,2022,7,65044438,Battery,captis_pulse,MAROOCHYDORE,Non-Residential,71.67,35.835,68.0,3.67,2,2025-12-08T10:18:57.190Z
2022-07-05,2022,7,65044438,DeviceTemperature,captis_pulse,MAROOCHYDORE,Non-Residential,44.82,14.94,16.3,14.22,3,2025-12-08T10:18:57.190Z
2022-07-05,2022,7,46311766,DeviceTemperature,captis_pulse,MAROOCHYDORE,Residential,28.45,14.225,14.6,13.85,2,2025-12-08T10:18:57.190Z
2022-07-05,2022,7,46311766,Battery,captis_pulse,MAROOCHYDORE,Residential,72.386,24.128666666666664,67.0,1.746,3,2025-12-08T10:18:57.190Z
2022-07-05,2022,7,83295,Battery,captis_pulse,KULUIN,Residential,75.394,25.131333333333334,70.0,1.754,3,2025-12-08T10:18:57.190Z
2022-07-05,2022,7,83295,DeviceTemperature,captis_pulse,KULUIN,Residential,28.58,14.29,15.0,13.58,2,2025-12-08T10:18:57.190Z
2022-07-04,2022,7,65044438,Pulse1,captis_pulse,MAROOCHYDORE,Non-Residential,45.0,1.8,10.0,0.0,25,2025-12-08T10:18:57.190Z
2022-07-04,2022,7,83295,Pulse1_Total,captis_pulse,KULUIN,Residential,2341056.0,97544.0,97544.0,97544.0,24,2025-12-08T10:18:57.190Z
2022-07-04,2022,7,83295,Pulse1,captis_pulse,KULUIN,Residential,0.0,0.0,0.0,0.0,23,2025-12-08T10:18:57.190Z
2022-07-04,2022,7,46311766,Pulse1,captis_pulse,MAROOCHYDORE,Residential,0.0,0.0,0.0,0.0,23,2025-12-08T10:18:57.190Z
2022-07-04,2022,7,65044438,DeviceTemperature,captis_pulse,MAROOCHYDORE,Non-Residential,12.8,12.8,12.8,12.8,1,2025-12-08T10:18:57.190Z
2022-07-04,2022,7,46311766,Battery,captis_pulse,MAROOCHYDORE,Residential,76.724,25.57466666666667,71.0,2.084,3,2025-12-08T10:18:57.190Z
2022-07-04,2022,7,46311766,DeviceTemperature,captis_pulse,MAROOCHYDORE,Residential,26.48,13.24,13.68,12.8,2,2025-12-08T10:18:57.190Z
2022-07-04,2022,7,83295,DeviceTemperature,captis_pulse,KULUIN,Residential,11.8,11.8,11.8,11.8,1,2025-12-08T10:18:57.190Z
2022-07-06,2022,7,83295,Pulse1_Total,captis_pulse,KULUIN,Residential,1269094.0,97622.61538461539,97663.0,97596.0,13,2025-12-08T10:18:57.190Z
2022-07-06,2022,7,83295,Pulse1,captis_pulse,KULUIN,Residential,57.0,4.384615384615385,56.0,0.0,13,2025-12-08T10:18:57.190Z
2022-07-06,2022,7,46311766,Pulse1,captis_pulse,MAROOCHYDORE,Residential,0.0,0.0,0.0,0.0,13,2025-12-08T10:18:57.190Z
2022-07-06,2022,7,46311766,DeviceTemperature,captis_pulse,MAROOCHYDORE,Residential,20.2,20.2,20.2,20.2,1,2025-12-08T10:18:57.190Z
2022-07-06,2022,7,65044438,Pulse1,captis_pulse,MAROOCHYDORE,Non-Residential,40.0,8.0,15.0,0.0,5,2025-12-08T10:18:57.190Z
2022-07-05,2022,7,34600533,Pulse1,captis_pulse,MAROOCHYDORE,Residential,6730.0,124.62962962962963,280.0,20.0,54,2025-12-08T10:18:57.190Z
2022-07-05,2022,7,34600533,Battery,captis_pulse,MAROOCHYDORE,Residential,69.577,23.192333333333334,64.0,1.947,3,2025-12-08T10:18:57.190Z
2022-07-05,2022,7,34600533,DeviceTemperature,captis_pulse,MAROOCHYDORE,Residential,29.35,14.675,15.1,14.25,2,2025-12-08T10:18:57.190Z
2022-07-04,2022,7,34600533,Pulse1,captis_pulse,MAROOCHYDORE,Residential,2170.0,86.8,260.0,20.0,25,2025-12-08T10:18:57.190Z
2022-07-06,2022,7,34600533,Pulse1,captis_pulse,MAROOCHYDORE,Residential,4380.0,243.33333333333334,350.0,110.0,18,2025-12-08T10:18:57.190Z
2022-07-05,2022,7,64276723,Pulse1,captis_pulse,BUDERIM,Residential,5970.0,119.4,565.0,0.0,50,2025-12-08T10:18:57.190Z
2022-07-05,2022,7,21811469,Pulse1,captis_pulse,PEREGIAN SPRINGS,Non-Residential,10060.0,197.2549019607843,400.0,160.0,51,2025-12-08T10:18:57.190Z
2022-07-05,2022,7,64629951,Pulse1,captis_pulse,MAROOCHYDORE,Residential,620.0,12.156862745098039,190.0,0.0,51,2025-12-08T10:18:57.190Z
2022-07-05,2022,7,81964579,Pulse1,captis_pulse,MAROOCHYDORE,Residential,100.0,3.3333333333333335,20.0,0.0,30,2025-12-08T10:18:57.190Z
2022-07-05,2022,7,64276723,Battery,captis_pulse,BUDERIM,Residential,73.50099999999999,24.50033333333333,68.0,1.871,3,2025-12-08T10:18:57.190Z
2022-07-05,2022,7,64276723,DeviceTemperature,captis_pulse,BUDERIM,Residential,25.66,12.83,13.5,12.16,2,2025-12-08T10:18:57.190Z
2022-07-05,2022,7,64629951,Battery,captis_pulse,MAROOCHYDORE,Residential,76.262,25.420666666666666,69.0,3.622,3,2025-12-08T10:18:57.190Z
2022-07-05,2022,7,64629951,DeviceTemperature,captis_pulse,MAROOCHYDORE,Residential,33.07,16.535,16.7,16.37,2,2025-12-08T10:18:57.190Z
2022-07-05,2022,7,21811469,Battery,captis_pulse,PEREGIAN SPRINGS,Non-Residential,72.392,24.130666666666666,67.0,1.752,3,2025-12-08T10:18:57.190Z
2022-07-05,2022,7,21811469,DeviceTemperature,captis_pulse,PEREGIAN SPRINGS,Non-Residential,31.630000000000003,15.815000000000001,16.3,15.33,2,2025-12-08T10:18:57.190Z
2022-07-05,2022,7,81964579,Battery,captis_pulse,MAROOCHYDORE,Residential,74.64,37.32,71.0,3.64,2,2025-12-08T10:18:57.190Z
2022-07-05,2022,7,81964579,DeviceTemperature,captis_pulse,MAROOCHYDORE,Residential,27.08,13.54,14.0,13.08,2,2025-12-08T10:18:57.190Z
2022-07-04,2022,7,81964579,Pulse1,captis_pulse,MAROOCHYDORE,Residential,30.0,1.2,10.0,0.0,25,2025-12-08T10:18:57.190Z
2022-07-04,2022,7,64276723,Pulse1,captis_pulse,BUDERIM,Residential,2940.0,133.63636363636363,615.0,0.0,22,2025-12-08T10:18:57.190Z
2022-07-04,2022,7,21811469,Pulse1,captis_pulse,PEREGIAN SPRINGS,Non-Residential,4140.0,172.5,250.0,160.0,24,2025-12-08T10:18:57.190Z
2022-07-04,2022,7,64629951,Pulse1,captis_pulse,MAROOCHYDORE,Residential,200.0,5.882352941176471,100.0,0.0,34,2025-12-08T10:18:57.190Z
2022-07-04,2022,7,21811469,DeviceTemperature,captis_pulse,PEREGIAN SPRINGS,Non-Residential,27.5,13.75,13.9,13.6,2,2025-12-08T10:18:57.190Z
2022-07-04,2022,7,64276723,Battery,captis_pulse,BUDERIM,Residential,68.508,22.836,63.0,1.878,3,2025-12-08T10:18:57.190Z
2022-07-04,2022,7,64276723,DeviceTemperature,captis_pulse,BUDERIM,Residential,21.729999999999997,10.864999999999998,11.53,10.2,2,2025-12-08T10:18:57.190Z
2022-07-04,2022,7,64629951,Battery,captis_pulse,MAROOCHYDORE,Residential,84.755,28.251666666666665,79.0,2.115,3,2025-12-08T10:18:57.190Z
2022-07-04,2022,7,64629951,DeviceTemperature,captis_pulse,MAROOCHYDORE,Residential,32.849999999999994,16.424999999999997,16.65,16.2,2,2025-12-08T10:18:57.190Z
2022-07-06,2022,7,64276723,Pulse1,captis_pulse,BUDERIM,Residential,2700.0,192.85714285714286,745.0,15.0,14,2025-12-08T10:18:57.190Z
2022-07-06,2022,7,21811469,Pulse1,captis_pulse,PEREGIAN SPRINGS,Non-Residential,11600.0,892.3076923076923,2840.0,160.0,13,2025-12-08T10:18:57.190Z
2022-07-06,2022,7,64629951,Pulse1,captis_pulse,MAROOCHYDORE,Residential,330.0,25.384615384615383,90.0,0.0,13,2025-12-08T10:18:57.190Z
2022-07-06,2022,7,81964579,Pulse1,captis_pulse,MAROOCHYDORE,Residential,50.0,10.0,15.0,5.0,5,2025-12-08T10:18:57.190Z
2022-07-06,2022,7,64276723,DeviceTemperature,captis_pulse,BUDERIM,Residential,34.7,34.7,34.7,34.7,1,2025-12-08T10:18:57.190Z
2022-07-06,2022,7,81964579,Battery,captis_pulse,MAROOCHYDORE,Residential,74.63,37.315,71.0,3.63,2,2025-12-08T10:18:57.190Z
2022-07-06,2022,7,81964579,DeviceTemperature,captis_pulse,MAROOCHYDORE,Residential,15.07,15.07,15.07,15.07,1,2025-12-08T10:18:57.190Z
2022-07-05,2022,7,9343438,Pulse1_Total,captis_pulse,MAROOCHYDORE,Residential,4366417.0,85616.01960784313,85686.0,85596.0,51,2025-12-08T10:18:57.190Z
2022-07-05,2022,7,9343438,Pulse1,captis_pulse,MAROOCHYDORE,Residential,22.0,0.43137254901960786,2.0,0.0,51,2025-12-08T10:18:57.190Z
2022-07-05,2022,7,81974833,Pulse1,captis_pulse,MAROOCHYDORE,Residential,940.0,34.81481481481482,160.0,0.0,27,2025-12-08T10:18:57.190Z
2022-07-05,2022,7,9343438,Battery,captis_pulse,MAROOCHYDORE,Residential,70.65299999999999,23.551,65.0,2.023,3,2025-12-08T10:18:57.190Z
2022-07-05,2022,7,9343438,DeviceTemperature,captis_pulse,MAROOCHYDORE,Residential,27.61,13.805,14.6,13.01,2,2025-12-08T10:18:57.190Z
2022-07-05,2022,7,81974833,Battery,captis_pulse,MAROOCHYDORE,Residential,70.65,35.325,67.0,3.65,2,2025-12-08T10:18:57.190Z
2022-07-05,2022,7,81974833,DeviceTemperature,captis_pulse,MAROOCHYDORE,Residential,13.09,13.09,13.09,13.09,1,2025-12-08T10:18:57.190Z
2022-07-04,2022,7,81974833,Pulse1,captis_pulse,MAROOCHYDORE,Residential,880.0,35.2,200.0,0.0,25,2025-12-08T10:18:57.190Z
2022-07-04,2022,7,9343438,Pulse1_Total,captis_pulse,MAROOCHYDORE,Residential,2738741.0,85585.65625,85595.0,85580.0,32,2025-12-08T10:18:57.190Z
2022-07-04,2022,7,9343438,Pulse1,captis_pulse,MAROOCHYDORE,Residential,13.0,0.40625,1.0,0.0,32,2025-12-08T10:18:57.190Z
2022-07-04,2022,7,9343438,Battery,captis_pulse,MAROOCHYDORE,Residential,70.62599999999999,23.541999999999998,65.0,1.996,3,2025-12-08T10:18:57.190Z
2022-07-04,2022,7,9343438,DeviceTemperature,captis_pulse,MAROOCHYDORE,Residential,35.34,11.780000000000001,12.64,11.2,3,2025-12-08T10:18:57.190Z
2022-07-06,2022,7,9343438,Pulse1_Total,captis_pulse,MAROOCHYDORE,Residential,1459247.0,85838.05882352941,85933.0,85763.0,17,2025-12-08T10:18:57.190Z
2022-07-06,2022,7,9343438,Pulse1,captis_pulse,MAROOCHYDORE,Residential,51.0,3.0,12.0,0.0,17,2025-12-08T10:18:57.190Z
2022-07-06,2022,7,81974833,Pulse1,captis_pulse,MAROOCHYDORE,Residential,250.0,83.33333333333333,110.0,40.0,3,2025-12-08T10:18:57.190Z
2022-07-06,2022,7,9343438,DeviceTemperature,captis_pulse,MAROOCHYDORE,Residential,32.3,32.3,32.3,32.3,1,2025-12-08T10:18:57.190Z
2022-07-06,2022,7,81974833,Battery,captis_pulse,MAROOCHYDORE,Residential,72.65,36.325,69.0,3.65,2,2025-12-08T10:18:57.190Z
2022-07-06,2022,7,81974833,DeviceTemperature,captis_pulse,MAROOCHYDORE,Residential,30.740000000000002,15.370000000000001,16.6,14.14,2,2025-12-08T10:18:57.190Z
2022-07-05,2022,7,612731,Pulse1,captis_pulse,KULUIN,Residential,93.0,1.86,63.0,0.0,50,2025-12-08T10:18:57.190Z
2022-07-05,2022,7,292072,Pulse1,captis_pulse,BUDERIM,Residential,667.0,12.351851851851851,96.0,5.0,54,2025-12-08T10:18:57.190Z
2022-07-05,2022,7,21214993,Pulse1,captis_pulse,MOUNTAIN CREEK,Non-Residential,1590.0,32.44897959183673,200.0,0.0,49,2025-12-08T10:18:57.190Z
2022-07-05,2022,7,21672805,Pulse1,captis_pulse,BUDERIM,Non-Residential,0.0,0.0,0.0,0.0,49,2025-12-08T10:18:57.190Z
2022-07-05,2022,7,9354863,Pulse1,captis_pulse,MAROOCHYDORE,Residential,205.0,4.019607843137255,51.0,0.0,51,2025-12-08T10:18:57.190Z
2022-07-05,2022,7,279744,Pulse1,captis_pulse,BUDERIM,Residential,48.0,0.8888888888888888,2.0,0.0,54,2025-12-08T10:18:57.190Z
2022-07-05,2022,7,61199412,Pulse1_Total,captis_pulse,BUDERIM,Residential,1961.0,37.0,37.0,37.0,53,2025-12-08T10:18:57.190Z
2022-07-05,2022,7,61199412,Pulse1,captis_pulse,BUDERIM,Residential,0.0,0.0,0.0,0.0,54,2025-12-08T10:18:57.190Z
2022-07-05,2022,7,21214993,DeviceTemperature,captis_pulse,MOUNTAIN CREEK,Non-Residential,28.03,14.015,14.6,13.43,2,2025-12-08T10:18:57.190Z
2022-07-05,2022,7,612731,DeviceTemperature,captis_pulse,KULUIN,Residential,13.44,13.44,13.44,13.44,1,2025-12-08T10:18:57.190Z
2022-07-05,2022,7,292072,Battery,captis_pulse,BUDERIM,Residential,76.343,25.447666666666667,71.0,1.703,3,2025-12-08T10:18:57.190Z
2022-07-05,2022,7,292072,DeviceTemperature,captis_pulse,BUDERIM,Residential,28.33,14.165,14.7,13.63,2,2025-12-08T10:18:57.190Z
2022-07-05,2022,7,21214993,Battery,captis_pulse,MOUNTAIN CREEK,Non-Residential,3.64,3.64,3.64,3.64,1,2025-12-08T10:18:57.190Z
2022-07-05,2022,7,21672805,Battery,captis_pulse,BUDERIM,Non-Residential,3.63,3.63,3.63,3.63,1,2025-12-08T10:18:57.190Z
2022-07-05,2022,7,9354863,DeviceTemperature,captis_pulse,MAROOCHYDORE,Residential,13.54,13.54,13.54,13.54,1,2025-12-08T10:18:57.190Z
2022-07-05,2022,7,9354863,Battery,captis_pulse,MAROOCHYDORE,Residential,72.235,24.078333333333333,66.0,2.615,3,2025-12-08T10:18:57.190Z
2022-07-05,2022,7,61199412,DeviceTemperature,captis_pulse,BUDERIM,Residential,28.759999999999998,14.379999999999999,14.7,14.06,2,2025-12-08T10:18:57.190Z
2022-07-05,2022,7,21672805,DeviceTemperature,captis_pulse,BUDERIM,Non-Residential,30.97,15.485,15.6,15.37,2,2025-12-08T10:18:57.190Z
2022-07-05,2022,7,279744,DeviceTemperature,captis_pulse,BUDERIM,Residential,28.25,14.125,14.9,13.35,2,2025-12-08T10:18:57.190Z
2022-07-05,2022,7,279744,Battery,captis_pulse,BUDERIM,Residential,41.917,13.972333333333333,36.0,2.277,3,2025-12-08T10:18:57.190Z
2022-07-04,2022,7,279744,Pulse1,captis_pulse,BUDERIM,Residential,52.0,1.625,16.0,0.0,32,2025-12-08T10:18:57.190Z
2022-07-04,2022,7,61199412,Pulse1_Total,captis_pulse,BUDERIM,Residential,925.0,37.0,37.0,37.0,25,2025-12-08T10:18:57.190Z
2022-07-04,2022,7,61199412,Pulse1,captis_pulse,BUDERIM,Residential,0.0,0.0,0.0,0.0,25,2025-12-08T10:18:57.190Z
2022-07-04,2022,7,612731,Pulse1,captis_pulse,KULUIN,Residential,58.0,2.5217391304347827,45.0,0.0,23,2025-12-08T10:18:57.190Z
2022-07-04,2022,7,292072,Pulse1,captis_pulse,BUDERIM,Residential,209.0,9.08695652173913,17.0,5.0,23,2025-12-08T10:18:57.190Z
2022-07-04,2022,7,21214993,Pulse1,captis_pulse,MOUNTAIN CREEK,Non-Residential,240.0,11.428571428571429,60.0,0.0,21,2025-12-08T10:18:57.190Z
2022-07-04,2022,7,21672805,Pulse1,captis_pulse,BUDERIM,Non-Residential,0.0,0.0,0.0,0.0,24,2025-12-08T10:18:57.190Z
2022-07-04,2022,7,9354863,Pulse1,captis_pulse,MAROOCHYDORE,Residential,18.0,0.782608695652174,10.0,0.0,23,2025-12-08T10:18:57.190Z
2022-07-04,2022,7,9354863,DeviceTemperature,captis_pulse,MAROOCHYDORE,Residential,23.9,11.95,12.1,11.8,2,2025-12-08T10:18:57.190Z
2022-07-04,2022,7,279744,Battery,captis_pulse,BUDERIM,Residential,72.442,24.147333333333332,67.0,1.812,3,2025-12-08T10:18:57.190Z
2022-07-04,2022,7,279744,DeviceTemperature,captis_pulse,BUDERIM,Residential,13.21,13.21,13.21,13.21,1,2025-12-08T10:18:57.190Z
2022-07-04,2022,7,612731,DeviceTemperature,captis_pulse,KULUIN,Residential,11.6,11.6,11.6,11.6,1,2025-12-08T10:18:57.190Z
2022-07-04,2022,7,292072,DeviceTemperature,captis_pulse,BUDERIM,Residential,11.9,11.9,11.9,11.9,1,2025-12-08T10:18:57.190Z
2022-07-04,2022,7,21672805,DeviceTemperature,captis_pulse,BUDERIM,Non-Residential,15.0,15.0,15.0,15.0,1,2025-12-08T10:18:57.190Z
2022-07-04,2022,7,21214993,DeviceTemperature,captis_pulse,MOUNTAIN CREEK,Non-Residential,12.1,12.1,12.1,12.1,1,2025-12-08T10:18:57.190Z
2022-07-04,2022,7,21214993,Battery,captis_pulse,MOUNTAIN CREEK,Non-Residential,3.63,3.63,3.63,3.63,1,2025-12-08T10:18:57.190Z
2022-07-04,2022,7,21672805,Battery,captis_pulse,BUDERIM,Non-Residential,3.63,3.63,3.63,3.63,1,2025-12-08T10:18:57.190Z
2022-07-04,2022,7,61199412,DeviceTemperature,captis_pulse,BUDERIM,Residential,13.3,13.3,13.3,13.3,1,2025-12-08T10:18:57.190Z
2022-07-04,2022,7,9354863,Battery,captis_pulse,MAROOCHYDORE,Residential,72.69200000000001,24.230666666666668,67.0,2.072,3,2025-12-08T10:18:57.190Z
2022-07-04,2022,7,61199412,Battery,captis_pulse,BUDERIM,Residential,3.64,3.64,3.64,3.64,1,2025-12-08T10:18:57.190Z
2022-07-06,2022,7,612731,Pulse1,captis_pulse,KULUIN,Residential,18.0,1.2,12.0,0.0,15,2025-12-08T10:18:57.190Z
2022-07-06,2022,7,292072,Pulse1,captis_pulse,BUDERIM,Residential,216.0,14.4,93.0,6.0,15,2025-12-08T10:18:57.190Z
2022-07-06,2022,7,21214993,Pulse1,captis_pulse,MOUNTAIN CREEK,Non-Residential,1050.0,75.0,210.0,10.0,14,2025-12-08T10:18:57.190Z
2022-07-06,2022,7,21214993,DeviceTemperature,captis_pulse,MOUNTAIN CREEK,Non-Residential,28.5,28.5,28.5,28.5,1,2025-12-08T10:18:57.190Z
2022-07-06,2022,7,21672805,Pulse1,captis_pulse,BUDERIM,Non-Residential,0.0,0.0,0.0,0.0,14,2025-12-08T10:18:57.190Z
2022-07-06,2022,7,9354863,Pulse1,captis_pulse,MAROOCHYDORE,Residential,230.0,17.692307692307693,105.0,0.0,13,2025-12-08T10:18:57.190Z
2022-07-06,2022,7,279744,Pulse1,captis_pulse,BUDERIM,Residential,38.0,2.111111111111111,17.0,1.0,18,2025-12-08T10:18:57.190Z
2022-07-06,2022,7,61199412,Pulse1_Total,captis_pulse,BUDERIM,Residential,666.0,37.0,37.0,37.0,18,2025-12-08T10:18:57.190Z
2022-07-06,2022,7,61199412,Pulse1,captis_pulse,BUDERIM,Residential,0.0,0.0,0.0,0.0,18,2025-12-08T10:18:57.190Z
2022-07-06,2022,7,61199412,DeviceTemperature,captis_pulse,BUDERIM,Residential,18.4,18.4,18.4,18.4,1,2025-12-08T10:18:57.190Z
2022-07-06,2022,7,292072,DeviceTemperature,captis_pulse,BUDERIM,Residential,31.8,31.8,31.8,31.8,1,2025-12-08T10:18:57.190Z
2022-07-06,2022,7,279744,DeviceTemperature,captis_pulse,BUDERIM,Residential,33.1,33.1,33.1,33.1,1,2025-12-08T10:18:57.190Z
2022-07-05,2022,7,96372,Pulse1,captis_pulse,BUDERIM,Residential,20.0,1.3333333333333333,19.0,0.0,15,2025-12-08T10:18:57.190Z
2022-07-05,2022,7,96372,Battery,captis_pulse,BUDERIM,Residential,2.138,2.138,2.138,2.138,1,2025-12-08T10:18:57.190Z
2022-07-04,2022,7,96372,Pulse1,captis_pulse,BUDERIM,Residential,0.0,0.0,0.0,0.0,11,2025-12-08T10:18:57.190Z
2022-07-04,2022,7,96372,DeviceTemperature,captis_pulse,BUDERIM,Residential,24.67,12.335,12.97,11.7,2,2025-12-08T10:18:57.190Z
2022-07-06,2022,7,96372,Pulse1,captis_pulse,BUDERIM,Residential,87.0,5.8,45.0,0.0,15,2025-12-08T10:18:57.190Z
2022-07-05,2022,7,1651160,Pulse1,captis_pulse,MAROOCHYDORE,Residential,47.0,0.9591836734693877,38.0,0.0,49,2025-12-08T10:18:57.190Z
2022-07-05,2022,7,22607088,Pulse1,captis_pulse,NORTH LAKES,Non-Residential,0.0,0.0,0.0,0.0,53,2025-12-08T10:18:57.190Z
2022-07-05,2022,7,81968505,Pulse1,captis_pulse,MAROOCHYDORE,Residential,430.0,14.333333333333334,135.0,0.0,30,2025-12-08T10:18:57.190Z
2022-07-05,2022,7,81968505,DeviceTemperature,captis_pulse,MAROOCHYDORE,Residential,42.49,14.163333333333334,14.6,13.29,3,2025-12-08T10:18:57.190Z
2022-07-05,2022,7,1651160,DeviceTemperature,captis_pulse,MAROOCHYDORE,Residential,18.0,18.0,18.0,18.0,1,2025-12-08T10:18:57.190Z
2022-07-05,2022,7,61624387,Pulse1_Total,captis_pulse,BUDERIM,Residential,4141761.0,84525.73469387754,84782.0,84178.0,49,2025-12-08T10:18:57.190Z
2022-07-05,2022,7,61624387,Pulse1,captis_pulse,BUDERIM,Residential,482.0,9.83673469387755,84.0,0.0,49,2025-12-08T10:18:57.190Z
2022-07-05,2022,7,10575,Pulse1,captis_pulse,BUDERIM,Residential,520.0,9.81132075471698,79.0,0.0,53,2025-12-08T10:18:57.190Z
2022-07-05,2022,7,64628311,Pulse1,captis_pulse,MAROOCHYDORE,Residential,2030.0,40.6,160.0,0.0,50,2025-12-08T10:18:57.190Z
2022-07-05,2022,7,81968505,Battery,captis_pulse,MAROOCHYDORE,Residential,72.65,36.325,69.0,3.65,2,2025-12-08T10:18:57.190Z
2022-07-05,2022,7,64628075,Pulse1,captis_pulse,MAROOCHYDORE,Residential,190.0,11.176470588235293,140.0,0.0,17,2025-12-08T10:18:57.190Z
2022-07-05,2022,7,1651160,Battery,captis_pulse,MAROOCHYDORE,Residential,76.63,38.315,73.0,3.63,2,2025-12-08T10:18:57.190Z
2022-07-05,2022,7,22607088,DeviceTemperature,captis_pulse,NORTH LAKES,Non-Residential,37.0,18.5,19.0,18.0,2,2025-12-08T10:18:57.190Z
2022-07-05,2022,7,22607088,Battery,captis_pulse,NORTH LAKES,Non-Residential,76.505,25.501666666666665,71.0,1.865,3,2025-12-08T10:18:57.190Z
2022-07-05,2022,7,64628075,Battery,captis_pulse,MAROOCHYDORE,Residential,72.521,24.173666666666666,67.0,1.881,3,2025-12-08T10:18:57.190Z
2022-07-05,2022,7,64628311,Battery,captis_pulse,MAROOCHYDORE,Residential,74.287,24.762333333333334,69.0,1.647,3,2025-12-08T10:18:57.190Z
2022-07-05,2022,7,64628311,DeviceTemperature,captis_pulse,MAROOCHYDORE,Residential,26.73,13.365,14.1,12.63,2,2025-12-08T10:18:57.190Z
2022-07-05,2022,7,61624387,Battery,captis_pulse,BUDERIM,Residential,3.64,3.64,3.64,3.64,1,2025-12-08T10:18:57.190Z
2022-07-05,2022,7,10575,Battery,captis_pulse,BUDERIM,Residential,73.55499999999999,24.51833333333333,68.0,1.925,3,2025-12-08T10:18:57.190Z
2022-07-05,2022,7,10575,DeviceTemperature,captis_pulse,BUDERIM,Residential,28.04,14.02,14.7,13.34,2,2025-12-08T10:18:57.190Z
2022-07-05,2022,7,61624387,DeviceTemperature,captis_pulse,BUDERIM,Residential,25.32,12.66,13.0,12.32,2,2025-12-08T10:18:57.190Z
2022-07-04,2022,7,1651160,Pulse1,captis_pulse,MAROOCHYDORE,Residential,98.0,4.666666666666667,54.0,0.0,21,2025-12-08T10:18:57.190Z
2022-07-04,2022,7,22607088,Pulse1,captis_pulse,NORTH LAKES,Non-Residential,0.0,0.0,0.0,0.0,24,2025-12-08T10:18:57.190Z
2022-07-04,2022,7,61624387,Pulse1_Total,captis_pulse,BUDERIM,Residential,2103170.0,84126.8,84155.0,84102.0,25,2025-12-08T10:18:57.190Z
2022-07-04,2022,7,61624387,Pulse1,captis_pulse,BUDERIM,Residential,44.0,1.8333333333333333,17.0,0.0,24,2025-12-08T10:18:57.190Z
2022-07-04,2022,7,10575,Pulse1,captis_pulse,BUDERIM,Residential,79.0,3.4347826086956523,19.0,0.0,23,2025-12-08T10:18:57.190Z
2022-07-04,2022,7,64628311,Pulse1,captis_pulse,MAROOCHYDORE,Residential,670.0,29.130434782608695,140.0,0.0,23,2025-12-08T10:18:57.190Z
2022-07-04,2022,7,81968505,Pulse1,captis_pulse,MAROOCHYDORE,Residential,420.0,16.8,85.0,0.0,25,2025-12-08T10:18:57.190Z
2022-07-04,2022,7,81969213,Battery,captis_pulse,MAROOCHYDORE,Non-Residential,52.66,26.33,49.0,3.66,2,2025-12-08T10:18:57.190Z
2022-07-04,2022,7,81969213,DeviceTemperature,captis_pulse,MAROOCHYDORE,Non-Residential,40.94,20.47,21.04,19.9,2,2025-12-08T10:18:57.190Z
2022-07-04,2022,7,64628311,DeviceTemperature,captis_pulse,MAROOCHYDORE,Residential,33.82,11.273333333333333,12.12,10.8,3,2025-12-08T10:18:57.190Z
2022-07-04,2022,7,1651160,DeviceTemperature,captis_pulse,MAROOCHYDORE,Residential,16.7,16.7,16.7,16.7,1,2025-12-08T10:18:57.190Z
2022-07-04,2022,7,10575,DeviceTemperature,captis_pulse,BUDERIM,Residential,23.4,11.7,11.8,11.6,2,2025-12-08T10:18:57.190Z
2022-07-04,2022,7,1651160,Battery,captis_pulse,MAROOCHYDORE,Residential,72.62,36.31,69.0,3.62,2,2025-12-08T10:18:57.190Z
2022-07-04,2022,7,64628311,Battery,captis_pulse,MAROOCHYDORE,Residential,74.429,24.80966666666667,69.0,1.789,3,2025-12-08T10:18:57.190Z
2022-07-04,2022,7,22607088,DeviceTemperature,captis_pulse,NORTH LAKES,Non-Residential,17.7,17.7,17.7,17.7,1,2025-12-08T10:18:57.190Z
2022-07-04,2022,7,22607088,Battery,captis_pulse,NORTH LAKES,Non-Residential,1.787,1.787,1.787,1.787,1,2025-12-08T10:18:57.190Z
2022-07-06,2022,7,1651160,Pulse1,captis_pulse,MAROOCHYDORE,Residential,16.0,1.0666666666666667,6.0,0.0,15,2025-12-08T10:18:57.190Z
2022-07-06,2022,7,22607088,Pulse1,captis_pulse,NORTH LAKES,Non-Residential,0.0,0.0,0.0,0.0,15,2025-12-08T10:18:57.190Z
2022-07-06,2022,7,64628075,Pulse1,captis_pulse,MAROOCHYDORE,Residential,550.0,36.666666666666664,80.0,0.0,15,2025-12-08T10:18:57.190Z
2022-07-06,2022,7,61624387,Pulse1_Total,captis_pulse,BUDERIM,Residential,1190090.0,85006.42857142857,85225.0,84838.0,14,2025-12-08T10:18:57.190Z
2022-07-06,2022,7,61624387,Pulse1,captis_pulse,BUDERIM,Residential,55.0,4.230769230769231,27.0,0.0,13,2025-12-08T10:18:57.190Z
2022-07-06,2022,7,10575,Pulse1,captis_pulse,BUDERIM,Residential,58.0,4.461538461538462,32.0,0.0,13,2025-12-08T10:18:57.190Z
2022-07-06,2022,7,64628311,Pulse1,captis_pulse,MAROOCHYDORE,Residential,610.0,35.88235294117647,170.0,0.0,17,2025-12-08T10:18:57.190Z
2022-07-06,2022,7,81968505,Pulse1,captis_pulse,MAROOCHYDORE,Residential,190.0,47.5,85.0,20.0,4,2025-12-08T10:18:57.190Z
2022-07-06,2022,7,64628075,DeviceTemperature,captis_pulse,MAROOCHYDORE,Residential,33.5,33.5,33.5,33.5,1,2025-12-08T10:18:57.190Z
2022-07-06,2022,7,61624387,DeviceTemperature,captis_pulse,BUDERIM,Residential,18.4,18.4,18.4,18.4,1,2025-12-08T10:18:57.190Z
2022-07-06,2022,7,10575,DeviceTemperature,captis_pulse,BUDERIM,Residential,33.1,33.1,33.1,33.1,1,2025-12-08T10:18:57.190Z
2022-07-04,2022,7,64628075,Pulse1,captis_pulse,MAROOCHYDORE,Residential,2240.0,23.333333333333332,140.0,0.0,96,2025-12-08T10:18:57.190Z
2022-07-04,2022,7,64628075,DeviceTemperature,captis_pulse,MAROOCHYDORE,Residential,11.1,11.1,11.1,11.1,1,2025-12-08T10:18:57.190Z
2022-07-04,2022,7,64628075,Battery,captis_pulse,MAROOCHYDORE,Residential,3.446,3.446,3.446,3.446,1,2025-12-08T10:18:57.190Z
2022-07-05,2022,7,64629962,Pulse1,,,,0.0,0.0,0.0,0.0,20,2025-12-08T10:18:57.190Z
2022-07-05,2022,7,64629962,Battery,,,,73.64,36.82,70.0,3.64,2,2025-12-08T10:18:57.190Z
2022-07-05,2022,7,64629962,DeviceTemperature,,,,12.17,12.17,12.17,12.17,1,2025-12-08T10:18:57.190Z
2022-07-04,2022,7,64629962,Pulse1,,,,0.0,0.0,0.0,0.0,24,2025-12-08T10:18:57.190Z
2022-07-04,2022,7,64629962,DeviceTemperature,,,,11.3,11.3,11.3,11.3,1,2025-12-08T10:18:57.190Z
2022-07-06,2022,7,64629962,Pulse1,,,,0.0,0.0,0.0,0.0,1,2025-12-08T10:18:57.190Z
2022-07-05,2022,7,61643063,Pulse1,captis_pulse,BUDERIM,Residential,0.0,0.0,0.0,0.0,51,2025-12-08T10:18:57.190Z
2022-07-05,2022,7,61643063,Pulse1_Total,captis_pulse,BUDERIM,Residential,1350.0,27.0,27.0,27.0,50,2025-12-08T10:18:57.190Z
2022-07-05,2022,7,61643063,DeviceTemperature,captis_pulse,BUDERIM,Residential,24.89,12.445,12.9,11.99,2,2025-12-08T10:18:57.190Z
2022-07-05,2022,7,61643063,Battery,captis_pulse,BUDERIM,Residential,3.63,3.63,3.63,3.63,1,2025-12-08T10:18:57.190Z
2022-07-04,2022,7,61643063,Pulse1_Total,captis_pulse,BUDERIM,Residential,621.0,27.0,27.0,27.0,23,2025-12-08T10:18:57.190Z
2022-07-04,2022,7,61643063,Pulse1,captis_pulse,BUDERIM,Residential,0.0,0.0,0.0,0.0,23,2025-12-08T10:18:57.190Z
2022-07-04,2022,7,61163665,Pulse1_Total,captis_pulse,BUDERIM,Residential,370.0,37.0,37.0,37.0,10,2025-12-08T10:18:57.190Z
2022-07-04,2022,7,61163665,Pulse1,captis_pulse,BUDERIM,Residential,0.0,0.0,0.0,0.0,10,2025-12-08T10:18:57.190Z
2022-07-04,2022,7,61163665,DeviceTemperature,captis_pulse,BUDERIM,Residential,12.0,12.0,12.0,12.0,1,2025-12-08T10:18:57.190Z
2022-07-04,2022,7,61643063,DeviceTemperature,captis_pulse,BUDERIM,Residential,32.47,10.823333333333332,11.87,10.2,3,2025-12-08T10:18:57.190Z
2022-07-06,2022,7,61643063,Pulse1_Total,captis_pulse,BUDERIM,Residential,351.0,27.0,27.0,27.0,13,2025-12-08T10:18:57.190Z
2022-07-06,2022,7,61643063,Pulse1,captis_pulse,BUDERIM,Residential,0.0,0.0,0.0,0.0,13,2025-12-08T10:18:57.190Z
2022-07-06,2022,7,61643063,DeviceTemperature,captis_pulse,BUDERIM,Residential,20.7,20.7,20.7,20.7,1,2025-12-08T10:18:57.190Z
2022-07-05,2022,7,81968801,Battery,captis_pulse,MAROOCHYDORE,Residential,71.64,35.82,68.0,3.64,2,2025-12-08T10:18:57.190Z
2022-07-05,2022,7,81968801,DeviceTemperature,captis_pulse,MAROOCHYDORE,Residential,14.61,14.61,14.61,14.61,1,2025-12-08T10:18:57.190Z
2022-07-05,2022,7,81968801,Pulse1,captis_pulse,MAROOCHYDORE,Residential,220.0,12.222222222222221,135.0,0.0,18,2025-12-08T10:18:57.190Z
2022-07-04,2022,7,81968801,Pulse1,captis_pulse,MAROOCHYDORE,Residential,430.0,17.916666666666668,60.0,0.0,24,2025-12-08T10:18:57.190Z
2022-07-04,2022,7,81968801,DeviceTemperature,captis_pulse,MAROOCHYDORE,Residential,13.3,13.3,13.3,13.3,1,2025-12-08T10:18:57.190Z
2022-07-06,2022,7,81968801,Battery,captis_pulse,MAROOCHYDORE,Residential,70.65,35.325,67.0,3.65,2,2025-12-08T10:18:57.190Z
2022-07-06,2022,7,81968801,DeviceTemperature,captis_pulse,MAROOCHYDORE,Residential,42.89,21.445,27.1,15.79,2,2025-12-08T10:18:57.190Z
2022-07-05,2022,7,99872,Pulse1,captis_pulse,BUDERIM,Residential,315.0,5.338983050847458,88.0,0.0,59,2025-12-08T10:18:57.190Z
2022-07-05,2022,7,65085588,Pulse1,captis_pulse,MAROOCHYDORE,Residential,1090.0,21.8,140.0,0.0,50,2025-12-08T10:18:57.190Z
2022-07-05,2022,7,272043,Pulse1,captis_pulse,KULUIN,Residential,213.0,3.4918032786885247,44.0,0.0,61,2025-12-08T10:18:57.190Z
2022-07-05,2022,7,46059164,Pulse1,captis_pulse,MAROOCHYDORE,Residential,12840.0,246.92307692307693,1610.0,0.0,52,2025-12-08T10:18:57.190Z
2022-07-05,2022,7,99872,Battery,captis_pulse,BUDERIM,Residential,81.462,27.154,75.0,2.842,3,2025-12-08T10:18:57.190Z
2022-07-05,2022,7,46059164,Battery,captis_pulse,MAROOCHYDORE,Residential,72.411,24.137,67.0,1.771,3,2025-12-08T10:18:57.190Z
2022-07-05,2022,7,46059164,DeviceTemperature,captis_pulse,MAROOCHYDORE,Residential,30.63,15.315,15.7,14.93,2,2025-12-08T10:18:57.190Z
2022-07-05,2022,7,65085588,Battery,captis_pulse,MAROOCHYDORE,Residential,72.495,24.165000000000003,67.0,1.855,3,2025-12-08T10:18:57.190Z
2022-07-05,2022,7,65085588,DeviceTemperature,captis_pulse,MAROOCHYDORE,Residential,32.96,16.48,16.7,16.26,2,2025-12-08T10:18:57.190Z
2022-07-05,2022,7,99872,DeviceTemperature,captis_pulse,BUDERIM,Residential,28.34,14.17,14.6,13.74,2,2025-12-08T10:18:57.190Z
2022-07-05,2022,7,272043,DeviceTemperature,captis_pulse,KULUIN,Residential,14.9,14.9,14.9,14.9,1,2025-12-08T10:18:57.190Z
2022-07-04,2022,7,99872,Pulse1,captis_pulse,BUDERIM,Residential,82.0,3.727272727272727,40.0,0.0,22,2025-12-08T10:18:57.190Z
2022-07-04,2022,7,65085588,Pulse1,captis_pulse,MAROOCHYDORE,Residential,470.0,14.6875,170.0,0.0,32,2025-12-08T10:18:57.190Z
2022-07-04,2022,7,272043,Pulse1,captis_pulse,KULUIN,Residential,34.0,1.36,18.0,0.0,25,2025-12-08T10:18:57.190Z
2022-07-04,2022,7,46059164,Pulse1,captis_pulse,MAROOCHYDORE,Residential,7630.0,282.5925925925926,1620.0,0.0,27,2025-12-08T10:18:57.190Z
2022-07-04,2022,7,272043,DeviceTemperature,captis_pulse,KULUIN,Residential,37.86,12.62,12.98,11.9,3,2025-12-08T10:18:57.190Z
2022-07-04,2022,7,272043,Battery,captis_pulse,KULUIN,Residential,69.382,23.127333333333336,64.0,1.742,3,2025-12-08T10:18:57.190Z
2022-07-04,2022,7,65085588,DeviceTemperature,captis_pulse,MAROOCHYDORE,Residential,47.72,15.906666666666666,16.52,15.5,3,2025-12-08T10:18:57.190Z
2022-07-04,2022,7,46059164,Battery,captis_pulse,MAROOCHYDORE,Residential,74.454,24.817999999999998,69.0,1.824,3,2025-12-08T10:18:57.190Z
2022-07-04,2022,7,46059164,DeviceTemperature,captis_pulse,MAROOCHYDORE,Residential,28.82,14.41,15.12,13.7,2,2025-12-08T10:18:57.190Z
2022-07-04,2022,7,99872,Battery,captis_pulse,BUDERIM,Residential,78.352,26.117333333333335,71.0,3.62,3,2025-12-08T10:18:57.190Z
2022-07-04,2022,7,99872,DeviceTemperature,captis_pulse,BUDERIM,Residential,12.2,12.2,12.2,12.2,1,2025-12-08T10:18:57.190Z
2022-07-04,2022,7,65085588,Battery,captis_pulse,MAROOCHYDORE,Residential,75.405,25.135,70.0,1.775,3,2025-12-08T10:18:57.190Z
2022-07-06,2022,7,99872,Pulse1,captis_pulse,BUDERIM,Residential,98.0,6.533333333333333,36.0,0.0,15,2025-12-08T10:18:57.190Z
2022-07-06,2022,7,65085588,Pulse1,captis_pulse,MAROOCHYDORE,Residential,360.0,24.0,80.0,0.0,15,2025-12-08T10:18:57.190Z
2022-07-06,2022,7,46059164,Pulse1,captis_pulse,MAROOCHYDORE,Residential,9100.0,505.55555555555554,1630.0,0.0,18,2025-12-08T10:18:57.190Z
2022-07-06,2022,7,272043,Pulse1,captis_pulse,KULUIN,Residential,44.0,2.4444444444444446,37.0,0.0,18,2025-12-08T10:18:57.190Z
2022-07-06,2022,7,272043,DeviceTemperature,captis_pulse,KULUIN,Residential,32.4,32.4,32.4,32.4,1,2025-12-08T10:18:57.190Z
2022-07-05,2022,7,66217787,Pulse1_Total,captis_pulse,BUDERIM,Residential,2226.0,42.0,42.0,42.0,53,2025-12-08T10:18:57.190Z
2022-07-05,2022,7,66217787,Pulse1,captis_pulse,BUDERIM,Residential,0.0,0.0,0.0,0.0,53,2025-12-08T10:18:57.190Z
2022-07-05,2022,7,62318329,Pulse1_Total,captis_pulse,BUDERIM,Residential,3103469.0,59682.096153846156,59832.0,59563.0,52,2025-12-08T10:18:57.190Z
2022-07-05,2022,7,62318329,Pulse1,captis_pulse,BUDERIM,Residential,175.0,3.3653846153846154,47.0,0.0,52,2025-12-08T10:18:57.190Z
2022-07-05,2022,7,22368403,Pulse1,captis_pulse,BEERWAH,Non-Residential,692.0,14.122448979591837,180.0,7.0,49,2025-12-08T10:18:57.190Z
2022-07-05,2022,7,8988517,Pulse1,captis_pulse,MAROOCHYDORE,Residential,255.0,4.811320754716981,40.0,0.0,53,2025-12-08T10:18:57.190Z
2022-07-05,2022,7,308305,Pulse1,captis_pulse,BUDERIM,Residential,123.0,2.2363636363636363,29.0,0.0,55,2025-12-08T10:18:57.190Z
2022-07-05,2022,7,60223867,Pulse1_Total,captis_pulse,BUDERIM,Residential,3103117.0,66023.76595744681,66180.0,65650.0,47,2025-12-08T10:18:57.190Z
2022-07-05,2022,7,60223867,Pulse1,captis_pulse,BUDERIM,Residential,464.0,9.666666666666666,64.0,0.0,48,2025-12-08T10:18:57.190Z
2022-07-05,2022,7,62318329,DeviceTemperature,captis_pulse,BUDERIM,Residential,13.3,13.3,13.3,13.3,1,2025-12-08T10:18:57.190Z
2022-07-05,2022,7,60449358,DeviceTemperature,captis_pulse,BUDERIM,Residential,14.27,14.27,14.27,14.27,1,2025-12-08T10:18:57.190Z
2022-07-05,2022,7,66217787,Battery,captis_pulse,BUDERIM,Residential,74.60900000000001,24.86966666666667,69.0,1.959,3,2025-12-08T10:18:57.190Z
2022-07-05,2022,7,62318329,Battery,captis_pulse,BUDERIM,Residential,3.64,3.64,3.64,3.64,1,2025-12-08T10:18:57.190Z
2022-07-05,2022,7,22368403,Battery,captis_pulse,BEERWAH,Non-Residential,3.62,3.62,3.62,3.62,1,2025-12-08T10:18:57.190Z
2022-07-05,2022,7,22368403,DeviceTemperature,captis_pulse,BEERWAH,Non-Residential,27.96,13.98,14.3,13.66,2,2025-12-08T10:18:57.190Z
2022-07-05,2022,7,60223867,Battery,captis_pulse,BUDERIM,Residential,3.63,3.63,3.63,3.63,1,2025-12-08T10:18:57.190Z
2022-07-05,2022,7,60223867,DeviceTemperature,captis_pulse,BUDERIM,Residential,25.119999999999997,12.559999999999999,13.1,12.02,2,2025-12-08T10:18:57.190Z
2022-07-05,2022,7,60449358,Battery,captis_pulse,BUDERIM,Residential,3.63,3.63,3.63,3.63,1,2025-12-08T10:18:57.190Z
2022-07-05,2022,7,308305,DeviceTemperature,captis_pulse,BUDERIM,Residential,14.2,14.2,14.2,14.2,1,2025-12-08T10:18:57.190Z
2022-07-05,2022,7,66217787,DeviceTemperature,captis_pulse,BUDERIM,Residential,18.0,18.0,18.0,18.0,1,2025-12-08T10:18:57.190Z
2022-07-05,2022,7,8988517,DeviceTemperature,captis_pulse,MAROOCHYDORE,Residential,14.8,14.8,14.8,14.8,1,2025-12-08T10:18:57.190Z
2022-07-04,2022,7,66217787,Pulse1_Total,captis_pulse,BUDERIM,Residential,1008.0,42.0,42.0,42.0,24,2025-12-08T10:18:57.190Z
2022-07-04,2022,7,66217787,Pulse1,captis_pulse,BUDERIM,Residential,0.0,0.0,0.0,0.0,24,2025-12-08T10:18:57.190Z
2022-07-04,2022,7,62318329,Pulse1_Total,captis_pulse,BUDERIM,Residential,1369097.0,59525.95652173913,59555.0,59514.0,23,2025-12-08T10:18:57.190Z
2022-07-04,2022,7,62318329,Pulse1,captis_pulse,BUDERIM,Residential,17.0,0.7391304347826086,3.0,0.0,23,2025-12-08T10:18:57.190Z
2022-07-04,2022,7,22368403,Pulse1,captis_pulse,BEERWAH,Non-Residential,307.0,12.791666666666666,110.0,6.0,24,2025-12-08T10:18:57.190Z
2022-07-04,2022,7,8988517,Pulse1,captis_pulse,MAROOCHYDORE,Residential,28.0,1.1666666666666667,7.0,0.0,24,2025-12-08T10:18:57.190Z
2022-07-04,2022,7,308305,Pulse1,captis_pulse,BUDERIM,Residential,37.0,1.1935483870967742,17.0,0.0,31,2025-12-08T10:18:57.190Z
2022-07-04,2022,7,60223867,Pulse1_Total,captis_pulse,BUDERIM,Residential,1638084.0,65523.36,65618.0,65513.0,25,2025-12-08T10:18:57.190Z
2022-07-04,2022,7,60223867,Pulse1,captis_pulse,BUDERIM,Residential,105.0,4.2,86.0,0.0,25,2025-12-08T10:18:57.190Z
2022-07-04,2022,7,308305,DeviceTemperature,captis_pulse,BUDERIM,Residential,25.05,12.525,13.25,11.8,2,2025-12-08T10:18:57.190Z
2022-07-04,2022,7,66217787,DeviceTemperature,captis_pulse,BUDERIM,Residential,34.3,17.15,17.2,17.1,2,2025-12-08T10:18:57.190Z
2022-07-04,2022,7,22368403,Battery,captis_pulse,BEERWAH,Non-Residential,3.63,3.63,3.63,3.63,1,2025-12-08T10:18:57.190Z
2022-07-04,2022,7,22368403,DeviceTemperature,captis_pulse,BEERWAH,Non-Residential,26.259999999999998,13.129999999999999,13.66,12.6,2,2025-12-08T10:18:57.190Z
2022-07-04,2022,7,60449358,Battery,captis_pulse,BUDERIM,Residential,3.63,3.63,3.63,3.63,1,2025-12-08T10:18:57.190Z
2022-07-04,2022,7,60223867,DeviceTemperature,captis_pulse,BUDERIM,Residential,10.2,10.2,10.2,10.2,1,2025-12-08T10:18:57.190Z
2022-07-04,2022,7,60449358,DeviceTemperature,captis_pulse,BUDERIM,Residential,27.4,13.7,13.8,13.6,2,2025-12-08T10:18:57.190Z
2022-07-04,2022,7,8988517,DeviceTemperature,captis_pulse,MAROOCHYDORE,Residential,11.6,11.6,11.6,11.6,1,2025-12-08T10:18:57.190Z
2022-07-04,2022,7,308305,Battery,captis_pulse,BUDERIM,Residential,70.425,23.474999999999998,65.0,1.795,3,2025-12-08T10:18:57.190Z
2022-07-06,2022,7,66217787,Pulse1_Total,captis_pulse,BUDERIM,Residential,630.0,42.0,42.0,42.0,15,2025-12-08T10:18:57.190Z
2022-07-06,2022,7,62318329,Pulse1_Total,captis_pulse,BUDERIM,Residential,899569.0,59971.26666666667,60057.0,59900.0,15,2025-12-08T10:18:57.190Z
2022-07-06,2022,7,66217787,Pulse1,captis_pulse,BUDERIM,Residential,0.0,0.0,0.0,0.0,15,2025-12-08T10:18:57.190Z
2022-07-06,2022,7,62318329,Pulse1,captis_pulse,BUDERIM,Residential,78.0,5.2,19.0,0.0,15,2025-12-08T10:18:57.190Z
2022-07-06,2022,7,22368403,Pulse1,captis_pulse,BEERWAH,Non-Residential,195.0,13.928571428571429,71.0,7.0,14,2025-12-08T10:18:57.190Z
2022-07-06,2022,7,8988517,Pulse1,captis_pulse,MAROOCHYDORE,Residential,387.0,21.5,100.0,0.0,18,2025-12-08T10:18:57.190Z
2022-07-06,2022,7,308305,Pulse1,captis_pulse,BUDERIM,Residential,19.0,1.0555555555555556,6.0,0.0,18,2025-12-08T10:18:57.190Z
2022-07-06,2022,7,60449358,DeviceTemperature,captis_pulse,BUDERIM,Residential,17.2,17.2,17.2,17.2,1,2025-12-08T10:18:57.190Z
2022-07-06,2022,7,66217787,DeviceTemperature,captis_pulse,BUDERIM,Residential,24.6,24.6,24.6,24.6,1,2025-12-08T10:18:57.190Z
2022-07-05,2022,7,2506,Pulse1,captis_pulse,BUDERIM,Residential,481.0,8.907407407407407,86.0,0.0,54,2025-12-08T10:18:57.190Z
2022-07-05,2022,7,737572,Pulse1,captis_pulse,BUDERIM,Residential,76.0,1.5510204081632653,30.0,0.0,49,2025-12-08T10:18:57.190Z
2022-07-05,2022,7,2506,DeviceTemperature,captis_pulse,BUDERIM,Residential,27.42,13.71,14.3,13.12,2,2025-12-08T10:18:57.190Z
2022-07-05,2022,7,737572,DeviceTemperature,captis_pulse,BUDERIM,Residential,29.189999999999998,14.594999999999999,15.0,14.19,2,2025-12-08T10:18:57.190Z
2022-07-05,2022,7,737572,Battery,captis_pulse,BUDERIM,Residential,74.437,24.81233333333333,69.0,1.817,3,2025-12-08T10:18:57.190Z
2022-07-05,2022,7,2506,Battery,captis_pulse,BUDERIM,Residential,72.321,24.107,67.0,1.691,3,2025-12-08T10:18:57.190Z
2022-07-04,2022,7,2506,Pulse1,captis_pulse,BUDERIM,Residential,230.0,10.454545454545455,115.0,0.0,22,2025-12-08T10:18:57.190Z
2022-07-04,2022,7,737572,Pulse1,captis_pulse,BUDERIM,Residential,8.0,0.34782608695652173,7.0,0.0,23,2025-12-08T10:18:57.190Z
2022-07-04,2022,7,737572,DeviceTemperature,captis_pulse,BUDERIM,Residential,27.79,13.895,14.59,13.2,2,2025-12-08T10:18:57.190Z
2022-07-04,2022,7,2506,DeviceTemperature,captis_pulse,BUDERIM,Residential,24.17,12.085,12.77,11.4,2,2025-12-08T10:18:57.190Z
2022-07-04,2022,7,2506,Battery,captis_pulse,BUDERIM,Residential,74.351,24.783666666666665,69.0,1.711,3,2025-12-08T10:18:57.190Z
2022-07-06,2022,7,2506,Pulse1,captis_pulse,BUDERIM,Residential,60.0,4.0,35.0,0.0,15,2025-12-08T10:18:57.190Z
2022-07-06,2022,7,737572,Pulse1,captis_pulse,BUDERIM,Residential,11.0,0.8461538461538461,5.0,0.0,13,2025-12-08T10:18:57.190Z
2022-07-06,2022,7,737572,DeviceTemperature,captis_pulse,BUDERIM,Residential,29.5,29.5,29.5,29.5,1,2025-12-08T10:18:57.190Z
2022-07-06,2022,7,2506,DeviceTemperature,captis_pulse,BUDERIM,Residential,37.9,37.9,37.9,37.9,1,2025-12-08T10:18:57.190Z
2022-07-05,2022,7,47323239,Pulse1,,,,15040.0,289.2307692307692,780.0,20.0,52,2025-12-08T10:18:57.190Z
2022-07-05,2022,7,47323239,DeviceTemperature,,,,14.5,14.5,14.5,14.5,1,2025-12-08T10:18:57.190Z
2022-07-04,2022,7,47323239,Pulse1,,,,6440.0,238.5185185185185,730.0,10.0,27,2025-12-08T10:18:57.190Z
2022-07-04,2022,7,47323239,DeviceTemperature,,,,22.5,11.25,11.3,11.2,2,2025-12-08T10:18:57.190Z
2022-07-06,2022,7,47323239,Pulse1,,,,7570.0,420.55555555555554,690.0,200.0,18,2025-12-08T10:18:57.190Z
2022-07-06,2022,7,47323239,DeviceTemperature,,,,24.3,24.3,24.3,24.3,1,2025-12-08T10:18:57.190Z
2022-07-05,2022,7,66218034,Pulse1_Total,captis_pulse,BUDERIM,Residential,1666.0,34.0,34.0,34.0,49,2025-12-08T10:18:57.190Z
2022-07-05,2022,7,66218034,Pulse1,captis_pulse,BUDERIM,Residential,0.0,0.0,0.0,0.0,49,2025-12-08T10:18:57.190Z
2022-07-05,2022,7,8978099,Pulse1,captis_pulse,MAROOCHYDORE,Residential,87.0,1.6730769230769231,22.0,0.0,52,2025-12-08T10:18:57.190Z
2022-07-05,2022,7,66218034,DeviceTemperature,captis_pulse,BUDERIM,Residential,31.93,15.965,16.1,15.83,2,2025-12-08T10:18:57.190Z
2022-07-05,2022,7,66218034,Battery,captis_pulse,BUDERIM,Residential,75.47,25.156666666666666,70.0,1.83,3,2025-12-08T10:18:57.190Z
2022-07-04,2022,7,66218034,Pulse1_Total,captis_pulse,BUDERIM,Residential,748.0,34.0,34.0,34.0,22,2025-12-08T10:18:57.190Z
2022-07-04,2022,7,66218034,Pulse1,captis_pulse,BUDERIM,Residential,0.0,0.0,0.0,0.0,22,2025-12-08T10:18:57.190Z
2022-07-04,2022,7,8978099,Pulse1,captis_pulse,MAROOCHYDORE,Residential,53.0,2.2083333333333335,45.0,0.0,24,2025-12-08T10:18:57.190Z
2022-07-04,2022,7,8978099,DeviceTemperature,captis_pulse,MAROOCHYDORE,Residential,25.46,12.73,13.36,12.1,2,2025-12-08T10:18:57.190Z
2022-07-04,2022,7,66218034,Battery,captis_pulse,BUDERIM,Residential,74.544,24.848,69.0,1.914,3,2025-12-08T10:18:57.190Z
2022-07-04,2022,7,66218034,DeviceTemperature,captis_pulse,BUDERIM,Residential,16.23,16.23,16.23,16.23,1,2025-12-08T10:18:57.190Z
2022-07-06,2022,7,66218034,Pulse1_Total,captis_pulse,BUDERIM,Residential,442.0,34.0,34.0,34.0,13,2025-12-08T10:18:57.190Z
2022-07-06,2022,7,66218034,Pulse1,captis_pulse,BUDERIM,Residential,0.0,0.0,0.0,0.0,13,2025-12-08T10:18:57.190Z
2022-07-06,2022,7,8978099,Pulse1,captis_pulse,MAROOCHYDORE,Residential,42.0,2.3333333333333335,30.0,0.0,18,2025-12-08T10:18:57.190Z
2022-07-06,2022,7,8978099,DeviceTemperature,captis_pulse,MAROOCHYDORE,Residential,39.7,39.7,39.7,39.7,1,2025-12-08T10:18:57.190Z
2022-07-05,2022,7,299643,Pulse1,captis_pulse,BUDERIM,Residential,84.0,1.68,21.0,0.0,50,2025-12-08T10:18:57.190Z
2022-07-05,2022,7,66214272,Pulse1_Total,captis_pulse,BUDERIM,Residential,1749.0,33.0,33.0,33.0,53,2025-12-08T10:18:57.190Z
2022-07-05,2022,7,66214272,Pulse1,captis_pulse,BUDERIM,Residential,0.0,0.0,0.0,0.0,54,2025-12-08T10:18:57.190Z
2022-07-05,2022,7,2894693,Pulse1_Total,captis_pulse,MAROOCHYDORE,Residential,5189514.0,97915.35849056604,97986.0,97885.0,53,2025-12-08T10:18:57.190Z
2022-07-05,2022,7,2894693,Pulse1,captis_pulse,MAROOCHYDORE,Residential,64.0,1.2075471698113207,33.0,0.0,53,2025-12-08T10:18:57.190Z
2022-07-05,2022,7,61186015,Pulse1_Total,captis_pulse,BUDERIM,Residential,1452.0,33.0,33.0,33.0,44,2025-12-08T10:18:57.190Z
2022-07-05,2022,7,61186015,Pulse1,captis_pulse,BUDERIM,Residential,0.0,0.0,0.0,0.0,44,2025-12-08T10:18:57.190Z
2022-07-05,2022,7,22368481,Pulse1,captis_pulse,BEERWAH,Non-Residential,2179.0,44.46938775510204,168.0,0.0,49,2025-12-08T10:18:57.190Z
2022-07-05,2022,7,21264757,Pulse1,captis_pulse,SAMFORD VILLAGE,Non-Residential,0.0,0.0,0.0,0.0,51,2025-12-08T10:18:57.190Z
2022-07-05,2022,7,61207791,Pulse1_Total,captis_pulse,BUDERIM,Residential,1749.0,33.0,33.0,33.0,53,2025-12-08T10:18:57.190Z
2022-07-05,2022,7,61207791,Pulse1,captis_pulse,BUDERIM,Residential,0.0,0.0,0.0,0.0,53,2025-12-08T10:18:57.190Z
2022-07-05,2022,7,22368481,DeviceTemperature,captis_pulse,BEERWAH,Non-Residential,26.97,13.485,14.0,12.97,2,2025-12-08T10:18:57.190Z
2022-07-05,2022,7,21264757,DeviceTemperature,captis_pulse,SAMFORD VILLAGE,Non-Residential,13.8,13.8,13.8,13.8,1,2025-12-08T10:18:57.190Z
2022-07-05,2022,7,66214272,Battery,captis_pulse,BUDERIM,Residential,3.64,3.64,3.64,3.64,1,2025-12-08T10:18:57.190Z
2022-07-05,2022,7,2894693,Battery,captis_pulse,MAROOCHYDORE,Residential,74.548,24.849333333333334,69.0,1.928,3,2025-12-08T10:18:57.190Z
2022-07-05,2022,7,2894693,DeviceTemperature,captis_pulse,MAROOCHYDORE,Residential,15.62,15.62,15.62,15.62,1,2025-12-08T10:18:57.190Z
2022-07-05,2022,7,22368481,Battery,captis_pulse,BEERWAH,Non-Residential,3.61,3.61,3.61,3.61,1,2025-12-08T10:18:57.190Z
2022-07-05,2022,7,61186015,DeviceTemperature,captis_pulse,BUDERIM,Residential,33.73,16.865,17.4,16.33,2,2025-12-08T10:18:57.190Z
2022-07-05,2022,7,21264757,Battery,captis_pulse,SAMFORD VILLAGE,Non-Residential,3.64,3.64,3.64,3.64,1,2025-12-08T10:18:57.190Z
2022-07-05,2022,7,61207791,Battery,captis_pulse,BUDERIM,Residential,41.902,13.967333333333334,36.0,2.272,3,2025-12-08T10:18:57.190Z
2022-07-05,2022,7,61207791,DeviceTemperature,captis_pulse,BUDERIM,Residential,26.810000000000002,13.405000000000001,13.8,13.01,2,2025-12-08T10:18:57.190Z
2022-07-05,2022,7,299643,DeviceTemperature,captis_pulse,BUDERIM,Residential,27.82,13.91,14.4,13.42,2,2025-12-08T10:18:57.190Z
2022-07-04,2022,7,299643,Pulse1,captis_pulse,BUDERIM,Residential,25.0,1.1363636363636365,10.0,0.0,22,2025-12-08T10:18:57.190Z
2022-07-04,2022,7,2894693,Pulse1_Total,captis_pulse,MAROOCHYDORE,Residential,2250266.0,97837.65217391304,97885.0,97822.0,23,2025-12-08T10:18:57.190Z
2022-07-04,2022,7,66214272,Pulse1_Total,captis_pulse,BUDERIM,Residential,792.0,33.0,33.0,33.0,24,2025-12-08T10:18:57.190Z
2022-07-04,2022,7,2894693,Pulse1,captis_pulse,MAROOCHYDORE,Residential,38.0,1.6521739130434783,19.0,0.0,23,2025-12-08T10:18:57.190Z
2022-07-04,2022,7,66214272,Pulse1,captis_pulse,BUDERIM,Residential,0.0,0.0,0.0,0.0,24,2025-12-08T10:18:57.190Z
2022-07-04,2022,7,61186015,Pulse1_Total,captis_pulse,BUDERIM,Residential,693.0,33.0,33.0,33.0,21,2025-12-08T10:18:57.190Z
2022-07-04,2022,7,61186015,Pulse1,captis_pulse,BUDERIM,Residential,0.0,0.0,0.0,0.0,22,2025-12-08T10:18:57.190Z
2022-07-04,2022,7,22368481,Pulse1,captis_pulse,BEERWAH,Non-Residential,583.0,26.5,199.0,0.0,22,2025-12-08T10:18:57.190Z
2022-07-04,2022,7,21264757,Pulse1,captis_pulse,SAMFORD VILLAGE,Non-Residential,0.0,0.0,0.0,0.0,22,2025-12-08T10:18:57.190Z
2022-07-04,2022,7,61207791,Pulse1_Total,captis_pulse,BUDERIM,Residential,891.0,33.0,33.0,33.0,27,2025-12-08T10:18:57.190Z
2022-07-04,2022,7,61207791,Pulse1,captis_pulse,BUDERIM,Residential,0.0,0.0,0.0,0.0,27,2025-12-08T10:18:57.190Z
2022-07-04,2022,7,61186015,DeviceTemperature,captis_pulse,BUDERIM,Residential,31.9,15.95,16.0,15.9,2,2025-12-08T10:18:57.190Z
2022-07-04,2022,7,61207791,DeviceTemperature,captis_pulse,BUDERIM,Residential,24.09,12.045,12.79,11.3,2,2025-12-08T10:18:57.190Z
2022-07-04,2022,7,2894693,DeviceTemperature,captis_pulse,MAROOCHYDORE,Residential,45.85,15.283333333333333,15.85,14.9,3,2025-12-08T10:18:57.190Z
2022-07-04,2022,7,21264757,DeviceTemperature,captis_pulse,SAMFORD VILLAGE,Non-Residential,10.6,10.6,10.6,10.6,1,2025-12-08T10:18:57.190Z
2022-07-04,2022,7,22368481,DeviceTemperature,captis_pulse,BEERWAH,Non-Residential,22.2,11.1,11.2,11.0,2,2025-12-08T10:18:57.190Z
2022-07-04,2022,7,299643,DeviceTemperature,captis_pulse,BUDERIM,Residential,36.29,12.096666666666666,12.99,11.6,3,2025-12-08T10:18:57.190Z
2022-07-04,2022,7,21264757,Battery,captis_pulse,SAMFORD VILLAGE,Non-Residential,3.64,3.64,3.64,3.64,1,2025-12-08T10:18:57.190Z
2022-07-04,2022,7,61186015,Battery,captis_pulse,BUDERIM,Residential,75.278,25.09266666666667,68.0,3.61,3,2025-12-08T10:18:57.190Z
2022-07-04,2022,7,22368481,Battery,captis_pulse,BEERWAH,Non-Residential,3.61,3.61,3.61,3.61,1,2025-12-08T10:18:57.190Z
2022-07-04,2022,7,61207791,Battery,captis_pulse,BUDERIM,Residential,43.925000000000004,14.641666666666667,36.0,3.63,3,2025-12-08T10:18:57.190Z
2022-07-06,2022,7,299643,Pulse1,captis_pulse,BUDERIM,Residential,17.0,1.1333333333333333,8.0,0.0,15,2025-12-08T10:18:57.190Z
2022-07-06,2022,7,66214272,Pulse1_Total,captis_pulse,BUDERIM,Residential,495.0,33.0,33.0,33.0,15,2025-12-08T10:18:57.190Z
2022-07-06,2022,7,66214272,Pulse1,captis_pulse,BUDERIM,Residential,0.0,0.0,0.0,0.0,15,2025-12-08T10:18:57.190Z
2022-07-06,2022,7,2894693,Pulse1_Total,captis_pulse,MAROOCHYDORE,Residential,1470031.0,98002.06666666667,98094.0,97986.0,15,2025-12-08T10:18:57.190Z
2022-07-06,2022,7,2894693,Pulse1,captis_pulse,MAROOCHYDORE,Residential,4.0,0.26666666666666666,3.0,0.0,15,2025-12-08T10:18:57.190Z
2022-07-06,2022,7,22368481,Pulse1,captis_pulse,BEERWAH,Non-Residential,742.0,57.07692307692308,131.0,0.0,13,2025-12-08T10:18:57.190Z
2022-07-06,2022,7,21264757,Pulse1,captis_pulse,SAMFORD VILLAGE,Non-Residential,0.0,0.0,0.0,0.0,17,2025-12-08T10:18:57.190Z
2022-07-06,2022,7,61207791,Pulse1_Total,captis_pulse,BUDERIM,Residential,627.0,33.0,33.0,33.0,19,2025-12-08T10:18:57.190Z
2022-07-06,2022,7,61207791,Pulse1,captis_pulse,BUDERIM,Residential,0.0,0.0,0.0,0.0,19,2025-12-08T10:18:57.190Z
2022-07-06,2022,7,66214272,DeviceTemperature,captis_pulse,BUDERIM,Residential,19.0,19.0,19.0,19.0,1,2025-12-08T10:18:57.190Z
2022-07-05,2022,7,8984150,Pulse1_Total,captis_pulse,MAROOCHYDORE,Residential,3448329.0,68966.58,68999.0,68770.0,50,2025-12-08T10:18:57.190Z
2022-07-05,2022,7,8984150,Pulse1,captis_pulse,MAROOCHYDORE,Residential,248.0,4.96,92.0,0.0,50,2025-12-08T10:18:57.190Z
2022-07-05,2022,7,586813,Pulse1,captis_pulse,KULUIN,Residential,54.0,1.08,12.0,0.0,50,2025-12-08T10:18:57.190Z
2022-07-05,2022,7,61232805,Pulse1_Total,captis_pulse,BUDERIM,Residential,1127.0,23.0,23.0,23.0,49,2025-12-08T10:18:57.190Z
2022-07-05,2022,7,61232805,Pulse1,captis_pulse,BUDERIM,Residential,0.0,0.0,0.0,0.0,50,2025-12-08T10:18:57.190Z
2022-07-05,2022,7,8984150,DeviceTemperature,captis_pulse,MAROOCHYDORE,Residential,13.45,13.45,13.45,13.45,1,2025-12-08T10:18:57.190Z
2022-07-05,2022,7,586813,DeviceTemperature,captis_pulse,KULUIN,Residential,27.380000000000003,13.690000000000001,14.0,13.38,2,2025-12-08T10:18:57.190Z
2022-07-05,2022,7,61232805,Battery,captis_pulse,BUDERIM,Residential,83.036,27.67866666666667,77.0,2.406,3,2025-12-08T10:18:57.190Z
2022-07-05,2022,7,61232805,DeviceTemperature,captis_pulse,BUDERIM,Residential,25.75,12.875,13.3,12.45,2,2025-12-08T10:18:57.190Z
2022-07-05,2022,7,8984150,Battery,captis_pulse,MAROOCHYDORE,Residential,76.407,25.468999999999998,71.0,1.767,3,2025-12-08T10:18:57.190Z
2022-07-05,2022,7,586813,Battery,captis_pulse,KULUIN,Residential,74.359,24.78633333333333,69.0,1.719,3,2025-12-08T10:18:57.190Z
2022-07-04,2022,7,8984150,Pulse1_Total,captis_pulse,MAROOCHYDORE,Residential,1511070.0,68685.0,68713.0,68678.0,22,2025-12-08T10:18:57.190Z
2022-07-04,2022,7,8984150,Pulse1,captis_pulse,MAROOCHYDORE,Residential,35.0,1.5909090909090908,13.0,0.0,22,2025-12-08T10:18:57.190Z
2022-07-04,2022,7,586813,Pulse1,captis_pulse,KULUIN,Residential,155.0,7.380952380952381,55.0,0.0,21,2025-12-08T10:18:57.190Z
2022-07-04,2022,7,61232805,Pulse1_Total,captis_pulse,BUDERIM,Residential,529.0,23.0,23.0,23.0,23,2025-12-08T10:18:57.190Z
2022-07-04,2022,7,61232805,Pulse1,captis_pulse,BUDERIM,Residential,0.0,0.0,0.0,0.0,22,2025-12-08T10:18:57.190Z
2022-07-04,2022,7,586813,DeviceTemperature,captis_pulse,KULUIN,Residential,23.6,11.8,11.9,11.7,2,2025-12-08T10:18:57.190Z
2022-07-04,2022,7,8984150,DeviceTemperature,captis_pulse,MAROOCHYDORE,Residential,23.7,11.85,12.0,11.7,2,2025-12-08T10:18:57.190Z
2022-07-04,2022,7,61232805,DeviceTemperature,captis_pulse,BUDERIM,Residential,22.2,11.1,11.2,11.0,2,2025-12-08T10:18:57.190Z
2022-07-04,2022,7,8984150,Battery,captis_pulse,MAROOCHYDORE,Residential,72.63,36.315,69.0,3.63,2,2025-12-08T10:18:57.190Z
2022-07-04,2022,7,586813,Battery,captis_pulse,KULUIN,Residential,77.32600000000001,25.775333333333336,72.0,1.686,3,2025-12-08T10:18:57.190Z
2022-07-06,2022,7,8984150,Pulse1_Total,captis_pulse,MAROOCHYDORE,Residential,898588.0,69122.15384615384,69215.0,69004.0,13,2025-12-08T10:18:57.190Z
2022-07-06,2022,7,8984150,Pulse1,captis_pulse,MAROOCHYDORE,Residential,50.0,3.8461538461538463,32.0,0.0,13,2025-12-08T10:18:57.190Z
2022-07-06,2022,7,586813,Pulse1,captis_pulse,KULUIN,Residential,28.0,2.0,8.0,0.0,14,2025-12-08T10:18:57.190Z
2022-07-06,2022,7,61232805,Pulse1_Total,captis_pulse,BUDERIM,Residential,322.0,23.0,23.0,23.0,14,2025-12-08T10:18:57.190Z
2022-07-06,2022,7,61232805,Pulse1,captis_pulse,BUDERIM,Residential,0.0,0.0,0.0,0.0,15,2025-12-08T10:18:57.190Z
2022-07-06,2022,7,61232805,DeviceTemperature,captis_pulse,BUDERIM,Residential,18.5,18.5,18.5,18.5,1,2025-12-08T10:18:57.190Z
2022-07-05,2022,7,96746,Pulse1,captis_pulse,KULUIN,Residential,44.0,0.8148148148148148,9.0,0.0,54,2025-12-08T10:18:57.190Z
2022-07-05,2022,7,96746,DeviceTemperature,captis_pulse,KULUIN,Residential,43.21,14.403333333333334,14.8,13.61,3,2025-12-08T10:18:57.190Z
2022-07-05,2022,7,66204030,Pulse1_Total,captis_pulse,BUDERIM,Residential,1116484.0,21470.846153846152,21507.0,21420.0,52,2025-12-08T10:18:57.190Z
2022-07-05,2022,7,66204030,Pulse1,captis_pulse,BUDERIM,Residential,71.0,1.3653846153846154,47.0,0.0,52,2025-12-08T10:18:57.190Z
2022-07-05,2022,7,66204030,DeviceTemperature,captis_pulse,BUDERIM,Residential,25.53,12.765,13.2,12.33,2,2025-12-08T10:18:57.190Z
2022-07-05,2022,7,96746,Battery,captis_pulse,KULUIN,Residential,77.24,25.746666666666666,72.0,1.6,3,2025-12-08T10:18:57.190Z
2022-07-05,2022,7,66204030,Battery,captis_pulse,BUDERIM,Residential,74.503,24.834333333333333,69.0,1.873,3,2025-12-08T10:18:57.190Z
2022-07-04,2022,7,96746,Pulse1,captis_pulse,KULUIN,Residential,56.0,2.4347826086956523,31.0,0.0,23,2025-12-08T10:18:57.190Z
2022-07-04,2022,7,96746,DeviceTemperature,captis_pulse,KULUIN,Residential,25.09,12.545,13.29,11.8,2,2025-12-08T10:18:57.190Z
2022-07-04,2022,7,66204030,Pulse1_Total,captis_pulse,BUDERIM,Residential,513215.0,21383.958333333332,21419.0,21372.0,24,2025-12-08T10:18:57.190Z
2022-07-04,2022,7,66204030,Pulse1,captis_pulse,BUDERIM,Residential,72.0,2.88,30.0,0.0,25,2025-12-08T10:18:57.190Z
2022-07-04,2022,7,66204030,DeviceTemperature,captis_pulse,BUDERIM,Residential,22.84,11.42,12.04,10.8,2,2025-12-08T10:18:57.190Z
2022-07-06,2022,7,96746,Pulse1,captis_pulse,KULUIN,Residential,0.0,0.0,0.0,0.0,15,2025-12-08T10:18:57.190Z
2022-07-06,2022,7,66204030,Pulse1_Total,captis_pulse,BUDERIM,Residential,279875.0,21528.846153846152,21542.0,21515.0,13,2025-12-08T10:18:57.190Z
2022-07-06,2022,7,66204030,Pulse1,captis_pulse,BUDERIM,Residential,10.0,0.7692307692307693,4.0,0.0,13,2025-12-08T10:18:57.190Z
2022-07-06,2022,7,96746,DeviceTemperature,captis_pulse,KULUIN,Residential,34.0,34.0,34.0,34.0,1,2025-12-08T10:18:57.190Z
2022-07-05,2022,7,46054017,Pulse1,captis_pulse,MAROOCHYDORE,Residential,2100.0,40.38461538461539,190.0,0.0,52,2025-12-08T10:18:57.190Z
2022-07-05,2022,7,568024,Pulse1,captis_pulse,BUDERIM,Residential,119.0,2.4285714285714284,73.0,0.0,49,2025-12-08T10:18:57.190Z
2022-07-05,2022,7,471,Pulse1,captis_pulse,MAROOCHYDORE,Residential,235.0,4.519230769230769,55.0,0.0,52,2025-12-08T10:18:57.190Z
2022-07-05,2022,7,62367444,Pulse1_Total,captis_pulse,BUDERIM,Residential,1363398.0,27824.448979591838,27854.0,27788.0,49,2025-12-08T10:18:57.190Z
2022-07-05,2022,7,62367444,Pulse1,captis_pulse,BUDERIM,Residential,41.0,0.8367346938775511,9.0,0.0,49,2025-12-08T10:18:57.190Z
2022-07-05,2022,7,60467334,Pulse1_Total,captis_pulse,BUDERIM,Residential,1139595.0,22791.9,22826.0,22747.0,50,2025-12-08T10:18:57.190Z
2022-07-05,2022,7,60467334,Pulse1,captis_pulse,BUDERIM,Residential,57.0,1.14,8.0,0.0,50,2025-12-08T10:18:57.190Z
2022-07-05,2022,7,65064231,Pulse1,captis_pulse,BUDERIM,Non-Residential,290.0,5.8,40.0,0.0,50,2025-12-08T10:18:57.190Z
2022-07-05,2022,7,60467334,DeviceTemperature,captis_pulse,BUDERIM,Residential,28.15,14.075,14.3,13.85,2,2025-12-08T10:18:57.190Z
2022-07-05,2022,7,568024,Battery,captis_pulse,BUDERIM,Residential,73.28,24.426666666666666,68.0,1.65,3,2025-12-08T10:18:57.190Z
2022-07-05,2022,7,62367444,DeviceTemperature,captis_pulse,BUDERIM,Residential,28.86,14.43,14.9,13.96,2,2025-12-08T10:18:57.190Z
2022-07-05,2022,7,471,DeviceTemperature,captis_pulse,MAROOCHYDORE,Residential,28.95,14.475,15.2,13.75,2,2025-12-08T10:18:57.190Z
2022-07-05,2022,7,60467334,Battery,captis_pulse,BUDERIM,Residential,3.63,3.63,3.63,3.63,1,2025-12-08T10:18:57.190Z
2022-07-05,2022,7,65064231,Battery,captis_pulse,BUDERIM,Non-Residential,76.39500000000001,25.465000000000003,71.0,1.775,3,2025-12-08T10:18:57.190Z
2022-07-05,2022,7,65064231,DeviceTemperature,captis_pulse,BUDERIM,Non-Residential,12.48,12.48,12.48,12.48,1,2025-12-08T10:18:57.190Z
2022-07-05,2022,7,568024,DeviceTemperature,captis_pulse,BUDERIM,Residential,13.57,13.57,13.57,13.57,1,2025-12-08T10:18:57.190Z
2022-07-05,2022,7,62367444,Battery,captis_pulse,BUDERIM,Residential,77.679,25.893,71.0,3.049,3,2025-12-08T10:18:57.190Z
2022-07-05,2022,7,471,Battery,captis_pulse,MAROOCHYDORE,Residential,70.768,23.589333333333332,65.0,2.148,3,2025-12-08T10:18:57.190Z
2022-07-05,2022,7,46054017,DeviceTemperature,captis_pulse,MAROOCHYDORE,Residential,15.8,15.8,15.8,15.8,1,2025-12-08T10:18:57.190Z
2022-07-04,2022,7,46054017,Pulse1,captis_pulse,MAROOCHYDORE,Residential,290.0,8.285714285714286,90.0,0.0,35,2025-12-08T10:18:57.190Z
2022-07-04,2022,7,568024,Pulse1,captis_pulse,BUDERIM,Residential,124.0,5.904761904761905,47.0,0.0,21,2025-12-08T10:18:57.190Z
2022-07-04,2022,7,62367444,Pulse1_Total,captis_pulse,BUDERIM,Residential,638964.0,27781.043478260868,27787.0,27778.0,23,2025-12-08T10:18:57.190Z
2022-07-04,2022,7,62367444,Pulse1,captis_pulse,BUDERIM,Residential,8.0,0.34782608695652173,8.0,0.0,23,2025-12-08T10:18:57.190Z
2022-07-04,2022,7,471,Pulse1,captis_pulse,MAROOCHYDORE,Residential,6.0,0.25,5.0,0.0,24,2025-12-08T10:18:57.190Z
2022-07-04,2022,7,65064231,Pulse1,captis_pulse,BUDERIM,Non-Residential,75.0,3.409090909090909,20.0,0.0,22,2025-12-08T10:18:57.190Z
2022-07-04,2022,7,60467334,Pulse1_Total,captis_pulse,BUDERIM,Residential,545494.0,22728.916666666668,22738.0,22725.0,24,2025-12-08T10:18:57.190Z
2022-07-04,2022,7,60467334,Pulse1,captis_pulse,BUDERIM,Residential,10.0,0.4166666666666667,4.0,0.0,24,2025-12-08T10:18:57.190Z
2022-07-04,2022,7,62367444,DeviceTemperature,captis_pulse,BUDERIM,Residential,25.98,12.99,13.68,12.3,2,2025-12-08T10:18:57.190Z
2022-07-04,2022,7,471,DeviceTemperature,captis_pulse,MAROOCHYDORE,Residential,37.59,12.530000000000001,13.59,11.9,3,2025-12-08T10:18:57.190Z
2022-07-04,2022,7,568024,Battery,captis_pulse,BUDERIM,Residential,73.249,24.41633333333333,68.0,1.619,3,2025-12-08T10:18:57.190Z
2022-07-04,2022,7,60467334,Battery,captis_pulse,BUDERIM,Residential,3.62,3.62,3.62,3.62,1,2025-12-08T10:18:57.190Z
2022-07-04,2022,7,65064231,Battery,captis_pulse,BUDERIM,Non-Residential,76.411,25.470333333333333,71.0,1.791,3,2025-12-08T10:18:57.190Z
2022-07-04,2022,7,60467334,DeviceTemperature,captis_pulse,BUDERIM,Residential,27.39,13.695,14.29,13.1,2,2025-12-08T10:18:57.190Z
2022-07-04,2022,7,65064231,DeviceTemperature,captis_pulse,BUDERIM,Non-Residential,23.520000000000003,11.760000000000002,12.22,11.3,2,2025-12-08T10:18:57.190Z
2022-07-06,2022,7,46054017,Pulse1,captis_pulse,MAROOCHYDORE,Residential,1180.0,78.66666666666667,190.0,10.0,15,2025-12-08T10:18:57.190Z
2022-07-06,2022,7,568024,Pulse1,captis_pulse,BUDERIM,Residential,24.0,1.7142857142857142,8.0,0.0,14,2025-12-08T10:18:57.190Z
2022-07-06,2022,7,62367444,Pulse1_Total,captis_pulse,BUDERIM,Residential,362324.0,27871.076923076922,27881.0,27868.0,13,2025-12-08T10:18:57.190Z
2022-07-06,2022,7,62367444,Pulse1,captis_pulse,BUDERIM,Residential,7.0,0.5384615384615384,7.0,0.0,13,2025-12-08T10:18:57.190Z
2022-07-06,2022,7,471,Pulse1,captis_pulse,MAROOCHYDORE,Residential,127.0,9.76923076923077,57.0,0.0,13,2025-12-08T10:18:57.190Z
2022-07-06,2022,7,60467334,Pulse1_Total,captis_pulse,BUDERIM,Residential,297145.0,22857.30769230769,22882.0,22826.0,13,2025-12-08T10:18:57.190Z
2022-07-06,2022,7,60467334,Pulse1,captis_pulse,BUDERIM,Residential,14.0,1.0769230769230769,6.0,0.0,13,2025-12-08T10:18:57.190Z
2022-07-06,2022,7,65064231,Pulse1,captis_pulse,BUDERIM,Non-Residential,75.0,5.357142857142857,15.0,0.0,14,2025-12-08T10:18:57.190Z
2022-07-06,2022,7,65064231,DeviceTemperature,captis_pulse,BUDERIM,Non-Residential,23.5,23.5,23.5,23.5,1,2025-12-08T10:18:57.190Z
2022-07-06,2022,7,60467334,DeviceTemperature,captis_pulse,BUDERIM,Residential,17.7,17.7,17.7,17.7,1,2025-12-08T10:18:57.190Z
2022-07-06,2022,7,46054017,DeviceTemperature,captis_pulse,MAROOCHYDORE,Residential,37.1,37.1,37.1,37.1,1,2025-12-08T10:18:57.190Z
2022-07-05,2022,7,338415,Pulse1,captis_pulse,BUDERIM,Residential,202.0,4.04,38.0,0.0,50,2025-12-08T10:18:57.190Z
2022-07-05,2022,7,64628312,Pulse1,captis_pulse,MAROOCHYDORE,Residential,2170.0,41.73076923076923,190.0,0.0,52,2025-12-08T10:18:57.190Z
2022-07-05,2022,7,338415,DeviceTemperature,captis_pulse,BUDERIM,Residential,27.97,13.985,14.5,13.47,2,2025-12-08T10:18:57.190Z
2022-07-05,2022,7,338415,Battery,captis_pulse,BUDERIM,Residential,72.536,24.17866666666667,67.0,1.906,3,2025-12-08T10:18:57.190Z
2022-07-05,2022,7,64628312,DeviceTemperature,captis_pulse,MAROOCHYDORE,Residential,14.0,14.0,14.0,14.0,1,2025-12-08T10:18:57.190Z
2022-07-04,2022,7,338415,Pulse1,captis_pulse,BUDERIM,Residential,128.0,5.565217391304348,43.0,0.0,23,2025-12-08T10:18:57.190Z
2022-07-04,2022,7,338415,DeviceTemperature,captis_pulse,BUDERIM,Residential,11.8,11.8,11.8,11.8,1,2025-12-08T10:18:57.190Z
2022-07-04,2022,7,64628312,Pulse1,captis_pulse,MAROOCHYDORE,Residential,490.0,21.304347826086957,80.0,0.0,23,2025-12-08T10:18:57.190Z
2022-07-04,2022,7,64628312,Battery,captis_pulse,MAROOCHYDORE,Residential,3.388,3.388,3.388,3.388,1,2025-12-08T10:18:57.190Z
2022-07-04,2022,7,338415,Battery,captis_pulse,BUDERIM,Residential,68.62,34.31,65.0,3.62,2,2025-12-08T10:18:57.190Z
2022-07-06,2022,7,338415,Pulse1,captis_pulse,BUDERIM,Residential,60.0,4.615384615384615,18.0,0.0,13,2025-12-08T10:18:57.190Z
2022-07-06,2022,7,64628312,Pulse1,captis_pulse,MAROOCHYDORE,Residential,770.0,45.294117647058826,180.0,10.0,17,2025-12-08T10:18:57.190Z
2022-07-06,2022,7,64628312,DeviceTemperature,captis_pulse,MAROOCHYDORE,Residential,24.8,24.8,24.8,24.8,1,2025-12-08T10:18:57.190Z
2022-07-05,2022,7,9329977,Pulse1,captis_pulse,MAROOCHYDORE,Residential,66.0,1.2941176470588236,22.0,0.0,51,2025-12-08T10:18:57.190Z
2022-07-05,2022,7,61144934,Pulse1_Total,captis_pulse,BUDERIM,Residential,5913284.0,95375.54838709677,95505.0,95173.0,62,2025-12-08T10:18:57.190Z
2022-07-05,2022,7,61144934,Pulse1,captis_pulse,BUDERIM,Residential,229.0,3.693548387096774,38.0,0.0,62,2025-12-08T10:18:57.190Z
2022-07-05,2022,7,61144934,DeviceTemperature,captis_pulse,BUDERIM,Residential,25.0,12.5,12.9,12.1,2,2025-12-08T10:18:57.190Z
2022-07-05,2022,7,9329977,DeviceTemperature,captis_pulse,MAROOCHYDORE,Residential,28.86,14.43,15.3,13.56,2,2025-12-08T10:18:57.190Z
2022-07-05,2022,7,9329977,Battery,captis_pulse,MAROOCHYDORE,Residential,74.51299999999999,24.837666666666664,69.0,1.883,3,2025-12-08T10:18:57.190Z
2022-07-05,2022,7,61144934,Battery,captis_pulse,BUDERIM,Residential,76.458,25.486,70.0,2.818,3,2025-12-08T10:18:57.190Z
2022-07-04,2022,7,9329977,Pulse1,captis_pulse,MAROOCHYDORE,Residential,27.0,1.2272727272727273,13.0,0.0,22,2025-12-08T10:18:57.190Z
2022-07-04,2022,7,61144934,Pulse1_Total,captis_pulse,BUDERIM,Residential,2471128.0,95043.38461538461,95146.0,95022.0,26,2025-12-08T10:18:57.190Z
2022-07-04,2022,7,61144934,Pulse1,captis_pulse,BUDERIM,Residential,120.0,4.615384615384615,82.0,0.0,26,2025-12-08T10:18:57.190Z
2022-07-04,2022,7,9329977,DeviceTemperature,captis_pulse,MAROOCHYDORE,Residential,25.05,12.525,13.15,11.9,2,2025-12-08T10:18:57.190Z
2022-07-04,2022,7,61144934,DeviceTemperature,captis_pulse,BUDERIM,Residential,33.190000000000005,11.063333333333334,11.99,10.4,3,2025-12-08T10:18:57.190Z
2022-07-04,2022,7,61144934,Battery,captis_pulse,BUDERIM,Residential,72.394,24.131333333333334,66.0,2.754,3,2025-12-08T10:18:57.190Z
2022-07-06,2022,7,9329977,Pulse1,captis_pulse,MAROOCHYDORE,Residential,0.0,0.0,0.0,0.0,16,2025-12-08T10:18:57.190Z
2022-07-06,2022,7,61144934,Pulse1_Total,captis_pulse,BUDERIM,Residential,1817062.0,95634.84210526316,95662.0,95564.0,19,2025-12-08T10:18:57.190Z
2022-07-06,2022,7,61144934,Pulse1,captis_pulse,BUDERIM,Residential,27.0,1.4210526315789473,23.0,0.0,19,2025-12-08T10:18:57.190Z
2022-07-05,2022,7,61144935,Pulse1_Total,captis_pulse,BUDERIM,Residential,4198407.0,82321.70588235294,82607.0,82087.0,51,2025-12-08T10:18:57.190Z
2022-07-05,2022,7,61144935,Pulse1,captis_pulse,BUDERIM,Residential,277.0,5.431372549019608,160.0,0.0,51,2025-12-08T10:18:57.190Z
2022-07-05,2022,7,73103,Pulse1,captis_pulse,BUDERIM,Residential,1.0,0.02,1.0,0.0,50,2025-12-08T10:18:57.190Z
2022-07-05,2022,7,32981848,Pulse1,captis_pulse,MAROOCHYDORE,Non-Residential,3900.0,72.22222222222223,400.0,0.0,54,2025-12-08T10:18:57.190Z
2022-07-05,2022,7,61568397,Pulse1_Total,captis_pulse,BUDERIM,Residential,862068.0,16265.433962264151,16314.0,16228.0,53,2025-12-08T10:18:57.190Z
2022-07-05,2022,7,61568397,Pulse1,captis_pulse,BUDERIM,Residential,21.0,0.39622641509433965,11.0,0.0,53,2025-12-08T10:18:57.190Z
2022-07-05,2022,7,61144935,DeviceTemperature,captis_pulse,BUDERIM,Residential,25.28,12.64,13.0,12.28,2,2025-12-08T10:18:57.190Z
2022-07-05,2022,7,61144935,Battery,captis_pulse,BUDERIM,Residential,76.216,25.40533333333333,70.0,2.586,3,2025-12-08T10:18:57.190Z
2022-07-05,2022,7,61568397,Battery,captis_pulse,BUDERIM,Residential,57.916000000000004,19.305333333333333,52.0,2.286,3,2025-12-08T10:18:57.190Z
2022-07-05,2022,7,61568397,DeviceTemperature,captis_pulse,BUDERIM,Residential,30.560000000000002,15.280000000000001,15.6,14.96,2,2025-12-08T10:18:57.190Z
2022-07-05,2022,7,73103,Battery,captis_pulse,BUDERIM,Residential,75.58699999999999,25.195666666666664,70.0,1.957,3,2025-12-08T10:18:57.190Z
2022-07-05,2022,7,73103,DeviceTemperature,captis_pulse,BUDERIM,Residential,26.700000000000003,13.350000000000001,13.8,12.9,2,2025-12-08T10:18:57.190Z
2022-07-05,2022,7,32981848,DeviceTemperature,captis_pulse,MAROOCHYDORE,Non-Residential,15.21,15.21,15.21,15.21,1,2025-12-08T10:18:57.190Z
2022-07-05,2022,7,32981848,Battery,captis_pulse,MAROOCHYDORE,Non-Residential,75.4,25.133333333333336,70.0,1.76,3,2025-12-08T10:18:57.190Z
2022-07-04,2022,7,61144935,Pulse1_Total,captis_pulse,BUDERIM,Residential,2787825.0,81994.85294117648,82044.0,81988.0,34,2025-12-08T10:18:57.190Z
2022-07-04,2022,7,61144935,Pulse1,captis_pulse,BUDERIM,Residential,48.0,1.411764705882353,22.0,0.0,34,2025-12-08T10:18:57.190Z
2022-07-04,2022,7,73103,Pulse1,captis_pulse,BUDERIM,Residential,0.0,0.0,0.0,0.0,21,2025-12-08T10:18:57.190Z
2022-07-04,2022,7,32981848,Pulse1,captis_pulse,MAROOCHYDORE,Non-Residential,2500.0,108.69565217391305,500.0,0.0,23,2025-12-08T10:18:57.190Z
2022-07-04,2022,7,61568397,Pulse1_Total,captis_pulse,BUDERIM,Residential,421851.0,16225.038461538461,16226.0,16225.0,26,2025-12-08T10:18:57.190Z
2022-07-04,2022,7,61568397,Pulse1,captis_pulse,BUDERIM,Residential,1.0,0.038461538461538464,1.0,0.0,26,2025-12-08T10:18:57.190Z
2022-07-04,2022,7,61568397,DeviceTemperature,captis_pulse,BUDERIM,Residential,14.4,14.4,14.4,14.4,1,2025-12-08T10:18:57.190Z
2022-07-04,2022,7,32981848,Battery,captis_pulse,MAROOCHYDORE,Non-Residential,75.366,25.122,70.0,1.726,3,2025-12-08T10:18:57.190Z
2022-07-04,2022,7,73103,DeviceTemperature,captis_pulse,BUDERIM,Residential,24.67,12.335,12.87,11.8,2,2025-12-08T10:18:57.190Z
2022-07-04,2022,7,61144935,Battery,captis_pulse,BUDERIM,Residential,77.77799999999999,25.926,72.0,2.148,3,2025-12-08T10:18:57.190Z
2022-07-04,2022,7,61144935,DeviceTemperature,captis_pulse,BUDERIM,Residential,23.72,11.86,12.82,10.9,2,2025-12-08T10:18:57.190Z
2022-07-04,2022,7,73103,Battery,captis_pulse,BUDERIM,Residential,76.663,25.554333333333332,71.0,2.033,3,2025-12-08T10:18:57.190Z
2022-07-04,2022,7,32981848,DeviceTemperature,captis_pulse,MAROOCHYDORE,Non-Residential,13.6,13.6,13.6,13.6,1,2025-12-08T10:18:57.190Z
2022-07-06,2022,7,61144935,Pulse1_Total,captis_pulse,BUDERIM,Residential,1242093.0,82806.2,82984.0,82634.0,15,2025-12-08T10:18:57.190Z
2022-07-06,2022,7,61144935,Pulse1,captis_pulse,BUDERIM,Residential,65.0,4.333333333333333,15.0,0.0,15,2025-12-08T10:18:57.190Z
2022-07-06,2022,7,73103,Pulse1,captis_pulse,BUDERIM,Residential,0.0,0.0,0.0,0.0,14,2025-12-08T10:18:57.190Z
2022-07-06,2022,7,32981848,Pulse1,captis_pulse,MAROOCHYDORE,Non-Residential,1700.0,94.44444444444444,200.0,0.0,18,2025-12-08T10:18:57.190Z
2022-07-06,2022,7,32981848,DeviceTemperature,captis_pulse,MAROOCHYDORE,Non-Residential,26.0,26.0,26.0,26.0,1,2025-12-08T10:18:57.190Z
2022-07-06,2022,7,61568397,Pulse1_Total,captis_pulse,BUDERIM,Residential,310435.0,16338.684210526315,16352.0,16315.0,19,2025-12-08T10:18:57.190Z
2022-07-06,2022,7,61568397,Pulse1,captis_pulse,BUDERIM,Residential,8.0,0.42105263157894735,2.0,0.0,19,2025-12-08T10:18:57.190Z
2022-07-05,2022,7,61162518,Pulse1_Total,captis_pulse,BUDERIM,Residential,1938.0,38.0,38.0,38.0,51,2025-12-08T10:18:57.190Z
2022-07-05,2022,7,61162518,Pulse1,captis_pulse,BUDERIM,Residential,0.0,0.0,0.0,0.0,51,2025-12-08T10:18:57.190Z
2022-07-05,2022,7,64631099,Pulse1,captis_pulse,MAROOCHYDORE,Residential,0.0,0.0,0.0,0.0,50,2025-12-08T10:18:57.190Z
2022-07-05,2022,7,61162518,DeviceTemperature,captis_pulse,BUDERIM,Residential,31.060000000000002,15.530000000000001,15.8,15.26,2,2025-12-08T10:18:57.190Z
2022-07-05,2022,7,64631099,Battery,captis_pulse,MAROOCHYDORE,Residential,74.869,24.956333333333333,67.0,3.64,3,2025-12-08T10:18:57.190Z
2022-07-05,2022,7,64631099,DeviceTemperature,captis_pulse,MAROOCHYDORE,Residential,32.260000000000005,16.130000000000003,16.3,15.96,2,2025-12-08T10:18:57.190Z
2022-07-05,2022,7,61162518,Battery,captis_pulse,BUDERIM,Residential,88.64,44.32,85.0,3.64,2,2025-12-08T10:18:57.190Z
2022-07-04,2022,7,61162518,Pulse1_Total,captis_pulse,BUDERIM,Residential,836.0,38.0,38.0,38.0,22,2025-12-08T10:18:57.190Z
2022-07-04,2022,7,61162518,Pulse1,captis_pulse,BUDERIM,Residential,0.0,0.0,0.0,0.0,22,2025-12-08T10:18:57.190Z
2022-07-04,2022,7,64631099,Pulse1,captis_pulse,MAROOCHYDORE,Residential,0.0,0.0,0.0,0.0,21,2025-12-08T10:18:57.190Z
2022-07-04,2022,7,64631099,DeviceTemperature,captis_pulse,MAROOCHYDORE,Residential,47.79,15.93,16.49,15.5,3,2025-12-08T10:18:57.190Z
2022-07-04,2022,7,61162518,DeviceTemperature,captis_pulse,BUDERIM,Residential,44.47,14.823333333333332,15.67,14.3,3,2025-12-08T10:18:57.190Z
2022-07-04,2022,7,64631099,Battery,captis_pulse,MAROOCHYDORE,Residential,73.282,24.427333333333333,68.0,1.642,3,2025-12-08T10:18:57.190Z
2022-07-06,2022,7,61162518,Pulse1_Total,captis_pulse,BUDERIM,Residential,570.0,38.0,38.0,38.0,15,2025-12-08T10:18:57.190Z
2022-07-06,2022,7,61162518,Pulse1,captis_pulse,BUDERIM,Residential,0.0,0.0,0.0,0.0,15,2025-12-08T10:18:57.190Z
2022-07-06,2022,7,64631099,Pulse1,captis_pulse,MAROOCHYDORE,Residential,0.0,0.0,0.0,0.0,14,2025-12-08T10:18:57.190Z
2022-07-06,2022,7,64631099,DeviceTemperature,captis_pulse,MAROOCHYDORE,Residential,17.3,17.3,17.3,17.3,1,2025-12-08T10:18:57.190Z
2022-07-05,2022,7,34593438,Pulse1,captis_pulse,MAROOCHYDORE,Non-Residential,430.0,8.6,150.0,0.0,50,2025-12-08T10:18:57.190Z
2022-07-05,2022,7,61160187,Pulse1_Total,captis_pulse,BUDERIM,Residential,1435085.0,29287.448979591838,29398.0,29219.0,49,2025-12-08T10:18:57.190Z
2022-07-05,2022,7,61160187,Pulse1,captis_pulse,BUDERIM,Residential,76.0,1.5510204081632653,18.0,0.0,49,2025-12-08T10:18:57.190Z
2022-07-05,2022,7,598512,Pulse1,captis_pulse,BUDERIM,Residential,619.0,12.63265306122449,164.0,0.0,49,2025-12-08T10:18:57.190Z
2022-07-05,2022,7,52530,Pulse1,captis_pulse,MAROOCHYDORE,Residential,390.0,7.8,82.0,0.0,50,2025-12-08T10:18:57.190Z
2022-07-05,2022,7,286914,Pulse1_Total,captis_pulse,BUDERIM,Residential,4552956.0,84314.0,84314.0,84314.0,54,2025-12-08T10:18:57.190Z
2022-07-05,2022,7,286914,Pulse1,captis_pulse,BUDERIM,Residential,0.0,0.0,0.0,0.0,54,2025-12-08T10:18:57.190Z
2022-07-05,2022,7,61659557,Pulse1_Total,captis_pulse,BUDERIM,Residential,1890.0,35.0,35.0,35.0,54,2025-12-08T10:18:57.190Z
2022-07-05,2022,7,61659557,Pulse1,captis_pulse,BUDERIM,Residential,0.0,0.0,0.0,0.0,54,2025-12-08T10:18:57.190Z
2022-07-05,2022,7,61659557,Battery,captis_pulse,BUDERIM,Residential,3.64,3.64,3.64,3.64,1,2025-12-08T10:18:57.190Z
2022-07-05,2022,7,61659557,DeviceTemperature,captis_pulse,BUDERIM,Residential,25.17,12.585,13.3,11.87,2,2025-12-08T10:18:57.190Z
2022-07-05,2022,7,34593438,DeviceTemperature,captis_pulse,MAROOCHYDORE,Non-Residential,16.5,16.5,16.5,16.5,1,2025-12-08T10:18:57.190Z
2022-07-05,2022,7,61160187,Battery,captis_pulse,BUDERIM,Residential,3.64,3.64,3.64,3.64,1,2025-12-08T10:18:57.190Z
2022-07-05,2022,7,61160187,DeviceTemperature,captis_pulse,BUDERIM,Residential,11.89,11.89,11.89,11.89,1,2025-12-08T10:18:57.190Z
2022-07-05,2022,7,598512,Battery,captis_pulse,BUDERIM,Residential,76.449,25.483,71.0,1.809,3,2025-12-08T10:18:57.190Z
2022-07-05,2022,7,52530,DeviceTemperature,captis_pulse,MAROOCHYDORE,Residential,16.34,16.34,16.34,16.34,1,2025-12-08T10:18:57.190Z
2022-07-05,2022,7,52530,Battery,captis_pulse,MAROOCHYDORE,Residential,73.32600000000001,24.442000000000004,68.0,1.686,3,2025-12-08T10:18:57.190Z
2022-07-05,2022,7,598512,DeviceTemperature,captis_pulse,BUDERIM,Residential,17.29,17.29,17.29,17.29,1,2025-12-08T10:18:57.190Z
2022-07-05,2022,7,286914,Battery,captis_pulse,BUDERIM,Residential,74.408,24.802666666666667,69.0,1.768,3,2025-12-08T10:18:57.190Z
2022-07-05,2022,7,286914,DeviceTemperature,captis_pulse,BUDERIM,Residential,26.8,13.4,13.8,13.0,2,2025-12-08T10:18:57.190Z
2022-07-04,2022,7,61659557,Pulse1_Total,captis_pulse,BUDERIM,Residential,875.0,35.0,35.0,35.0,25,2025-12-08T10:18:57.190Z
2022-07-04,2022,7,61659557,Pulse1,captis_pulse,BUDERIM,Residential,0.0,0.0,0.0,0.0,25,2025-12-08T10:18:57.190Z
2022-07-04,2022,7,34593438,Pulse1,captis_pulse,MAROOCHYDORE,Non-Residential,20.0,0.5405405405405406,10.0,0.0,37,2025-12-08T10:18:57.190Z
2022-07-04,2022,7,61160187,Pulse1_Total,captis_pulse,BUDERIM,Residential,641779.0,29171.772727272728,29219.0,29129.0,22,2025-12-08T10:18:57.190Z
2022-07-04,2022,7,61160187,Pulse1,captis_pulse,BUDERIM,Residential,63.0,2.8636363636363638,16.0,0.0,22,2025-12-08T10:18:57.190Z
2022-07-04,2022,7,598512,Pulse1,captis_pulse,BUDERIM,Residential,105.0,4.7727272727272725,90.0,0.0,22,2025-12-08T10:18:57.190Z
2022-07-04,2022,7,52530,Pulse1,captis_pulse,MAROOCHYDORE,Residential,24.0,1.1428571428571428,11.0,0.0,21,2025-12-08T10:18:57.190Z
2022-07-04,2022,7,286914,Pulse1_Total,captis_pulse,BUDERIM,Residential,2107375.0,84295.0,84314.0,84286.0,25,2025-12-08T10:18:57.190Z
2022-07-04,2022,7,286914,Pulse1,captis_pulse,BUDERIM,Residential,28.0,1.12,21.0,0.0,25,2025-12-08T10:18:57.190Z
2022-07-04,2022,7,286914,DeviceTemperature,captis_pulse,BUDERIM,Residential,12.0,12.0,12.0,12.0,1,2025-12-08T10:18:57.190Z
2022-07-04,2022,7,61160187,DeviceTemperature,captis_pulse,BUDERIM,Residential,31.47,10.49,11.37,10.0,3,2025-12-08T10:18:57.190Z
2022-07-04,2022,7,34593438,DeviceTemperature,captis_pulse,MAROOCHYDORE,Non-Residential,28.0,14.0,14.1,13.9,2,2025-12-08T10:18:57.190Z
2022-07-04,2022,7,598512,DeviceTemperature,captis_pulse,BUDERIM,Residential,33.5,16.75,16.9,16.6,2,2025-12-08T10:18:57.190Z
2022-07-04,2022,7,52530,DeviceTemperature,captis_pulse,MAROOCHYDORE,Residential,15.3,15.3,15.3,15.3,1,2025-12-08T10:18:57.190Z
2022-07-04,2022,7,61160187,Battery,captis_pulse,BUDERIM,Residential,3.63,3.63,3.63,3.63,1,2025-12-08T10:18:57.190Z
2022-07-04,2022,7,598512,Battery,captis_pulse,BUDERIM,Residential,74.425,24.808333333333334,69.0,1.785,3,2025-12-08T10:18:57.190Z
2022-07-04,2022,7,52530,Battery,captis_pulse,MAROOCHYDORE,Residential,71.25699999999999,23.75233333333333,66.0,1.627,3,2025-12-08T10:18:57.190Z
2022-07-06,2022,7,61160187,Pulse1_Total,captis_pulse,BUDERIM,Residential,471059.0,29441.1875,29470.0,29407.0,16,2025-12-08T10:18:57.190Z
2022-07-06,2022,7,61160187,Pulse1,captis_pulse,BUDERIM,Residential,37.0,2.3125,12.0,0.0,16,2025-12-08T10:18:57.190Z
2022-07-06,2022,7,34593438,Pulse1,captis_pulse,MAROOCHYDORE,Non-Residential,110.0,6.875,40.0,0.0,16,2025-12-08T10:18:57.190Z
2022-07-06,2022,7,598512,Pulse1,captis_pulse,BUDERIM,Residential,152.0,10.133333333333333,61.0,0.0,15,2025-12-08T10:18:57.190Z
2022-07-06,2022,7,52530,Pulse1,captis_pulse,MAROOCHYDORE,Residential,73.0,4.866666666666666,39.0,0.0,15,2025-12-08T10:18:57.190Z
2022-07-06,2022,7,286914,Pulse1_Total,captis_pulse,BUDERIM,Residential,1527829.0,84879.38888888889,84957.0,84314.0,18,2025-12-08T10:18:57.190Z
2022-07-06,2022,7,286914,Pulse1,captis_pulse,BUDERIM,Residential,526.0,29.22222222222222,461.0,0.0,18,2025-12-08T10:18:57.190Z
2022-07-06,2022,7,61659557,Pulse1_Total,captis_pulse,BUDERIM,Residential,630.0,35.0,35.0,35.0,18,2025-12-08T10:18:57.190Z
2022-07-06,2022,7,61659557,Pulse1,captis_pulse,BUDERIM,Residential,0.0,0.0,0.0,0.0,18,2025-12-08T10:18:57.190Z
2022-07-06,2022,7,61160187,DeviceTemperature,captis_pulse,BUDERIM,Residential,20.5,20.5,20.5,20.5,1,2025-12-08T10:18:57.190Z
2022-07-06,2022,7,598512,DeviceTemperature,captis_pulse,BUDERIM,Residential,19.6,19.6,19.6,19.6,1,2025-12-08T10:18:57.190Z
2022-07-06,2022,7,286914,DeviceTemperature,captis_pulse,BUDERIM,Residential,32.0,32.0,32.0,32.0,1,2025-12-08T10:18:57.190Z
2022-07-05,2022,7,593842,Pulse1,captis_pulse,BUDERIM,Residential,190.0,3.8,33.0,0.0,50,2025-12-08T10:18:57.190Z
2022-07-05,2022,7,102788,Pulse1,captis_pulse,MAROOCHYDORE,Residential,93.0,2.5833333333333335,31.0,0.0,36,2025-12-08T10:18:57.190Z
2022-07-05,2022,7,593842,Battery,captis_pulse,BUDERIM,Residential,69.20599999999999,23.06866666666666,64.0,1.576,3,2025-12-08T10:18:57.190Z
2022-07-05,2022,7,593842,DeviceTemperature,captis_pulse,BUDERIM,Residential,27.16,13.58,14.0,13.16,2,2025-12-08T10:18:57.190Z
2022-07-05,2022,7,102788,Battery,captis_pulse,MAROOCHYDORE,Residential,73.62,36.81,70.0,3.62,2,2025-12-08T10:18:57.190Z
2022-07-04,2022,7,102788,Pulse1,captis_pulse,MAROOCHYDORE,Residential,77.0,3.08,60.0,0.0,25,2025-12-08T10:18:57.190Z
2022-07-04,2022,7,593842,Pulse1,captis_pulse,BUDERIM,Residential,72.0,3.4285714285714284,39.0,0.0,21,2025-12-08T10:18:57.190Z
2022-07-04,2022,7,593842,DeviceTemperature,captis_pulse,BUDERIM,Residential,35.67,11.89,12.87,11.3,3,2025-12-08T10:18:57.190Z
2022-07-04,2022,7,593842,Battery,captis_pulse,BUDERIM,Residential,68.25099999999999,22.75033333333333,63.0,1.621,3,2025-12-08T10:18:57.190Z
2022-07-06,2022,7,593842,Pulse1,captis_pulse,BUDERIM,Residential,159.0,10.6,80.0,0.0,15,2025-12-08T10:18:57.190Z
2022-07-06,2022,7,102788,Pulse1,captis_pulse,MAROOCHYDORE,Residential,47.0,4.2727272727272725,21.0,0.0,11,2025-12-08T10:18:57.190Z
2022-07-06,2022,7,102788,DeviceTemperature,captis_pulse,MAROOCHYDORE,Residential,18.3,18.3,18.3,18.3,1,2025-12-08T10:18:57.190Z
2022-07-06,2022,7,102788,Battery,captis_pulse,MAROOCHYDORE,Residential,71.62,35.81,68.0,3.62,2,2025-12-08T10:18:57.190Z
2022-07-05,2022,7,48280853,Pulse1,,,,2090.0,39.43396226415094,150.0,0.0,53,2025-12-08T10:18:57.190Z
2022-07-05,2022,7,48280853,Battery,,,,89.244,29.748,83.0,2.604,3,2025-12-08T10:18:57.190Z
2022-07-05,2022,7,48280853,DeviceTemperature,,,,15.33,15.33,15.33,15.33,1,2025-12-08T10:18:57.190Z
2022-07-04,2022,7,48280853,Pulse1,,,,870.0,33.46153846153846,170.0,0.0,26,2025-12-08T10:18:57.190Z
2022-07-04,2022,7,48280853,DeviceTemperature,,,,44.38,14.793333333333335,15.48,14.4,3,2025-12-08T10:18:57.190Z
2022-07-04,2022,7,48280853,Battery,,,,75.431,25.143666666666665,70.0,1.791,3,2025-12-08T10:18:57.190Z
2022-07-06,2022,7,48280853,Pulse1,,,,1210.0,63.68421052631579,200.0,10.0,19,2025-12-08T10:18:57.190Z
2022-07-06,2022,7,48280853,DeviceTemperature,,,,18.9,18.9,18.9,18.9,1,2025-12-08T10:18:57.190Z
2022-07-05,2022,7,601105,Pulse1,captis_pulse,BUDERIM,Residential,450.0,7.142857142857143,351.0,0.0,63,2025-12-08T10:18:57.190Z
2022-07-05,2022,7,65437836,Pulse1,captis_pulse,BUDERIM,Residential,3390.0,54.67741935483871,190.0,10.0,62,2025-12-08T10:18:57.190Z
2022-07-05,2022,7,65063509,Pulse1,captis_pulse,KULUIN,Residential,2355.0,84.10714285714286,266.0,0.0,28,2025-12-08T10:18:57.190Z
2022-07-05,2022,7,60192913,Pulse1_Total,captis_pulse,BUDERIM,Residential,0.0,0.0,0.0,0.0,5,2025-12-08T10:18:57.190Z
2022-07-05,2022,7,60192913,Pulse1,captis_pulse,BUDERIM,Residential,0.0,0.0,0.0,0.0,5,2025-12-08T10:18:57.190Z
2022-07-05,2022,7,601105,Battery,captis_pulse,BUDERIM,Residential,74.279,24.759666666666664,69.0,1.639,3,2025-12-08T10:18:57.190Z
2022-07-05,2022,7,65437836,Battery,captis_pulse,BUDERIM,Residential,73.462,24.487333333333336,68.0,1.842,3,2025-12-08T10:18:57.190Z
2022-07-05,2022,7,65437836,DeviceTemperature,captis_pulse,BUDERIM,Residential,25.75,12.875,13.2,12.55,2,2025-12-08T10:18:57.190Z
2022-07-05,2022,7,601105,DeviceTemperature,captis_pulse,BUDERIM,Residential,13.6,13.6,13.6,13.6,1,2025-12-08T10:18:57.190Z
2022-07-05,2022,7,60192913,DeviceTemperature,captis_pulse,BUDERIM,Residential,27.41,13.705,14.4,13.01,2,2025-12-08T10:18:57.190Z
2022-07-05,2022,7,65063509,Battery,captis_pulse,KULUIN,Residential,69.64,34.82,66.0,3.64,2,2025-12-08T10:18:57.190Z
2022-07-05,2022,7,65063509,DeviceTemperature,captis_pulse,KULUIN,Residential,12.45,12.45,12.45,12.45,1,2025-12-08T10:18:57.190Z
2022-07-04,2022,7,601105,Pulse1,captis_pulse,BUDERIM,Residential,982.0,44.63636363636363,336.0,0.0,22,2025-12-08T10:18:57.190Z
2022-07-04,2022,7,65437836,Pulse1,captis_pulse,BUDERIM,Residential,880.0,40.0,140.0,10.0,22,2025-12-08T10:18:57.190Z
2022-07-04,2022,7,65063509,Pulse1,captis_pulse,KULUIN,Residential,1061.0,42.44,224.0,0.0,25,2025-12-08T10:18:57.190Z
2022-07-04,2022,7,65063509,DeviceTemperature,captis_pulse,KULUIN,Residential,11.3,11.3,11.3,11.3,1,2025-12-08T10:18:57.190Z
2022-07-04,2022,7,601105,DeviceTemperature,captis_pulse,BUDERIM,Residential,21.6,10.8,10.9,10.7,2,2025-12-08T10:18:57.190Z
2022-07-04,2022,7,601105,Battery,captis_pulse,BUDERIM,Residential,74.384,24.794666666666668,69.0,1.754,3,2025-12-08T10:18:57.190Z
2022-07-04,2022,7,65437836,DeviceTemperature,captis_pulse,BUDERIM,Residential,11.2,11.2,11.2,11.2,1,2025-12-08T10:18:57.190Z
2022-07-06,2022,7,601105,Pulse1,captis_pulse,BUDERIM,Residential,98.0,6.125,50.0,0.0,16,2025-12-08T10:18:57.190Z
2022-07-06,2022,7,65437836,Pulse1,captis_pulse,BUDERIM,Residential,960.0,64.0,170.0,20.0,15,2025-12-08T10:18:57.190Z
2022-07-06,2022,7,65063509,Pulse1,captis_pulse,KULUIN,Residential,316.0,105.33333333333333,162.0,76.0,3,2025-12-08T10:18:57.190Z
2022-07-06,2022,7,65063509,Battery,captis_pulse,KULUIN,Residential,72.64,36.32,69.0,3.64,2,2025-12-08T10:18:57.190Z
2022-07-06,2022,7,65063509,DeviceTemperature,captis_pulse,KULUIN,Residential,14.5,14.5,14.5,14.5,1,2025-12-08T10:18:57.190Z
2022-07-04,2022,7,60192913,Pulse1_Total,captis_pulse,BUDERIM,Residential,0.0,0.0,0.0,0.0,94,2025-12-08T10:18:57.190Z
2022-07-04,2022,7,60192913,Pulse1,captis_pulse,BUDERIM,Residential,0.0,0.0,0.0,0.0,96,2025-12-08T10:18:57.190Z
2022-07-04,2022,7,60192913,DeviceTemperature,captis_pulse,BUDERIM,Residential,11.8,11.8,11.8,11.8,1,2025-12-08T10:18:57.190Z
2022-07-04,2022,7,60192913,Battery,captis_pulse,BUDERIM,Residential,2.314,2.314,2.314,2.314,1,2025-12-08T10:18:57.190Z
2022-07-05,2022,7,81985221,Pulse1,captis_pulse,BUDERIM,Residential,3480.0,68.23529411764706,610.0,0.0,51,2025-12-08T10:18:57.190Z
2022-07-05,2022,7,514161,Pulse1,captis_pulse,BUDERIM,Residential,0.0,0.0,0.0,0.0,50,2025-12-08T10:18:57.190Z
2022-07-05,2022,7,21266970,Pulse1,captis_pulse,FERNY HILLS,Non-Residential,1650.0,32.35294117647059,120.0,10.0,51,2025-12-08T10:18:57.190Z
2022-07-05,2022,7,61158881,Pulse1_Total,captis_pulse,BUDERIM,Residential,1451111.0,28453.156862745098,28597.0,28398.0,51,2025-12-08T10:18:57.190Z
2022-07-05,2022,7,61158881,Pulse1,captis_pulse,BUDERIM,Residential,148.0,2.9019607843137254,67.0,0.0,51,2025-12-08T10:18:57.190Z
2022-07-05,2022,7,61158881,DeviceTemperature,captis_pulse,BUDERIM,Residential,26.310000000000002,13.155000000000001,13.5,12.81,2,2025-12-08T10:18:57.190Z
2022-07-05,2022,7,514161,DeviceTemperature,captis_pulse,BUDERIM,Residential,33.7,16.85,17.2,16.5,2,2025-12-08T10:18:57.190Z
2022-07-05,2022,7,60254744,Pulse1_Total,captis_pulse,BUDERIM,Residential,0.0,0.0,0.0,0.0,18,2025-12-08T10:18:57.190Z
2022-07-05,2022,7,60254744,Pulse1,captis_pulse,BUDERIM,Residential,0.0,0.0,0.0,0.0,18,2025-12-08T10:18:57.190Z
2022-07-05,2022,7,9345751,Pulse1,captis_pulse,MAROOCHYDORE,Residential,105.0,6.176470588235294,105.0,0.0,17,2025-12-08T10:18:57.190Z
2022-07-05,2022,7,9345751,DeviceTemperature,captis_pulse,MAROOCHYDORE,Residential,13.53,13.53,13.53,13.53,1,2025-12-08T10:18:57.190Z
2022-07-05,2022,7,21266970,Battery,captis_pulse,FERNY HILLS,Non-Residential,3.64,3.64,3.64,3.64,1,2025-12-08T10:18:57.190Z
2022-07-05,2022,7,21266970,DeviceTemperature,captis_pulse,FERNY HILLS,Non-Residential,26.41,13.205,13.8,12.61,2,2025-12-08T10:18:57.190Z
2022-07-05,2022,7,514161,Battery,captis_pulse,BUDERIM,Residential,74.293,24.764333333333337,69.0,1.673,3,2025-12-08T10:18:57.190Z
2022-07-05,2022,7,61158881,Battery,captis_pulse,BUDERIM,Residential,69.411,23.137,64.0,1.781,3,2025-12-08T10:18:57.190Z
2022-07-05,2022,7,9345751,Battery,captis_pulse,MAROOCHYDORE,Residential,75.256,25.085333333333335,69.0,2.736,3,2025-12-08T10:18:57.190Z
2022-07-04,2022,7,81985221,Pulse1,captis_pulse,BUDERIM,Residential,870.0,39.54545454545455,200.0,0.0,22,2025-12-08T10:18:57.190Z
2022-07-04,2022,7,514161,Pulse1,captis_pulse,BUDERIM,Residential,0.0,0.0,0.0,0.0,22,2025-12-08T10:18:57.190Z
2022-07-04,2022,7,21266970,Pulse1,captis_pulse,FERNY HILLS,Non-Residential,630.0,19.6875,100.0,0.0,32,2025-12-08T10:18:57.190Z
2022-07-04,2022,7,61158881,Pulse1_Total,captis_pulse,BUDERIM,Residential,765795.0,28362.777777777777,28397.0,28354.0,27,2025-12-08T10:18:57.190Z
2022-07-04,2022,7,61158881,Pulse1,captis_pulse,BUDERIM,Residential,44.0,1.6296296296296295,11.0,0.0,27,2025-12-08T10:18:57.190Z
2022-07-04,2022,7,61158881,DeviceTemperature,captis_pulse,BUDERIM,Residential,11.7,11.7,11.7,11.7,1,2025-12-08T10:18:57.190Z
2022-07-04,2022,7,21266970,DeviceTemperature,captis_pulse,FERNY HILLS,Non-Residential,23.130000000000003,11.565000000000001,12.73,10.4,2,2025-12-08T10:18:57.190Z
2022-07-04,2022,7,81985221,Battery,captis_pulse,BUDERIM,Residential,72.64,36.32,69.0,3.64,2,2025-12-08T10:18:57.190Z
2022-07-04,2022,7,81985221,DeviceTemperature,captis_pulse,BUDERIM,Residential,36.370000000000005,12.123333333333335,12.77,11.4,3,2025-12-08T10:18:57.190Z
2022-07-04,2022,7,514161,DeviceTemperature,captis_pulse,BUDERIM,Residential,48.59,16.19666666666667,16.79,15.8,3,2025-12-08T10:18:57.190Z
2022-07-04,2022,7,21266970,Battery,captis_pulse,FERNY HILLS,Non-Residential,3.64,3.64,3.64,3.64,1,2025-12-08T10:18:57.190Z
2022-07-06,2022,7,81985221,Pulse1,captis_pulse,BUDERIM,Residential,1280.0,75.29411764705883,310.0,10.0,17,2025-12-08T10:18:57.190Z
2022-07-06,2022,7,514161,Pulse1,captis_pulse,BUDERIM,Residential,0.0,0.0,0.0,0.0,15,2025-12-08T10:18:57.190Z
2022-07-06,2022,7,9345751,Pulse1,captis_pulse,MAROOCHYDORE,Residential,158.0,10.533333333333333,116.0,0.0,15,2025-12-08T10:18:57.190Z
2022-07-06,2022,7,21266970,Pulse1,captis_pulse,FERNY HILLS,Non-Residential,740.0,41.111111111111114,80.0,10.0,18,2025-12-08T10:18:57.190Z
2022-07-06,2022,7,60254744,Pulse1_Total,captis_pulse,BUDERIM,Residential,0.0,0.0,0.0,0.0,17,2025-12-08T10:18:57.190Z
2022-07-06,2022,7,60254744,Pulse1,captis_pulse,BUDERIM,Residential,0.0,0.0,0.0,0.0,17,2025-12-08T10:18:57.190Z
2022-07-06,2022,7,61158881,Pulse1_Total,captis_pulse,BUDERIM,Residential,517584.0,28754.666666666668,28787.0,28739.0,18,2025-12-08T10:18:57.190Z
2022-07-06,2022,7,61158881,Pulse1,captis_pulse,BUDERIM,Residential,19.0,1.0555555555555556,5.0,0.0,18,2025-12-08T10:18:57.190Z
2022-07-06,2022,7,60254744,DeviceTemperature,captis_pulse,BUDERIM,Residential,59.71000000000001,19.903333333333336,30.8,11.7,3,2025-12-08T10:18:57.190Z
2022-07-06,2022,7,21266970,DeviceTemperature,captis_pulse,FERNY HILLS,Non-Residential,24.2,24.2,24.2,24.2,1,2025-12-08T10:18:57.190Z
2022-07-06,2022,7,61158881,DeviceTemperature,captis_pulse,BUDERIM,Residential,18.1,18.1,18.1,18.1,1,2025-12-08T10:18:57.190Z
2022-07-06,2022,7,60254744,Battery,captis_pulse,BUDERIM,Residential,66.62,33.31,63.0,3.62,2,2025-12-08T10:18:57.190Z
2022-07-04,2022,7,60254744,DeviceTemperature,captis_pulse,BUDERIM,Residential,11.0,11.0,11.0,11.0,1,2025-12-08T10:18:57.190Z
2022-07-04,2022,7,9345751,Pulse1,captis_pulse,MAROOCHYDORE,Residential,440.0,4.583333333333333,104.0,0.0,96,2025-12-08T10:18:57.190Z
2022-07-04,2022,7,9345751,DeviceTemperature,captis_pulse,MAROOCHYDORE,Residential,11.7,11.7,11.7,11.7,1,2025-12-08T10:18:57.190Z
2022-07-04,2022,7,9345751,Battery,captis_pulse,MAROOCHYDORE,Residential,2.252,2.252,2.252,2.252,1,2025-12-08T10:18:57.190Z
2022-07-03,2022,7,60254744,DeviceTemperature,captis_pulse,BUDERIM,Residential,32.8,32.8,32.8,32.8,1,2025-12-08T10:18:57.190Z
2022-07-02,2022,7,60254744,Pulse1_Total,captis_pulse,BUDERIM,Residential,0.0,0.0,0.0,0.0,43,2025-12-08T10:18:57.190Z
2022-07-02,2022,7,60254744,Pulse1,captis_pulse,BUDERIM,Residential,0.0,0.0,0.0,0.0,44,2025-12-08T10:18:57.190Z
2022-07-01,2022,7,60254744,Pulse1_Total,captis_pulse,BUDERIM,Residential,0.0,0.0,0.0,0.0,94,2025-12-08T10:18:57.190Z
2022-07-01,2022,7,60254744,Pulse1,captis_pulse,BUDERIM,Residential,0.0,0.0,0.0,0.0,96,2025-12-08T10:18:57.190Z
2022-07-05,2022,7,60218178,DeviceTemperature,captis_pulse,BUDERIM,Residential,26.8,13.4,13.4,13.4,2,2025-12-08T10:18:57.190Z
2022-07-05,2022,7,62305818,Pulse1_Total,captis_pulse,BUDERIM,Residential,1664.0,32.0,32.0,32.0,52,2025-12-08T10:18:57.190Z
2022-07-05,2022,7,62305818,Pulse1,captis_pulse,BUDERIM,Residential,0.0,0.0,0.0,0.0,53,2025-12-08T10:18:57.190Z
2022-07-05,2022,7,62305818,DeviceTemperature,captis_pulse,BUDERIM,Residential,24.02,12.01,12.5,11.52,2,2025-12-08T10:18:57.190Z
2022-07-05,2022,7,62305818,Battery,captis_pulse,BUDERIM,Residential,3.64,3.64,3.64,3.64,1,2025-12-08T10:18:57.190Z
2022-07-05,2022,7,60218178,Battery,captis_pulse,BUDERIM,Residential,72.63,36.315,69.0,3.63,2,2025-12-08T10:18:57.190Z
2022-07-04,2022,7,62305818,Pulse1_Total,captis_pulse,BUDERIM,Residential,864.0,32.0,32.0,32.0,27,2025-12-08T10:18:57.190Z
2022-07-04,2022,7,62305818,Pulse1,captis_pulse,BUDERIM,Residential,0.0,0.0,0.0,0.0,27,2025-12-08T10:18:57.190Z
2022-07-04,2022,7,62305818,Battery,captis_pulse,BUDERIM,Residential,3.64,3.64,3.64,3.64,1,2025-12-08T10:18:57.190Z
2022-07-04,2022,7,62305818,DeviceTemperature,captis_pulse,BUDERIM,Residential,11.4,11.4,11.4,11.4,1,2025-12-08T10:18:57.190Z
2022-07-06,2022,7,62305818,Pulse1_Total,captis_pulse,BUDERIM,Residential,608.0,32.0,32.0,32.0,19,2025-12-08T10:18:57.190Z
2022-07-06,2022,7,62305818,Pulse1,captis_pulse,BUDERIM,Residential,0.0,0.0,0.0,0.0,19,2025-12-08T10:18:57.190Z
2022-07-06,2022,7,62305818,DeviceTemperature,captis_pulse,BUDERIM,Residential,19.0,19.0,19.0,19.0,1,2025-12-08T10:18:57.190Z
2022-07-05,2022,7,60995980,Pulse1_Total,captis_pulse,BUDERIM,Residential,1617.0,33.0,33.0,33.0,49,2025-12-08T10:18:57.190Z
2022-07-05,2022,7,60995980,Pulse1,captis_pulse,BUDERIM,Residential,0.0,0.0,0.0,0.0,49,2025-12-08T10:18:57.190Z
2022-07-05,2022,7,21967995,Pulse1,captis_pulse,MOUNTAIN CREEK,Non-Residential,4720.0,73.75,140.0,60.0,64,2025-12-08T10:18:57.190Z
2022-07-05,2022,7,46055393,Pulse1,captis_pulse,MAROOCHYDORE,Residential,4360.0,88.9795918367347,210.0,30.0,49,2025-12-08T10:18:57.190Z
2022-07-05,2022,7,65099811,Pulse1,captis_pulse,MAROOCHYDORE,Residential,4600.0,79.3103448275862,400.0,0.0,58,2025-12-08T10:18:57.190Z
2022-07-05,2022,7,60995980,DeviceTemperature,captis_pulse,BUDERIM,Residential,16.33,16.33,16.33,16.33,1,2025-12-08T10:18:57.190Z
2022-07-05,2022,7,21967995,Battery,captis_pulse,MOUNTAIN CREEK,Non-Residential,71.464,23.82133333333333,66.0,1.824,3,2025-12-08T10:18:57.190Z
2022-07-05,2022,7,46055393,Battery,captis_pulse,MAROOCHYDORE,Residential,72.821,24.273666666666667,67.0,2.181,3,2025-12-08T10:18:57.190Z
2022-07-05,2022,7,65099811,Battery,captis_pulse,MAROOCHYDORE,Residential,73.312,24.43733333333333,68.0,1.672,3,2025-12-08T10:18:57.190Z
2022-07-05,2022,7,65099811,DeviceTemperature,captis_pulse,MAROOCHYDORE,Residential,30.55,15.275,15.9,14.65,2,2025-12-08T10:18:57.190Z
2022-07-05,2022,7,46055393,DeviceTemperature,captis_pulse,MAROOCHYDORE,Residential,27.59,13.795,14.1,13.49,2,2025-12-08T10:18:57.190Z
2022-07-05,2022,7,21967995,DeviceTemperature,captis_pulse,MOUNTAIN CREEK,Non-Residential,15.6,15.6,15.6,15.6,1,2025-12-08T10:18:57.190Z
2022-07-04,2022,7,60995980,Pulse1_Total,captis_pulse,BUDERIM,Residential,726.0,33.0,33.0,33.0,22,2025-12-08T10:18:57.190Z
2022-07-04,2022,7,60995980,Pulse1,captis_pulse,BUDERIM,Residential,0.0,0.0,0.0,0.0,22,2025-12-08T10:18:57.190Z
2022-07-04,2022,7,21967995,Pulse1,captis_pulse,MOUNTAIN CREEK,Non-Residential,1590.0,66.25,110.0,50.0,24,2025-12-08T10:18:57.190Z
2022-07-04,2022,7,46055393,Pulse1,captis_pulse,MAROOCHYDORE,Residential,1500.0,65.21739130434783,180.0,30.0,23,2025-12-08T10:18:57.190Z
2022-07-04,2022,7,65099811,Pulse1,captis_pulse,MAROOCHYDORE,Residential,2700.0,122.72727272727273,600.0,0.0,22,2025-12-08T10:18:57.190Z
2022-07-04,2022,7,46055393,DeviceTemperature,captis_pulse,MAROOCHYDORE,Residential,24.5,12.25,12.4,12.1,2,2025-12-08T10:18:57.190Z
2022-07-04,2022,7,21967995,DeviceTemperature,captis_pulse,MOUNTAIN CREEK,Non-Residential,12.8,12.8,12.8,12.8,1,2025-12-08T10:18:57.190Z
2022-07-04,2022,7,60995980,DeviceTemperature,captis_pulse,BUDERIM,Residential,32.269999999999996,16.134999999999998,16.47,15.8,2,2025-12-08T10:18:57.190Z
2022-07-04,2022,7,46055393,Battery,captis_pulse,MAROOCHYDORE,Residential,75.656,25.218666666666667,70.0,2.016,3,2025-12-08T10:18:57.190Z
2022-07-04,2022,7,65099811,DeviceTemperature,captis_pulse,MAROOCHYDORE,Residential,26.5,13.25,13.4,13.1,2,2025-12-08T10:18:57.190Z
2022-07-06,2022,7,60995980,Pulse1_Total,captis_pulse,BUDERIM,Residential,462.0,33.0,33.0,33.0,14,2025-12-08T10:18:57.190Z
2022-07-06,2022,7,60995980,Pulse1,captis_pulse,BUDERIM,Residential,0.0,0.0,0.0,0.0,14,2025-12-08T10:18:57.190Z
2022-07-06,2022,7,21967995,Pulse1,captis_pulse,MOUNTAIN CREEK,Non-Residential,1110.0,74.0,90.0,60.0,15,2025-12-08T10:18:57.190Z
2022-07-06,2022,7,46055393,Pulse1,captis_pulse,MAROOCHYDORE,Residential,2580.0,184.28571428571428,410.0,50.0,14,2025-12-08T10:18:57.190Z
2022-07-06,2022,7,65099811,Pulse1,captis_pulse,MAROOCHYDORE,Residential,1800.0,120.0,300.0,0.0,15,2025-12-08T10:18:57.190Z
2022-07-06,2022,7,65099811,DeviceTemperature,captis_pulse,MAROOCHYDORE,Residential,37.1,37.1,37.1,37.1,1,2025-12-08T10:18:57.190Z
2022-07-06,2022,7,21967995,DeviceTemperature,captis_pulse,MOUNTAIN CREEK,Non-Residential,12.4,12.4,12.4,12.4,1,2025-12-08T10:18:57.190Z
2022-07-05,2022,7,61164548,Pulse1_Total,,,,1204.0,28.0,28.0,28.0,43,2025-12-08T10:18:57.190Z
2022-07-05,2022,7,61164548,Pulse1,,,,0.0,0.0,0.0,0.0,44,2025-12-08T10:18:57.190Z
2022-07-04,2022,7,61164548,Pulse1_Total,,,,672.0,28.0,28.0,28.0,24,2025-12-08T10:18:57.190Z
2022-07-04,2022,7,61164548,Pulse1,,,,0.0,0.0,0.0,0.0,25,2025-12-08T10:18:57.190Z
2022-07-04,2022,7,61164548,DeviceTemperature,,,,14.1,14.1,14.1,14.1,1,2025-12-08T10:18:57.190Z
2022-07-06,2022,7,61164548,Pulse1_Total,,,,364.0,28.0,28.0,28.0,13,2025-12-08T10:18:57.190Z
2022-07-06,2022,7,61164548,Pulse1,,,,0.0,0.0,0.0,0.0,14,2025-12-08T10:18:57.190Z
2022-07-06,2022,7,61164548,Battery,,,,3.64,3.64,3.64,3.64,1,2025-12-08T10:18:57.190Z
2022-07-06,2022,7,61164548,DeviceTemperature,,,,15.97,15.97,15.97,15.97,1,2025-12-08T10:18:57.190Z
2022-07-05,2022,7,9026565,Pulse1_Total,captis_pulse,MAROOCHYDORE,Residential,4848852.0,95075.5294117647,95216.0,95037.0,51,2025-12-08T10:18:57.190Z
2022-07-05,2022,7,9026565,Pulse1,captis_pulse,MAROOCHYDORE,Residential,109.0,2.1372549019607843,43.0,0.0,51,2025-12-08T10:18:57.190Z
2022-07-05,2022,7,9025556,Pulse1,captis_pulse,MAROOCHYDORE,Residential,203.0,3.980392156862745,72.0,0.0,51,2025-12-08T10:18:57.190Z
2022-07-05,2022,7,2266,Pulse1,captis_pulse,MAROOCHYDORE,Residential,228.0,4.30188679245283,83.0,0.0,53,2025-12-08T10:18:57.190Z
2022-07-05,2022,7,53973,Pulse1,captis_pulse,BUDERIM,Residential,181.0,3.480769230769231,77.0,0.0,52,2025-12-08T10:18:57.190Z
2022-07-05,2022,7,81970993,Pulse1,captis_pulse,MAROOCHYDORE,Non-Residential,155.0,5.961538461538462,25.0,0.0,26,2025-12-08T10:18:57.190Z
2022-07-05,2022,7,81968651,Pulse1,captis_pulse,MAROOCHYDORE,Residential,130.0,6.5,35.0,0.0,20,2025-12-08T10:18:57.190Z
2022-07-05,2022,7,81965985,Pulse1,captis_pulse,MAROOCHYDORE,Non-Residential,845.0,35.208333333333336,125.0,0.0,24,2025-12-08T10:18:57.190Z
2022-07-05,2022,7,61162029,Pulse1_Total,captis_pulse,BUDERIM,Residential,504.0,28.0,28.0,28.0,18,2025-12-08T10:18:57.190Z
2022-07-05,2022,7,61162029,Pulse1,captis_pulse,BUDERIM,Residential,0.0,0.0,0.0,0.0,18,2025-12-08T10:18:57.190Z
2022-07-05,2022,7,61144932,Pulse1_Total,captis_pulse,BUDERIM,Residential,206208.0,12888.0,12888.0,12888.0,16,2025-12-08T10:18:57.190Z
2022-07-05,2022,7,61144932,Pulse1,captis_pulse,BUDERIM,Residential,0.0,0.0,0.0,0.0,17,2025-12-08T10:18:57.190Z
2022-07-05,2022,7,61162029,DeviceTemperature,captis_pulse,BUDERIM,Residential,14.94,14.94,14.94,14.94,1,2025-12-08T10:18:57.190Z
2022-07-05,2022,7,81970993,Battery,captis_pulse,MAROOCHYDORE,Non-Residential,72.64,36.32,69.0,3.64,2,2025-12-08T10:18:57.190Z
2022-07-05,2022,7,81970993,DeviceTemperature,captis_pulse,MAROOCHYDORE,Non-Residential,14.03,14.03,14.03,14.03,1,2025-12-08T10:18:57.190Z
2022-07-05,2022,7,9026565,Battery,captis_pulse,MAROOCHYDORE,Residential,75.202,25.067333333333334,69.0,2.572,3,2025-12-08T10:18:57.190Z
2022-07-05,2022,7,9025556,Battery,captis_pulse,MAROOCHYDORE,Residential,73.669,24.55633333333333,68.0,2.039,3,2025-12-08T10:18:57.190Z
2022-07-05,2022,7,61144932,Battery,captis_pulse,BUDERIM,Residential,77.005,25.668333333333333,70.0,3.375,3,2025-12-08T10:18:57.190Z
2022-07-05,2022,7,61144932,DeviceTemperature,captis_pulse,BUDERIM,Residential,13.75,13.75,13.75,13.75,1,2025-12-08T10:18:57.190Z
2022-07-05,2022,7,61162029,Battery,captis_pulse,BUDERIM,Residential,3.63,3.63,3.63,3.63,1,2025-12-08T10:18:57.190Z
2022-07-05,2022,7,81968651,DeviceTemperature,captis_pulse,MAROOCHYDORE,Residential,27.380000000000003,13.690000000000001,13.9,13.48,2,2025-12-08T10:18:57.190Z
2022-07-05,2022,7,81968651,Battery,captis_pulse,MAROOCHYDORE,Residential,72.63,36.315,69.0,3.63,2,2025-12-08T10:18:57.190Z
2022-07-05,2022,7,9025556,DeviceTemperature,captis_pulse,MAROOCHYDORE,Residential,14.8,14.8,14.8,14.8,1,2025-12-08T10:18:57.190Z
2022-07-05,2022,7,81965985,Battery,captis_pulse,MAROOCHYDORE,Non-Residential,69.64,34.82,66.0,3.64,2,2025-12-08T10:18:57.190Z
2022-07-05,2022,7,81965985,DeviceTemperature,captis_pulse,MAROOCHYDORE,Non-Residential,12.97,12.97,12.97,12.97,1,2025-12-08T10:18:57.190Z
2022-07-04,2022,7,2266,Pulse1,captis_pulse,MAROOCHYDORE,Residential,9.0,0.36,5.0,0.0,25,2025-12-08T10:18:57.190Z
2022-07-04,2022,7,81965985,Pulse1,captis_pulse,MAROOCHYDORE,Non-Residential,655.0,26.2,105.0,0.0,25,2025-12-08T10:18:57.190Z
2022-07-04,2022,7,81968651,Pulse1,captis_pulse,MAROOCHYDORE,Residential,140.0,5.6,25.0,0.0,25,2025-12-08T10:18:57.190Z
2022-07-04,2022,7,9026565,Pulse1_Total,captis_pulse,MAROOCHYDORE,Residential,2088833.0,94946.95454545454,94986.0,94941.0,22,2025-12-08T10:18:57.190Z
2022-07-04,2022,7,9026565,Pulse1,captis_pulse,MAROOCHYDORE,Residential,38.0,1.7272727272727273,32.0,0.0,22,2025-12-08T10:18:57.190Z
2022-07-04,2022,7,9025556,Pulse1,captis_pulse,MAROOCHYDORE,Residential,19.0,0.8260869565217391,11.0,0.0,23,2025-12-08T10:18:57.190Z
2022-07-04,2022,7,9025556,DeviceTemperature,captis_pulse,MAROOCHYDORE,Residential,12.0,12.0,12.0,12.0,1,2025-12-08T10:18:57.190Z
2022-07-04,2022,7,81970993,Pulse1,captis_pulse,MAROOCHYDORE,Non-Residential,40.0,2.2222222222222223,20.0,0.0,18,2025-12-08T10:18:57.190Z
2022-07-04,2022,7,53973,Pulse1,captis_pulse,BUDERIM,Residential,95.0,3.6538461538461537,29.0,1.0,26,2025-12-08T10:18:57.190Z
2022-07-04,2022,7,9026565,DeviceTemperature,captis_pulse,MAROOCHYDORE,Residential,11.7,11.7,11.7,11.7,1,2025-12-08T10:18:57.190Z
2022-07-04,2022,7,9026565,Battery,captis_pulse,MAROOCHYDORE,Residential,76.932,25.644000000000002,70.0,3.302,3,2025-12-08T10:18:57.190Z
2022-07-04,2022,7,9025556,Battery,captis_pulse,MAROOCHYDORE,Residential,70.806,23.602,65.0,2.166,3,2025-12-08T10:18:57.190Z
2022-07-04,2022,7,2266,DeviceTemperature,captis_pulse,MAROOCHYDORE,Residential,11.5,11.5,11.5,11.5,1,2025-12-08T10:18:57.190Z
2022-07-06,2022,7,61144932,Pulse1_Total,captis_pulse,BUDERIM,Residential,167544.0,12888.0,12888.0,12888.0,13,2025-12-08T10:18:57.190Z
2022-07-06,2022,7,61144932,Pulse1,captis_pulse,BUDERIM,Residential,0.0,0.0,0.0,0.0,13,2025-12-08T10:18:57.190Z
2022-07-06,2022,7,9026565,Pulse1_Total,captis_pulse,MAROOCHYDORE,Residential,1620691.0,95334.76470588235,95366.0,95314.0,17,2025-12-08T10:18:57.190Z
2022-07-06,2022,7,9026565,Pulse1,captis_pulse,MAROOCHYDORE,Residential,23.0,1.3529411764705883,6.0,0.0,17,2025-12-08T10:18:57.190Z
2022-07-06,2022,7,9025556,Pulse1,captis_pulse,MAROOCHYDORE,Residential,83.0,4.611111111111111,74.0,0.0,18,2025-12-08T10:18:57.190Z
2022-07-06,2022,7,61162029,Pulse1_Total,captis_pulse,BUDERIM,Residential,504.0,28.0,28.0,28.0,18,2025-12-08T10:18:57.190Z
2022-07-06,2022,7,61162029,Pulse1,captis_pulse,BUDERIM,Residential,0.0,0.0,0.0,0.0,18,2025-12-08T10:18:57.190Z
2022-07-06,2022,7,2266,Pulse1,captis_pulse,MAROOCHYDORE,Residential,64.0,3.5555555555555554,52.0,0.0,18,2025-12-08T10:18:57.190Z
2022-07-06,2022,7,53973,Pulse1,captis_pulse,BUDERIM,Residential,140.0,7.777777777777778,77.0,0.0,18,2025-12-08T10:18:57.190Z
2022-07-06,2022,7,81968651,Pulse1,captis_pulse,MAROOCHYDORE,Residential,10.0,10.0,10.0,10.0,1,2025-12-08T10:18:57.190Z
2022-07-06,2022,7,81965985,Pulse1,captis_pulse,MAROOCHYDORE,Non-Residential,60.0,30.0,40.0,20.0,2,2025-12-08T10:18:57.190Z
2022-07-06,2022,7,81968651,DeviceTemperature,captis_pulse,MAROOCHYDORE,Residential,20.9,20.9,20.9,20.9,1,2025-12-08T10:18:57.190Z
2022-07-06,2022,7,61162029,DeviceTemperature,captis_pulse,BUDERIM,Residential,17.4,17.4,17.4,17.4,1,2025-12-08T10:18:57.190Z
2022-07-06,2022,7,2266,DeviceTemperature,captis_pulse,MAROOCHYDORE,Residential,24.6,24.6,24.6,24.6,1,2025-12-08T10:18:57.190Z
2022-07-06,2022,7,53973,DeviceTemperature,captis_pulse,BUDERIM,Residential,21.4,21.4,21.4,21.4,1,2025-12-08T10:18:57.190Z
2022-07-06,2022,7,81970993,Pulse1,captis_pulse,MAROOCHYDORE,Non-Residential,0.0,0.0,0.0,0.0,4,2025-12-08T10:18:57.190Z
2022-07-04,2022,7,61144932,Pulse1_Total,captis_pulse,BUDERIM,Residential,1229885.0,12811.302083333334,12884.0,12805.0,96,2025-12-08T10:18:57.190Z
2022-07-04,2022,7,61144932,Pulse1,captis_pulse,BUDERIM,Residential,79.0,0.8229166666666666,46.0,0.0,96,2025-12-08T10:18:57.190Z
2022-07-04,2022,7,61144932,DeviceTemperature,captis_pulse,BUDERIM,Residential,12.2,12.2,12.2,12.2,1,2025-12-08T10:18:57.190Z
2022-07-04,2022,7,61144932,Battery,captis_pulse,BUDERIM,Residential,2.762,2.762,2.762,2.762,1,2025-12-08T10:18:57.190Z
2022-07-05,2022,7,65438040,Pulse1,captis_pulse,MAROOCHYDORE,Non-Residential,590.0,11.346153846153847,40.0,10.0,52,2025-12-08T10:18:57.190Z
2022-07-05,2022,7,36829279,Pulse1,captis_pulse,MORAYFIELD,Non-Residential,3855.0,77.1,360.0,0.0,50,2025-12-08T10:18:57.190Z
2022-07-05,2022,7,65438040,Battery,captis_pulse,MAROOCHYDORE,Non-Residential,83.357,27.785666666666668,78.0,1.717,3,2025-12-08T10:18:57.190Z
2022-07-05,2022,7,36829279,Battery,captis_pulse,MORAYFIELD,Non-Residential,73.657,24.552333333333333,68.0,2.027,3,2025-12-08T10:18:57.190Z
2022-07-05,2022,7,36829279,DeviceTemperature,captis_pulse,MORAYFIELD,Non-Residential,28.520000000000003,14.260000000000002,14.8,13.72,2,2025-12-08T10:18:57.190Z
2022-07-05,2022,7,65438040,DeviceTemperature,captis_pulse,MAROOCHYDORE,Non-Residential,16.8,16.8,16.8,16.8,1,2025-12-08T10:18:57.190Z
2022-07-04,2022,7,65438040,Pulse1,captis_pulse,MAROOCHYDORE,Non-Residential,260.0,11.304347826086957,20.0,10.0,23,2025-12-08T10:18:57.190Z
2022-07-04,2022,7,36829279,Pulse1,captis_pulse,MORAYFIELD,Non-Residential,840.0,38.18181818181818,145.0,0.0,22,2025-12-08T10:18:57.190Z
2022-07-04,2022,7,61150705,Pulse1_Total,captis_pulse,BUDERIM,Residential,216.0,36.0,36.0,36.0,6,2025-12-08T10:18:57.190Z
2022-07-04,2022,7,61150705,Pulse1,captis_pulse,BUDERIM,Residential,0.0,0.0,0.0,0.0,6,2025-12-08T10:18:57.190Z
2022-07-04,2022,7,36829279,Battery,captis_pulse,MORAYFIELD,Non-Residential,75.755,25.251666666666665,70.0,2.125,3,2025-12-08T10:18:57.190Z
2022-07-04,2022,7,36829279,DeviceTemperature,captis_pulse,MORAYFIELD,Non-Residential,13.25,13.25,13.25,13.25,1,2025-12-08T10:18:57.190Z
2022-07-06,2022,7,65438040,Pulse1,captis_pulse,MAROOCHYDORE,Non-Residential,190.0,12.666666666666666,20.0,10.0,15,2025-12-08T10:18:57.190Z
2022-07-06,2022,7,36829279,Pulse1,captis_pulse,MORAYFIELD,Non-Residential,1865.0,124.33333333333333,475.0,5.0,15,2025-12-08T10:18:57.190Z
2022-07-06,2022,7,65438040,DeviceTemperature,captis_pulse,MAROOCHYDORE,Non-Residential,21.7,21.7,21.7,21.7,1,2025-12-08T10:18:57.190Z
2022-07-06,2022,7,36829279,DeviceTemperature,captis_pulse,MORAYFIELD,Non-Residential,21.7,21.7,21.7,21.7,1,2025-12-08T10:18:57.190Z
2022-07-05,2022,7,46055576,Pulse1,captis_pulse,MAROOCHYDORE,Residential,5360.0,107.2,390.0,20.0,50,2025-12-08T10:18:57.190Z
2022-07-05,2022,7,65063955,Pulse1,captis_pulse,MAROOCHYDORE,Residential,110.0,2.156862745098039,15.0,0.0,51,2025-12-08T10:18:57.190Z
2022-07-05,2022,7,46055576,Battery,captis_pulse,MAROOCHYDORE,Residential,71.732,23.910666666666668,66.0,2.092,3,2025-12-08T10:18:57.190Z
2022-07-05,2022,7,46055576,DeviceTemperature,captis_pulse,MAROOCHYDORE,Residential,30.11,15.055,15.4,14.71,2,2025-12-08T10:18:57.190Z
2022-07-05,2022,7,65063955,Battery,captis_pulse,MAROOCHYDORE,Residential,74.367,24.789,69.0,1.727,3,2025-12-08T10:18:57.190Z
2022-07-05,2022,7,65063955,DeviceTemperature,captis_pulse,MAROOCHYDORE,Residential,26.66,13.33,14.1,12.56,2,2025-12-08T10:18:57.190Z
2022-07-04,2022,7,46055576,Pulse1,captis_pulse,MAROOCHYDORE,Residential,1130.0,51.36363636363637,150.0,10.0,22,2025-12-08T10:18:57.190Z
2022-07-04,2022,7,65063955,Pulse1,captis_pulse,MAROOCHYDORE,Residential,35.0,1.5217391304347827,10.0,0.0,23,2025-12-08T10:18:57.190Z
2022-07-04,2022,7,46055576,DeviceTemperature,captis_pulse,MAROOCHYDORE,Residential,26.7,13.35,13.5,13.2,2,2025-12-08T10:18:57.190Z
2022-07-04,2022,7,46055576,Battery,captis_pulse,MAROOCHYDORE,Residential,73.099,24.366333333333333,67.0,2.459,3,2025-12-08T10:18:57.190Z
2022-07-06,2022,7,46055576,Pulse1,captis_pulse,MAROOCHYDORE,Residential,1500.0,100.0,190.0,40.0,15,2025-12-08T10:18:57.190Z
2022-07-06,2022,7,65063955,Pulse1,captis_pulse,MAROOCHYDORE,Residential,35.0,2.6923076923076925,15.0,0.0,13,2025-12-08T10:18:57.190Z
2022-07-05,2022,7,45136724,Pulse1_Total,captis_pulse,MOUNTAIN CREEK,Residential,3512134.0,66266.67924528301,66392.0,66169.0,53,2025-12-08T10:18:57.190Z
2022-07-05,2022,7,45136724,Pulse1,captis_pulse,MOUNTAIN CREEK,Residential,158.0,2.981132075471698,35.0,0.0,53,2025-12-08T10:18:57.190Z
2022-07-05,2022,7,61185644,Pulse1_Total,captis_pulse,BUDERIM,Residential,1184756.0,26327.911111111112,26349.0,26293.0,45,2025-12-08T10:18:57.190Z
2022-07-05,2022,7,61185644,Pulse1,captis_pulse,BUDERIM,Residential,47.0,1.0444444444444445,10.0,0.0,45,2025-12-08T10:18:57.190Z
2022-07-05,2022,7,45136724,DeviceTemperature,captis_pulse,MOUNTAIN CREEK,Residential,27.880000000000003,13.940000000000001,14.8,13.08,2,2025-12-08T10:18:57.190Z
2022-07-05,2022,7,61185644,Battery,captis_pulse,BUDERIM,Residential,74.25,24.75,66.0,3.61,3,2025-12-08T10:18:57.190Z
2022-07-05,2022,7,61185644,DeviceTemperature,captis_pulse,BUDERIM,Residential,25.39,12.695,13.1,12.29,2,2025-12-08T10:18:57.190Z
2022-07-05,2022,7,45136724,Battery,captis_pulse,MOUNTAIN CREEK,Residential,73.429,24.476333333333333,68.0,1.789,3,2025-12-08T10:18:57.190Z
2022-07-04,2022,7,45136724,Pulse1_Total,captis_pulse,MOUNTAIN CREEK,Residential,2247118.0,66091.70588235294,66166.0,66071.0,34,2025-12-08T10:18:57.190Z
2022-07-04,2022,7,45136724,Pulse1,captis_pulse,MOUNTAIN CREEK,Residential,67.0,1.9705882352941178,21.0,0.0,34,2025-12-08T10:18:57.190Z
2022-07-04,2022,7,61185644,Pulse1_Total,captis_pulse,BUDERIM,Residential,630219.0,26259.125,26292.0,26248.0,24,2025-12-08T10:18:57.190Z
2022-07-04,2022,7,61185644,Pulse1,captis_pulse,BUDERIM,Residential,19.0,0.7916666666666666,7.0,0.0,24,2025-12-08T10:18:57.190Z
2022-07-04,2022,7,45136724,DeviceTemperature,captis_pulse,MOUNTAIN CREEK,Residential,22.5,11.25,11.3,11.2,2,2025-12-08T10:18:57.190Z
2022-07-04,2022,7,61185644,Battery,captis_pulse,BUDERIM,Residential,76.032,25.343999999999998,68.0,3.61,3,2025-12-08T10:18:57.190Z
2022-07-04,2022,7,45136724,Battery,captis_pulse,MOUNTAIN CREEK,Residential,70.676,23.558666666666667,65.0,2.046,3,2025-12-08T10:18:57.190Z
2022-07-04,2022,7,61185644,DeviceTemperature,captis_pulse,BUDERIM,Residential,10.6,10.6,10.6,10.6,1,2025-12-08T10:18:57.190Z
2022-07-06,2022,7,45136724,Pulse1_Total,captis_pulse,MOUNTAIN CREEK,Residential,999178.0,66611.86666666667,66733.0,66501.0,15,2025-12-08T10:18:57.190Z
2022-07-06,2022,7,45136724,Pulse1,captis_pulse,MOUNTAIN CREEK,Residential,83.0,5.533333333333333,30.0,0.0,15,2025-12-08T10:18:57.190Z
2022-07-05,2022,7,65090111,Pulse1,captis_pulse,BUDERIM,Residential,1780.0,34.90196078431372,170.0,0.0,51,2025-12-08T10:18:57.190Z
2022-07-05,2022,7,61362056,Pulse1_Total,captis_pulse,BUDERIM,Residential,1820.0,35.0,35.0,35.0,52,2025-12-08T10:18:57.190Z
2022-07-05,2022,7,61362056,Pulse1,captis_pulse,BUDERIM,Residential,0.0,0.0,0.0,0.0,52,2025-12-08T10:18:57.190Z
2022-07-05,2022,7,65090111,DeviceTemperature,captis_pulse,BUDERIM,Residential,24.39,12.195,12.5,11.89,2,2025-12-08T10:18:57.190Z
2022-07-05,2022,7,65090111,Battery,captis_pulse,BUDERIM,Residential,73.683,24.561000000000003,68.0,2.043,3,2025-12-08T10:18:57.190Z
2022-07-05,2022,7,61362056,DeviceTemperature,captis_pulse,BUDERIM,Residential,12.6,12.6,12.6,12.6,1,2025-12-08T10:18:57.190Z
2022-07-04,2022,7,65090111,Pulse1,captis_pulse,BUDERIM,Residential,840.0,38.18181818181818,190.0,0.0,22,2025-12-08T10:18:57.190Z
2022-07-04,2022,7,61362056,Pulse1_Total,captis_pulse,BUDERIM,Residential,840.0,35.0,35.0,35.0,24,2025-12-08T10:18:57.190Z
2022-07-04,2022,7,61362056,Pulse1,captis_pulse,BUDERIM,Residential,0.0,0.0,0.0,0.0,24,2025-12-08T10:18:57.190Z
2022-07-04,2022,7,65090111,Battery,captis_pulse,BUDERIM,Residential,79.61099999999999,26.536999999999995,74.0,1.981,3,2025-12-08T10:18:57.190Z
2022-07-04,2022,7,65090111,DeviceTemperature,captis_pulse,BUDERIM,Residential,22.14,11.07,11.64,10.5,2,2025-12-08T10:18:57.190Z
2022-07-04,2022,7,61362056,DeviceTemperature,captis_pulse,BUDERIM,Residential,20.3,10.15,10.3,10.0,2,2025-12-08T10:18:57.190Z
2022-07-06,2022,7,65090111,Pulse1,captis_pulse,BUDERIM,Residential,590.0,39.333333333333336,220.0,10.0,15,2025-12-08T10:18:57.190Z
2022-07-06,2022,7,61362056,Pulse1_Total,captis_pulse,BUDERIM,Residential,630.0,35.0,35.0,35.0,18,2025-12-08T10:18:57.190Z
2022-07-06,2022,7,61362056,Pulse1,captis_pulse,BUDERIM,Residential,0.0,0.0,0.0,0.0,18,2025-12-08T10:18:57.190Z
2022-07-06,2022,7,61362056,DeviceTemperature,captis_pulse,BUDERIM,Residential,23.3,23.3,23.3,23.3,1,2025-12-08T10:18:57.190Z
2022-07-06,2022,7,65090111,DeviceTemperature,captis_pulse,BUDERIM,Residential,17.3,17.3,17.3,17.3,1,2025-12-08T10:18:57.190Z
2022-07-05,2022,7,61562256,Pulse1,captis_pulse,BUDERIM,Residential,357.0,7.14,62.0,1.0,50,2025-12-08T10:18:57.190Z
2022-07-05,2022,7,45134455,Pulse1_Total,captis_pulse,MOUNTAIN CREEK,Residential,3622467.0,68348.43396226416,68399.0,68303.0,53,2025-12-08T10:18:57.190Z
2022-07-05,2022,7,45134455,Pulse1,captis_pulse,MOUNTAIN CREEK,Residential,72.0,1.3584905660377358,12.0,0.0,53,2025-12-08T10:18:57.190Z
2022-07-05,2022,7,81967965,Pulse1,captis_pulse,MAROOCHYDORE,Non-Residential,530.0,23.043478260869566,60.0,15.0,23,2025-12-08T10:18:57.190Z
2022-07-05,2022,7,61562256,DeviceTemperature,captis_pulse,BUDERIM,Residential,15.08,15.08,15.08,15.08,1,2025-12-08T10:18:57.190Z
2022-07-05,2022,7,61562256,Battery,captis_pulse,BUDERIM,Residential,3.64,3.64,3.64,3.64,1,2025-12-08T10:18:57.190Z
2022-07-05,2022,7,45134455,DeviceTemperature,captis_pulse,MOUNTAIN CREEK,Residential,27.990000000000002,13.995000000000001,15.0,12.99,2,2025-12-08T10:18:57.190Z
2022-07-05,2022,7,81967965,DeviceTemperature,captis_pulse,MAROOCHYDORE,Non-Residential,28.89,14.445,15.4,13.49,2,2025-12-08T10:18:57.190Z
2022-07-05,2022,7,81967965,Battery,captis_pulse,MAROOCHYDORE,Non-Residential,73.65,36.825,70.0,3.65,2,2025-12-08T10:18:57.190Z
2022-07-04,2022,7,61562256,Pulse1,captis_pulse,BUDERIM,Residential,254.0,7.696969696969697,89.0,1.0,33,2025-12-08T10:18:57.190Z
2022-07-04,2022,7,81967965,Pulse1,captis_pulse,MAROOCHYDORE,Non-Residential,460.0,18.4,40.0,15.0,25,2025-12-08T10:18:57.190Z
2022-07-04,2022,7,45134455,Pulse1_Total,captis_pulse,MOUNTAIN CREEK,Residential,1704960.0,68198.4,68301.0,68168.0,25,2025-12-08T10:18:57.190Z
2022-07-04,2022,7,45134455,Pulse1,captis_pulse,MOUNTAIN CREEK,Residential,119.0,4.76,28.0,0.0,25,2025-12-08T10:18:57.190Z
2022-07-04,2022,7,61562256,DeviceTemperature,captis_pulse,BUDERIM,Residential,45.0,15.0,15.6,14.6,3,2025-12-08T10:18:57.190Z
2022-07-04,2022,7,81967965,DeviceTemperature,captis_pulse,MAROOCHYDORE,Non-Residential,12.2,12.2,12.2,12.2,1,2025-12-08T10:18:57.190Z
2022-07-04,2022,7,45134455,DeviceTemperature,captis_pulse,MOUNTAIN CREEK,Residential,24.59,12.295,12.99,11.6,2,2025-12-08T10:18:57.190Z
2022-07-04,2022,7,45134455,Battery,captis_pulse,MOUNTAIN CREEK,Residential,71.29400000000001,23.76466666666667,66.0,1.644,3,2025-12-08T10:18:57.190Z
2022-07-06,2022,7,61562256,Pulse1,captis_pulse,BUDERIM,Residential,97.0,6.0625,38.0,1.0,16,2025-12-08T10:18:57.190Z
2022-07-06,2022,7,45134455,Pulse1_Total,captis_pulse,MOUNTAIN CREEK,Residential,1232624.0,68479.11111111111,68617.0,68438.0,18,2025-12-08T10:18:57.190Z
2022-07-06,2022,7,45134455,Pulse1,captis_pulse,MOUNTAIN CREEK,Residential,113.0,6.277777777777778,64.0,0.0,18,2025-12-08T10:18:57.190Z
2022-07-06,2022,7,81967965,Pulse1,captis_pulse,MAROOCHYDORE,Non-Residential,60.0,60.0,60.0,60.0,1,2025-12-08T10:18:57.190Z
2022-07-06,2022,7,61562256,DeviceTemperature,captis_pulse,BUDERIM,Residential,24.7,24.7,24.7,24.7,1,2025-12-08T10:18:57.190Z
2022-07-06,2022,7,81967965,Battery,captis_pulse,MAROOCHYDORE,Non-Residential,74.64,37.32,71.0,3.64,2,2025-12-08T10:18:57.190Z
2022-07-06,2022,7,45134455,DeviceTemperature,captis_pulse,MOUNTAIN CREEK,Residential,9.9,9.9,9.9,9.9,1,2025-12-08T10:18:57.190Z
2022-07-05,2022,7,21264412,Pulse1,captis_pulse,SAMFORD VILLAGE,Non-Residential,5600.0,103.70370370370371,5300.0,0.0,54,2025-12-08T10:18:57.190Z
2022-07-05,2022,7,61202339,Pulse1_Total,captis_pulse,BUDERIM,Residential,204911.0,4098.22,4108.0,4083.0,50,2025-12-08T10:18:57.190Z
2022-07-05,2022,7,61202339,Pulse1,captis_pulse,BUDERIM,Residential,20.0,0.4,3.0,0.0,50,2025-12-08T10:18:57.190Z
2022-07-05,2022,7,22047528,Pulse1,captis_pulse,KULUIN,Non-Residential,820.0,15.76923076923077,160.0,5.0,52,2025-12-08T10:18:57.190Z
2022-07-05,2022,7,61202339,DeviceTemperature,captis_pulse,BUDERIM,Residential,24.71,12.355,12.7,12.01,2,2025-12-08T10:18:57.190Z
2022-07-05,2022,7,21264412,DeviceTemperature,captis_pulse,SAMFORD VILLAGE,Non-Residential,28.39,14.195,15.1,13.29,2,2025-12-08T10:18:57.190Z
2022-07-05,2022,7,21264412,Battery,captis_pulse,SAMFORD VILLAGE,Non-Residential,3.64,3.64,3.64,3.64,1,2025-12-08T10:18:57.190Z
2022-07-05,2022,7,22047528,DeviceTemperature,captis_pulse,KULUIN,Non-Residential,17.5,17.5,17.5,17.5,1,2025-12-08T10:18:57.190Z
2022-07-05,2022,7,61202339,Battery,captis_pulse,BUDERIM,Residential,3.64,3.64,3.64,3.64,1,2025-12-08T10:18:57.190Z
2022-07-04,2022,7,21264412,Pulse1,captis_pulse,SAMFORD VILLAGE,Non-Residential,200.0,8.333333333333334,100.0,0.0,24,2025-12-08T10:18:57.190Z
2022-07-04,2022,7,61202339,Pulse1_Total,captis_pulse,BUDERIM,Residential,93647.0,4071.608695652174,4080.0,4068.0,23,2025-12-08T10:18:57.190Z
2022-07-04,2022,7,61202339,Pulse1,captis_pulse,BUDERIM,Residential,5.0,0.21739130434782608,3.0,0.0,23,2025-12-08T10:18:57.190Z
2022-07-04,2022,7,22047528,Pulse1,captis_pulse,KULUIN,Non-Residential,290.0,12.083333333333334,40.0,5.0,24,2025-12-08T10:18:57.190Z
2022-07-04,2022,7,22047528,DeviceTemperature,captis_pulse,KULUIN,Non-Residential,70.63000000000001,17.657500000000002,18.2,17.1,4,2025-12-08T10:18:57.190Z
2022-07-04,2022,7,21264412,DeviceTemperature,captis_pulse,SAMFORD VILLAGE,Non-Residential,24.25,12.125,12.85,11.4,2,2025-12-08T10:18:57.190Z
2022-07-04,2022,7,61202339,DeviceTemperature,captis_pulse,BUDERIM,Residential,11.83,11.83,11.83,11.83,1,2025-12-08T10:18:57.190Z
2022-07-06,2022,7,21264412,Pulse1,captis_pulse,SAMFORD VILLAGE,Non-Residential,100.0,6.666666666666667,100.0,0.0,15,2025-12-08T10:18:57.190Z
2022-07-06,2022,7,61202339,Pulse1_Total,captis_pulse,BUDERIM,Residential,65809.0,4113.0625,4116.0,4109.0,16,2025-12-08T10:18:57.190Z
2022-07-06,2022,7,61202339,Pulse1,captis_pulse,BUDERIM,Residential,4.0,0.25,2.0,0.0,16,2025-12-08T10:18:57.190Z
2022-07-06,2022,7,22047528,Pulse1,captis_pulse,KULUIN,Non-Residential,170.0,9.444444444444445,30.0,5.0,18,2025-12-08T10:18:57.190Z
2022-07-05,2022,7,1662496,Pulse1,captis_pulse,BUDERIM,Residential,120.0,2.2222222222222223,36.0,0.0,54,2025-12-08T10:18:57.190Z
2022-07-05,2022,7,10305475,Pulse1_Total,captis_pulse,BUDERIM,Residential,1519.0,31.0,31.0,31.0,49,2025-12-08T10:18:57.190Z
2022-07-05,2022,7,10305475,Pulse1,captis_pulse,BUDERIM,Residential,0.0,0.0,0.0,0.0,50,2025-12-08T10:18:57.190Z
2022-07-05,2022,7,61202032,Pulse1,captis_pulse,BUDERIM,Residential,294.0,5.653846153846154,222.0,0.0,52,2025-12-08T10:18:57.190Z
2022-07-05,2022,7,61165097,Pulse1_Total,captis_pulse,BUDERIM,Residential,2968.0,56.0,56.0,56.0,53,2025-12-08T10:18:57.190Z
2022-07-05,2022,7,61165097,Pulse1,captis_pulse,BUDERIM,Residential,0.0,0.0,0.0,0.0,53,2025-12-08T10:18:57.190Z
2022-07-05,2022,7,1662496,Battery,captis_pulse,BUDERIM,Residential,75.816,25.272000000000002,70.0,2.186,3,2025-12-08T10:18:57.190Z
2022-07-05,2022,7,1662496,DeviceTemperature,captis_pulse,BUDERIM,Residential,27.61,13.805,14.2,13.41,2,2025-12-08T10:18:57.190Z
2022-07-05,2022,7,10305475,DeviceTemperature,captis_pulse,BUDERIM,Residential,15.11,15.11,15.11,15.11,1,2025-12-08T10:18:57.190Z
2022-07-05,2022,7,10305475,Battery,captis_pulse,BUDERIM,Residential,73.323,24.441,65.0,3.63,3,2025-12-08T10:18:57.190Z
2022-07-05,2022,7,61202032,DeviceTemperature,captis_pulse,BUDERIM,Residential,13.5,13.5,13.5,13.5,1,2025-12-08T10:18:57.190Z
2022-07-04,2022,7,1662496,Pulse1,captis_pulse,BUDERIM,Residential,20.0,0.9090909090909091,11.0,0.0,22,2025-12-08T10:18:57.190Z
2022-07-04,2022,7,10305475,Pulse1_Total,captis_pulse,BUDERIM,Residential,682.0,31.0,31.0,31.0,22,2025-12-08T10:18:57.190Z
2022-07-04,2022,7,10305475,Pulse1,captis_pulse,BUDERIM,Residential,0.0,0.0,0.0,0.0,22,2025-12-08T10:18:57.190Z
2022-07-04,2022,7,61202032,Pulse1,captis_pulse,BUDERIM,Residential,74.0,3.0833333333333335,18.0,0.0,24,2025-12-08T10:18:57.190Z
2022-07-04,2022,7,61165097,Pulse1_Total,captis_pulse,BUDERIM,Residential,1344.0,56.0,56.0,56.0,24,2025-12-08T10:18:57.190Z
2022-07-04,2022,7,61165097,Pulse1,captis_pulse,BUDERIM,Residential,0.0,0.0,0.0,0.0,24,2025-12-08T10:18:57.190Z
2022-07-04,2022,7,61202032,DeviceTemperature,captis_pulse,BUDERIM,Residential,21.9,10.95,11.2,10.7,2,2025-12-08T10:18:57.190Z
2022-07-04,2022,7,61165097,DeviceTemperature,captis_pulse,BUDERIM,Residential,11.6,11.6,11.6,11.6,1,2025-12-08T10:18:57.190Z
2022-07-04,2022,7,10305475,DeviceTemperature,captis_pulse,BUDERIM,Residential,30.259999999999998,15.129999999999999,15.66,14.6,2,2025-12-08T10:18:57.190Z
2022-07-04,2022,7,1662496,Battery,captis_pulse,BUDERIM,Residential,2.383,2.383,2.383,2.383,1,2025-12-08T10:18:57.190Z
2022-07-06,2022,7,1662496,Pulse1,captis_pulse,BUDERIM,Residential,13.0,0.8666666666666667,7.0,0.0,15,2025-12-08T10:18:57.190Z
2022-07-06,2022,7,10305475,Pulse1_Total,captis_pulse,BUDERIM,Residential,434.0,31.0,31.0,31.0,14,2025-12-08T10:18:57.190Z
2022-07-06,2022,7,10305475,Pulse1,captis_pulse,BUDERIM,Residential,0.0,0.0,0.0,0.0,15,2025-12-08T10:18:57.190Z
2022-07-06,2022,7,61202032,Pulse1,captis_pulse,BUDERIM,Residential,72.0,4.235294117647059,14.0,0.0,17,2025-12-08T10:18:57.190Z
2022-07-06,2022,7,61165097,Pulse1_Total,captis_pulse,BUDERIM,Residential,1008.0,56.0,56.0,56.0,18,2025-12-08T10:18:57.190Z
2022-07-06,2022,7,61165097,Pulse1,captis_pulse,BUDERIM,Residential,0.0,0.0,0.0,0.0,18,2025-12-08T10:18:57.190Z
2022-07-06,2022,7,61202032,DeviceTemperature,captis_pulse,BUDERIM,Residential,33.5,33.5,33.5,33.5,1,2025-12-08T10:18:57.190Z
2022-07-06,2022,7,61165097,DeviceTemperature,captis_pulse,BUDERIM,Residential,20.1,20.1,20.1,20.1,1,2025-12-08T10:18:57.190Z
2022-07-05,2022,7,52622,Pulse1,captis_pulse,MAROOCHYDORE,Residential,293.0,5.425925925925926,89.0,0.0,54,2025-12-08T10:18:57.190Z
2022-07-05,2022,7,67234,Pulse1,captis_pulse,BUDERIM,Residential,155.0,2.980769230769231,18.0,0.0,52,2025-12-08T10:18:57.190Z
2022-07-05,2022,7,52622,DeviceTemperature,captis_pulse,MAROOCHYDORE,Residential,35.99,17.995,18.3,17.69,2,2025-12-08T10:18:57.190Z
2022-07-05,2022,7,81970767,Pulse1,captis_pulse,MAROOCHYDORE,Non-Residential,5.0,0.3125,5.0,0.0,16,2025-12-08T10:18:57.190Z
2022-07-05,2022,7,60407325,Pulse1,captis_pulse,BUDERIM,Residential,4.0,0.2857142857142857,4.0,0.0,14,2025-12-08T10:18:57.190Z
2022-07-05,2022,7,81970767,Battery,captis_pulse,MAROOCHYDORE,Non-Residential,70.64,35.32,67.0,3.64,2,2025-12-08T10:18:57.190Z
2022-07-05,2022,7,81970767,DeviceTemperature,captis_pulse,MAROOCHYDORE,Non-Residential,14.7,14.7,14.7,14.7,1,2025-12-08T10:18:57.190Z
2022-07-05,2022,7,52622,Battery,captis_pulse,MAROOCHYDORE,Residential,81.066,27.022000000000002,75.0,2.436,3,2025-12-08T10:18:57.190Z
2022-07-04,2022,7,81970767,Pulse1,captis_pulse,MAROOCHYDORE,Non-Residential,5.0,0.29411764705882354,5.0,0.0,17,2025-12-08T10:18:57.190Z
2022-07-04,2022,7,52622,Pulse1,captis_pulse,MAROOCHYDORE,Residential,37.0,1.0571428571428572,5.0,0.0,35,2025-12-08T10:18:57.190Z
2022-07-04,2022,7,67234,Pulse1,captis_pulse,BUDERIM,Residential,50.0,1.8518518518518519,18.0,0.0,27,2025-12-08T10:18:57.190Z
2022-07-04,2022,7,81970767,DeviceTemperature,captis_pulse,MAROOCHYDORE,Non-Residential,25.200000000000003,12.600000000000001,13.3,11.9,2,2025-12-08T10:18:57.190Z
2022-07-04,2022,7,67234,DeviceTemperature,captis_pulse,BUDERIM,Residential,11.8,11.8,11.8,11.8,1,2025-12-08T10:18:57.190Z
2022-07-04,2022,7,52622,Battery,captis_pulse,MAROOCHYDORE,Residential,76.81,25.603333333333335,71.0,2.18,3,2025-12-08T10:18:57.190Z
2022-07-04,2022,7,52622,DeviceTemperature,captis_pulse,MAROOCHYDORE,Residential,17.1,17.1,17.1,17.1,1,2025-12-08T10:18:57.190Z
2022-07-06,2022,7,52622,Pulse1,captis_pulse,MAROOCHYDORE,Residential,105.0,7.0,31.0,0.0,15,2025-12-08T10:18:57.190Z
2022-07-06,2022,7,67234,Pulse1,captis_pulse,BUDERIM,Residential,68.0,3.7777777777777777,20.0,0.0,18,2025-12-08T10:18:57.190Z
2022-07-04,2022,7,60407325,Pulse1,captis_pulse,BUDERIM,Residential,407.0,4.239583333333333,90.0,0.0,96,2025-12-08T10:18:57.190Z
2022-07-04,2022,7,60407325,DeviceTemperature,captis_pulse,BUDERIM,Residential,10.5,10.5,10.5,10.5,1,2025-12-08T10:18:57.190Z
2022-07-05,2022,7,1462392,Pulse1,captis_pulse,BUDERIM,Residential,72.0,1.411764705882353,28.0,0.0,51,2025-12-08T10:18:57.190Z
2022-07-05,2022,7,81964738,Pulse1,captis_pulse,MAROOCHYDORE,Residential,150.0,6.25,48.0,0.0,24,2025-12-08T10:18:57.190Z
2022-07-05,2022,7,81964738,Battery,captis_pulse,MAROOCHYDORE,Residential,75.64,37.82,72.0,3.64,2,2025-12-08T10:18:57.190Z
2022-07-05,2022,7,81964738,DeviceTemperature,captis_pulse,MAROOCHYDORE,Residential,18.37,18.37,18.37,18.37,1,2025-12-08T10:18:57.190Z
2022-07-04,2022,7,81964738,Pulse1,captis_pulse,MAROOCHYDORE,Residential,45.0,1.875,9.0,0.0,24,2025-12-08T10:18:57.190Z
2022-07-04,2022,7,1462392,Pulse1,captis_pulse,BUDERIM,Residential,36.0,1.5,21.0,0.0,24,2025-12-08T10:18:57.190Z
2022-07-04,2022,7,81964738,DeviceTemperature,captis_pulse,MAROOCHYDORE,Residential,17.6,17.6,17.6,17.6,1,2025-12-08T10:18:57.190Z
2022-07-04,2022,7,1462392,DeviceTemperature,captis_pulse,BUDERIM,Residential,30.7,15.35,15.5,15.2,2,2025-12-08T10:18:57.190Z
2022-07-06,2022,7,1462392,Pulse1,captis_pulse,BUDERIM,Residential,2.0,0.11764705882352941,1.0,0.0,17,2025-12-08T10:18:57.190Z
2022-07-06,2022,7,81964738,Pulse1,captis_pulse,MAROOCHYDORE,Residential,3.0,1.5,3.0,0.0,2,2025-12-08T10:18:57.190Z
2022-07-06,2022,7,1462392,DeviceTemperature,captis_pulse,BUDERIM,Residential,19.3,19.3,19.3,19.3,1,2025-12-08T10:18:57.190Z
2022-07-05,2022,7,22368070,Pulse1_Total,captis_pulse,BEERWAH,Non-Residential,177772.0,3628.0,3628.0,3628.0,49,2025-12-08T10:18:57.190Z
2022-07-05,2022,7,22368070,Pulse1,captis_pulse,BEERWAH,Non-Residential,0.0,0.0,0.0,0.0,50,2025-12-08T10:18:57.190Z
2022-07-05,2022,7,2528,Pulse1,captis_pulse,MAROOCHYDORE,Residential,202.0,3.9607843137254903,60.0,0.0,51,2025-12-08T10:18:57.190Z
2022-07-05,2022,7,22368070,Battery,captis_pulse,BEERWAH,Non-Residential,3.63,3.63,3.63,3.63,1,2025-12-08T10:18:57.190Z
2022-07-05,2022,7,22368070,DeviceTemperature,captis_pulse,BEERWAH,Non-Residential,25.45,12.725,13.2,12.25,2,2025-12-08T10:18:57.190Z
2022-07-05,2022,7,2528,DeviceTemperature,captis_pulse,MAROOCHYDORE,Residential,34.41,17.205,17.6,16.81,2,2025-12-08T10:18:57.190Z
2022-07-05,2022,7,2528,Battery,captis_pulse,MAROOCHYDORE,Residential,78.934,26.311333333333334,73.0,2.324,3,2025-12-08T10:18:57.190Z
2022-07-04,2022,7,22368070,Pulse1_Total,captis_pulse,BEERWAH,Non-Residential,79816.0,3628.0,3628.0,3628.0,22,2025-12-08T10:18:57.190Z
2022-07-04,2022,7,22368070,Pulse1,captis_pulse,BEERWAH,Non-Residential,0.0,0.0,0.0,0.0,22,2025-12-08T10:18:57.190Z
2022-07-04,2022,7,2528,Pulse1,captis_pulse,MAROOCHYDORE,Residential,144.0,6.260869565217392,77.0,0.0,23,2025-12-08T10:18:57.190Z
2022-07-04,2022,7,22368070,DeviceTemperature,captis_pulse,BEERWAH,Non-Residential,22.450000000000003,11.225000000000001,12.05,10.4,2,2025-12-08T10:18:57.190Z
2022-07-04,2022,7,2528,DeviceTemperature,captis_pulse,MAROOCHYDORE,Residential,33.66,16.83,17.56,16.1,2,2025-12-08T10:18:57.190Z
2022-07-04,2022,7,22368070,Battery,captis_pulse,BEERWAH,Non-Residential,3.63,3.63,3.63,3.63,1,2025-12-08T10:18:57.190Z
2022-07-06,2022,7,22368070,Pulse1_Total,captis_pulse,BEERWAH,Non-Residential,54420.0,3628.0,3628.0,3628.0,15,2025-12-08T10:18:57.190Z
2022-07-06,2022,7,22368070,Pulse1,captis_pulse,BEERWAH,Non-Residential,0.0,0.0,0.0,0.0,15,2025-12-08T10:18:57.190Z
2022-07-06,2022,7,2528,Pulse1,captis_pulse,MAROOCHYDORE,Residential,101.0,6.3125,18.0,0.0,16,2025-12-08T10:18:57.190Z
2022-07-06,2022,7,22368070,DeviceTemperature,captis_pulse,BEERWAH,Non-Residential,20.1,20.1,20.1,20.1,1,2025-12-08T10:18:57.190Z
2022-07-05,2022,7,61207508,Pulse1,captis_pulse,BUDERIM,Residential,348.0,6.96,91.0,0.0,50,2025-12-08T10:18:57.190Z
2022-07-05,2022,7,9354732,Pulse1,captis_pulse,MAROOCHYDORE,Residential,76.0,1.52,57.0,0.0,50,2025-12-08T10:18:57.190Z
2022-07-05,2022,7,322270,Pulse1,captis_pulse,BUDERIM,Residential,346.0,6.92,81.0,0.0,50,2025-12-08T10:18:57.190Z
2022-07-05,2022,7,61207508,DeviceTemperature,captis_pulse,BUDERIM,Residential,25.17,12.585,13.0,12.17,2,2025-12-08T10:18:57.190Z
2022-07-05,2022,7,322270,Battery,captis_pulse,BUDERIM,Residential,75.286,25.095333333333333,70.0,1.656,3,2025-12-08T10:18:57.190Z
2022-07-05,2022,7,9354732,DeviceTemperature,captis_pulse,MAROOCHYDORE,Residential,27.59,13.795,14.5,13.09,2,2025-12-08T10:18:57.190Z
2022-07-05,2022,7,9354732,Battery,captis_pulse,MAROOCHYDORE,Residential,75.726,25.242,70.0,2.096,3,2025-12-08T10:18:57.190Z
2022-07-05,2022,7,61207508,Battery,captis_pulse,BUDERIM,Residential,3.64,3.64,3.64,3.64,1,2025-12-08T10:18:57.190Z
2022-07-05,2022,7,322270,DeviceTemperature,captis_pulse,BUDERIM,Residential,14.7,14.7,14.7,14.7,1,2025-12-08T10:18:57.190Z
2022-07-04,2022,7,61207508,Pulse1,captis_pulse,BUDERIM,Residential,261.0,11.347826086956522,73.0,0.0,23,2025-12-08T10:18:57.190Z
2022-07-04,2022,7,9354732,Pulse1,captis_pulse,MAROOCHYDORE,Residential,11.0,0.5238095238095238,11.0,0.0,21,2025-12-08T10:18:57.190Z
2022-07-04,2022,7,322270,Pulse1,captis_pulse,BUDERIM,Residential,11.0,0.4782608695652174,4.0,0.0,23,2025-12-08T10:18:57.190Z
2022-07-04,2022,7,9354732,DeviceTemperature,captis_pulse,MAROOCHYDORE,Residential,22.5,11.25,11.4,11.1,2,2025-12-08T10:18:57.190Z
2022-07-04,2022,7,322270,Battery,captis_pulse,BUDERIM,Residential,75.277,25.092333333333332,70.0,1.647,3,2025-12-08T10:18:57.190Z
2022-07-04,2022,7,9354732,Battery,captis_pulse,MAROOCHYDORE,Residential,74.734,24.91133333333333,69.0,2.104,3,2025-12-08T10:18:57.190Z
2022-07-06,2022,7,61207508,Pulse1,captis_pulse,BUDERIM,Residential,185.0,14.23076923076923,113.0,0.0,13,2025-12-08T10:18:57.190Z
2022-07-06,2022,7,9354732,Pulse1,captis_pulse,MAROOCHYDORE,Residential,60.0,4.0,60.0,0.0,15,2025-12-08T10:18:57.190Z
2022-07-06,2022,7,322270,Pulse1,captis_pulse,BUDERIM,Residential,182.0,10.705882352941176,72.0,0.0,17,2025-12-08T10:18:57.190Z
2022-07-06,2022,7,9354732,DeviceTemperature,captis_pulse,MAROOCHYDORE,Residential,22.1,22.1,22.1,22.1,1,2025-12-08T10:18:57.190Z
2022-07-06,2022,7,61207508,DeviceTemperature,captis_pulse,BUDERIM,Residential,18.6,18.6,18.6,18.6,1,2025-12-08T10:18:57.190Z
2022-07-05,2022,7,64628114,Pulse1,captis_pulse,MAROOCHYDORE,Residential,2290.0,38.813559322033896,190.0,0.0,59,2025-12-08T10:18:57.190Z
2022-07-05,2022,7,65065602,Pulse1,captis_pulse,BUDERIM,Non-Residential,5630.0,110.3921568627451,1660.0,0.0,51,2025-12-08T10:18:57.190Z
2022-07-05,2022,7,61246975,Pulse1_Total,captis_pulse,BUDERIM,Residential,1855.0,35.0,35.0,35.0,53,2025-12-08T10:18:57.190Z
2022-07-05,2022,7,61246975,Pulse1,captis_pulse,BUDERIM,Residential,0.0,0.0,0.0,0.0,53,2025-12-08T10:18:57.190Z
2022-07-05,2022,7,65440583,Pulse1,captis_pulse,MAROOCHYDORE,Residential,3260.0,62.69230769230769,260.0,0.0,52,2025-12-08T10:18:57.190Z
2022-07-05,2022,7,65440583,Battery,captis_pulse,MAROOCHYDORE,Residential,70.651,23.55033333333333,65.0,2.011,3,2025-12-08T10:18:57.190Z
2022-07-05,2022,7,65065602,Battery,captis_pulse,BUDERIM,Non-Residential,75.315,25.105,70.0,1.685,3,2025-12-08T10:18:57.190Z
2022-07-05,2022,7,65065602,DeviceTemperature,captis_pulse,BUDERIM,Non-Residential,11.21,11.21,11.21,11.21,1,2025-12-08T10:18:57.190Z
2022-07-05,2022,7,65440583,DeviceTemperature,captis_pulse,MAROOCHYDORE,Residential,27.86,13.93,14.6,13.26,2,2025-12-08T10:18:57.190Z
2022-07-05,2022,7,64628114,Battery,captis_pulse,MAROOCHYDORE,Residential,69.174,23.058000000000003,64.0,1.534,3,2025-12-08T10:18:57.190Z
2022-07-05,2022,7,64628114,DeviceTemperature,captis_pulse,MAROOCHYDORE,Residential,25.770000000000003,12.885000000000002,13.3,12.47,2,2025-12-08T10:18:57.190Z
2022-07-04,2022,7,64628114,Pulse1,captis_pulse,MAROOCHYDORE,Residential,740.0,30.833333333333332,110.0,0.0,24,2025-12-08T10:18:57.190Z
2022-07-04,2022,7,65065602,Pulse1,captis_pulse,BUDERIM,Non-Residential,10.0,0.45454545454545453,10.0,0.0,22,2025-12-08T10:18:57.190Z
2022-07-04,2022,7,61246975,Pulse1_Total,captis_pulse,BUDERIM,Residential,840.0,35.0,35.0,35.0,24,2025-12-08T10:18:57.190Z
2022-07-04,2022,7,61246975,Pulse1,captis_pulse,BUDERIM,Residential,0.0,0.0,0.0,0.0,24,2025-12-08T10:18:57.190Z
2022-07-04,2022,7,65440583,Pulse1,captis_pulse,MAROOCHYDORE,Residential,1560.0,57.77777777777778,260.0,0.0,27,2025-12-08T10:18:57.190Z
2022-07-04,2022,7,65440583,DeviceTemperature,captis_pulse,MAROOCHYDORE,Residential,36.35,12.116666666666667,12.95,11.5,3,2025-12-08T10:18:57.190Z
2022-07-04,2022,7,65440583,Battery,captis_pulse,MAROOCHYDORE,Residential,75.658,25.219333333333335,70.0,2.018,3,2025-12-08T10:18:57.190Z
2022-07-04,2022,7,65065602,Battery,captis_pulse,BUDERIM,Non-Residential,73.24199999999999,24.413999999999998,68.0,1.612,3,2025-12-08T10:18:57.190Z
2022-07-04,2022,7,65065602,DeviceTemperature,captis_pulse,BUDERIM,Non-Residential,20.82,10.41,10.92,9.9,2,2025-12-08T10:18:57.190Z
2022-07-04,2022,7,64628114,DeviceTemperature,captis_pulse,MAROOCHYDORE,Residential,21.4,10.7,10.9,10.5,2,2025-12-08T10:18:57.190Z
2022-07-04,2022,7,61246975,Battery,captis_pulse,BUDERIM,Residential,75.985,25.328333333333333,69.0,3.355,3,2025-12-08T10:18:57.190Z
2022-07-04,2022,7,61246975,DeviceTemperature,captis_pulse,BUDERIM,Residential,12.11,12.11,12.11,12.11,1,2025-12-08T10:18:57.190Z
2022-07-06,2022,7,64628114,Pulse1,captis_pulse,MAROOCHYDORE,Residential,660.0,50.76923076923077,140.0,0.0,13,2025-12-08T10:18:57.190Z
2022-07-06,2022,7,65065602,Pulse1,captis_pulse,BUDERIM,Non-Residential,550.0,32.35294117647059,540.0,0.0,17,2025-12-08T10:18:57.190Z
2022-07-06,2022,7,61246975,Pulse1_Total,captis_pulse,BUDERIM,Residential,455.0,35.0,35.0,35.0,13,2025-12-08T10:18:57.190Z
2022-07-06,2022,7,61246975,Pulse1,captis_pulse,BUDERIM,Residential,0.0,0.0,0.0,0.0,13,2025-12-08T10:18:57.190Z
2022-07-06,2022,7,65440583,Pulse1,captis_pulse,MAROOCHYDORE,Residential,1110.0,61.666666666666664,310.0,10.0,18,2025-12-08T10:18:57.190Z
2022-07-06,2022,7,64628114,DeviceTemperature,captis_pulse,MAROOCHYDORE,Residential,22.1,22.1,22.1,22.1,1,2025-12-08T10:18:57.190Z
2022-07-06,2022,7,65440583,DeviceTemperature,captis_pulse,MAROOCHYDORE,Residential,28.1,28.1,28.1,28.1,1,2025-12-08T10:18:57.190Z
2022-07-06,2022,7,61246975,DeviceTemperature,captis_pulse,BUDERIM,Residential,24.5,24.5,24.5,24.5,1,2025-12-08T10:18:57.190Z
2022-07-05,2022,7,21401432,Pulse1,,,,0.0,0.0,0.0,0.0,17,2025-12-08T10:18:57.190Z
2022-07-05,2022,7,21401432,DeviceTemperature,,,,13.7,13.7,13.7,13.7,1,2025-12-08T10:18:57.190Z
2022-07-05,2022,7,21401432,Battery,,,,3.63,3.63,3.63,3.63,1,2025-12-08T10:18:57.190Z
2022-07-04,2022,7,21401432,Pulse1,,,,0.0,0.0,0.0,0.0,24,2025-12-08T10:18:57.190Z
2022-07-04,2022,7,21401432,DeviceTemperature,,,,12.3,12.3,12.3,12.3,1,2025-12-08T10:18:57.190Z
2022-07-05,2022,7,60225555,Pulse1,captis_pulse,BUDERIM,Residential,0.0,0.0,0.0,0.0,50,2025-12-08T10:18:57.190Z
2022-07-05,2022,7,60225555,Pulse1_Total,captis_pulse,BUDERIM,Residential,0.0,0.0,0.0,0.0,49,2025-12-08T10:18:57.190Z
2022-07-05,2022,7,60225555,Battery,captis_pulse,BUDERIM,Residential,76.498,25.499333333333336,71.0,1.858,3,2025-12-08T10:18:57.190Z
2022-07-05,2022,7,60225555,DeviceTemperature,captis_pulse,BUDERIM,Residential,11.98,11.98,11.98,11.98,1,2025-12-08T10:18:57.190Z
2022-07-04,2022,7,602079,Pulse1,captis_pulse,BUDERIM,Residential,12.0,1.2,8.0,0.0,10,2025-12-08T10:18:57.190Z
2022-07-04,2022,7,60225555,Pulse1_Total,captis_pulse,BUDERIM,Residential,0.0,0.0,0.0,0.0,23,2025-12-08T10:18:57.190Z
2022-07-04,2022,7,60225555,Pulse1,captis_pulse,BUDERIM,Residential,0.0,0.0,0.0,0.0,23,2025-12-08T10:18:57.190Z
2022-07-04,2022,7,60225555,DeviceTemperature,captis_pulse,BUDERIM,Residential,10.4,10.4,10.4,10.4,1,2025-12-08T10:18:57.190Z
2022-07-04,2022,7,602079,DeviceTemperature,captis_pulse,BUDERIM,Residential,24.96,12.48,13.16,11.8,2,2025-12-08T10:18:57.190Z
2022-07-04,2022,7,60225555,Battery,captis_pulse,BUDERIM,Residential,2.225,2.225,2.225,2.225,1,2025-12-08T10:18:57.190Z
2022-07-06,2022,7,60225555,Pulse1_Total,captis_pulse,BUDERIM,Residential,0.0,0.0,0.0,0.0,14,2025-12-08T10:18:57.190Z
2022-07-06,2022,7,60225555,Pulse1,captis_pulse,BUDERIM,Residential,0.0,0.0,0.0,0.0,14,2025-12-08T10:18:57.190Z
2022-07-06,2022,7,60225555,DeviceTemperature,captis_pulse,BUDERIM,Residential,19.5,19.5,19.5,19.5,1,2025-12-08T10:18:57.190Z
2022-07-05,2022,7,2184,Pulse1,captis_pulse,BUDERIM,Residential,91.0,1.82,21.0,0.0,50,2025-12-08T10:18:57.190Z
2022-07-05,2022,7,21672424,Pulse1,captis_pulse,BUDERIM,Non-Residential,0.0,0.0,0.0,0.0,50,2025-12-08T10:18:57.190Z
2022-07-05,2022,7,81968463,Pulse1,captis_pulse,MAROOCHYDORE,Non-Residential,210.0,7.777777777777778,30.0,0.0,27,2025-12-08T10:18:57.190Z
2022-07-05,2022,7,2184,DeviceTemperature,captis_pulse,BUDERIM,Residential,28.17,14.085,14.4,13.77,2,2025-12-08T10:18:57.190Z
2022-07-05,2022,7,2184,Battery,captis_pulse,BUDERIM,Residential,73.349,24.44966666666667,68.0,1.709,3,2025-12-08T10:18:57.190Z
2022-07-05,2022,7,21672424,Battery,captis_pulse,BUDERIM,Non-Residential,3.64,3.64,3.64,3.64,1,2025-12-08T10:18:57.190Z
2022-07-05,2022,7,21672424,DeviceTemperature,captis_pulse,BUDERIM,Non-Residential,30.29,15.145,15.3,14.99,2,2025-12-08T10:18:57.190Z
2022-07-05,2022,7,81968463,Battery,captis_pulse,MAROOCHYDORE,Non-Residential,72.65,36.325,69.0,3.65,2,2025-12-08T10:18:57.190Z
2022-07-05,2022,7,81968463,DeviceTemperature,captis_pulse,MAROOCHYDORE,Non-Residential,13.71,13.71,13.71,13.71,1,2025-12-08T10:18:57.190Z
2022-07-04,2022,7,81968463,Pulse1,captis_pulse,MAROOCHYDORE,Non-Residential,50.0,2.0,25.0,0.0,25,2025-12-08T10:18:57.190Z
2022-07-04,2022,7,2184,Pulse1,captis_pulse,BUDERIM,Residential,145.0,6.304347826086956,55.0,0.0,23,2025-12-08T10:18:57.190Z
2022-07-04,2022,7,21672424,Pulse1,captis_pulse,BUDERIM,Non-Residential,0.0,0.0,0.0,0.0,22,2025-12-08T10:18:57.190Z
2022-07-04,2022,7,2184,DeviceTemperature,captis_pulse,BUDERIM,Residential,38.17,12.723333333333334,13.57,12.2,3,2025-12-08T10:18:57.190Z
2022-07-04,2022,7,21672424,DeviceTemperature,captis_pulse,BUDERIM,Non-Residential,43.3,14.433333333333332,14.5,14.4,3,2025-12-08T10:18:57.190Z
2022-07-04,2022,7,2184,Battery,captis_pulse,BUDERIM,Residential,1.629,1.629,1.629,1.629,1,2025-12-08T10:18:57.190Z
2022-07-06,2022,7,2184,Pulse1,captis_pulse,BUDERIM,Residential,25.0,1.9230769230769231,7.0,0.0,13,2025-12-08T10:18:57.190Z
2022-07-06,2022,7,21672424,Pulse1,captis_pulse,BUDERIM,Non-Residential,0.0,0.0,0.0,0.0,15,2025-12-08T10:18:57.190Z
2022-07-06,2022,7,81968463,Pulse1,captis_pulse,MAROOCHYDORE,Non-Residential,70.0,23.333333333333332,40.0,10.0,3,2025-12-08T10:18:57.190Z
2022-07-06,2022,7,81968463,Battery,captis_pulse,MAROOCHYDORE,Non-Residential,75.64,37.82,72.0,3.64,2,2025-12-08T10:18:57.190Z
2022-07-06,2022,7,21672424,DeviceTemperature,captis_pulse,BUDERIM,Non-Residential,18.2,18.2,18.2,18.2,1,2025-12-08T10:18:57.190Z
2022-07-06,2022,7,81968463,DeviceTemperature,captis_pulse,MAROOCHYDORE,Non-Residential,15.54,15.54,15.54,15.54,1,2025-12-08T10:18:57.190Z
2022-07-05,2022,7,61217313,Pulse1,,,,0.0,0.0,0.0,0.0,50,2025-12-08T10:18:57.190Z
2022-07-05,2022,7,61217313,Pulse1_Total,,,,1421.0,29.0,29.0,29.0,49,2025-12-08T10:18:57.190Z
2022-07-05,2022,7,61217313,Battery,,,,75.515,25.171666666666667,70.0,1.875,3,2025-12-08T10:18:57.190Z
2022-07-05,2022,7,61217313,DeviceTemperature,,,,31.67,15.835,16.0,15.67,2,2025-12-08T10:18:57.190Z
2022-07-04,2022,7,61217313,Pulse1_Total,,,,667.0,29.0,29.0,29.0,23,2025-12-08T10:18:57.190Z
2022-07-04,2022,7,61217313,Pulse1,,,,0.0,0.0,0.0,0.0,23,2025-12-08T10:18:57.190Z
2022-07-04,2022,7,61217313,DeviceTemperature,,,,30.799999999999997,15.399999999999999,15.6,15.2,2,2025-12-08T10:18:57.190Z
2022-07-06,2022,7,61217313,Pulse1_Total,,,,377.0,29.0,29.0,29.0,13,2025-12-08T10:18:57.190Z
2022-07-06,2022,7,61217313,Pulse1,,,,0.0,0.0,0.0,0.0,13,2025-12-08T10:18:57.190Z
2022-07-05,2022,7,22040241,Pulse1,captis_pulse,COOROY,Non-Residential,140.0,2.8,30.0,0.0,50,2025-12-08T10:18:57.190Z
2022-07-05,2022,7,62366133,Pulse1_Total,captis_pulse,BUDERIM,Residential,2813529.0,57418.95918367347,57597.0,57218.0,49,2025-12-08T10:18:57.190Z
2022-07-05,2022,7,62366133,Pulse1,captis_pulse,BUDERIM,Residential,248.0,4.96,81.0,0.0,50,2025-12-08T10:18:57.190Z
2022-07-05,2022,7,1592969,Pulse1,captis_pulse,MAROOCHYDORE,Residential,182.0,3.64,62.0,0.0,50,2025-12-08T10:18:57.190Z
2022-07-05,2022,7,127319,Pulse1,captis_pulse,BUDERIM,Residential,82.0,1.64,28.0,0.0,50,2025-12-08T10:18:57.190Z
2022-07-05,2022,7,334171,Pulse1,captis_pulse,BUDERIM,Residential,61.0,1.1296296296296295,36.0,0.0,54,2025-12-08T10:18:57.190Z
2022-07-05,2022,7,61285491,Pulse1_Total,captis_pulse,BUDERIM,Residential,2045712.0,40112.0,40229.0,40022.0,51,2025-12-08T10:18:57.190Z
2022-07-05,2022,7,61285491,Pulse1,captis_pulse,BUDERIM,Residential,117.0,2.25,47.0,0.0,52,2025-12-08T10:18:57.190Z
2022-07-05,2022,7,61285491,Battery,captis_pulse,BUDERIM,Residential,3.64,3.64,3.64,3.64,1,2025-12-08T10:18:57.190Z
2022-07-05,2022,7,61285491,DeviceTemperature,captis_pulse,BUDERIM,Residential,11.27,11.27,11.27,11.27,1,2025-12-08T10:18:57.190Z
2022-07-05,2022,7,22040241,DeviceTemperature,captis_pulse,COOROY,Non-Residential,30.23,15.115,15.9,14.33,2,2025-12-08T10:18:57.190Z
2022-07-05,2022,7,1592969,DeviceTemperature,captis_pulse,MAROOCHYDORE,Residential,15.64,15.64,15.64,15.64,1,2025-12-08T10:18:57.190Z
2022-07-05,2022,7,127319,DeviceTemperature,captis_pulse,BUDERIM,Residential,28.02,14.01,14.7,13.32,2,2025-12-08T10:18:57.190Z
2022-07-05,2022,7,127319,Battery,captis_pulse,BUDERIM,Residential,76.458,25.486,71.0,1.838,3,2025-12-08T10:18:57.190Z
2022-07-05,2022,7,1592969,Battery,captis_pulse,MAROOCHYDORE,Residential,77.269,25.756333333333334,71.0,2.649,3,2025-12-08T10:18:57.190Z
2022-07-05,2022,7,62366133,Battery,captis_pulse,BUDERIM,Residential,3.64,3.64,3.64,3.64,1,2025-12-08T10:18:57.190Z
2022-07-05,2022,7,62366133,DeviceTemperature,captis_pulse,BUDERIM,Residential,30.72,15.36,15.6,15.12,2,2025-12-08T10:18:57.190Z
2022-07-05,2022,7,334171,Battery,captis_pulse,BUDERIM,Residential,80.405,26.801666666666666,75.0,1.775,3,2025-12-08T10:18:57.190Z
2022-07-05,2022,7,334171,DeviceTemperature,captis_pulse,BUDERIM,Residential,27.009999999999998,13.504999999999999,13.9,13.11,2,2025-12-08T10:18:57.190Z
2022-07-04,2022,7,61285491,Pulse1_Total,captis_pulse,BUDERIM,Residential,999811.0,39992.44,40022.0,39981.0,25,2025-12-08T10:18:57.190Z
2022-07-04,2022,7,61285491,Pulse1,captis_pulse,BUDERIM,Residential,26.0,1.04,9.0,0.0,25,2025-12-08T10:18:57.190Z
2022-07-04,2022,7,22040241,Pulse1,captis_pulse,COOROY,Non-Residential,100.0,4.3478260869565215,30.0,0.0,23,2025-12-08T10:18:57.190Z
2022-07-04,2022,7,62366133,Pulse1_Total,captis_pulse,BUDERIM,Residential,1999600.0,57131.42857142857,57205.0,57116.0,35,2025-12-08T10:18:57.190Z
2022-07-04,2022,7,62366133,Pulse1,captis_pulse,BUDERIM,Residential,56.0,1.6,13.0,0.0,35,2025-12-08T10:18:57.190Z
2022-07-04,2022,7,1592969,Pulse1,captis_pulse,MAROOCHYDORE,Residential,19.0,0.8636363636363636,8.0,0.0,22,2025-12-08T10:18:57.190Z
2022-07-04,2022,7,127319,Pulse1,captis_pulse,BUDERIM,Residential,9.0,0.42857142857142855,5.0,0.0,21,2025-12-08T10:18:57.190Z
2022-07-04,2022,7,334171,Pulse1,captis_pulse,BUDERIM,Residential,116.0,4.64,45.0,0.0,25,2025-12-08T10:18:57.190Z
2022-07-04,2022,7,62366133,DeviceTemperature,captis_pulse,BUDERIM,Residential,29.0,14.5,14.6,14.4,2,2025-12-08T10:18:57.190Z
2022-07-04,2022,7,334171,DeviceTemperature,captis_pulse,BUDERIM,Residential,12.1,12.1,12.1,12.1,1,2025-12-08T10:18:57.190Z
2022-07-04,2022,7,1592969,DeviceTemperature,captis_pulse,MAROOCHYDORE,Residential,30.61,15.305,16.01,14.6,2,2025-12-08T10:18:57.190Z
2022-07-04,2022,7,127319,DeviceTemperature,captis_pulse,BUDERIM,Residential,24.17,12.085,12.77,11.4,2,2025-12-08T10:18:57.190Z
2022-07-04,2022,7,22040241,DeviceTemperature,captis_pulse,COOROY,Non-Residential,25.54,12.77,13.14,12.4,2,2025-12-08T10:18:57.190Z
2022-07-04,2022,7,127319,Battery,captis_pulse,BUDERIM,Residential,1.932,1.932,1.932,1.932,1,2025-12-08T10:18:57.190Z
2022-07-06,2022,7,22040241,Pulse1,captis_pulse,COOROY,Non-Residential,40.0,2.6666666666666665,10.0,0.0,15,2025-12-08T10:18:57.190Z
2022-07-06,2022,7,62366133,Pulse1_Total,captis_pulse,BUDERIM,Residential,750239.0,57710.692307692305,57875.0,57636.0,13,2025-12-08T10:18:57.190Z
2022-07-06,2022,7,62366133,Pulse1,captis_pulse,BUDERIM,Residential,35.0,2.6923076923076925,13.0,0.0,13,2025-12-08T10:18:57.190Z
2022-07-06,2022,7,1592969,Pulse1,captis_pulse,MAROOCHYDORE,Residential,153.0,10.2,60.0,0.0,15,2025-12-08T10:18:57.190Z
2022-07-06,2022,7,127319,Pulse1,captis_pulse,BUDERIM,Residential,26.0,1.7333333333333334,11.0,0.0,15,2025-12-08T10:18:57.190Z
2022-07-06,2022,7,334171,Pulse1,captis_pulse,BUDERIM,Residential,131.0,7.277777777777778,85.0,0.0,18,2025-12-08T10:18:57.190Z
2022-07-06,2022,7,61285491,Pulse1_Total,captis_pulse,BUDERIM,Residential,725051.0,40280.61111111111,40358.0,40237.0,18,2025-12-08T10:18:57.190Z
2022-07-06,2022,7,61285491,Pulse1,captis_pulse,BUDERIM,Residential,23.0,1.2777777777777777,10.0,0.0,18,2025-12-08T10:18:57.190Z
2022-07-06,2022,7,61285491,DeviceTemperature,captis_pulse,BUDERIM,Residential,20.6,20.6,20.6,20.6,1,2025-12-08T10:18:57.190Z
2022-07-06,2022,7,22040241,DeviceTemperature,captis_pulse,COOROY,Non-Residential,21.0,21.0,21.0,21.0,1,2025-12-08T10:18:57.190Z
2022-07-05,2022,7,62366513,Pulse1_Total,captis_pulse,BUDERIM,Residential,1224042.0,24980.448979591838,25037.0,24952.0,49,2025-12-08T10:18:57.190Z
2022-07-05,2022,7,62366513,Pulse1,captis_pulse,BUDERIM,Residential,40.0,0.8163265306122449,15.0,0.0,49,2025-12-08T10:18:57.190Z
2022-07-05,2022,7,65063934,Pulse1,captis_pulse,MAROOCHYDORE,Non-Residential,100.0,1.9607843137254901,100.0,0.0,51,2025-12-08T10:18:57.190Z
2022-07-05,2022,7,27446203,Pulse1,captis_pulse,MAROOCHYDORE,Non-Residential,0.0,0.0,0.0,0.0,50,2025-12-08T10:18:57.190Z
2022-07-05,2022,7,46054952,Pulse1,captis_pulse,BUDERIM,Residential,2410.0,48.2,580.0,0.0,50,2025-12-08T10:18:57.190Z
2022-07-05,2022,7,81502431,Pulse1_Total,captis_pulse,KULUIN,Residential,1270400.0,63520.0,63520.0,63520.0,20,2025-12-08T10:18:57.190Z
2022-07-05,2022,7,81502431,Pulse1,captis_pulse,KULUIN,Residential,0.0,0.0,0.0,0.0,20,2025-12-08T10:18:57.190Z
2022-07-05,2022,7,27446203,DeviceTemperature,captis_pulse,MAROOCHYDORE,Non-Residential,42.73,14.243333333333332,14.9,13.63,3,2025-12-08T10:18:57.190Z
2022-07-05,2022,7,46054952,DeviceTemperature,captis_pulse,BUDERIM,Residential,14.5,14.5,14.5,14.5,1,2025-12-08T10:18:57.190Z
2022-07-05,2022,7,46054952,Battery,captis_pulse,BUDERIM,Residential,76.645,25.548333333333332,71.0,2.005,3,2025-12-08T10:18:57.190Z
2022-07-05,2022,7,27446203,Battery,captis_pulse,MAROOCHYDORE,Non-Residential,3.64,3.64,3.64,3.64,1,2025-12-08T10:18:57.190Z
2022-07-05,2022,7,65063934,Battery,captis_pulse,MAROOCHYDORE,Non-Residential,73.267,24.42233333333333,68.0,1.627,3,2025-12-08T10:18:57.190Z
2022-07-05,2022,7,62366513,Battery,captis_pulse,BUDERIM,Residential,3.61,3.61,3.61,3.61,1,2025-12-08T10:18:57.190Z
2022-07-05,2022,7,62366513,DeviceTemperature,captis_pulse,BUDERIM,Residential,29.67,14.835,15.0,14.67,2,2025-12-08T10:18:57.190Z
2022-07-05,2022,7,65063934,DeviceTemperature,captis_pulse,MAROOCHYDORE,Non-Residential,25.770000000000003,12.885000000000002,13.3,12.47,2,2025-12-08T10:18:57.190Z
2022-07-05,2022,7,81502431,Battery,captis_pulse,KULUIN,Residential,76.64,38.32,73.0,3.64,2,2025-12-08T10:18:57.190Z
2022-07-05,2022,7,81502431,DeviceTemperature,captis_pulse,KULUIN,Residential,12.1,12.1,12.1,12.1,1,2025-12-08T10:18:57.190Z
2022-07-04,2022,7,81502431,Pulse1_Total,captis_pulse,KULUIN,Residential,1524480.0,63520.0,63520.0,63520.0,24,2025-12-08T10:18:57.190Z
2022-07-04,2022,7,81502431,Pulse1,captis_pulse,KULUIN,Residential,0.0,0.0,0.0,0.0,24,2025-12-08T10:18:57.190Z
2022-07-04,2022,7,62366513,Pulse1_Total,captis_pulse,BUDERIM,Residential,572009.0,24869.956521739132,24952.0,24862.0,23,2025-12-08T10:18:57.190Z
2022-07-04,2022,7,62366513,Pulse1,captis_pulse,BUDERIM,Residential,75.0,3.260869565217391,52.0,0.0,23,2025-12-08T10:18:57.190Z
2022-07-04,2022,7,65063934,Pulse1,captis_pulse,MAROOCHYDORE,Non-Residential,400.0,16.666666666666668,100.0,0.0,24,2025-12-08T10:18:57.190Z
2022-07-04,2022,7,27446203,Pulse1,captis_pulse,MAROOCHYDORE,Non-Residential,0.0,0.0,0.0,0.0,23,2025-12-08T10:18:57.190Z
2022-07-04,2022,7,46054952,Pulse1,captis_pulse,BUDERIM,Residential,2970.0,129.1304347826087,730.0,0.0,23,2025-12-08T10:18:57.190Z
2022-07-04,2022,7,81502431,DeviceTemperature,captis_pulse,KULUIN,Residential,11.0,11.0,11.0,11.0,1,2025-12-08T10:18:57.190Z
2022-07-04,2022,7,65063934,DeviceTemperature,captis_pulse,MAROOCHYDORE,Non-Residential,22.200000000000003,11.100000000000001,11.3,10.9,2,2025-12-08T10:18:57.190Z
2022-07-04,2022,7,46054952,DeviceTemperature,captis_pulse,BUDERIM,Residential,12.4,12.4,12.4,12.4,1,2025-12-08T10:18:57.190Z
2022-07-04,2022,7,62366513,DeviceTemperature,captis_pulse,BUDERIM,Residential,28.7,14.35,14.5,14.2,2,2025-12-08T10:18:57.190Z
2022-07-04,2022,7,27446203,Battery,captis_pulse,MAROOCHYDORE,Non-Residential,3.64,3.64,3.64,3.64,1,2025-12-08T10:18:57.190Z
2022-07-04,2022,7,27446203,DeviceTemperature,captis_pulse,MAROOCHYDORE,Non-Residential,12.85,12.85,12.85,12.85,1,2025-12-08T10:18:57.190Z
2022-07-06,2022,7,62366513,Pulse1_Total,captis_pulse,BUDERIM,Residential,326449.0,25111.46153846154,25181.0,25085.0,13,2025-12-08T10:18:57.190Z
2022-07-06,2022,7,62366513,Pulse1,captis_pulse,BUDERIM,Residential,39.0,3.0,33.0,0.0,13,2025-12-08T10:18:57.190Z
2022-07-06,2022,7,65063934,Pulse1,captis_pulse,MAROOCHYDORE,Non-Residential,0.0,0.0,0.0,0.0,13,2025-12-08T10:18:57.190Z
2022-07-06,2022,7,27446203,Pulse1,captis_pulse,MAROOCHYDORE,Non-Residential,0.0,0.0,0.0,0.0,13,2025-12-08T10:18:57.190Z
2022-07-06,2022,7,46054952,Pulse1,captis_pulse,BUDERIM,Residential,660.0,41.25,230.0,0.0,16,2025-12-08T10:18:57.190Z
2022-07-06,2022,7,65063934,DeviceTemperature,captis_pulse,MAROOCHYDORE,Non-Residential,18.1,18.1,18.1,18.1,1,2025-12-08T10:18:57.190Z
2022-07-06,2022,7,81502431,Pulse1_Total,captis_pulse,KULUIN,Residential,63520.0,63520.0,63520.0,63520.0,1,2025-12-08T10:18:57.190Z
2022-07-06,2022,7,81502431,Pulse1,captis_pulse,KULUIN,Residential,0.0,0.0,0.0,0.0,1,2025-12-08T10:18:57.190Z
2022-07-06,2022,7,62366513,DeviceTemperature,captis_pulse,BUDERIM,Residential,20.7,20.7,20.7,20.7,1,2025-12-08T10:18:57.190Z
2022-07-05,2022,7,25163796,Pulse1,captis_pulse,MAROOCHYDORE,Non-Residential,315.0,6.3,15.0,5.0,50,2025-12-08T10:18:57.190Z
2022-07-05,2022,7,60252149,Pulse1_Total,captis_pulse,BUDERIM,Residential,0.0,0.0,0.0,0.0,53,2025-12-08T10:18:57.190Z
2022-07-05,2022,7,60252149,Pulse1,captis_pulse,BUDERIM,Residential,0.0,0.0,0.0,0.0,54,2025-12-08T10:18:57.190Z
2022-07-05,2022,7,60252149,DeviceTemperature,captis_pulse,BUDERIM,Residential,24.85,12.425,12.9,11.95,2,2025-12-08T10:18:57.190Z
2022-07-05,2022,7,25163796,DeviceTemperature,captis_pulse,MAROOCHYDORE,Non-Residential,17.33,17.33,17.33,17.33,1,2025-12-08T10:18:57.190Z
2022-07-05,2022,7,25163796,Battery,captis_pulse,MAROOCHYDORE,Non-Residential,3.62,3.62,3.62,3.62,1,2025-12-08T10:18:57.190Z
2022-07-05,2022,7,60252149,Battery,captis_pulse,BUDERIM,Residential,3.63,3.63,3.63,3.63,1,2025-12-08T10:18:57.190Z
2022-07-04,2022,7,60252149,Pulse1_Total,captis_pulse,BUDERIM,Residential,0.0,0.0,0.0,0.0,25,2025-12-08T10:18:57.190Z
2022-07-04,2022,7,60252149,Pulse1,captis_pulse,BUDERIM,Residential,0.0,0.0,0.0,0.0,25,2025-12-08T10:18:57.190Z
2022-07-04,2022,7,25163796,Pulse1,captis_pulse,MAROOCHYDORE,Non-Residential,130.0,5.416666666666667,10.0,5.0,24,2025-12-08T10:18:57.190Z
2022-07-04,2022,7,25163796,DeviceTemperature,captis_pulse,MAROOCHYDORE,Non-Residential,34.9,17.45,17.7,17.2,2,2025-12-08T10:18:57.190Z
2022-07-04,2022,7,60252149,DeviceTemperature,captis_pulse,BUDERIM,Residential,31.950000000000003,10.65,11.65,10.1,3,2025-12-08T10:18:57.190Z
2022-07-04,2022,7,25163796,Battery,captis_pulse,MAROOCHYDORE,Non-Residential,3.59,3.59,3.59,3.59,1,2025-12-08T10:18:57.190Z
2022-07-04,2022,7,60252149,Battery,captis_pulse,BUDERIM,Residential,3.63,3.63,3.63,3.63,1,2025-12-08T10:18:57.190Z
2022-07-06,2022,7,25163796,Pulse1,captis_pulse,MAROOCHYDORE,Non-Residential,125.0,8.333333333333334,20.0,5.0,15,2025-12-08T10:18:57.190Z
2022-07-06,2022,7,60252149,Pulse1_Total,captis_pulse,BUDERIM,Residential,0.0,0.0,0.0,0.0,19,2025-12-08T10:18:57.190Z
2022-07-06,2022,7,60252149,Pulse1,captis_pulse,BUDERIM,Residential,0.0,0.0,0.0,0.0,19,2025-12-08T10:18:57.190Z
2022-07-06,2022,7,60252149,DeviceTemperature,captis_pulse,BUDERIM,Residential,28.3,28.3,28.3,28.3,1,2025-12-08T10:18:57.190Z
2022-07-05,2022,7,22048504,Pulse1,captis_pulse,KULUIN,Non-Residential,0.0,0.0,0.0,0.0,50,2025-12-08T10:18:57.190Z
2022-07-05,2022,7,61276713,Pulse1_Total,captis_pulse,BUDERIM,Residential,1872.0,36.0,36.0,36.0,52,2025-12-08T10:18:57.190Z
2022-07-05,2022,7,61276713,Pulse1,captis_pulse,BUDERIM,Residential,0.0,0.0,0.0,0.0,52,2025-12-08T10:18:57.190Z
2022-07-05,2022,7,8863,Pulse1,captis_pulse,BUDERIM,Residential,95.0,1.4615384615384615,15.0,0.0,65,2025-12-08T10:18:57.190Z
2022-07-05,2022,7,8863,DeviceTemperature,captis_pulse,BUDERIM,Residential,43.38,14.46,15.0,13.38,3,2025-12-08T10:18:57.190Z
2022-07-05,2022,7,22048504,DeviceTemperature,captis_pulse,KULUIN,Non-Residential,34.0,17.0,17.4,16.6,2,2025-12-08T10:18:57.190Z
2022-07-05,2022,7,61276713,DeviceTemperature,captis_pulse,BUDERIM,Residential,24.630000000000003,12.315000000000001,12.8,11.83,2,2025-12-08T10:18:57.190Z
2022-07-05,2022,7,8863,Battery,captis_pulse,BUDERIM,Residential,71.17099999999999,23.723666666666663,65.0,2.541,3,2025-12-08T10:18:57.190Z
2022-07-05,2022,7,61276713,Battery,captis_pulse,BUDERIM,Residential,3.64,3.64,3.64,3.64,1,2025-12-08T10:18:57.190Z
2022-07-04,2022,7,22048504,Pulse1,captis_pulse,KULUIN,Non-Residential,0.0,0.0,0.0,0.0,23,2025-12-08T10:18:57.190Z
2022-07-04,2022,7,61276713,Pulse1_Total,captis_pulse,BUDERIM,Residential,792.0,36.0,36.0,36.0,22,2025-12-08T10:18:57.190Z
2022-07-04,2022,7,61276713,Pulse1,captis_pulse,BUDERIM,Residential,0.0,0.0,0.0,0.0,22,2025-12-08T10:18:57.190Z
2022-07-04,2022,7,8863,Pulse1,captis_pulse,BUDERIM,Residential,27.0,1.2272727272727273,22.0,0.0,22,2025-12-08T10:18:57.190Z
2022-07-04,2022,7,8863,DeviceTemperature,captis_pulse,BUDERIM,Residential,11.4,11.4,11.4,11.4,1,2025-12-08T10:18:57.190Z
2022-07-04,2022,7,61276713,DeviceTemperature,captis_pulse,BUDERIM,Residential,31.889999999999997,10.629999999999999,11.49,10.2,3,2025-12-08T10:18:57.190Z
2022-07-04,2022,7,22048504,DeviceTemperature,captis_pulse,KULUIN,Non-Residential,32.68,16.34,16.78,15.9,2,2025-12-08T10:18:57.190Z
2022-07-04,2022,7,8863,Battery,captis_pulse,BUDERIM,Residential,77.564,25.854666666666663,72.0,1.934,3,2025-12-08T10:18:57.190Z
2022-07-04,2022,7,61276713,Battery,captis_pulse,BUDERIM,Residential,3.64,3.64,3.64,3.64,1,2025-12-08T10:18:57.190Z
2022-07-06,2022,7,22048504,Pulse1,captis_pulse,KULUIN,Non-Residential,0.0,0.0,0.0,0.0,15,2025-12-08T10:18:57.190Z
2022-07-06,2022,7,8863,Pulse1,captis_pulse,BUDERIM,Residential,20.0,1.3333333333333333,8.0,0.0,15,2025-12-08T10:18:57.190Z
2022-07-06,2022,7,61276713,Pulse1_Total,captis_pulse,BUDERIM,Residential,504.0,36.0,36.0,36.0,14,2025-12-08T10:18:57.190Z
2022-07-06,2022,7,61276713,Pulse1,captis_pulse,BUDERIM,Residential,0.0,0.0,0.0,0.0,15,2025-12-08T10:18:57.190Z
2022-07-06,2022,7,61276713,DeviceTemperature,captis_pulse,BUDERIM,Residential,18.8,18.8,18.8,18.8,1,2025-12-08T10:18:57.190Z
2022-07-06,2022,7,22048504,DeviceTemperature,captis_pulse,KULUIN,Non-Residential,23.9,23.9,23.9,23.9,1,2025-12-08T10:18:57.190Z
2022-07-05,2022,7,577462,Pulse1,captis_pulse,BUDERIM,Residential,288.0,4.88135593220339,56.0,1.0,59,2025-12-08T10:18:57.190Z
2022-07-05,2022,7,66212018,Pulse1_Total,captis_pulse,BUDERIM,Residential,1470.0,30.0,30.0,30.0,49,2025-12-08T10:18:57.190Z
2022-07-05,2022,7,66212018,Pulse1,captis_pulse,BUDERIM,Residential,0.0,0.0,0.0,0.0,50,2025-12-08T10:18:57.190Z
2022-07-05,2022,7,577462,Battery,captis_pulse,BUDERIM,Residential,77.421,25.807000000000002,72.0,1.771,3,2025-12-08T10:18:57.190Z
2022-07-05,2022,7,577462,DeviceTemperature,captis_pulse,BUDERIM,Residential,30.34,15.17,16.3,14.04,2,2025-12-08T10:18:57.190Z
2022-07-05,2022,7,66212018,DeviceTemperature,captis_pulse,BUDERIM,Residential,25.689999999999998,12.844999999999999,13.2,12.49,2,2025-12-08T10:18:57.190Z
2022-07-05,2022,7,66212018,Battery,captis_pulse,BUDERIM,Residential,85.361,28.453666666666667,80.0,1.721,3,2025-12-08T10:18:57.190Z
2022-07-04,2022,7,577462,Pulse1,captis_pulse,BUDERIM,Residential,38.0,1.7272727272727273,2.0,1.0,22,2025-12-08T10:18:57.190Z
2022-07-04,2022,7,66212018,Pulse1_Total,captis_pulse,BUDERIM,Residential,660.0,30.0,30.0,30.0,22,2025-12-08T10:18:57.190Z
2022-07-04,2022,7,66212018,Pulse1,captis_pulse,BUDERIM,Residential,0.0,0.0,0.0,0.0,22,2025-12-08T10:18:57.190Z
2022-07-04,2022,7,577462,Battery,captis_pulse,BUDERIM,Residential,78.387,26.129,73.0,1.737,3,2025-12-08T10:18:57.190Z
2022-07-04,2022,7,577462,DeviceTemperature,captis_pulse,BUDERIM,Residential,13.59,13.59,13.59,13.59,1,2025-12-08T10:18:57.190Z
2022-07-04,2022,7,66212018,Battery,captis_pulse,BUDERIM,Residential,75.45899999999999,25.152999999999995,70.0,1.829,3,2025-12-08T10:18:57.190Z
2022-07-06,2022,7,577462,Pulse1,captis_pulse,BUDERIM,Residential,285.0,20.357142857142858,138.0,1.0,14,2025-12-08T10:18:57.190Z
2022-07-06,2022,7,66212018,Pulse1_Total,captis_pulse,BUDERIM,Residential,390.0,30.0,30.0,30.0,13,2025-12-08T10:18:57.190Z
2022-07-06,2022,7,66212018,Pulse1,captis_pulse,BUDERIM,Residential,0.0,0.0,0.0,0.0,13,2025-12-08T10:18:57.190Z
2022-07-06,2022,7,66212018,DeviceTemperature,captis_pulse,BUDERIM,Residential,27.0,27.0,27.0,27.0,1,2025-12-08T10:18:57.190Z
2022-07-06,2022,7,577462,DeviceTemperature,captis_pulse,BUDERIM,Residential,40.9,40.9,40.9,40.9,1,2025-12-08T10:18:57.190Z
2022-07-05,2022,7,61201153,Pulse1_Total,captis_pulse,BUDERIM,Residential,4157051.0,78434.92452830188,78764.0,78188.0,53,2025-12-08T10:18:57.190Z
2022-07-05,2022,7,61201153,Pulse1,captis_pulse,BUDERIM,Residential,387.0,7.166666666666667,85.0,0.0,54,2025-12-08T10:18:57.190Z
2022-07-05,2022,7,21674201,Pulse1,captis_pulse,BUDERIM,Non-Residential,3910.0,78.2,380.0,0.0,50,2025-12-08T10:18:57.190Z
2022-07-05,2022,7,62364343,Pulse1_Total,captis_pulse,BUDERIM,Residential,4945829.0,98916.58,99363.0,98373.0,50,2025-12-08T10:18:57.190Z
2022-07-05,2022,7,62364343,Pulse1,captis_pulse,BUDERIM,Residential,546.0,10.705882352941176,47.0,0.0,51,2025-12-08T10:18:57.190Z
2022-07-05,2022,7,60584922,Pulse1,captis_pulse,BUDERIM,Residential,0.0,0.0,0.0,0.0,54,2025-12-08T10:18:57.190Z
2022-07-05,2022,7,60584922,Pulse1_Total,captis_pulse,BUDERIM,Residential,1855.0,35.0,35.0,35.0,53,2025-12-08T10:18:57.190Z
2022-07-05,2022,7,61201153,DeviceTemperature,captis_pulse,BUDERIM,Residential,28.77,14.385,14.7,14.07,2,2025-12-08T10:18:57.190Z
2022-07-05,2022,7,61201153,Battery,captis_pulse,BUDERIM,Residential,74.388,24.796000000000003,69.0,1.748,3,2025-12-08T10:18:57.190Z
2022-07-05,2022,7,21674201,Battery,captis_pulse,BUDERIM,Non-Residential,3.63,3.63,3.63,3.63,1,2025-12-08T10:18:57.190Z
2022-07-05,2022,7,62364343,Battery,captis_pulse,BUDERIM,Residential,73.663,24.554333333333332,68.0,2.033,3,2025-12-08T10:18:57.190Z
2022-07-05,2022,7,60584922,Battery,captis_pulse,BUDERIM,Residential,3.62,3.62,3.62,3.62,1,2025-12-08T10:18:57.190Z
2022-07-05,2022,7,62364343,DeviceTemperature,captis_pulse,BUDERIM,Residential,26.2,13.1,13.5,12.7,2,2025-12-08T10:18:57.190Z
2022-07-05,2022,7,60584922,DeviceTemperature,captis_pulse,BUDERIM,Residential,31.49,15.745,16.2,15.29,2,2025-12-08T10:18:57.190Z
2022-07-05,2022,7,21674201,DeviceTemperature,captis_pulse,BUDERIM,Non-Residential,27.27,13.635,14.1,13.17,2,2025-12-08T10:18:57.190Z
2022-07-04,2022,7,61201153,Pulse1_Total,captis_pulse,BUDERIM,Residential,1866529.0,77772.04166666667,78023.0,77678.0,24,2025-12-08T10:18:57.190Z
2022-07-04,2022,7,61201153,Pulse1,captis_pulse,BUDERIM,Residential,190.0,7.916666666666667,73.0,0.0,24,2025-12-08T10:18:57.190Z
2022-07-04,2022,7,21674201,Pulse1,captis_pulse,BUDERIM,Non-Residential,4250.0,193.1818181818182,260.0,0.0,22,2025-12-08T10:18:57.190Z
2022-07-04,2022,7,62364343,Pulse1_Total,captis_pulse,BUDERIM,Residential,2257044.0,98132.34782608696,98274.0,98066.0,23,2025-12-08T10:18:57.190Z
2022-07-04,2022,7,62364343,Pulse1,captis_pulse,BUDERIM,Residential,200.0,8.695652173913043,130.0,0.0,23,2025-12-08T10:18:57.190Z
2022-07-04,2022,7,60584922,Pulse1_Total,captis_pulse,BUDERIM,Residential,875.0,35.0,35.0,35.0,25,2025-12-08T10:18:57.190Z
2022-07-04,2022,7,60584922,Pulse1,captis_pulse,BUDERIM,Residential,0.0,0.0,0.0,0.0,25,2025-12-08T10:18:57.190Z
2022-07-04,2022,7,60584922,DeviceTemperature,captis_pulse,BUDERIM,Residential,30.58,15.29,15.68,14.9,2,2025-12-08T10:18:57.190Z
2022-07-04,2022,7,62364343,DeviceTemperature,captis_pulse,BUDERIM,Residential,34.77,11.590000000000002,12.47,10.9,3,2025-12-08T10:18:57.190Z
2022-07-04,2022,7,61201153,DeviceTemperature,captis_pulse,BUDERIM,Residential,26.27,13.135,13.87,12.4,2,2025-12-08T10:18:57.190Z
2022-07-04,2022,7,21674201,Battery,captis_pulse,BUDERIM,Non-Residential,3.63,3.63,3.63,3.63,1,2025-12-08T10:18:57.190Z
2022-07-04,2022,7,21674201,DeviceTemperature,captis_pulse,BUDERIM,Non-Residential,25.18,12.59,13.08,12.1,2,2025-12-08T10:18:57.190Z
2022-07-04,2022,7,62364343,Battery,captis_pulse,BUDERIM,Residential,77.53399999999999,25.844666666666665,72.0,1.904,3,2025-12-08T10:18:57.190Z
2022-07-04,2022,7,60584922,Battery,captis_pulse,BUDERIM,Residential,3.63,3.63,3.63,3.63,1,2025-12-08T10:18:57.190Z
2022-07-06,2022,7,61201153,Pulse1_Total,captis_pulse,BUDERIM,Residential,1186677.0,79111.8,79277.0,79005.0,15,2025-12-08T10:18:57.190Z
2022-07-06,2022,7,61201153,Pulse1,captis_pulse,BUDERIM,Residential,150.0,10.0,72.0,0.0,15,2025-12-08T10:18:57.190Z
2022-07-06,2022,7,21674201,Pulse1,captis_pulse,BUDERIM,Non-Residential,660.0,44.0,300.0,0.0,15,2025-12-08T10:18:57.190Z
2022-07-06,2022,7,62364343,Pulse1_Total,captis_pulse,BUDERIM,Residential,1097792.0,99799.27272727272,99966.0,99531.0,11,2025-12-08T10:18:57.190Z
2022-07-06,2022,7,62364343,Pulse1,captis_pulse,BUDERIM,Residential,187.0,14.384615384615385,37.0,2.0,13,2025-12-08T10:18:57.190Z
2022-07-06,2022,7,60584922,Pulse1_Total,captis_pulse,BUDERIM,Residential,665.0,35.0,35.0,35.0,19,2025-12-08T10:18:57.190Z
2022-07-06,2022,7,60584922,Pulse1,captis_pulse,BUDERIM,Residential,0.0,0.0,0.0,0.0,19,2025-12-08T10:18:57.190Z
2022-07-06,2022,7,60584922,DeviceTemperature,captis_pulse,BUDERIM,Residential,22.9,22.9,22.9,22.9,1,2025-12-08T10:18:57.190Z
2022-07-06,2022,7,21674201,DeviceTemperature,captis_pulse,BUDERIM,Non-Residential,22.3,22.3,22.3,22.3,1,2025-12-08T10:18:57.190Z
2022-07-05,2022,7,28491013,Pulse1,captis_pulse,MAROOCHYDORE,Residential,9900.0,194.11764705882354,500.0,0.0,51,2025-12-08T10:18:57.190Z
2022-07-05,2022,7,61163496,Pulse1_Total,captis_pulse,BUDERIM,Residential,2790089.0,55801.78,55803.0,55801.0,50,2025-12-08T10:18:57.190Z
2022-07-05,2022,7,61163496,Pulse1,captis_pulse,BUDERIM,Residential,0.0,0.0,0.0,0.0,50,2025-12-08T10:18:57.190Z
2022-07-05,2022,7,2995,Pulse1,captis_pulse,BUDERIM,Residential,444.0,8.222222222222221,173.0,0.0,54,2025-12-08T10:18:57.190Z
2022-07-05,2022,7,61663698,Pulse1_Total,captis_pulse,BUDERIM,Residential,1175558.0,21769.59259259259,21858.0,21737.0,54,2025-12-08T10:18:57.190Z
2022-07-05,2022,7,61663698,Pulse1,captis_pulse,BUDERIM,Residential,59.0,1.0925925925925926,25.0,0.0,54,2025-12-08T10:18:57.190Z
2022-07-05,2022,7,61663698,DeviceTemperature,captis_pulse,BUDERIM,Residential,25.240000000000002,12.620000000000001,13.0,12.24,2,2025-12-08T10:18:57.190Z
2022-07-05,2022,7,28491013,Battery,captis_pulse,MAROOCHYDORE,Residential,70.308,23.436000000000003,65.0,1.668,3,2025-12-08T10:18:57.190Z
2022-07-05,2022,7,28491013,DeviceTemperature,captis_pulse,MAROOCHYDORE,Residential,14.86,14.86,14.86,14.86,1,2025-12-08T10:18:57.190Z
2022-07-05,2022,7,61163496,Battery,captis_pulse,BUDERIM,Residential,3.64,3.64,3.64,3.64,1,2025-12-08T10:18:57.190Z
2022-07-05,2022,7,61163496,DeviceTemperature,captis_pulse,BUDERIM,Residential,11.65,11.65,11.65,11.65,1,2025-12-08T10:18:57.190Z
2022-07-05,2022,7,61663698,Battery,captis_pulse,BUDERIM,Residential,3.62,3.62,3.62,3.62,1,2025-12-08T10:18:57.190Z
2022-07-05,2022,7,2995,DeviceTemperature,captis_pulse,BUDERIM,Residential,27.560000000000002,13.780000000000001,14.5,13.06,2,2025-12-08T10:18:57.190Z
2022-07-05,2022,7,2995,Battery,captis_pulse,BUDERIM,Residential,72.674,24.224666666666668,67.0,2.054,3,2025-12-08T10:18:57.190Z
2022-07-04,2022,7,28491013,Pulse1,captis_pulse,MAROOCHYDORE,Residential,3700.0,168.1818181818182,700.0,0.0,22,2025-12-08T10:18:57.190Z
2022-07-04,2022,7,61163496,Pulse1_Total,captis_pulse,BUDERIM,Residential,1283401.0,55800.04347826087,55801.0,55800.0,23,2025-12-08T10:18:57.190Z
2022-07-04,2022,7,61163496,Pulse1,captis_pulse,BUDERIM,Residential,1.0,0.043478260869565216,1.0,0.0,23,2025-12-08T10:18:57.190Z
2022-07-04,2022,7,2995,Pulse1,captis_pulse,BUDERIM,Residential,80.0,3.4782608695652173,37.0,0.0,23,2025-12-08T10:18:57.190Z
2022-07-04,2022,7,61663698,Pulse1_Total,captis_pulse,BUDERIM,Residential,563945.0,21690.19230769231,21733.0,21685.0,26,2025-12-08T10:18:57.190Z
2022-07-04,2022,7,61663698,Pulse1,captis_pulse,BUDERIM,Residential,64.0,2.4615384615384617,21.0,0.0,26,2025-12-08T10:18:57.190Z
2022-07-04,2022,7,2995,DeviceTemperature,captis_pulse,BUDERIM,Residential,11.7,11.7,11.7,11.7,1,2025-12-08T10:18:57.190Z
2022-07-04,2022,7,2995,Battery,captis_pulse,BUDERIM,Residential,74.704,24.90133333333333,69.0,2.074,3,2025-12-08T10:18:57.190Z
2022-07-04,2022,7,61163496,DeviceTemperature,captis_pulse,BUDERIM,Residential,31.67,10.556666666666667,11.37,10.0,3,2025-12-08T10:18:57.190Z
2022-07-04,2022,7,28491013,DeviceTemperature,captis_pulse,MAROOCHYDORE,Residential,41.38,13.793333333333335,14.88,13.1,3,2025-12-08T10:18:57.190Z
2022-07-04,2022,7,61163496,Battery,captis_pulse,BUDERIM,Residential,3.64,3.64,3.64,3.64,1,2025-12-08T10:18:57.190Z
2022-07-04,2022,7,61663698,DeviceTemperature,captis_pulse,BUDERIM,Residential,21.2,10.6,10.7,10.5,2,2025-12-08T10:18:57.190Z
2022-07-04,2022,7,28491013,Battery,captis_pulse,MAROOCHYDORE,Residential,68.64,34.32,65.0,3.64,2,2025-12-08T10:18:57.190Z
2022-07-06,2022,7,28491013,Pulse1,captis_pulse,MAROOCHYDORE,Residential,2800.0,186.66666666666666,600.0,0.0,15,2025-12-08T10:18:57.190Z
2022-07-06,2022,7,61163496,Pulse1_Total,captis_pulse,BUDERIM,Residential,948659.0,55803.470588235294,55804.0,55803.0,17,2025-12-08T10:18:57.190Z
2022-07-06,2022,7,61163496,Pulse1,captis_pulse,BUDERIM,Residential,1.0,0.058823529411764705,1.0,0.0,17,2025-12-08T10:18:57.190Z
2022-07-06,2022,7,2995,Pulse1,captis_pulse,BUDERIM,Residential,261.0,14.5,127.0,0.0,18,2025-12-08T10:18:57.190Z
2022-07-06,2022,7,61663698,Pulse1_Total,captis_pulse,BUDERIM,Residential,416534.0,21922.842105263157,21934.0,21860.0,19,2025-12-08T10:18:57.190Z
2022-07-06,2022,7,61663698,Pulse1,captis_pulse,BUDERIM,Residential,10.0,0.5263157894736842,4.0,0.0,19,2025-12-08T10:18:57.190Z
2022-07-06,2022,7,28491013,DeviceTemperature,captis_pulse,MAROOCHYDORE,Residential,21.5,21.5,21.5,21.5,1,2025-12-08T10:18:57.190Z
2022-07-06,2022,7,61663698,DeviceTemperature,captis_pulse,BUDERIM,Residential,26.3,26.3,26.3,26.3,1,2025-12-08T10:18:57.190Z
2022-07-06,2022,7,2995,DeviceTemperature,captis_pulse,BUDERIM,Residential,28.4,28.4,28.4,28.4,1,2025-12-08T10:18:57.190Z
2022-07-05,2022,7,64628071,Pulse1,captis_pulse,MAROOCHYDORE,Residential,2100.0,41.1764705882353,210.0,0.0,51,2025-12-08T10:18:57.190Z
2022-07-05,2022,7,61220996,Pulse1_Total,captis_pulse,BUDERIM,Residential,3634275.0,69889.90384615384,70069.0,69636.0,52,2025-12-08T10:18:57.190Z
2022-07-05,2022,7,61220996,Pulse1,captis_pulse,BUDERIM,Residential,349.0,6.711538461538462,95.0,0.0,52,2025-12-08T10:18:57.190Z
2022-07-05,2022,7,61319259,Pulse1_Total,captis_pulse,BUDERIM,Residential,1768.0,34.0,34.0,34.0,52,2025-12-08T10:18:57.190Z
2022-07-05,2022,7,61319259,Pulse1,captis_pulse,BUDERIM,Residential,0.0,0.0,0.0,0.0,53,2025-12-08T10:18:57.190Z
2022-07-05,2022,7,61160093,Pulse1_Total,captis_pulse,BUDERIM,Residential,2052.0,38.0,38.0,38.0,54,2025-12-08T10:18:57.190Z
2022-07-05,2022,7,61160093,Pulse1,captis_pulse,BUDERIM,Residential,0.0,0.0,0.0,0.0,54,2025-12-08T10:18:57.190Z
2022-07-05,2022,7,61233966,Pulse1_Total,captis_pulse,BUDERIM,Residential,2938741.0,57622.37254901961,57825.0,57538.0,51,2025-12-08T10:18:57.190Z
2022-07-05,2022,7,61233966,Pulse1,captis_pulse,BUDERIM,Residential,161.0,3.156862745098039,35.0,0.0,51,2025-12-08T10:18:57.190Z
2022-07-05,2022,7,61160093,DeviceTemperature,captis_pulse,BUDERIM,Residential,25.57,12.785,13.3,12.27,2,2025-12-08T10:18:57.190Z
2022-07-05,2022,7,692851,Pulse1,captis_pulse,MAROOCHYDORE,Residential,0.0,0.0,0.0,0.0,8,2025-12-08T10:18:57.190Z
2022-07-05,2022,7,692851,DeviceTemperature,captis_pulse,MAROOCHYDORE,Residential,17.04,17.04,17.04,17.04,1,2025-12-08T10:18:57.190Z
2022-07-05,2022,7,64628071,Battery,captis_pulse,MAROOCHYDORE,Residential,73.32900000000001,24.443,68.0,1.689,3,2025-12-08T10:18:57.190Z
2022-07-05,2022,7,64628071,DeviceTemperature,captis_pulse,MAROOCHYDORE,Residential,13.26,13.26,13.26,13.26,1,2025-12-08T10:18:57.190Z
2022-07-05,2022,7,61233966,Battery,captis_pulse,BUDERIM,Residential,47.208,15.735999999999999,40.0,3.558,3,2025-12-08T10:18:57.190Z
2022-07-05,2022,7,61160093,Battery,captis_pulse,BUDERIM,Residential,54.879000000000005,18.293000000000003,49.0,2.249,3,2025-12-08T10:18:57.190Z
2022-07-05,2022,7,692851,Battery,captis_pulse,MAROOCHYDORE,Residential,74.61,37.305,71.0,3.61,2,2025-12-08T10:18:57.190Z
2022-07-05,2022,7,61233966,DeviceTemperature,captis_pulse,BUDERIM,Residential,24.03,12.015,12.7,11.33,2,2025-12-08T10:18:57.190Z
2022-07-05,2022,7,61319259,DeviceTemperature,captis_pulse,BUDERIM,Residential,25.66,12.83,13.4,12.26,2,2025-12-08T10:18:57.190Z
2022-07-05,2022,7,61319259,Battery,captis_pulse,BUDERIM,Residential,74.44999999999999,24.816666666666663,69.0,1.82,3,2025-12-08T10:18:57.190Z
2022-07-04,2022,7,64628071,Pulse1,captis_pulse,MAROOCHYDORE,Residential,300.0,13.636363636363637,70.0,0.0,22,2025-12-08T10:18:57.190Z
2022-07-04,2022,7,61220996,Pulse1_Total,captis_pulse,BUDERIM,Residential,1670390.0,69599.58333333333,69607.0,69594.0,24,2025-12-08T10:18:57.190Z
2022-07-04,2022,7,61220996,Pulse1,captis_pulse,BUDERIM,Residential,0.0,0.0,0.0,0.0,24,2025-12-08T10:18:57.190Z
2022-07-04,2022,7,61319259,Pulse1_Total,captis_pulse,BUDERIM,Residential,816.0,34.0,34.0,34.0,24,2025-12-08T10:18:57.190Z
2022-07-04,2022,7,61319259,Pulse1,captis_pulse,BUDERIM,Residential,0.0,0.0,0.0,0.0,23,2025-12-08T10:18:57.190Z
2022-07-04,2022,7,61160093,Pulse1_Total,captis_pulse,BUDERIM,Residential,950.0,38.0,38.0,38.0,25,2025-12-08T10:18:57.190Z
2022-07-04,2022,7,61160093,Pulse1,captis_pulse,BUDERIM,Residential,0.0,0.0,0.0,0.0,25,2025-12-08T10:18:57.190Z
2022-07-04,2022,7,61233966,Pulse1_Total,captis_pulse,BUDERIM,Residential,1549597.0,57392.48148148148,57527.0,57356.0,27,2025-12-08T10:18:57.190Z
2022-07-04,2022,7,61233966,Pulse1,captis_pulse,BUDERIM,Residential,96.0,3.5555555555555554,54.0,0.0,27,2025-12-08T10:18:57.190Z
2022-07-04,2022,7,61319259,Battery,captis_pulse,BUDERIM,Residential,75.474,25.158,70.0,1.834,3,2025-12-08T10:18:57.190Z
2022-07-04,2022,7,61319259,DeviceTemperature,captis_pulse,BUDERIM,Residential,11.99,11.99,11.99,11.99,1,2025-12-08T10:18:57.190Z
2022-07-04,2022,7,64628071,Battery,captis_pulse,MAROOCHYDORE,Residential,71.64,35.82,68.0,3.64,2,2025-12-08T10:18:57.190Z
2022-07-04,2022,7,64628071,DeviceTemperature,captis_pulse,MAROOCHYDORE,Residential,25.63,12.815,13.43,12.2,2,2025-12-08T10:18:57.190Z
2022-07-04,2022,7,61160093,DeviceTemperature,captis_pulse,BUDERIM,Residential,10.5,10.5,10.5,10.5,1,2025-12-08T10:18:57.190Z
2022-07-04,2022,7,61220996,DeviceTemperature,captis_pulse,BUDERIM,Residential,11.0,11.0,11.0,11.0,1,2025-12-08T10:18:57.190Z
2022-07-04,2022,7,61233966,DeviceTemperature,captis_pulse,BUDERIM,Residential,9.7,9.7,9.7,9.7,1,2025-12-08T10:18:57.190Z
2022-07-06,2022,7,64628071,Pulse1,captis_pulse,MAROOCHYDORE,Residential,780.0,45.88235294117647,150.0,0.0,17,2025-12-08T10:18:57.190Z
2022-07-06,2022,7,61220996,Pulse1_Total,captis_pulse,BUDERIM,Residential,1263829.0,70212.72222222222,70278.0,70161.0,18,2025-12-08T10:18:57.190Z
2022-07-06,2022,7,61220996,Pulse1,captis_pulse,BUDERIM,Residential,34.0,1.8888888888888888,10.0,0.0,18,2025-12-08T10:18:57.190Z
2022-07-06,2022,7,61319259,Pulse1_Total,captis_pulse,BUDERIM,Residential,578.0,34.0,34.0,34.0,17,2025-12-08T10:18:57.190Z
2022-07-06,2022,7,61319259,Pulse1,captis_pulse,BUDERIM,Residential,0.0,0.0,0.0,0.0,18,2025-12-08T10:18:57.190Z
2022-07-06,2022,7,61160093,Pulse1_Total,captis_pulse,BUDERIM,Residential,722.0,38.0,38.0,38.0,19,2025-12-08T10:18:57.190Z
2022-07-06,2022,7,61160093,Pulse1,captis_pulse,BUDERIM,Residential,0.0,0.0,0.0,0.0,19,2025-12-08T10:18:57.190Z
2022-07-06,2022,7,64628071,DeviceTemperature,captis_pulse,MAROOCHYDORE,Residential,18.4,18.4,18.4,18.4,1,2025-12-08T10:18:57.190Z
2022-07-06,2022,7,61319259,DeviceTemperature,captis_pulse,BUDERIM,Residential,26.9,26.9,26.9,26.9,1,2025-12-08T10:18:57.190Z
2022-07-06,2022,7,61233966,Pulse1_Total,captis_pulse,BUDERIM,Residential,926980.0,57936.25,58045.0,57896.0,16,2025-12-08T10:18:57.190Z
2022-07-06,2022,7,61233966,Pulse1,captis_pulse,BUDERIM,Residential,59.0,3.6875,32.0,0.0,16,2025-12-08T10:18:57.190Z
2022-07-06,2022,7,61160093,DeviceTemperature,captis_pulse,BUDERIM,Residential,25.9,25.9,25.9,25.9,1,2025-12-08T10:18:57.190Z
2022-07-06,2022,7,61220996,DeviceTemperature,captis_pulse,BUDERIM,Residential,18.2,18.2,18.2,18.2,1,2025-12-08T10:18:57.190Z
2022-07-04,2022,7,692851,DeviceTemperature,captis_pulse,MAROOCHYDORE,Residential,15.5,15.5,15.5,15.5,1,2025-12-08T10:18:57.190Z
2022-07-03,2022,7,692851,DeviceTemperature,captis_pulse,MAROOCHYDORE,Residential,22.3,22.3,22.3,22.3,1,2025-12-08T10:18:57.190Z
2022-07-02,2022,7,692851,Pulse1,captis_pulse,MAROOCHYDORE,Residential,0.0,0.0,0.0,0.0,71,2025-12-08T10:18:57.190Z
2022-07-05,2022,7,60192856,Pulse1_Total,captis_pulse,BUDERIM,Residential,0.0,0.0,0.0,0.0,53,2025-12-08T10:18:57.190Z
2022-07-05,2022,7,60192856,Pulse1,captis_pulse,BUDERIM,Residential,0.0,0.0,0.0,0.0,53,2025-12-08T10:18:57.190Z
2022-07-05,2022,7,8981839,Pulse1,captis_pulse,MAROOCHYDORE,Residential,422.0,8.44,94.0,4.0,50,2025-12-08T10:18:57.190Z
2022-07-05,2022,7,61223017,Pulse1_Total,captis_pulse,BUDERIM,Residential,1664.0,32.0,32.0,32.0,52,2025-12-08T10:18:57.190Z
2022-07-05,2022,7,61223017,Pulse1,captis_pulse,BUDERIM,Residential,0.0,0.0,0.0,0.0,53,2025-12-08T10:18:57.190Z
2022-07-05,2022,7,60192856,Battery,captis_pulse,BUDERIM,Residential,3.63,3.63,3.63,3.63,1,2025-12-08T10:18:57.190Z
2022-07-05,2022,7,8981839,Battery,captis_pulse,MAROOCHYDORE,Residential,74.097,24.698999999999998,68.0,2.467,3,2025-12-08T10:18:57.190Z
2022-07-05,2022,7,8981839,DeviceTemperature,captis_pulse,MAROOCHYDORE,Residential,30.16,15.08,16.3,13.86,2,2025-12-08T10:18:57.190Z
2022-07-05,2022,7,61223017,Battery,captis_pulse,BUDERIM,Residential,83.74799999999999,27.915999999999997,77.0,3.258,3,2025-12-08T10:18:57.190Z
2022-07-05,2022,7,61223017,DeviceTemperature,captis_pulse,BUDERIM,Residential,27.93,13.965,15.0,12.93,2,2025-12-08T10:18:57.190Z
2022-07-05,2022,7,60192856,DeviceTemperature,captis_pulse,BUDERIM,Residential,14.0,14.0,14.0,14.0,1,2025-12-08T10:18:57.190Z
2022-07-04,2022,7,61223017,Pulse1_Total,captis_pulse,BUDERIM,Residential,800.0,32.0,32.0,32.0,25,2025-12-08T10:18:57.190Z
2022-07-04,2022,7,61223017,Pulse1,captis_pulse,BUDERIM,Residential,0.0,0.0,0.0,0.0,25,2025-12-08T10:18:57.190Z
2022-07-04,2022,7,60192856,Pulse1_Total,captis_pulse,BUDERIM,Residential,0.0,0.0,0.0,0.0,24,2025-12-08T10:18:57.190Z
2022-07-04,2022,7,60192856,Pulse1,captis_pulse,BUDERIM,Residential,0.0,0.0,0.0,0.0,24,2025-12-08T10:18:57.190Z
2022-07-04,2022,7,8981839,Pulse1,captis_pulse,MAROOCHYDORE,Residential,239.0,7.029411764705882,58.0,5.0,34,2025-12-08T10:18:57.190Z
2022-07-04,2022,7,60192856,DeviceTemperature,captis_pulse,BUDERIM,Residential,23.0,11.5,11.6,11.4,2,2025-12-08T10:18:57.190Z
2022-07-04,2022,7,60623798,DeviceTemperature,captis_pulse,BUDERIM,Residential,23.9,11.95,13.4,10.5,2,2025-12-08T10:18:57.190Z
2022-07-04,2022,7,8981839,DeviceTemperature,captis_pulse,MAROOCHYDORE,Residential,25.25,12.625,13.35,11.9,2,2025-12-08T10:18:57.190Z
2022-07-04,2022,7,8981839,Battery,captis_pulse,MAROOCHYDORE,Residential,75.916,25.305333333333333,70.0,2.286,3,2025-12-08T10:18:57.190Z
2022-07-06,2022,7,60192856,Pulse1_Total,captis_pulse,BUDERIM,Residential,0.0,0.0,0.0,0.0,14,2025-12-08T10:18:57.190Z
2022-07-06,2022,7,60192856,Pulse1,captis_pulse,BUDERIM,Residential,0.0,0.0,0.0,0.0,15,2025-12-08T10:18:57.190Z
2022-07-06,2022,7,8981839,Pulse1,captis_pulse,MAROOCHYDORE,Residential,164.0,12.615384615384615,82.0,4.0,13,2025-12-08T10:18:57.190Z
2022-07-06,2022,7,61223017,Pulse1_Total,captis_pulse,BUDERIM,Residential,576.0,32.0,32.0,32.0,18,2025-12-08T10:18:57.190Z
2022-07-06,2022,7,61223017,Pulse1,captis_pulse,BUDERIM,Residential,0.0,0.0,0.0,0.0,18,2025-12-08T10:18:57.190Z
2022-07-06,2022,7,61223017,DeviceTemperature,captis_pulse,BUDERIM,Residential,30.1,30.1,30.1,30.1,1,2025-12-08T10:18:57.190Z
2022-07-06,2022,7,60192856,DeviceTemperature,captis_pulse,BUDERIM,Residential,19.3,19.3,19.3,19.3,1,2025-12-08T10:18:57.190Z
2022-07-06,2022,7,60623798,DeviceTemperature,captis_pulse,BUDERIM,Residential,21.6,21.6,21.6,21.6,1,2025-12-08T10:18:57.190Z
2022-07-05,2022,7,64631122,Pulse1,captis_pulse,MAROOCHYDORE,Residential,4310.0,86.2,320.0,0.0,50,2025-12-08T10:18:57.190Z
2022-07-05,2022,7,60380381,Pulse1_Total,captis_pulse,BUDERIM,Residential,1014144.0,20282.88,20290.0,20275.0,50,2025-12-08T10:18:57.190Z
2022-07-05,2022,7,60380381,Pulse1,captis_pulse,BUDERIM,Residential,3.0,0.06,2.0,0.0,50,2025-12-08T10:18:57.190Z
2022-07-05,2022,7,28488051,Pulse1,captis_pulse,MAROOCHYDORE,Non-Residential,6533.0,120.98148148148148,273.0,9.0,54,2025-12-08T10:18:57.190Z
2022-07-05,2022,7,28488051,Battery,captis_pulse,MAROOCHYDORE,Non-Residential,70.64,35.32,67.0,3.64,2,2025-12-08T10:18:57.190Z
2022-07-05,2022,7,60380381,Battery,captis_pulse,BUDERIM,Residential,75.099,25.033,69.0,2.459,3,2025-12-08T10:18:57.190Z
2022-07-05,2022,7,60380381,DeviceTemperature,captis_pulse,BUDERIM,Residential,26.490000000000002,13.245000000000001,13.6,12.89,2,2025-12-08T10:18:57.190Z
2022-07-05,2022,7,64631122,Battery,captis_pulse,MAROOCHYDORE,Residential,74.371,24.790333333333333,69.0,1.731,3,2025-12-08T10:18:57.190Z
2022-07-05,2022,7,64631122,DeviceTemperature,captis_pulse,MAROOCHYDORE,Residential,12.94,12.94,12.94,12.94,1,2025-12-08T10:18:57.190Z
2022-07-05,2022,7,28488051,DeviceTemperature,captis_pulse,MAROOCHYDORE,Non-Residential,30.060000000000002,15.030000000000001,15.8,14.26,2,2025-12-08T10:18:57.190Z
2022-07-04,2022,7,28488051,Pulse1,captis_pulse,MAROOCHYDORE,Non-Residential,2418.0,96.72,297.0,6.0,25,2025-12-08T10:18:57.190Z
2022-07-04,2022,7,64631122,Pulse1,captis_pulse,MAROOCHYDORE,Residential,1530.0,69.54545454545455,200.0,0.0,22,2025-12-08T10:18:57.190Z
2022-07-04,2022,7,60380381,Pulse1_Total,captis_pulse,BUDERIM,Residential,465203.0,20226.217391304348,20272.0,20205.0,23,2025-12-08T10:18:57.190Z
2022-07-04,2022,7,60380381,Pulse1,captis_pulse,BUDERIM,Residential,61.0,2.652173913043478,27.0,0.0,23,2025-12-08T10:18:57.190Z
2022-07-04,2022,7,60380381,DeviceTemperature,captis_pulse,BUDERIM,Residential,36.46,12.153333333333334,13.06,11.6,3,2025-12-08T10:18:57.190Z
2022-07-04,2022,7,60380381,Battery,captis_pulse,BUDERIM,Residential,72.651,24.217,67.0,2.021,3,2025-12-08T10:18:57.190Z
2022-07-04,2022,7,64631122,DeviceTemperature,captis_pulse,MAROOCHYDORE,Residential,35.71,11.903333333333334,12.91,11.3,3,2025-12-08T10:18:57.190Z
2022-07-04,2022,7,64631122,Battery,captis_pulse,MAROOCHYDORE,Residential,69.334,23.111333333333334,64.0,1.694,3,2025-12-08T10:18:57.190Z
2022-07-06,2022,7,64631122,Pulse1,captis_pulse,MAROOCHYDORE,Residential,1350.0,103.84615384615384,230.0,20.0,13,2025-12-08T10:18:57.190Z
2022-07-06,2022,7,60380381,Pulse1_Total,captis_pulse,BUDERIM,Residential,345151.0,20303.0,20304.0,20290.0,17,2025-12-08T10:18:57.190Z
2022-07-06,2022,7,60380381,Pulse1,captis_pulse,BUDERIM,Residential,11.0,0.6470588235294118,11.0,0.0,17,2025-12-08T10:18:57.190Z
2022-07-06,2022,7,28488051,Pulse1,captis_pulse,MAROOCHYDORE,Non-Residential,3098.0,172.11111111111111,271.0,80.0,18,2025-12-08T10:18:57.190Z
2022-07-06,2022,7,64631122,DeviceTemperature,captis_pulse,MAROOCHYDORE,Residential,20.2,20.2,20.2,20.2,1,2025-12-08T10:18:57.190Z
2022-07-06,2022,7,60380381,DeviceTemperature,captis_pulse,BUDERIM,Residential,18.0,18.0,18.0,18.0,1,2025-12-08T10:18:57.190Z
2022-07-05,2022,7,65088496,Pulse1,captis_pulse,BUDERIM,Residential,2100.0,39.62264150943396,200.0,0.0,53,2025-12-08T10:18:57.190Z
2022-07-05,2022,7,65088496,Battery,captis_pulse,BUDERIM,Residential,74.4,24.8,69.0,1.76,3,2025-12-08T10:18:57.190Z
2022-07-05,2022,7,65088496,DeviceTemperature,captis_pulse,BUDERIM,Residential,26.17,13.085,13.5,12.67,2,2025-12-08T10:18:57.190Z
2022-07-04,2022,7,65088496,Pulse1,captis_pulse,BUDERIM,Residential,300.0,13.043478260869565,100.0,0.0,23,2025-12-08T10:18:57.190Z
2022-07-04,2022,7,65088496,DeviceTemperature,captis_pulse,BUDERIM,Residential,23.55,11.775,12.25,11.3,2,2025-12-08T10:18:57.190Z
2022-07-04,2022,7,65088496,Battery,captis_pulse,BUDERIM,Residential,1.866,1.866,1.866,1.866,1,2025-12-08T10:18:57.190Z
2022-07-06,2022,7,65088496,Pulse1,captis_pulse,BUDERIM,Residential,800.0,53.333333333333336,200.0,0.0,15,2025-12-08T10:18:57.190Z
2022-07-06,2022,7,65088496,DeviceTemperature,captis_pulse,BUDERIM,Residential,20.7,20.7,20.7,20.7,1,2025-12-08T10:18:57.190Z
2022-07-05,2022,7,2364,Pulse1,captis_pulse,BUDERIM,Residential,476.0,9.714285714285714,99.0,0.0,49,2025-12-08T10:18:57.190Z
2022-07-05,2022,7,46053341,Pulse1,captis_pulse,MAROOCHYDORE,Residential,3920.0,66.44067796610169,340.0,0.0,59,2025-12-08T10:18:57.190Z
2022-07-05,2022,7,61145337,Pulse1,captis_pulse,BUDERIM,Residential,0.0,0.0,0.0,0.0,50,2025-12-08T10:18:57.190Z
2022-07-05,2022,7,29297,Pulse1,captis_pulse,MAROOCHYDORE,Residential,0.0,0.0,0.0,0.0,50,2025-12-08T10:18:57.190Z
2022-07-05,2022,7,8983790,Pulse1_Total,captis_pulse,MAROOCHYDORE,Residential,3900390.0,78007.8,78045.0,77885.0,50,2025-12-08T10:18:57.190Z
2022-07-05,2022,7,8983790,Pulse1,captis_pulse,MAROOCHYDORE,Residential,163.0,3.26,30.0,0.0,50,2025-12-08T10:18:57.190Z
2022-07-05,2022,7,61145337,Pulse1_Total,captis_pulse,BUDERIM,Residential,1715.0,35.0,35.0,35.0,49,2025-12-08T10:18:57.190Z
2022-07-05,2022,7,69408279,Pulse1_Total,captis_pulse,BUDERIM,Residential,1516464.0,44601.882352941175,44818.0,44434.0,34,2025-12-08T10:18:57.190Z
2022-07-05,2022,7,69408279,Pulse1,captis_pulse,BUDERIM,Residential,33.0,0.9705882352941176,18.0,0.0,34,2025-12-08T10:18:57.190Z
2022-07-05,2022,7,69408279,DeviceTemperature,captis_pulse,BUDERIM,Residential,36.5,12.166666666666666,12.9,11.5,3,2025-12-08T10:18:57.190Z
2022-07-05,2022,7,8983790,DeviceTemperature,captis_pulse,MAROOCHYDORE,Residential,15.0,15.0,15.0,15.0,1,2025-12-08T10:18:57.190Z
2022-07-05,2022,7,46053341,Battery,captis_pulse,MAROOCHYDORE,Residential,73.794,24.598,68.0,2.154,3,2025-12-08T10:18:57.190Z
2022-07-05,2022,7,2364,Battery,captis_pulse,BUDERIM,Residential,74.347,24.78233333333333,69.0,1.707,3,2025-12-08T10:18:57.190Z
2022-07-05,2022,7,46053341,DeviceTemperature,captis_pulse,MAROOCHYDORE,Residential,29.89,14.945,15.3,14.59,2,2025-12-08T10:18:57.190Z
2022-07-05,2022,7,29297,DeviceTemperature,captis_pulse,MAROOCHYDORE,Residential,13.72,13.72,13.72,13.72,1,2025-12-08T10:18:57.190Z
2022-07-05,2022,7,8983790,Battery,captis_pulse,MAROOCHYDORE,Residential,74.494,24.831333333333333,69.0,1.854,3,2025-12-08T10:18:57.190Z
2022-07-05,2022,7,29297,Battery,captis_pulse,MAROOCHYDORE,Residential,76.085,25.361666666666665,70.0,2.445,3,2025-12-08T10:18:57.190Z
2022-07-05,2022,7,61145337,Battery,captis_pulse,BUDERIM,Residential,3.64,3.64,3.64,3.64,1,2025-12-08T10:18:57.190Z
2022-07-05,2022,7,2364,DeviceTemperature,captis_pulse,BUDERIM,Residential,26.41,13.205,13.6,12.81,2,2025-12-08T10:18:57.190Z
2022-07-05,2022,7,61145337,DeviceTemperature,captis_pulse,BUDERIM,Residential,13.63,13.63,13.63,13.63,1,2025-12-08T10:18:57.190Z
2022-07-05,2022,7,69408279,Battery,captis_pulse,BUDERIM,Residential,3.64,3.64,3.64,3.64,1,2025-12-08T10:18:57.190Z
2022-07-04,2022,7,69408279,Pulse1_Total,captis_pulse,BUDERIM,Residential,1108517.0,44340.68,44434.0,44329.0,25,2025-12-08T10:18:57.190Z
2022-07-04,2022,7,69408279,Pulse1,captis_pulse,BUDERIM,Residential,104.0,4.16,31.0,0.0,25,2025-12-08T10:18:57.190Z
2022-07-04,2022,7,2364,Pulse1,captis_pulse,BUDERIM,Residential,47.0,2.0434782608695654,27.0,0.0,23,2025-12-08T10:18:57.190Z
2022-07-04,2022,7,46053341,Pulse1,captis_pulse,MAROOCHYDORE,Residential,950.0,43.18181818181818,230.0,0.0,22,2025-12-08T10:18:57.190Z
2022-07-04,2022,7,61145337,Pulse1_Total,captis_pulse,BUDERIM,Residential,840.0,35.0,35.0,35.0,24,2025-12-08T10:18:57.190Z
2022-07-04,2022,7,61145337,Pulse1,captis_pulse,BUDERIM,Residential,0.0,0.0,0.0,0.0,24,2025-12-08T10:18:57.190Z
2022-07-04,2022,7,29297,Pulse1,captis_pulse,MAROOCHYDORE,Residential,0.0,0.0,0.0,0.0,21,2025-12-08T10:18:57.190Z
2022-07-04,2022,7,8983790,Pulse1_Total,captis_pulse,MAROOCHYDORE,Residential,1790964.0,77868.0,77868.0,77868.0,23,2025-12-08T10:18:57.190Z
2022-07-04,2022,7,8983790,Pulse1,captis_pulse,MAROOCHYDORE,Residential,0.0,0.0,0.0,0.0,23,2025-12-08T10:18:57.190Z
2022-07-04,2022,7,29297,DeviceTemperature,captis_pulse,MAROOCHYDORE,Residential,12.1,12.1,12.1,12.1,1,2025-12-08T10:18:57.190Z
2022-07-04,2022,7,8983790,DeviceTemperature,captis_pulse,MAROOCHYDORE,Residential,24.4,12.2,12.4,12.0,2,2025-12-08T10:18:57.190Z
2022-07-04,2022,7,46053341,Battery,captis_pulse,MAROOCHYDORE,Residential,72.655,24.218333333333334,67.0,2.015,3,2025-12-08T10:18:57.190Z
2022-07-04,2022,7,2364,Battery,captis_pulse,BUDERIM,Residential,1.592,1.592,1.592,1.592,1,2025-12-08T10:18:57.190Z
2022-07-04,2022,7,46053341,DeviceTemperature,captis_pulse,MAROOCHYDORE,Residential,27.64,13.82,14.54,13.1,2,2025-12-08T10:18:57.190Z
2022-07-04,2022,7,29297,Battery,captis_pulse,MAROOCHYDORE,Residential,76.604,25.534666666666666,71.0,1.964,3,2025-12-08T10:18:57.190Z
2022-07-04,2022,7,61145337,DeviceTemperature,captis_pulse,BUDERIM,Residential,13.1,13.1,13.1,13.1,1,2025-12-08T10:18:57.190Z
2022-07-06,2022,7,2364,Pulse1,captis_pulse,BUDERIM,Residential,1.0,0.07692307692307693,1.0,0.0,13,2025-12-08T10:18:57.190Z
2022-07-06,2022,7,46053341,Pulse1,captis_pulse,MAROOCHYDORE,Residential,1480.0,113.84615384615384,220.0,30.0,13,2025-12-08T10:18:57.190Z
2022-07-06,2022,7,61145337,Pulse1_Total,captis_pulse,BUDERIM,Residential,455.0,35.0,35.0,35.0,13,2025-12-08T10:18:57.190Z
2022-07-06,2022,7,61145337,Pulse1,captis_pulse,BUDERIM,Residential,0.0,0.0,0.0,0.0,13,2025-12-08T10:18:57.190Z
2022-07-06,2022,7,29297,Pulse1,captis_pulse,MAROOCHYDORE,Residential,0.0,0.0,0.0,0.0,13,2025-12-08T10:18:57.190Z
2022-07-06,2022,7,8983790,Pulse1_Total,captis_pulse,MAROOCHYDORE,Residential,1249793.0,78112.0625,78148.0,78064.0,16,2025-12-08T10:18:57.190Z
2022-07-06,2022,7,8983790,Pulse1,captis_pulse,MAROOCHYDORE,Residential,15.0,0.9375,6.0,0.0,16,2025-12-08T10:18:57.190Z
2022-07-06,2022,7,69408279,Pulse1_Total,captis_pulse,BUDERIM,Residential,404382.0,44931.333333333336,44938.0,44906.0,9,2025-12-08T10:18:57.190Z
2022-07-06,2022,7,69408279,Pulse1,captis_pulse,BUDERIM,Residential,0.0,0.0,0.0,0.0,9,2025-12-08T10:18:57.190Z
2022-07-06,2022,7,61145337,DeviceTemperature,captis_pulse,BUDERIM,Residential,20.8,20.8,20.8,20.8,1,2025-12-08T10:18:57.190Z
2022-07-06,2022,7,2364,DeviceTemperature,captis_pulse,BUDERIM,Residential,23.7,23.7,23.7,23.7,1,2025-12-08T10:18:57.190Z
2022-07-06,2022,7,8983790,DeviceTemperature,captis_pulse,MAROOCHYDORE,Residential,31.6,31.6,31.6,31.6,1,2025-12-08T10:18:57.190Z
2022-07-06,2022,7,69408279,Battery,captis_pulse,BUDERIM,Residential,3.64,3.64,3.64,3.64,1,2025-12-08T10:18:57.190Z
2022-07-05,2022,7,77617,Pulse1,captis_pulse,BUDERIM,Residential,602.0,12.04,76.0,2.0,50,2025-12-08T10:18:57.190Z
2022-07-05,2022,7,61940444,Pulse1,captis_pulse,BUDERIM,Residential,214.0,4.458333333333333,77.0,0.0,48,2025-12-08T10:18:57.190Z
2022-07-05,2022,7,77617,DeviceTemperature,captis_pulse,BUDERIM,Residential,28.86,14.43,15.1,13.76,2,2025-12-08T10:18:57.190Z
2022-07-05,2022,7,71270,Pulse1,captis_pulse,KULUIN,Residential,497.0,9.203703703703704,71.0,0.0,54,2025-12-08T10:18:57.190Z
2022-07-05,2022,7,65088475,Pulse1,captis_pulse,BUDERIM,Residential,0.0,0.0,0.0,0.0,53,2025-12-08T10:18:57.190Z
2022-07-05,2022,7,48281097,Pulse1,captis_pulse,MAROOCHYDORE,Non-Residential,14350.0,275.96153846153845,680.0,20.0,52,2025-12-08T10:18:57.190Z
2022-07-05,2022,7,104852,Pulse1,captis_pulse,BUDERIM,Residential,279.0,7.342105263157895,108.0,0.0,38,2025-12-08T10:18:57.190Z
2022-07-05,2022,7,60259739,DeviceTemperature,captis_pulse,BUDERIM,Residential,12.5,12.5,12.5,12.5,1,2025-12-08T10:18:57.190Z
2022-07-05,2022,7,60259739,Pulse1_Total,captis_pulse,BUDERIM,Residential,0.0,0.0,0.0,0.0,17,2025-12-08T10:18:57.190Z
2022-07-05,2022,7,60259739,Pulse1,captis_pulse,BUDERIM,Residential,0.0,0.0,0.0,0.0,17,2025-12-08T10:18:57.190Z
2022-07-05,2022,7,61940444,DeviceTemperature,captis_pulse,BUDERIM,Residential,30.020000000000003,15.010000000000002,15.3,14.72,2,2025-12-08T10:18:57.190Z
2022-07-05,2022,7,65088475,Battery,captis_pulse,BUDERIM,Residential,79.871,26.623666666666665,74.0,2.231,3,2025-12-08T10:18:57.190Z
2022-07-05,2022,7,65088475,DeviceTemperature,captis_pulse,BUDERIM,Residential,13.72,13.72,13.72,13.72,1,2025-12-08T10:18:57.190Z
2022-07-05,2022,7,60259739,Battery,captis_pulse,BUDERIM,Residential,3.62,3.62,3.62,3.62,1,2025-12-08T10:18:57.190Z
2022-07-05,2022,7,104852,DeviceTemperature,captis_pulse,BUDERIM,Residential,13.92,13.92,13.92,13.92,1,2025-12-08T10:18:57.190Z
2022-07-05,2022,7,48281097,Battery,captis_pulse,MAROOCHYDORE,Non-Residential,76.298,25.432666666666666,70.0,2.658,3,2025-12-08T10:18:57.190Z
2022-07-05,2022,7,48281097,DeviceTemperature,captis_pulse,MAROOCHYDORE,Non-Residential,15.22,15.22,15.22,15.22,1,2025-12-08T10:18:57.190Z
2022-07-05,2022,7,104852,Battery,captis_pulse,BUDERIM,Residential,75.96199999999999,25.320666666666664,69.0,3.332,3,2025-12-08T10:18:57.190Z
2022-07-05,2022,7,71270,DeviceTemperature,captis_pulse,KULUIN,Residential,14.0,14.0,14.0,14.0,1,2025-12-08T10:18:57.190Z
2022-07-04,2022,7,77617,Pulse1,captis_pulse,BUDERIM,Residential,244.0,6.9714285714285715,66.0,2.0,35,2025-12-08T10:18:57.190Z
2022-07-04,2022,7,61940444,Pulse1,captis_pulse,BUDERIM,Residential,50.0,2.380952380952381,20.0,0.0,21,2025-12-08T10:18:57.190Z
2022-07-04,2022,7,104852,Pulse1,captis_pulse,BUDERIM,Residential,34.0,1.4782608695652173,15.0,0.0,23,2025-12-08T10:18:57.190Z
2022-07-04,2022,7,60259739,Pulse1_Total,captis_pulse,BUDERIM,Residential,0.0,0.0,0.0,0.0,9,2025-12-08T10:18:57.190Z
2022-07-04,2022,7,60259739,Pulse1,captis_pulse,BUDERIM,Residential,0.0,0.0,0.0,0.0,9,2025-12-08T10:18:57.190Z
2022-07-04,2022,7,71270,Pulse1,captis_pulse,KULUIN,Residential,148.0,6.434782608695652,60.0,0.0,23,2025-12-08T10:18:57.190Z
2022-07-04,2022,7,65088475,Pulse1,captis_pulse,BUDERIM,Residential,0.0,0.0,0.0,0.0,25,2025-12-08T10:18:57.190Z
2022-07-04,2022,7,48281097,Pulse1,captis_pulse,MAROOCHYDORE,Non-Residential,4680.0,180.0,620.0,20.0,26,2025-12-08T10:18:57.190Z
2022-07-04,2022,7,48281097,DeviceTemperature,captis_pulse,MAROOCHYDORE,Non-Residential,44.6,14.866666666666667,15.3,14.5,3,2025-12-08T10:18:57.190Z
2022-07-04,2022,7,71270,DeviceTemperature,captis_pulse,KULUIN,Residential,36.33,12.11,12.93,11.6,3,2025-12-08T10:18:57.190Z
2022-07-04,2022,7,60259739,Battery,captis_pulse,BUDERIM,Residential,3.62,3.62,3.62,3.62,1,2025-12-08T10:18:57.190Z
2022-07-04,2022,7,61940444,DeviceTemperature,captis_pulse,BUDERIM,Residential,43.67,14.556666666666667,15.17,14.2,3,2025-12-08T10:18:57.190Z
2022-07-04,2022,7,65088475,Battery,captis_pulse,BUDERIM,Residential,73.602,24.534000000000002,68.0,1.962,3,2025-12-08T10:18:57.190Z
2022-07-04,2022,7,65088475,DeviceTemperature,captis_pulse,BUDERIM,Residential,39.33,13.11,13.73,12.8,3,2025-12-08T10:18:57.190Z
2022-07-04,2022,7,77617,DeviceTemperature,captis_pulse,BUDERIM,Residential,37.01,12.336666666666666,13.31,11.8,3,2025-12-08T10:18:57.190Z
2022-07-04,2022,7,61940444,Battery,captis_pulse,BUDERIM,Residential,74.63,37.315,71.0,3.63,2,2025-12-08T10:18:57.190Z
2022-07-04,2022,7,104852,DeviceTemperature,captis_pulse,BUDERIM,Residential,25.23,12.615,13.33,11.9,2,2025-12-08T10:18:57.190Z
2022-07-04,2022,7,60259739,DeviceTemperature,captis_pulse,BUDERIM,Residential,10.2,10.2,10.2,10.2,1,2025-12-08T10:18:57.190Z
2022-07-04,2022,7,48281097,Battery,captis_pulse,MAROOCHYDORE,Non-Residential,74.937,24.979,69.0,2.297,3,2025-12-08T10:18:57.190Z
2022-07-06,2022,7,77617,Pulse1,captis_pulse,BUDERIM,Residential,105.0,7.0,25.0,3.0,15,2025-12-08T10:18:57.190Z
2022-07-06,2022,7,104852,Pulse1,captis_pulse,BUDERIM,Residential,80.0,6.153846153846154,30.0,0.0,13,2025-12-08T10:18:57.190Z
2022-07-06,2022,7,60259739,Pulse1_Total,captis_pulse,BUDERIM,Residential,0.0,0.0,0.0,0.0,17,2025-12-08T10:18:57.190Z
2022-07-06,2022,7,60259739,Pulse1,captis_pulse,BUDERIM,Residential,0.0,0.0,0.0,0.0,17,2025-12-08T10:18:57.190Z
2022-07-06,2022,7,71270,Pulse1,captis_pulse,KULUIN,Residential,196.0,10.88888888888889,84.0,0.0,18,2025-12-08T10:18:57.190Z
2022-07-06,2022,7,65088475,Pulse1,captis_pulse,BUDERIM,Residential,0.0,0.0,0.0,0.0,19,2025-12-08T10:18:57.190Z
2022-07-06,2022,7,48281097,Pulse1,captis_pulse,MAROOCHYDORE,Non-Residential,6510.0,342.63157894736844,520.0,140.0,19,2025-12-08T10:18:57.190Z
2022-07-06,2022,7,60259739,DeviceTemperature,captis_pulse,BUDERIM,Residential,19.3,19.3,19.3,19.3,1,2025-12-08T10:18:57.190Z
2022-07-06,2022,7,77617,DeviceTemperature,captis_pulse,BUDERIM,Residential,37.9,37.9,37.9,37.9,1,2025-12-08T10:18:57.190Z
2022-07-06,2022,7,71270,DeviceTemperature,captis_pulse,KULUIN,Residential,23.1,23.1,23.1,23.1,1,2025-12-08T10:18:57.190Z
2022-07-05,2022,7,61150108,Pulse1_Total,captis_pulse,BUDERIM,Residential,1814452.0,36289.04,36328.0,36241.0,50,2025-12-08T10:18:57.190Z
2022-07-05,2022,7,61150108,Pulse1,captis_pulse,BUDERIM,Residential,54.0,1.08,10.0,0.0,50,2025-12-08T10:18:57.190Z
2022-07-05,2022,7,97600,Pulse1,captis_pulse,BUDERIM,Residential,82.0,1.64,30.0,0.0,50,2025-12-08T10:18:57.190Z
2022-07-05,2022,7,97600,DeviceTemperature,captis_pulse,BUDERIM,Residential,27.479999999999997,13.739999999999998,14.2,13.28,2,2025-12-08T10:18:57.190Z
2022-07-05,2022,7,97600,Battery,captis_pulse,BUDERIM,Residential,76.309,25.436333333333334,71.0,1.679,3,2025-12-08T10:18:57.190Z
2022-07-05,2022,7,61150108,DeviceTemperature,captis_pulse,BUDERIM,Residential,28.45,14.225,14.7,13.75,2,2025-12-08T10:18:57.190Z
2022-07-04,2022,7,61150108,Pulse1_Total,captis_pulse,BUDERIM,Residential,833323.0,36231.434782608696,36236.0,36231.0,23,2025-12-08T10:18:57.190Z
2022-07-04,2022,7,61150108,Pulse1,captis_pulse,BUDERIM,Residential,5.0,0.21739130434782608,5.0,0.0,23,2025-12-08T10:18:57.190Z
2022-07-04,2022,7,97600,Pulse1,captis_pulse,BUDERIM,Residential,13.0,0.5909090909090909,3.0,0.0,22,2025-12-08T10:18:57.190Z
2022-07-04,2022,7,97600,DeviceTemperature,captis_pulse,BUDERIM,Residential,36.370000000000005,12.123333333333335,12.97,11.5,3,2025-12-08T10:18:57.190Z
2022-07-04,2022,7,61150108,DeviceTemperature,captis_pulse,BUDERIM,Residential,25.259999999999998,12.629999999999999,13.16,12.1,2,2025-12-08T10:18:57.190Z
2022-07-06,2022,7,61150108,Pulse1_Total,captis_pulse,BUDERIM,Residential,583122.0,36445.125,36533.0,36334.0,16,2025-12-08T10:18:57.190Z
2022-07-06,2022,7,61150108,Pulse1,captis_pulse,BUDERIM,Residential,124.0,7.75,61.0,0.0,16,2025-12-08T10:18:57.190Z
2022-07-06,2022,7,97600,Pulse1,captis_pulse,BUDERIM,Residential,13.0,0.8666666666666667,6.0,0.0,15,2025-12-08T10:18:57.190Z
2022-07-05,2022,7,409,Pulse1,captis_pulse,MAROOCHYDORE,Residential,0.0,0.0,0.0,0.0,54,2025-12-08T10:18:57.190Z
2022-07-05,2022,7,81970809,Pulse1,captis_pulse,MAROOCHYDORE,Residential,175.0,10.9375,70.0,0.0,16,2025-12-08T10:18:57.190Z
2022-07-04,2022,7,81970809,Pulse1,captis_pulse,MAROOCHYDORE,Residential,345.0,20.294117647058822,110.0,0.0,17,2025-12-08T10:18:57.190Z
2022-07-04,2022,7,409,Pulse1,captis_pulse,MAROOCHYDORE,Residential,0.0,0.0,0.0,0.0,24,2025-12-08T10:18:57.190Z
2022-07-04,2022,7,409,DeviceTemperature,captis_pulse,MAROOCHYDORE,Residential,33.45,16.725,17.65,15.8,2,2025-12-08T10:18:57.190Z
2022-07-04,2022,7,409,Battery,captis_pulse,MAROOCHYDORE,Residential,81.92500000000001,27.308333333333337,76.0,2.385,3,2025-12-08T10:18:57.190Z
2022-07-04,2022,7,81970809,DeviceTemperature,captis_pulse,MAROOCHYDORE,Residential,26.12,13.06,13.72,12.4,2,2025-12-08T10:18:57.190Z
2022-07-04,2022,7,81970809,Battery,captis_pulse,MAROOCHYDORE,Residential,72.63,36.315,69.0,3.63,2,2025-12-08T10:18:57.190Z
2022-07-06,2022,7,409,Pulse1,captis_pulse,MAROOCHYDORE,Residential,0.0,0.0,0.0,0.0,18,2025-12-08T10:18:57.190Z
2022-07-05,2022,7,62367105,Pulse1_Total,captis_pulse,BUDERIM,Residential,1739814.0,35506.4081632653,35580.0,35439.0,49,2025-12-08T10:18:57.190Z
2022-07-05,2022,7,62367105,Pulse1,captis_pulse,BUDERIM,Residential,28.0,0.5714285714285714,9.0,0.0,49,2025-12-08T10:18:57.190Z
2022-07-05,2022,7,63407,Pulse1,captis_pulse,BUDERIM,Residential,117.0,2.1666666666666665,17.0,0.0,54,2025-12-08T10:18:57.190Z
2022-07-05,2022,7,5487,Pulse1,captis_pulse,BUDERIM,Residential,454.0,8.901960784313726,101.0,0.0,51,2025-12-08T10:18:57.190Z
2022-07-05,2022,7,81984256,Pulse1,captis_pulse,MAROOCHYDORE,Residential,260.0,9.62962962962963,85.0,0.0,27,2025-12-08T10:18:57.190Z
2022-07-05,2022,7,63407,Battery,captis_pulse,BUDERIM,Residential,76.197,25.399,70.0,2.577,3,2025-12-08T10:18:57.190Z
2022-07-05,2022,7,5487,Battery,captis_pulse,BUDERIM,Residential,73.688,24.56266666666667,68.0,2.068,3,2025-12-08T10:18:57.190Z
2022-07-05,2022,7,5487,DeviceTemperature,captis_pulse,BUDERIM,Residential,28.28,14.14,15.0,13.28,2,2025-12-08T10:18:57.190Z
2022-07-05,2022,7,81984256,Battery,captis_pulse,MAROOCHYDORE,Residential,106.64,53.32,103.0,3.64,2,2025-12-08T10:18:57.190Z
2022-07-05,2022,7,62367105,DeviceTemperature,captis_pulse,BUDERIM,Residential,15.7,15.7,15.7,15.7,1,2025-12-08T10:18:57.190Z
2022-07-05,2022,7,81984256,DeviceTemperature,captis_pulse,MAROOCHYDORE,Residential,13.87,13.87,13.87,13.87,1,2025-12-08T10:18:57.190Z
2022-07-05,2022,7,63407,DeviceTemperature,captis_pulse,BUDERIM,Residential,14.7,14.7,14.7,14.7,1,2025-12-08T10:18:57.190Z
2022-07-04,2022,7,81984256,Pulse1,captis_pulse,MAROOCHYDORE,Residential,125.0,5.0,30.0,0.0,25,2025-12-08T10:18:57.190Z
2022-07-04,2022,7,62367105,Pulse1_Total,captis_pulse,BUDERIM,Residential,779534.0,35433.36363636364,35439.0,35428.0,22,2025-12-08T10:18:57.190Z
2022-07-04,2022,7,62367105,Pulse1,captis_pulse,BUDERIM,Residential,6.0,0.2727272727272727,4.0,0.0,22,2025-12-08T10:18:57.190Z
2022-07-04,2022,7,5487,Pulse1,captis_pulse,BUDERIM,Residential,187.0,8.5,98.0,0.0,22,2025-12-08T10:18:57.190Z
2022-07-04,2022,7,63407,Pulse1,captis_pulse,BUDERIM,Residential,30.0,1.2,9.0,0.0,25,2025-12-08T10:18:57.190Z
2022-07-04,2022,7,62367105,DeviceTemperature,captis_pulse,BUDERIM,Residential,14.8,14.8,14.8,14.8,1,2025-12-08T10:18:57.190Z
2022-07-04,2022,7,63407,DeviceTemperature,captis_pulse,BUDERIM,Residential,11.5,11.5,11.5,11.5,1,2025-12-08T10:18:57.190Z
2022-07-04,2022,7,5487,Battery,captis_pulse,BUDERIM,Residential,72.54599999999999,24.182,67.0,1.916,3,2025-12-08T10:18:57.190Z
2022-07-04,2022,7,5487,DeviceTemperature,captis_pulse,BUDERIM,Residential,11.3,11.3,11.3,11.3,1,2025-12-08T10:18:57.190Z
2022-07-06,2022,7,62367105,Pulse1_Total,captis_pulse,BUDERIM,Residential,498204.0,35586.0,35596.0,35580.0,14,2025-12-08T10:18:57.190Z
2022-07-06,2022,7,62367105,Pulse1,captis_pulse,BUDERIM,Residential,10.0,0.7142857142857143,10.0,0.0,14,2025-12-08T10:18:57.190Z
2022-07-06,2022,7,63407,Pulse1,captis_pulse,BUDERIM,Residential,34.0,2.2666666666666666,10.0,0.0,15,2025-12-08T10:18:57.190Z
2022-07-06,2022,7,5487,Pulse1,captis_pulse,BUDERIM,Residential,115.0,7.666666666666667,56.0,0.0,15,2025-12-08T10:18:57.190Z
2022-07-06,2022,7,5487,DeviceTemperature,captis_pulse,BUDERIM,Residential,29.1,29.1,29.1,29.1,1,2025-12-08T10:18:57.190Z
2022-07-06,2022,7,81984256,Pulse1,captis_pulse,MAROOCHYDORE,Residential,90.0,30.0,35.0,20.0,3,2025-12-08T10:18:57.190Z
2022-07-06,2022,7,81984256,Battery,captis_pulse,MAROOCHYDORE,Residential,74.64,37.32,71.0,3.64,2,2025-12-08T10:18:57.190Z
2022-07-06,2022,7,81984256,DeviceTemperature,captis_pulse,MAROOCHYDORE,Residential,43.39,21.695,27.7,15.69,2,2025-12-08T10:18:57.190Z
2022-07-06,2022,7,63407,DeviceTemperature,captis_pulse,BUDERIM,Residential,26.9,26.9,26.9,26.9,1,2025-12-08T10:18:57.190Z
2022-07-05,2022,7,324588,Pulse1,captis_pulse,BUDERIM,Residential,132.0,2.0307692307692307,68.0,0.0,65,2025-12-08T10:18:57.190Z
2022-07-05,2022,7,324588,Battery,captis_pulse,BUDERIM,Residential,74.38199999999999,24.793999999999997,69.0,1.752,3,2025-12-08T10:18:57.190Z
2022-07-05,2022,7,324588,DeviceTemperature,captis_pulse,BUDERIM,Residential,27.32,13.66,14.1,13.22,2,2025-12-08T10:18:57.190Z
2022-07-04,2022,7,324588,Pulse1,captis_pulse,BUDERIM,Residential,121.0,5.260869565217392,62.0,0.0,23,2025-12-08T10:18:57.190Z
2022-07-04,2022,7,324588,DeviceTemperature,captis_pulse,BUDERIM,Residential,24.54,12.27,13.04,11.5,2,2025-12-08T10:18:57.190Z
2022-07-04,2022,7,324588,Battery,captis_pulse,BUDERIM,Residential,1.767,1.767,1.767,1.767,1,2025-12-08T10:18:57.190Z
2022-07-06,2022,7,324588,Pulse1,captis_pulse,BUDERIM,Residential,144.0,9.6,60.0,0.0,15,2025-12-08T10:18:57.190Z
2022-07-05,2022,7,21892943,Pulse1_Total,captis_pulse,MAROOCHYDORE,Non-Residential,437760.0,9120.0,9120.0,9120.0,48,2025-12-08T10:18:57.190Z
2022-07-05,2022,7,21892943,Pulse1,captis_pulse,MAROOCHYDORE,Non-Residential,0.0,0.0,0.0,0.0,50,2025-12-08T10:18:57.190Z
2022-07-05,2022,7,9394112,Pulse1,captis_pulse,KULUIN,Residential,112.0,1.8983050847457628,13.0,0.0,59,2025-12-08T10:18:57.190Z
2022-07-05,2022,7,9130,Pulse1,captis_pulse,BUDERIM,Residential,270.0,5.4,82.0,0.0,50,2025-12-08T10:18:57.190Z
2022-07-05,2022,7,60255447,Pulse1_Total,captis_pulse,BUDERIM,Residential,2577226.0,51544.52,51630.0,51440.0,50,2025-12-08T10:18:57.190Z
2022-07-05,2022,7,60255447,Pulse1,captis_pulse,BUDERIM,Residential,121.0,2.42,64.0,0.0,50,2025-12-08T10:18:57.190Z
2022-07-05,2022,7,403727,Pulse1,captis_pulse,BUDERIM,Residential,9.0,0.5,9.0,0.0,18,2025-12-08T10:18:57.190Z
2022-07-05,2022,7,9130,DeviceTemperature,captis_pulse,BUDERIM,Residential,28.560000000000002,14.280000000000001,14.9,13.66,2,2025-12-08T10:18:57.190Z
2022-07-05,2022,7,60255447,DeviceTemperature,captis_pulse,BUDERIM,Residential,24.810000000000002,12.405000000000001,12.8,12.01,2,2025-12-08T10:18:57.190Z
2022-07-05,2022,7,46056359,DeviceTemperature,captis_pulse,MAROOCHYDORE,Residential,28.240000000000002,14.120000000000001,14.6,13.64,2,2025-12-08T10:18:57.190Z
2022-07-05,2022,7,46056359,Battery,captis_pulse,MAROOCHYDORE,Residential,3.64,3.64,3.64,3.64,1,2025-12-08T10:18:57.190Z
2022-07-05,2022,7,21892943,DeviceTemperature,captis_pulse,MAROOCHYDORE,Non-Residential,16.0,16.0,16.0,16.0,1,2025-12-08T10:18:57.190Z
2022-07-05,2022,7,9394112,DeviceTemperature,captis_pulse,KULUIN,Residential,16.0,16.0,16.0,16.0,1,2025-12-08T10:18:57.190Z
2022-07-04,2022,7,21892943,Pulse1_Total,captis_pulse,MAROOCHYDORE,Non-Residential,200640.0,9120.0,9120.0,9120.0,22,2025-12-08T10:18:57.190Z
2022-07-04,2022,7,21892943,Pulse1,captis_pulse,MAROOCHYDORE,Non-Residential,0.0,0.0,0.0,0.0,23,2025-12-08T10:18:57.190Z
2022-07-04,2022,7,9394112,Pulse1,captis_pulse,KULUIN,Residential,40.0,1.6666666666666667,15.0,0.0,24,2025-12-08T10:18:57.190Z
2022-07-04,2022,7,403727,Pulse1,captis_pulse,BUDERIM,Residential,0.0,0.0,0.0,0.0,8,2025-12-08T10:18:57.190Z
2022-07-04,2022,7,9130,Pulse1,captis_pulse,BUDERIM,Residential,344.0,9.297297297297296,137.0,0.0,37,2025-12-08T10:18:57.190Z
2022-07-04,2022,7,60255447,Pulse1_Total,captis_pulse,BUDERIM,Residential,1336544.0,51405.53846153846,51430.0,51393.0,26,2025-12-08T10:18:57.190Z
2022-07-04,2022,7,60255447,Pulse1,captis_pulse,BUDERIM,Residential,9.0,0.34615384615384615,3.0,0.0,26,2025-12-08T10:18:57.190Z
2022-07-04,2022,7,9394112,DeviceTemperature,captis_pulse,KULUIN,Residential,11.8,11.8,11.8,11.8,1,2025-12-08T10:18:57.190Z
2022-07-04,2022,7,403727,Battery,captis_pulse,BUDERIM,Residential,73.62,36.81,70.0,3.62,2,2025-12-08T10:18:57.190Z
2022-07-04,2022,7,403727,DeviceTemperature,captis_pulse,BUDERIM,Residential,32.44,16.22,16.74,15.7,2,2025-12-08T10:18:57.190Z
2022-07-04,2022,7,46056359,DeviceTemperature,captis_pulse,MAROOCHYDORE,Residential,12.0,12.0,12.0,12.0,1,2025-12-08T10:18:57.190Z
2022-07-04,2022,7,60255447,Battery,captis_pulse,BUDERIM,Residential,3.62,3.62,3.62,3.62,1,2025-12-08T10:18:57.190Z
2022-07-04,2022,7,60255447,DeviceTemperature,captis_pulse,BUDERIM,Residential,25.0,12.5,14.3,10.7,2,2025-12-08T10:18:57.190Z
2022-07-04,2022,7,46056359,Battery,captis_pulse,MAROOCHYDORE,Residential,3.64,3.64,3.64,3.64,1,2025-12-08T10:18:57.190Z
2022-07-06,2022,7,21892943,Pulse1_Total,captis_pulse,MAROOCHYDORE,Non-Residential,136800.0,9120.0,9120.0,9120.0,15,2025-12-08T10:18:57.190Z
2022-07-06,2022,7,21892943,Pulse1,captis_pulse,MAROOCHYDORE,Non-Residential,0.0,0.0,0.0,0.0,15,2025-12-08T10:18:57.190Z
2022-07-06,2022,7,9394112,Pulse1,captis_pulse,KULUIN,Residential,212.0,12.470588235294118,95.0,0.0,17,2025-12-08T10:18:57.190Z
2022-07-06,2022,7,403727,Pulse1,captis_pulse,BUDERIM,Residential,108.0,6.0,47.0,0.0,18,2025-12-08T10:18:57.190Z
2022-07-05,2022,7,21675518,Pulse1,captis_pulse,BUDERIM,Non-Residential,0.0,0.0,0.0,0.0,51,2025-12-08T10:18:57.190Z
2022-07-05,2022,7,22046387,Pulse1,captis_pulse,KULUIN,Non-Residential,720.0,14.117647058823529,150.0,0.0,51,2025-12-08T10:18:57.190Z
2022-07-05,2022,7,62690591,Pulse1,captis_pulse,BUDERIM,Residential,1010.0,20.2,90.0,0.0,50,2025-12-08T10:18:57.190Z
2022-07-05,2022,7,62690591,DeviceTemperature,captis_pulse,BUDERIM,Residential,24.02,12.01,12.4,11.62,2,2025-12-08T10:18:57.190Z
2022-07-05,2022,7,21675518,DeviceTemperature,captis_pulse,BUDERIM,Non-Residential,14.82,14.82,14.82,14.82,1,2025-12-08T10:18:57.190Z
2022-07-05,2022,7,62690591,Battery,captis_pulse,BUDERIM,Residential,74.30300000000001,24.76766666666667,69.0,1.653,3,2025-12-08T10:18:57.190Z
2022-07-05,2022,7,21675518,Battery,captis_pulse,BUDERIM,Non-Residential,71.62,35.81,68.0,3.62,2,2025-12-08T10:18:57.190Z
2022-07-05,2022,7,22046387,Battery,captis_pulse,KULUIN,Non-Residential,71.437,23.81233333333333,66.0,1.797,3,2025-12-08T10:18:57.190Z
2022-07-05,2022,7,22046387,DeviceTemperature,captis_pulse,KULUIN,Non-Residential,15.0,15.0,15.0,15.0,1,2025-12-08T10:18:57.190Z
2022-07-04,2022,7,62690591,Pulse1,captis_pulse,BUDERIM,Residential,440.0,20.0,110.0,0.0,22,2025-12-08T10:18:57.190Z
2022-07-04,2022,7,21675518,Pulse1,captis_pulse,BUDERIM,Non-Residential,0.0,0.0,0.0,0.0,22,2025-12-08T10:18:57.190Z
2022-07-04,2022,7,22046387,Pulse1,captis_pulse,KULUIN,Non-Residential,230.0,10.0,50.0,0.0,23,2025-12-08T10:18:57.190Z
2022-07-04,2022,7,21675518,DeviceTemperature,captis_pulse,BUDERIM,Non-Residential,28.060000000000002,14.030000000000001,14.46,13.6,2,2025-12-08T10:18:57.190Z
2022-07-04,2022,7,62690591,DeviceTemperature,captis_pulse,BUDERIM,Residential,20.3,10.15,10.4,9.9,2,2025-12-08T10:18:57.190Z
2022-07-04,2022,7,62690591,Battery,captis_pulse,BUDERIM,Residential,1.764,1.764,1.764,1.764,1,2025-12-08T10:18:57.190Z
2022-07-06,2022,7,21675518,Pulse1,captis_pulse,BUDERIM,Non-Residential,0.0,0.0,0.0,0.0,10,2025-12-08T10:18:57.190Z
2022-07-06,2022,7,62690591,Pulse1,captis_pulse,BUDERIM,Residential,670.0,44.666666666666664,160.0,0.0,15,2025-12-08T10:18:57.190Z
2022-07-06,2022,7,22046387,Pulse1,captis_pulse,KULUIN,Non-Residential,1870.0,116.875,280.0,0.0,16,2025-12-08T10:18:57.190Z
2022-07-06,2022,7,62690591,DeviceTemperature,captis_pulse,BUDERIM,Residential,17.6,17.6,17.6,17.6,1,2025-12-08T10:18:57.190Z
2022-07-06,2022,7,22046387,DeviceTemperature,captis_pulse,KULUIN,Non-Residential,22.5,22.5,22.5,22.5,1,2025-12-08T10:18:57.190Z
2022-07-05,2022,7,61214573,Pulse1_Total,captis_pulse,BUDERIM,Residential,229418.0,4682.0,4682.0,4682.0,49,2025-12-08T10:18:57.190Z
2022-07-05,2022,7,61214573,Pulse1,captis_pulse,BUDERIM,Residential,0.0,0.0,0.0,0.0,49,2025-12-08T10:18:57.190Z
2022-07-05,2022,7,66042,Pulse1,captis_pulse,BUDERIM,Residential,103.0,2.06,39.0,0.0,50,2025-12-08T10:18:57.190Z
2022-07-05,2022,7,67715163,Pulse1_Total,captis_pulse,BUDERIM,Residential,1887.0,37.0,37.0,37.0,51,2025-12-08T10:18:57.190Z
2022-07-05,2022,7,67715163,Pulse1,captis_pulse,BUDERIM,Residential,0.0,0.0,0.0,0.0,51,2025-12-08T10:18:57.190Z
2022-07-05,2022,7,65084735,Pulse1,captis_pulse,MAROOCHYDORE,Residential,6800.0,161.9047619047619,600.0,0.0,42,2025-12-08T10:18:57.190Z
2022-07-05,2022,7,65084735,DeviceTemperature,captis_pulse,MAROOCHYDORE,Residential,43.080000000000005,14.360000000000001,14.9,13.88,3,2025-12-08T10:18:57.190Z
2022-07-05,2022,7,88144457,Pulse1,captis_pulse,MAROOCHYDORE,Residential,0.0,0.0,0.0,0.0,16,2025-12-08T10:18:57.190Z
2022-07-05,2022,7,62358722,Pulse1_Total,captis_pulse,BUDERIM,Residential,329.0,47.0,47.0,47.0,7,2025-12-08T10:18:57.190Z
2022-07-05,2022,7,62358722,Pulse1,captis_pulse,BUDERIM,Residential,0.0,0.0,0.0,0.0,8,2025-12-08T10:18:57.190Z
2022-07-05,2022,7,67715163,DeviceTemperature,captis_pulse,BUDERIM,Residential,24.67,12.335,12.7,11.97,2,2025-12-08T10:18:57.190Z
2022-07-05,2022,7,62358722,DeviceTemperature,captis_pulse,BUDERIM,Residential,16.78,16.78,16.78,16.78,1,2025-12-08T10:18:57.190Z
2022-07-05,2022,7,67715163,Battery,captis_pulse,BUDERIM,Residential,3.63,3.63,3.63,3.63,1,2025-12-08T10:18:57.190Z
2022-07-05,2022,7,61214573,DeviceTemperature,captis_pulse,BUDERIM,Residential,34.36,17.18,17.5,16.86,2,2025-12-08T10:18:57.190Z
2022-07-05,2022,7,61214573,Battery,captis_pulse,BUDERIM,Residential,3.64,3.64,3.64,3.64,1,2025-12-08T10:18:57.190Z
2022-07-05,2022,7,66042,Battery,captis_pulse,BUDERIM,Residential,74.609,24.869666666666664,69.0,1.979,3,2025-12-08T10:18:57.190Z
2022-07-05,2022,7,66042,DeviceTemperature,captis_pulse,BUDERIM,Residential,27.84,13.92,14.6,13.24,2,2025-12-08T10:18:57.190Z
2022-07-05,2022,7,65084735,Battery,captis_pulse,MAROOCHYDORE,Residential,72.64,36.32,69.0,3.64,2,2025-12-08T10:18:57.190Z
2022-07-04,2022,7,65084735,Pulse1,captis_pulse,MAROOCHYDORE,Residential,7100.0,284.0,1000.0,0.0,25,2025-12-08T10:18:57.190Z
2022-07-04,2022,7,88144457,Pulse1,captis_pulse,MAROOCHYDORE,Residential,0.0,0.0,0.0,0.0,18,2025-12-08T10:18:57.190Z
2022-07-04,2022,7,61214573,Pulse1_Total,captis_pulse,BUDERIM,Residential,107686.0,4682.0,4682.0,4682.0,23,2025-12-08T10:18:57.190Z
2022-07-04,2022,7,61214573,Pulse1,captis_pulse,BUDERIM,Residential,0.0,0.0,0.0,0.0,23,2025-12-08T10:18:57.190Z
2022-07-04,2022,7,66042,Pulse1,captis_pulse,BUDERIM,Residential,92.0,3.8333333333333335,61.0,0.0,24,2025-12-08T10:18:57.190Z
2022-07-04,2022,7,67715163,Pulse1_Total,captis_pulse,BUDERIM,Residential,814.0,37.0,37.0,37.0,22,2025-12-08T10:18:57.190Z
2022-07-04,2022,7,67715163,Pulse1,captis_pulse,BUDERIM,Residential,0.0,0.0,0.0,0.0,22,2025-12-08T10:18:57.190Z
2022-07-04,2022,7,61214573,DeviceTemperature,captis_pulse,BUDERIM,Residential,33.54,16.77,17.34,16.2,2,2025-12-08T10:18:57.190Z
2022-07-04,2022,7,88144457,DeviceTemperature,captis_pulse,MAROOCHYDORE,Residential,15.9,15.9,15.9,15.9,1,2025-12-08T10:18:57.190Z
2022-07-04,2022,7,67715163,DeviceTemperature,captis_pulse,BUDERIM,Residential,21.9,10.95,11.5,10.4,2,2025-12-08T10:18:57.190Z
2022-07-04,2022,7,65084735,DeviceTemperature,captis_pulse,MAROOCHYDORE,Residential,12.7,12.7,12.7,12.7,1,2025-12-08T10:18:57.190Z
2022-07-06,2022,7,61214573,Pulse1_Total,captis_pulse,BUDERIM,Residential,60866.0,4682.0,4682.0,4682.0,13,2025-12-08T10:18:57.190Z
2022-07-06,2022,7,61214573,Pulse1,captis_pulse,BUDERIM,Residential,0.0,0.0,0.0,0.0,13,2025-12-08T10:18:57.190Z
2022-07-06,2022,7,66042,Pulse1,captis_pulse,BUDERIM,Residential,11.0,0.8461538461538461,2.0,0.0,13,2025-12-08T10:18:57.190Z
2022-07-06,2022,7,67715163,Pulse1_Total,captis_pulse,BUDERIM,Residential,518.0,37.0,37.0,37.0,14,2025-12-08T10:18:57.190Z
2022-07-06,2022,7,67715163,Pulse1,captis_pulse,BUDERIM,Residential,0.0,0.0,0.0,0.0,15,2025-12-08T10:18:57.190Z
2022-07-06,2022,7,65084735,Pulse1,captis_pulse,MAROOCHYDORE,Residential,4000.0,285.7142857142857,500.0,200.0,14,2025-12-08T10:18:57.190Z
2022-07-04,2022,7,62358722,Pulse1_Total,captis_pulse,BUDERIM,Residential,4418.0,47.0,47.0,47.0,94,2025-12-08T10:18:57.190Z
2022-07-04,2022,7,62358722,Pulse1,captis_pulse,BUDERIM,Residential,0.0,0.0,0.0,0.0,96,2025-12-08T10:18:57.190Z
2022-07-04,2022,7,62358722,DeviceTemperature,captis_pulse,BUDERIM,Residential,15.8,15.8,15.8,15.8,1,2025-12-08T10:18:57.190Z
2022-07-05,2022,7,2298,Pulse1,captis_pulse,BUDERIM,Residential,28.0,0.5384615384615384,8.0,0.0,52,2025-12-08T10:18:57.190Z
2022-07-05,2022,7,67716197,Pulse1_Total,captis_pulse,BUDERIM,Residential,1323204.0,25945.176470588234,26164.0,25779.0,51,2025-12-08T10:18:57.190Z
2022-07-05,2022,7,67716197,Pulse1,captis_pulse,BUDERIM,Residential,111.0,2.176470588235294,20.0,0.0,51,2025-12-08T10:18:57.190Z
2022-07-05,2022,7,61197902,Pulse1_Total,captis_pulse,BUDERIM,Residential,129897.0,2547.0,2547.0,2547.0,51,2025-12-08T10:18:57.190Z
2022-07-05,2022,7,61197902,Pulse1,captis_pulse,BUDERIM,Residential,0.0,0.0,0.0,0.0,51,2025-12-08T10:18:57.190Z
2022-07-05,2022,7,62518,Pulse1,captis_pulse,BUDERIM,Residential,31.0,0.6078431372549019,11.0,0.0,51,2025-12-08T10:18:57.190Z
2022-07-05,2022,7,13917,Pulse1,captis_pulse,BUDERIM,Residential,51.0,1.02,10.0,0.0,50,2025-12-08T10:18:57.190Z
2022-07-05,2022,7,300021,Pulse1,captis_pulse,MAROOCHYDORE,Residential,0.0,0.0,0.0,0.0,17,2025-12-08T10:18:57.190Z
2022-07-05,2022,7,300021,DeviceTemperature,captis_pulse,MAROOCHYDORE,Residential,16.1,16.1,16.1,16.1,1,2025-12-08T10:18:57.190Z
2022-07-05,2022,7,2298,Battery,captis_pulse,BUDERIM,Residential,75.275,25.09166666666667,70.0,1.625,3,2025-12-08T10:18:57.190Z
2022-07-05,2022,7,2298,DeviceTemperature,captis_pulse,BUDERIM,Residential,13.11,13.11,13.11,13.11,1,2025-12-08T10:18:57.190Z
2022-07-05,2022,7,62518,DeviceTemperature,captis_pulse,BUDERIM,Residential,26.88,13.44,14.1,12.78,2,2025-12-08T10:18:57.190Z
2022-07-05,2022,7,61197902,DeviceTemperature,captis_pulse,BUDERIM,Residential,12.12,12.12,12.12,12.12,1,2025-12-08T10:18:57.190Z
2022-07-05,2022,7,13917,Battery,captis_pulse,BUDERIM,Residential,77.651,25.883666666666667,72.0,2.011,3,2025-12-08T10:18:57.190Z
2022-07-05,2022,7,61197902,Battery,captis_pulse,BUDERIM,Residential,3.64,3.64,3.64,3.64,1,2025-12-08T10:18:57.190Z
2022-07-05,2022,7,62518,Battery,captis_pulse,BUDERIM,Residential,75.614,25.204666666666668,70.0,1.994,3,2025-12-08T10:18:57.190Z
2022-07-05,2022,7,13917,DeviceTemperature,captis_pulse,BUDERIM,Residential,29.11,14.555,15.5,13.61,2,2025-12-08T10:18:57.190Z
2022-07-05,2022,7,67716197,Battery,captis_pulse,BUDERIM,Residential,76.447,25.482333333333333,71.0,1.807,3,2025-12-08T10:18:57.190Z
2022-07-05,2022,7,67716197,DeviceTemperature,captis_pulse,BUDERIM,Residential,30.63,15.315,15.6,15.03,2,2025-12-08T10:18:57.190Z
2022-07-04,2022,7,2298,Pulse1,captis_pulse,BUDERIM,Residential,28.0,1.2173913043478262,23.0,0.0,23,2025-12-08T10:18:57.190Z
2022-07-04,2022,7,67716197,Pulse1_Total,captis_pulse,BUDERIM,Residential,591535.0,25718.91304347826,25779.0,25704.0,23,2025-12-08T10:18:57.190Z
2022-07-04,2022,7,67716197,Pulse1,captis_pulse,BUDERIM,Residential,2.0,0.08695652173913043,1.0,0.0,23,2025-12-08T10:18:57.190Z
2022-07-04,2022,7,13917,Pulse1,captis_pulse,BUDERIM,Residential,26.0,1.0833333333333333,11.0,0.0,24,2025-12-08T10:18:57.190Z
2022-07-04,2022,7,61197902,Pulse1_Total,captis_pulse,BUDERIM,Residential,58581.0,2547.0,2547.0,2547.0,23,2025-12-08T10:18:57.190Z
2022-07-04,2022,7,61197902,Pulse1,captis_pulse,BUDERIM,Residential,0.0,0.0,0.0,0.0,23,2025-12-08T10:18:57.190Z
2022-07-04,2022,7,62518,Pulse1,captis_pulse,BUDERIM,Residential,190.0,8.636363636363637,81.0,0.0,22,2025-12-08T10:18:57.190Z
2022-07-04,2022,7,67716197,DeviceTemperature,captis_pulse,BUDERIM,Residential,28.4,14.2,14.4,14.0,2,2025-12-08T10:18:57.190Z
2022-07-04,2022,7,13917,DeviceTemperature,captis_pulse,BUDERIM,Residential,25.490000000000002,12.745000000000001,13.39,12.1,2,2025-12-08T10:18:57.190Z
2022-07-04,2022,7,2298,DeviceTemperature,captis_pulse,BUDERIM,Residential,24.42,12.21,12.82,11.6,2,2025-12-08T10:18:57.190Z
2022-07-04,2022,7,62518,DeviceTemperature,captis_pulse,BUDERIM,Residential,11.0,11.0,11.0,11.0,1,2025-12-08T10:18:57.190Z
2022-07-04,2022,7,13917,Battery,captis_pulse,BUDERIM,Residential,68.63,34.315,65.0,3.63,2,2025-12-08T10:18:57.190Z
2022-07-04,2022,7,61197902,Battery,captis_pulse,BUDERIM,Residential,3.64,3.64,3.64,3.64,1,2025-12-08T10:18:57.190Z
2022-07-04,2022,7,62518,Battery,captis_pulse,BUDERIM,Residential,69.832,23.27733333333333,64.0,2.202,3,2025-12-08T10:18:57.190Z
2022-07-06,2022,7,2298,Pulse1,captis_pulse,BUDERIM,Residential,4.0,0.26666666666666666,1.0,0.0,15,2025-12-08T10:18:57.190Z
2022-07-06,2022,7,67716197,Pulse1_Total,captis_pulse,BUDERIM,Residential,341823.0,26294.076923076922,26371.0,26251.0,13,2025-12-08T10:18:57.190Z
2022-07-06,2022,7,67716197,Pulse1,captis_pulse,BUDERIM,Residential,19.0,1.4615384615384615,9.0,0.0,13,2025-12-08T10:18:57.190Z
2022-07-06,2022,7,13917,Pulse1,captis_pulse,BUDERIM,Residential,121.0,9.307692307692308,94.0,0.0,13,2025-12-08T10:18:57.190Z
2022-07-06,2022,7,61197902,Pulse1_Total,captis_pulse,BUDERIM,Residential,30564.0,2547.0,2547.0,2547.0,12,2025-12-08T10:18:57.190Z
2022-07-06,2022,7,61197902,Pulse1,captis_pulse,BUDERIM,Residential,0.0,0.0,0.0,0.0,13,2025-12-08T10:18:57.190Z
2022-07-06,2022,7,62518,Pulse1,captis_pulse,BUDERIM,Residential,77.0,5.923076923076923,47.0,0.0,13,2025-12-08T10:18:57.190Z
2022-07-06,2022,7,67716197,DeviceTemperature,captis_pulse,BUDERIM,Residential,18.8,18.8,18.8,18.8,1,2025-12-08T10:18:57.190Z
2022-07-06,2022,7,13917,DeviceTemperature,captis_pulse,BUDERIM,Residential,38.8,38.8,38.8,38.8,1,2025-12-08T10:18:57.190Z
2022-07-05,2022,7,362,Pulse1,captis_pulse,MAROOCHYDORE,Residential,231.0,3.5538461538461537,55.0,0.0,65,2025-12-08T10:18:57.190Z
2022-07-05,2022,7,254312,Pulse1_Total,captis_pulse,BUDERIM,Residential,3145060.0,61667.8431372549,61739.0,61647.0,51,2025-12-08T10:18:57.190Z
2022-07-05,2022,7,254312,Pulse1,captis_pulse,BUDERIM,Residential,79.0,1.5490196078431373,60.0,0.0,51,2025-12-08T10:18:57.190Z
2022-07-05,2022,7,60193546,Pulse1_Total,captis_pulse,BUDERIM,Residential,4199405.0,83988.1,84162.0,83722.0,50,2025-12-08T10:18:57.190Z
2022-07-05,2022,7,60193546,Pulse1,captis_pulse,BUDERIM,Residential,355.0,6.96078431372549,57.0,0.0,51,2025-12-08T10:18:57.190Z
2022-07-05,2022,7,2255,Pulse1,captis_pulse,MAROOCHYDORE,Residential,236.0,4.37037037037037,62.0,0.0,54,2025-12-08T10:18:57.190Z
2022-07-05,2022,7,65089609,Pulse1,captis_pulse,BUDERIM,Residential,2200.0,42.30769230769231,200.0,0.0,52,2025-12-08T10:18:57.190Z
2022-07-05,2022,7,2255,DeviceTemperature,captis_pulse,MAROOCHYDORE,Residential,12.97,12.97,12.97,12.97,1,2025-12-08T10:18:57.190Z
2022-07-05,2022,7,362,DeviceTemperature,captis_pulse,MAROOCHYDORE,Residential,28.47,14.235,14.8,13.67,2,2025-12-08T10:18:57.190Z
2022-07-05,2022,7,254312,Battery,captis_pulse,BUDERIM,Residential,76.15599999999999,25.38533333333333,70.0,2.526,3,2025-12-08T10:18:57.190Z
2022-07-05,2022,7,254312,DeviceTemperature,captis_pulse,BUDERIM,Residential,28.09,14.045,14.8,13.29,2,2025-12-08T10:18:57.190Z
2022-07-05,2022,7,65089609,Battery,captis_pulse,BUDERIM,Residential,74.347,24.78233333333333,69.0,1.707,3,2025-12-08T10:18:57.190Z
2022-07-05,2022,7,65089609,DeviceTemperature,captis_pulse,BUDERIM,Residential,27.729999999999997,13.864999999999998,14.2,13.53,2,2025-12-08T10:18:57.190Z
2022-07-05,2022,7,60193546,Battery,captis_pulse,BUDERIM,Residential,74.398,24.799333333333333,69.0,1.758,3,2025-12-08T10:18:57.190Z
2022-07-05,2022,7,60193546,DeviceTemperature,captis_pulse,BUDERIM,Residential,25.92,12.96,13.5,12.42,2,2025-12-08T10:18:57.190Z
2022-07-05,2022,7,362,Battery,captis_pulse,MAROOCHYDORE,Residential,74.62,24.873333333333335,69.0,2.01,3,2025-12-08T10:18:57.190Z
2022-07-04,2022,7,2255,Pulse1,captis_pulse,MAROOCHYDORE,Residential,164.0,6.56,64.0,0.0,25,2025-12-08T10:18:57.190Z
2022-07-04,2022,7,362,Pulse1,captis_pulse,MAROOCHYDORE,Residential,40.0,1.7391304347826086,16.0,0.0,23,2025-12-08T10:18:57.190Z
2022-07-04,2022,7,254312,Pulse1_Total,captis_pulse,BUDERIM,Residential,1417775.0,61642.391304347824,61647.0,61641.0,23,2025-12-08T10:18:57.190Z
2022-07-04,2022,7,254312,Pulse1,captis_pulse,BUDERIM,Residential,3.0,0.13043478260869565,2.0,0.0,23,2025-12-08T10:18:57.190Z
2022-07-04,2022,7,60193546,Pulse1_Total,captis_pulse,BUDERIM,Residential,2675731.0,83616.59375,83685.0,83596.0,32,2025-12-08T10:18:57.190Z
2022-07-04,2022,7,60193546,Pulse1,captis_pulse,BUDERIM,Residential,84.0,2.625,72.0,0.0,32,2025-12-08T10:18:57.190Z
2022-07-04,2022,7,65089609,Pulse1,captis_pulse,BUDERIM,Residential,2100.0,84.0,500.0,0.0,25,2025-12-08T10:18:57.190Z
2022-07-04,2022,7,362,DeviceTemperature,captis_pulse,MAROOCHYDORE,Residential,11.8,11.8,11.8,11.8,1,2025-12-08T10:18:57.190Z
2022-07-04,2022,7,60193546,Battery,captis_pulse,BUDERIM,Residential,70.278,23.426000000000002,65.0,1.638,3,2025-12-08T10:18:57.190Z
2022-07-04,2022,7,60193546,DeviceTemperature,captis_pulse,BUDERIM,Residential,12.18,12.18,12.18,12.18,1,2025-12-08T10:18:57.190Z
2022-07-04,2022,7,254312,DeviceTemperature,captis_pulse,BUDERIM,Residential,24.060000000000002,12.030000000000001,12.66,11.4,2,2025-12-08T10:18:57.190Z
2022-07-04,2022,7,65089609,Battery,captis_pulse,BUDERIM,Residential,71.414,23.804666666666666,66.0,1.774,3,2025-12-08T10:18:57.190Z
2022-07-04,2022,7,65089609,DeviceTemperature,captis_pulse,BUDERIM,Residential,26.17,13.085,13.57,12.6,2,2025-12-08T10:18:57.190Z
2022-07-04,2022,7,362,Battery,captis_pulse,MAROOCHYDORE,Residential,71.536,23.845333333333333,65.0,2.926,3,2025-12-08T10:18:57.190Z
2022-07-06,2022,7,362,Pulse1,captis_pulse,MAROOCHYDORE,Residential,45.0,3.0,22.0,0.0,15,2025-12-08T10:18:57.190Z
2022-07-06,2022,7,254312,Pulse1_Total,captis_pulse,BUDERIM,Residential,926334.0,61755.6,61757.0,61748.0,15,2025-12-08T10:18:57.190Z
2022-07-06,2022,7,254312,Pulse1,captis_pulse,BUDERIM,Residential,0.0,0.0,0.0,0.0,15,2025-12-08T10:18:57.190Z
2022-07-06,2022,7,60193546,Pulse1_Total,captis_pulse,BUDERIM,Residential,1440091.0,84711.23529411765,85049.0,84461.0,17,2025-12-08T10:18:57.190Z
2022-07-06,2022,7,60193546,Pulse1,captis_pulse,BUDERIM,Residential,435.0,25.58823529411765,128.0,0.0,17,2025-12-08T10:18:57.190Z
2022-07-06,2022,7,2255,Pulse1,captis_pulse,MAROOCHYDORE,Residential,183.0,10.166666666666666,88.0,0.0,18,2025-12-08T10:18:57.190Z
2022-07-06,2022,7,65089609,Pulse1,captis_pulse,BUDERIM,Residential,1100.0,68.75,200.0,0.0,16,2025-12-08T10:18:57.190Z
2022-07-06,2022,7,60193546,DeviceTemperature,captis_pulse,BUDERIM,Residential,27.3,27.3,27.3,27.3,1,2025-12-08T10:18:57.190Z
2022-07-06,2022,7,65089609,DeviceTemperature,captis_pulse,BUDERIM,Residential,19.4,19.4,19.4,19.4,1,2025-12-08T10:18:57.190Z
2022-07-06,2022,7,2255,DeviceTemperature,captis_pulse,MAROOCHYDORE,Residential,23.8,23.8,23.8,23.8,1,2025-12-08T10:18:57.190Z
2022-07-05,2022,7,62367216,Battery,,,,72.64,36.32,69.0,3.64,2,2025-12-08T10:18:57.190Z
2022-07-05,2022,7,62367216,DeviceTemperature,,,,16.35,16.35,16.35,16.35,1,2025-12-08T10:18:57.190Z
2022-07-05,2022,7,62367216,Pulse1_Total,,,,663.0,39.0,39.0,39.0,17,2025-12-08T10:18:57.190Z
2022-07-05,2022,7,62367216,Pulse1,,,,0.0,0.0,0.0,0.0,18,2025-12-08T10:18:57.190Z
2022-07-04,2022,7,62367216,Pulse1,,,,0.0,0.0,0.0,0.0,25,2025-12-08T10:18:57.190Z
2022-07-04,2022,7,62367216,Pulse1_Total,,,,936.0,39.0,39.0,39.0,24,2025-12-08T10:18:57.190Z
2022-07-06,2022,7,62367216,Battery,,,,70.63,35.315,67.0,3.63,2,2025-12-08T10:18:57.190Z
2022-07-06,2022,7,62367216,DeviceTemperature,,,,34.45,17.225,17.9,16.55,2,2025-12-08T10:18:57.190Z
2022-07-04,2022,7,62367216,DeviceTemperature,,,,15.3,15.3,15.3,15.3,1,2025-12-08T10:18:57.190Z
2022-07-05,2022,7,328163,Pulse1,captis_pulse,MAROOCHYDORE,Residential,43.0,0.8269230769230769,29.0,0.0,52,2025-12-08T10:18:57.190Z
2022-07-05,2022,7,46054987,Pulse1,captis_pulse,BUDERIM,Residential,1410.0,28.2,290.0,0.0,50,2025-12-08T10:18:57.190Z
2022-07-05,2022,7,328163,Battery,captis_pulse,MAROOCHYDORE,Residential,76.323,25.441,69.0,3.6,3,2025-12-08T10:18:57.190Z
2022-07-05,2022,7,328163,DeviceTemperature,captis_pulse,MAROOCHYDORE,Residential,15.47,15.47,15.47,15.47,1,2025-12-08T10:18:57.190Z
2022-07-05,2022,7,46054987,Battery,captis_pulse,BUDERIM,Residential,71.829,23.942999999999998,66.0,2.199,3,2025-12-08T10:18:57.190Z
2022-07-05,2022,7,46054987,DeviceTemperature,captis_pulse,BUDERIM,Residential,15.5,15.5,15.5,15.5,1,2025-12-08T10:18:57.190Z
2022-07-04,2022,7,328163,Pulse1,captis_pulse,MAROOCHYDORE,Residential,19.0,0.8260869565217391,15.0,0.0,23,2025-12-08T10:18:57.190Z
2022-07-04,2022,7,46054987,Pulse1,captis_pulse,BUDERIM,Residential,270.0,11.73913043478261,110.0,0.0,23,2025-12-08T10:18:57.190Z
2022-07-04,2022,7,46054987,Battery,captis_pulse,BUDERIM,Residential,71.564,23.854666666666663,66.0,1.934,3,2025-12-08T10:18:57.190Z
2022-07-04,2022,7,328163,DeviceTemperature,captis_pulse,MAROOCHYDORE,Residential,30.69,15.345,15.89,14.8,2,2025-12-08T10:18:57.190Z
2022-07-04,2022,7,46054987,DeviceTemperature,captis_pulse,BUDERIM,Residential,13.1,13.1,13.1,13.1,1,2025-12-08T10:18:57.190Z
2022-07-06,2022,7,328163,Pulse1,captis_pulse,MAROOCHYDORE,Residential,4.0,0.26666666666666666,4.0,0.0,15,2025-12-08T10:18:57.190Z
2022-07-06,2022,7,46054987,Pulse1,captis_pulse,BUDERIM,Residential,320.0,18.823529411764707,140.0,0.0,17,2025-12-08T10:18:57.190Z
2022-07-06,2022,7,328163,DeviceTemperature,captis_pulse,MAROOCHYDORE,Residential,17.7,17.7,17.7,17.7,1,2025-12-08T10:18:57.190Z
2022-07-05,2022,7,61217696,Pulse1_Total,captis_pulse,BUDERIM,Residential,533459.0,10065.264150943396,10078.0,10051.0,53,2025-12-08T10:18:57.190Z
2022-07-05,2022,7,61217696,Pulse1,captis_pulse,BUDERIM,Residential,22.0,0.41509433962264153,4.0,0.0,53,2025-12-08T10:18:57.190Z
2022-07-05,2022,7,60398128,DeviceTemperature,captis_pulse,BUDERIM,Residential,35.18,17.59,17.9,17.28,2,2025-12-08T10:18:57.190Z
2022-07-05,2022,7,61217696,DeviceTemperature,captis_pulse,BUDERIM,Residential,25.0,12.5,13.5,11.5,2,2025-12-08T10:18:57.190Z
2022-07-05,2022,7,61217696,Battery,captis_pulse,BUDERIM,Residential,93.071,23.26775,62.0,3.451,4,2025-12-08T10:18:57.190Z
2022-07-04,2022,7,60398128,Pulse1_Total,captis_pulse,BUDERIM,Residential,748674.0,83186.0,83186.0,83186.0,9,2025-12-08T10:18:57.190Z
2022-07-04,2022,7,60398128,Pulse1,captis_pulse,BUDERIM,Residential,0.0,0.0,0.0,0.0,9,2025-12-08T10:18:57.190Z
2022-07-04,2022,7,61217696,Pulse1_Total,captis_pulse,BUDERIM,Residential,261181.0,10045.423076923076,10050.0,10044.0,26,2025-12-08T10:18:57.190Z
2022-07-04,2022,7,61217696,Pulse1,captis_pulse,BUDERIM,Residential,4.0,0.15384615384615385,4.0,0.0,26,2025-12-08T10:18:57.190Z
2022-07-04,2022,7,61217696,DeviceTemperature,captis_pulse,BUDERIM,Residential,19.8,9.9,10.0,9.8,2,2025-12-08T10:18:57.190Z
2022-07-04,2022,7,60398128,Battery,captis_pulse,BUDERIM,Residential,3.64,3.64,3.64,3.64,1,2025-12-08T10:18:57.190Z
2022-07-04,2022,7,60398128,DeviceTemperature,captis_pulse,BUDERIM,Residential,17.73,17.73,17.73,17.73,1,2025-12-08T10:18:57.190Z
2022-07-06,2022,7,61217696,Pulse1_Total,captis_pulse,BUDERIM,Residential,191619.0,10085.21052631579,10092.0,10078.0,19,2025-12-08T10:18:57.190Z
2022-07-06,2022,7,61217696,Pulse1,captis_pulse,BUDERIM,Residential,7.0,0.3684210526315789,4.0,0.0,19,2025-12-08T10:18:57.190Z
2022-07-06,2022,7,61217696,DeviceTemperature,captis_pulse,BUDERIM,Residential,25.5,25.5,25.5,25.5,1,2025-12-08T10:18:57.190Z
2022-07-05,2022,7,93930,Pulse1_Total,captis_pulse,BUDERIM,Residential,4766859.0,97282.83673469388,97303.0,97270.0,49,2025-12-08T10:18:57.190Z
2022-07-05,2022,7,93930,Pulse1,captis_pulse,BUDERIM,Residential,29.0,0.5918367346938775,11.0,0.0,49,2025-12-08T10:18:57.190Z
2022-07-05,2022,7,46351277,Pulse1,captis_pulse,MAROOCHYDORE,Residential,650.0,13.0,40.0,0.0,50,2025-12-08T10:18:57.190Z
2022-07-05,2022,7,8980581,Pulse1,captis_pulse,MAROOCHYDORE,Residential,162.0,3.306122448979592,26.0,0.0,49,2025-12-08T10:18:57.190Z
2022-07-05,2022,7,61276086,Pulse1_Total,captis_pulse,BUDERIM,Residential,1185770.0,21958.703703703704,22037.0,21904.0,54,2025-12-08T10:18:57.190Z
2022-07-05,2022,7,61276086,Pulse1,captis_pulse,BUDERIM,Residential,94.0,1.7407407407407407,68.0,0.0,54,2025-12-08T10:18:57.190Z
2022-07-05,2022,7,61276086,Battery,captis_pulse,BUDERIM,Residential,74.409,24.803,67.0,3.64,3,2025-12-08T10:18:57.190Z
2022-07-05,2022,7,61276086,DeviceTemperature,captis_pulse,BUDERIM,Residential,34.75,17.375,17.6,17.15,2,2025-12-08T10:18:57.190Z
2022-07-05,2022,7,8980581,Battery,captis_pulse,MAROOCHYDORE,Residential,73.663,24.554333333333332,68.0,2.023,3,2025-12-08T10:18:57.190Z
2022-07-05,2022,7,46351277,DeviceTemperature,captis_pulse,MAROOCHYDORE,Residential,30.63,15.315,15.7,14.93,2,2025-12-08T10:18:57.190Z
2022-07-05,2022,7,93930,DeviceTemperature,captis_pulse,BUDERIM,Residential,27.35,13.675,14.1,13.25,2,2025-12-08T10:18:57.190Z
2022-07-05,2022,7,93930,Battery,captis_pulse,BUDERIM,Residential,74.39699999999999,24.798999999999996,69.0,1.767,3,2025-12-08T10:18:57.190Z
2022-07-05,2022,7,46351277,Battery,captis_pulse,MAROOCHYDORE,Residential,70.179,23.393,64.0,2.539,3,2025-12-08T10:18:57.190Z
2022-07-04,2022,7,93930,Pulse1_Total,captis_pulse,BUDERIM,Residential,2332200.0,97175.0,97181.0,97170.0,24,2025-12-08T10:18:57.190Z
2022-07-04,2022,7,93930,Pulse1,captis_pulse,BUDERIM,Residential,12.0,0.5,5.0,0.0,24,2025-12-08T10:18:57.190Z
2022-07-04,2022,7,46351277,Pulse1,captis_pulse,MAROOCHYDORE,Residential,520.0,22.608695652173914,130.0,0.0,23,2025-12-08T10:18:57.190Z
2022-07-04,2022,7,46351277,DeviceTemperature,captis_pulse,MAROOCHYDORE,Residential,28.53,14.265,14.83,13.7,2,2025-12-08T10:18:57.190Z
2022-07-04,2022,7,8980581,Pulse1,captis_pulse,MAROOCHYDORE,Residential,45.0,2.0454545454545454,13.0,0.0,22,2025-12-08T10:18:57.190Z
2022-07-04,2022,7,61276086,Pulse1_Total,captis_pulse,BUDERIM,Residential,547039.0,21881.56,21900.0,21873.0,25,2025-12-08T10:18:57.190Z
2022-07-04,2022,7,61276086,Pulse1,captis_pulse,BUDERIM,Residential,15.0,0.6,11.0,0.0,25,2025-12-08T10:18:57.190Z
2022-07-04,2022,7,8980581,DeviceTemperature,captis_pulse,MAROOCHYDORE,Residential,11.6,11.6,11.6,11.6,1,2025-12-08T10:18:57.190Z
2022-07-04,2022,7,93930,DeviceTemperature,captis_pulse,BUDERIM,Residential,11.9,11.9,11.9,11.9,1,2025-12-08T10:18:57.190Z
2022-07-04,2022,7,61276086,DeviceTemperature,captis_pulse,BUDERIM,Residential,51.5,17.166666666666668,18.2,16.6,3,2025-12-08T10:18:57.190Z
2022-07-04,2022,7,8980581,Battery,captis_pulse,MAROOCHYDORE,Residential,70.64,35.32,67.0,3.64,2,2025-12-08T10:18:57.190Z
2022-07-04,2022,7,61276086,Battery,captis_pulse,BUDERIM,Residential,70.378,23.459333333333333,64.0,2.738,3,2025-12-08T10:18:57.190Z
2022-07-06,2022,7,93930,Pulse1_Total,captis_pulse,BUDERIM,Residential,1265692.0,97360.92307692308,97369.0,97343.0,13,2025-12-08T10:18:57.190Z
2022-07-06,2022,7,93930,Pulse1,captis_pulse,BUDERIM,Residential,4.0,0.3076923076923077,4.0,0.0,13,2025-12-08T10:18:57.190Z
2022-07-06,2022,7,46351277,Pulse1,captis_pulse,MAROOCHYDORE,Residential,360.0,27.692307692307693,60.0,0.0,13,2025-12-08T10:18:57.190Z
2022-07-06,2022,7,8980581,Pulse1,captis_pulse,MAROOCHYDORE,Residential,147.0,9.1875,63.0,0.0,16,2025-12-08T10:18:57.190Z
2022-07-06,2022,7,61276086,Pulse1_Total,captis_pulse,BUDERIM,Residential,419425.0,22075.0,22155.0,22037.0,19,2025-12-08T10:18:57.190Z
2022-07-06,2022,7,61276086,Pulse1,captis_pulse,BUDERIM,Residential,86.0,4.526315789473684,62.0,0.0,19,2025-12-08T10:18:57.190Z
2022-07-06,2022,7,8980581,DeviceTemperature,captis_pulse,MAROOCHYDORE,Residential,32.9,32.9,32.9,32.9,1,2025-12-08T10:18:57.190Z
2022-07-05,2022,7,81970895,Battery,,,,55.66,27.83,52.0,3.66,2,2025-12-08T10:18:57.190Z
2022-07-05,2022,7,81970895,DeviceTemperature,,,,41.81,20.905,21.01,20.8,2,2025-12-08T10:18:57.190Z
2022-07-05,2022,7,61145685,Pulse1_Total,captis_pulse,BUDERIM,Residential,1462.0,34.0,34.0,34.0,43,2025-12-08T10:18:57.190Z
2022-07-05,2022,7,61145685,Pulse1,captis_pulse,BUDERIM,Residential,0.0,0.0,0.0,0.0,43,2025-12-08T10:18:57.190Z
2022-07-05,2022,7,314254,Pulse1,captis_pulse,BUDERIM,Residential,266.0,5.115384615384615,57.0,0.0,52,2025-12-08T10:18:57.190Z
2022-07-05,2022,7,61562210,Pulse1_Total,captis_pulse,BUDERIM,Residential,612.0,36.0,36.0,36.0,17,2025-12-08T10:18:57.190Z
2022-07-05,2022,7,61562210,Pulse1,captis_pulse,BUDERIM,Residential,0.0,0.0,0.0,0.0,17,2025-12-08T10:18:57.190Z
2022-07-05,2022,7,256476,Pulse1,captis_pulse,MAROOCHYDORE,Residential,0.0,0.0,0.0,0.0,14,2025-12-08T10:18:57.190Z
2022-07-05,2022,7,61562210,DeviceTemperature,captis_pulse,BUDERIM,Residential,31.240000000000002,15.620000000000001,15.74,15.5,2,2025-12-08T10:18:57.190Z
2022-07-05,2022,7,61562210,Battery,captis_pulse,BUDERIM,Residential,75.333,25.111,68.0,3.63,3,2025-12-08T10:18:57.190Z
2022-07-05,2022,7,61145685,DeviceTemperature,captis_pulse,BUDERIM,Residential,26.73,13.365,13.8,12.93,2,2025-12-08T10:18:57.190Z
2022-07-05,2022,7,314254,DeviceTemperature,captis_pulse,BUDERIM,Residential,14.7,14.7,14.7,14.7,1,2025-12-08T10:18:57.190Z
2022-07-04,2022,7,256476,Pulse1,captis_pulse,MAROOCHYDORE,Residential,5.0,0.4166666666666667,5.0,0.0,12,2025-12-08T10:18:57.190Z
2022-07-04,2022,7,61145685,Pulse1_Total,captis_pulse,BUDERIM,Residential,748.0,34.0,34.0,34.0,22,2025-12-08T10:18:57.190Z
2022-07-04,2022,7,61145685,Pulse1,captis_pulse,BUDERIM,Residential,0.0,0.0,0.0,0.0,22,2025-12-08T10:18:57.190Z
2022-07-04,2022,7,314254,Pulse1,captis_pulse,BUDERIM,Residential,124.0,5.166666666666667,31.0,0.0,24,2025-12-08T10:18:57.190Z
2022-07-04,2022,7,314254,DeviceTemperature,captis_pulse,BUDERIM,Residential,12.0,12.0,12.0,12.0,1,2025-12-08T10:18:57.190Z
2022-07-04,2022,7,256476,DeviceTemperature,captis_pulse,MAROOCHYDORE,Residential,16.0,16.0,16.0,16.0,1,2025-12-08T10:18:57.190Z
2022-07-04,2022,7,61145685,DeviceTemperature,captis_pulse,BUDERIM,Residential,23.82,11.91,12.62,11.2,2,2025-12-08T10:18:57.190Z
2022-07-04,2022,7,61145685,Battery,captis_pulse,BUDERIM,Residential,85.71799999999999,28.572666666666663,79.0,3.088,3,2025-12-08T10:18:57.190Z
2022-07-06,2022,7,256476,Pulse1,captis_pulse,MAROOCHYDORE,Residential,1.0,0.07142857142857142,1.0,0.0,14,2025-12-08T10:18:57.190Z
2022-07-06,2022,7,61562210,Pulse1_Total,captis_pulse,BUDERIM,Residential,540.0,36.0,36.0,36.0,15,2025-12-08T10:18:57.190Z
2022-07-06,2022,7,61562210,Pulse1,captis_pulse,BUDERIM,Residential,0.0,0.0,0.0,0.0,16,2025-12-08T10:18:57.190Z
2022-07-06,2022,7,314254,Pulse1,captis_pulse,BUDERIM,Residential,225.0,13.235294117647058,51.0,0.0,17,2025-12-08T10:18:57.190Z
2022-07-06,2022,7,314254,DeviceTemperature,captis_pulse,BUDERIM,Residential,21.5,21.5,21.5,21.5,1,2025-12-08T10:18:57.190Z
2022-07-04,2022,7,61562210,Pulse1_Total,captis_pulse,BUDERIM,Residential,3420.0,36.0,36.0,36.0,95,2025-12-08T10:18:57.190Z
2022-07-04,2022,7,61562210,Pulse1,captis_pulse,BUDERIM,Residential,0.0,0.0,0.0,0.0,96,2025-12-08T10:18:57.190Z
2022-07-04,2022,7,61562210,DeviceTemperature,captis_pulse,BUDERIM,Residential,14.9,14.9,14.9,14.9,1,2025-12-08T10:18:57.190Z
2022-07-04,2022,7,61562210,Battery,captis_pulse,BUDERIM,Residential,2.19,2.19,2.19,2.19,1,2025-12-08T10:18:57.190Z
2022-07-05,2022,7,48276326,Pulse1,,,,0.0,0.0,0.0,0.0,51,2025-12-08T10:18:57.190Z
2022-07-05,2022,7,48276326,DeviceTemperature,,,,13.5,13.5,13.5,13.5,1,2025-12-08T10:18:57.190Z
2022-07-04,2022,7,48276326,Pulse1,,,,0.0,0.0,0.0,0.0,26,2025-12-08T10:18:57.190Z
2022-07-04,2022,7,48276326,DeviceTemperature,,,,22.1,11.05,11.1,11.0,2,2025-12-08T10:18:57.190Z
2022-07-06,2022,7,48276326,Pulse1,,,,0.0,0.0,0.0,0.0,22,2025-12-08T10:18:57.190Z
2022-07-05,2022,7,76490,Pulse1,captis_pulse,BUDERIM,Residential,33.0,0.6470588235294118,7.0,0.0,51,2025-12-08T10:18:57.190Z
2022-07-05,2022,7,1751,Pulse1,captis_pulse,MAROOCHYDORE,Residential,222.0,3.7,25.0,0.0,60,2025-12-08T10:18:57.190Z
2022-07-05,2022,7,66202794,Pulse1_Total,captis_pulse,BUDERIM,Residential,1244257.0,24885.14,24927.0,24859.0,50,2025-12-08T10:18:57.190Z
2022-07-05,2022,7,66202794,Pulse1,captis_pulse,BUDERIM,Residential,43.0,0.86,25.0,0.0,50,2025-12-08T10:18:57.190Z
2022-07-05,2022,7,66202794,DeviceTemperature,captis_pulse,BUDERIM,Residential,32.03,16.015,16.3,15.73,2,2025-12-08T10:18:57.190Z
2022-07-05,2022,7,81969416,Pulse1,captis_pulse,MAROOCHYDORE,Residential,0.0,0.0,0.0,0.0,16,2025-12-08T10:18:57.190Z
2022-07-05,2022,7,81969416,Battery,captis_pulse,MAROOCHYDORE,Residential,72.64,36.32,69.0,3.64,2,2025-12-08T10:18:57.190Z
2022-07-05,2022,7,81969416,DeviceTemperature,captis_pulse,MAROOCHYDORE,Residential,30.689999999999998,15.344999999999999,16.0,14.69,2,2025-12-08T10:18:57.190Z
2022-07-05,2022,7,76490,Battery,captis_pulse,BUDERIM,Residential,77.51700000000001,25.839000000000002,71.0,2.897,3,2025-12-08T10:18:57.190Z
2022-07-05,2022,7,76490,DeviceTemperature,captis_pulse,BUDERIM,Residential,29.060000000000002,14.530000000000001,15.0,14.06,2,2025-12-08T10:18:57.190Z
2022-07-05,2022,7,66202794,Battery,captis_pulse,BUDERIM,Residential,81.306,27.102,76.0,1.666,3,2025-12-08T10:18:57.190Z
2022-07-05,2022,7,1751,Battery,captis_pulse,MAROOCHYDORE,Residential,74.39,24.796666666666667,68.0,2.77,3,2025-12-08T10:18:57.190Z
2022-07-05,2022,7,1751,DeviceTemperature,captis_pulse,MAROOCHYDORE,Residential,13.53,13.53,13.53,13.53,1,2025-12-08T10:18:57.190Z
2022-07-04,2022,7,81969416,Pulse1,captis_pulse,MAROOCHYDORE,Residential,0.0,0.0,0.0,0.0,21,2025-12-08T10:18:57.190Z
2022-07-04,2022,7,76490,Pulse1,captis_pulse,BUDERIM,Residential,15.0,0.6521739130434783,11.0,0.0,23,2025-12-08T10:18:57.190Z
2022-07-04,2022,7,1751,Pulse1,captis_pulse,MAROOCHYDORE,Residential,66.0,2.75,29.0,0.0,24,2025-12-08T10:18:57.190Z
2022-07-04,2022,7,66202794,Pulse1_Total,captis_pulse,BUDERIM,Residential,545515.0,24796.136363636364,24859.0,24789.0,22,2025-12-08T10:18:57.190Z
2022-07-04,2022,7,66202794,Pulse1,captis_pulse,BUDERIM,Residential,70.0,3.1818181818181817,36.0,0.0,22,2025-12-08T10:18:57.190Z
2022-07-04,2022,7,1751,DeviceTemperature,captis_pulse,MAROOCHYDORE,Residential,24.0,12.0,12.2,11.8,2,2025-12-08T10:18:57.190Z
2022-07-04,2022,7,76490,DeviceTemperature,captis_pulse,BUDERIM,Residential,39.11,13.036666666666667,14.01,12.4,3,2025-12-08T10:18:57.190Z
2022-07-04,2022,7,66202794,DeviceTemperature,captis_pulse,BUDERIM,Residential,46.67,15.556666666666667,16.37,15.0,3,2025-12-08T10:18:57.190Z
2022-07-04,2022,7,66202794,Battery,captis_pulse,BUDERIM,Residential,72.581,24.19366666666667,67.0,1.941,3,2025-12-08T10:18:57.190Z
2022-07-06,2022,7,76490,Pulse1,captis_pulse,BUDERIM,Residential,10.0,0.6666666666666666,5.0,0.0,15,2025-12-08T10:18:57.190Z
2022-07-06,2022,7,1751,Pulse1,captis_pulse,MAROOCHYDORE,Residential,62.0,4.769230769230769,14.0,0.0,13,2025-12-08T10:18:57.190Z
2022-07-06,2022,7,66202794,Pulse1_Total,captis_pulse,BUDERIM,Residential,424507.0,24971.0,25024.0,24929.0,17,2025-12-08T10:18:57.190Z
2022-07-06,2022,7,66202794,Pulse1,captis_pulse,BUDERIM,Residential,9.0,0.5294117647058824,2.0,0.0,17,2025-12-08T10:18:57.190Z
2022-07-06,2022,7,76490,DeviceTemperature,captis_pulse,BUDERIM,Residential,21.5,21.5,21.5,21.5,1,2025-12-08T10:18:57.190Z
2022-07-04,2022,7,81969416,Battery,captis_pulse,MAROOCHYDORE,Residential,78.63,39.315,75.0,3.63,2,2025-12-08T10:18:57.190Z
2022-07-04,2022,7,81969416,DeviceTemperature,captis_pulse,MAROOCHYDORE,Residential,13.99,13.99,13.99,13.99,1,2025-12-08T10:18:57.190Z
2022-07-05,2022,7,17649,Pulse1,captis_pulse,BUDERIM,Residential,343.0,6.86,112.0,0.0,50,2025-12-08T10:18:57.190Z
2022-07-05,2022,7,60257041,Pulse1,captis_pulse,BUDERIM,Residential,145.0,2.843137254901961,19.0,0.0,51,2025-12-08T10:18:57.190Z
2022-07-05,2022,7,17649,DeviceTemperature,captis_pulse,BUDERIM,Residential,28.490000000000002,14.245000000000001,15.1,13.39,2,2025-12-08T10:18:57.190Z
2022-07-05,2022,7,60257041,Pulse1_Total,captis_pulse,BUDERIM,Residential,4394990.0,89693.67346938775,89962.0,89502.0,49,2025-12-08T10:18:57.190Z
2022-07-05,2022,7,48265720,Pulse1,captis_pulse,MAROOCHYDORE,Residential,750.0,15.0,90.0,0.0,50,2025-12-08T10:18:57.190Z
2022-07-05,2022,7,60257041,DeviceTemperature,captis_pulse,BUDERIM,Residential,26.39,13.195,13.6,12.79,2,2025-12-08T10:18:57.190Z
2022-07-05,2022,7,48265720,Battery,captis_pulse,MAROOCHYDORE,Residential,71.49,23.83,66.0,1.85,3,2025-12-08T10:18:57.190Z
2022-07-05,2022,7,48265720,DeviceTemperature,captis_pulse,MAROOCHYDORE,Residential,29.43,14.715,15.4,14.03,2,2025-12-08T10:18:57.190Z
2022-07-05,2022,7,17649,Battery,captis_pulse,BUDERIM,Residential,74.64,37.32,71.0,3.64,2,2025-12-08T10:18:57.190Z
2022-07-05,2022,7,60257041,Battery,captis_pulse,BUDERIM,Residential,72.921,24.307000000000002,67.0,2.281,3,2025-12-08T10:18:57.190Z
2022-07-04,2022,7,17649,Pulse1,captis_pulse,BUDERIM,Residential,46.0,2.090909090909091,38.0,0.0,22,2025-12-08T10:18:57.190Z
2022-07-04,2022,7,60257041,Pulse1_Total,captis_pulse,BUDERIM,Residential,1964914.0,89314.27272727272,89394.0,89279.0,22,2025-12-08T10:18:57.190Z
2022-07-04,2022,7,60257041,Pulse1,captis_pulse,BUDERIM,Residential,89.0,4.238095238095238,61.0,0.0,21,2025-12-08T10:18:57.190Z
2022-07-04,2022,7,48265720,Pulse1,captis_pulse,MAROOCHYDORE,Residential,270.0,12.857142857142858,110.0,0.0,21,2025-12-08T10:18:57.190Z
2022-07-04,2022,7,48265720,DeviceTemperature,captis_pulse,MAROOCHYDORE,Residential,38.46,12.82,13.76,12.3,3,2025-12-08T10:18:57.190Z
2022-07-04,2022,7,60257041,DeviceTemperature,captis_pulse,BUDERIM,Residential,34.93,11.643333333333333,12.63,11.1,3,2025-12-08T10:18:57.190Z
2022-07-04,2022,7,17649,DeviceTemperature,captis_pulse,BUDERIM,Residential,22.9,11.45,11.5,11.4,2,2025-12-08T10:18:57.190Z
2022-07-04,2022,7,17649,Battery,captis_pulse,BUDERIM,Residential,73.62,36.81,70.0,3.62,2,2025-12-08T10:18:57.190Z
2022-07-04,2022,7,60257041,Battery,captis_pulse,BUDERIM,Residential,70.05799999999999,23.352666666666664,64.0,2.428,3,2025-12-08T10:18:57.190Z
2022-07-04,2022,7,48265720,Battery,captis_pulse,MAROOCHYDORE,Residential,74.388,24.796000000000003,69.0,1.748,3,2025-12-08T10:18:57.190Z
2022-07-06,2022,7,17649,Pulse1,captis_pulse,BUDERIM,Residential,35.0,2.3333333333333335,23.0,0.0,15,2025-12-08T10:18:57.190Z
2022-07-06,2022,7,60257041,Pulse1_Total,captis_pulse,BUDERIM,Residential,1351752.0,90116.8,90266.0,90029.0,15,2025-12-08T10:18:57.190Z
2022-07-06,2022,7,60257041,Pulse1,captis_pulse,BUDERIM,Residential,122.0,8.133333333333333,86.0,0.0,15,2025-12-08T10:18:57.190Z
2022-07-06,2022,7,48265720,Pulse1,captis_pulse,MAROOCHYDORE,Residential,290.0,20.714285714285715,50.0,0.0,14,2025-12-08T10:18:57.190Z
2022-07-06,2022,7,60257041,DeviceTemperature,captis_pulse,BUDERIM,Residential,26.9,26.9,26.9,26.9,1,2025-12-08T10:18:57.190Z
2022-07-06,2022,7,48265720,DeviceTemperature,captis_pulse,MAROOCHYDORE,Residential,18.6,18.6,18.6,18.6,1,2025-12-08T10:18:57.190Z
2022-07-05,2022,7,21398657,Pulse1,,,,0.0,0.0,0.0,0.0,29,2025-12-08T10:18:57.190Z
2022-07-05,2022,7,21398657,Battery,,,,3.64,3.64,3.64,3.64,1,2025-12-08T10:18:57.190Z
2022-07-05,2022,7,21398657,DeviceTemperature,,,,20.57,20.57,20.57,20.57,1,2025-12-08T10:18:57.190Z
2022-07-04,2022,7,21398657,Pulse1,,,,0.0,0.0,0.0,0.0,25,2025-12-08T10:18:57.190Z
2022-07-06,2022,7,21398657,Pulse1,,,,0.0,0.0,0.0,0.0,5,2025-12-08T10:18:57.190Z
2022-07-05,2022,7,61489954,Pulse1,captis_pulse,BUDERIM,Residential,159.0,3.0,54.0,0.0,53,2025-12-08T10:18:57.190Z
2022-07-05,2022,7,61614,Pulse1,captis_pulse,BUDERIM,Residential,68.0,1.3333333333333333,12.0,0.0,51,2025-12-08T10:18:57.190Z
2022-07-05,2022,7,97884,Pulse1,captis_pulse,BUDERIM,Residential,183.0,3.588235294117647,35.0,0.0,51,2025-12-08T10:18:57.190Z
2022-07-05,2022,7,61144943,Pulse1_Total,captis_pulse,BUDERIM,Residential,748108.0,27707.703703703704,27737.0,27706.0,27,2025-12-08T10:18:57.190Z
2022-07-05,2022,7,61144943,Pulse1,captis_pulse,BUDERIM,Residential,14.0,0.5185185185185185,12.0,0.0,27,2025-12-08T10:18:57.190Z
2022-07-05,2022,7,61489954,DeviceTemperature,captis_pulse,BUDERIM,Residential,14.77,14.77,14.77,14.77,1,2025-12-08T10:18:57.190Z
2022-07-05,2022,7,61144943,Battery,captis_pulse,BUDERIM,Residential,3.63,3.63,3.63,3.63,1,2025-12-08T10:18:57.190Z
2022-07-05,2022,7,61144943,DeviceTemperature,captis_pulse,BUDERIM,Residential,12.38,12.38,12.38,12.38,1,2025-12-08T10:18:57.190Z
2022-07-05,2022,7,97884,Battery,captis_pulse,BUDERIM,Residential,74.866,24.955333333333332,69.0,2.236,3,2025-12-08T10:18:57.190Z
2022-07-05,2022,7,61614,DeviceTemperature,captis_pulse,BUDERIM,Residential,27.6,13.8,14.5,13.1,2,2025-12-08T10:18:57.190Z
2022-07-05,2022,7,61614,Battery,captis_pulse,BUDERIM,Residential,72.96000000000001,24.320000000000004,67.0,2.34,3,2025-12-08T10:18:57.190Z
2022-07-05,2022,7,61489954,Battery,captis_pulse,BUDERIM,Residential,3.64,3.64,3.64,3.64,1,2025-12-08T10:18:57.190Z
2022-07-04,2022,7,61489954,Pulse1,captis_pulse,BUDERIM,Residential,158.0,4.647058823529412,74.0,0.0,34,2025-12-08T10:18:57.190Z
2022-07-04,2022,7,61614,Pulse1,captis_pulse,BUDERIM,Residential,88.0,3.8260869565217392,36.0,0.0,23,2025-12-08T10:18:57.190Z
2022-07-04,2022,7,97884,Pulse1,captis_pulse,BUDERIM,Residential,36.0,1.6363636363636365,13.0,0.0,22,2025-12-08T10:18:57.190Z
2022-07-04,2022,7,97884,Battery,captis_pulse,BUDERIM,Residential,72.27799999999999,24.092666666666663,67.0,1.648,3,2025-12-08T10:18:57.190Z
2022-07-04,2022,7,61489954,Battery,captis_pulse,BUDERIM,Residential,3.64,3.64,3.64,3.64,1,2025-12-08T10:18:57.190Z
2022-07-04,2022,7,61614,DeviceTemperature,captis_pulse,BUDERIM,Residential,35.58,11.86,12.88,11.2,3,2025-12-08T10:18:57.190Z
2022-07-04,2022,7,97884,DeviceTemperature,captis_pulse,BUDERIM,Residential,21.4,10.7,10.8,10.6,2,2025-12-08T10:18:57.190Z
2022-07-04,2022,7,61489954,DeviceTemperature,captis_pulse,BUDERIM,Residential,14.4,14.4,14.4,14.4,1,2025-12-08T10:18:57.190Z
2022-07-06,2022,7,61489954,Pulse1,captis_pulse,BUDERIM,Residential,33.0,2.2,16.0,0.0,15,2025-12-08T10:18:57.190Z
2022-07-06,2022,7,61144943,Pulse1_Total,captis_pulse,BUDERIM,Residential,416596.0,27773.066666666666,27833.0,27737.0,15,2025-12-08T10:18:57.190Z
2022-07-06,2022,7,61144943,Pulse1,captis_pulse,BUDERIM,Residential,17.0,1.1333333333333333,10.0,0.0,15,2025-12-08T10:18:57.190Z
2022-07-06,2022,7,61614,Pulse1,captis_pulse,BUDERIM,Residential,13.0,1.0,4.0,0.0,13,2025-12-08T10:18:57.190Z
2022-07-06,2022,7,97884,Pulse1,captis_pulse,BUDERIM,Residential,101.0,5.9411764705882355,64.0,0.0,17,2025-12-08T10:18:57.190Z
2022-07-06,2022,7,61144943,DeviceTemperature,captis_pulse,BUDERIM,Residential,22.9,22.9,22.9,22.9,1,2025-12-08T10:18:57.190Z
2022-07-04,2022,7,61144943,Pulse1_Total,captis_pulse,BUDERIM,Residential,2628131.0,27376.364583333332,27549.0,27278.0,96,2025-12-08T10:18:57.190Z
2022-07-04,2022,7,61144943,Pulse1,captis_pulse,BUDERIM,Residential,271.0,2.8229166666666665,51.0,0.0,96,2025-12-08T10:18:57.190Z
2022-07-04,2022,7,61144943,DeviceTemperature,captis_pulse,BUDERIM,Residential,10.5,10.5,10.5,10.5,1,2025-12-08T10:18:57.190Z
2022-07-05,2022,7,60218899,Pulse1_Total,captis_pulse,BUDERIM,Residential,1430738.0,31103.0,31150.0,31043.0,46,2025-12-08T10:18:57.190Z
2022-07-05,2022,7,60218899,Pulse1,captis_pulse,BUDERIM,Residential,68.0,1.4782608695652173,22.0,0.0,46,2025-12-08T10:18:57.190Z
2022-07-05,2022,7,84674,Pulse1,captis_pulse,BUDERIM,Residential,221.0,4.510204081632653,72.0,0.0,49,2025-12-08T10:18:57.190Z
2022-07-05,2022,7,73328,Pulse1,captis_pulse,BUDERIM,Residential,58.0,1.0,30.0,0.0,58,2025-12-08T10:18:57.190Z
2022-07-05,2022,7,22368537,Pulse1_Total,captis_pulse,BIRTINYA,#N/A,2235646.0,42182.0,42182.0,42182.0,53,2025-12-08T10:18:57.190Z
2022-07-05,2022,7,22368537,Pulse1,captis_pulse,BIRTINYA,#N/A,0.0,0.0,0.0,0.0,52,2025-12-08T10:18:57.190Z
2022-07-05,2022,7,594928,Pulse1,captis_pulse,KULUIN,Residential,406.0,7.660377358490566,123.0,0.0,53,2025-12-08T10:18:57.190Z
2022-07-05,2022,7,9160926,Pulse1,captis_pulse,MAROOCHYDORE,Residential,49.0,3.0625,24.0,0.0,16,2025-12-08T10:18:57.190Z
2022-07-05,2022,7,84674,DeviceTemperature,captis_pulse,BUDERIM,Residential,28.009999999999998,14.004999999999999,14.4,13.61,2,2025-12-08T10:18:57.190Z
2022-07-05,2022,7,9160926,DeviceTemperature,captis_pulse,MAROOCHYDORE,Residential,13.9,13.9,13.9,13.9,1,2025-12-08T10:18:57.190Z
2022-07-05,2022,7,9160926,Battery,captis_pulse,MAROOCHYDORE,Residential,75.273,25.090999999999998,69.0,2.643,3,2025-12-08T10:18:57.190Z
2022-07-05,2022,7,73328,Battery,captis_pulse,BUDERIM,Residential,74.312,24.770666666666667,69.0,1.672,3,2025-12-08T10:18:57.190Z
2022-07-05,2022,7,22368537,Battery,captis_pulse,BIRTINYA,#N/A,3.64,3.64,3.64,3.64,1,2025-12-08T10:18:57.190Z
2022-07-05,2022,7,73328,DeviceTemperature,captis_pulse,BUDERIM,Residential,27.130000000000003,13.565000000000001,13.9,13.23,2,2025-12-08T10:18:57.190Z
2022-07-05,2022,7,22368537,DeviceTemperature,captis_pulse,BIRTINYA,#N/A,26.14,13.07,13.6,12.54,2,2025-12-08T10:18:57.190Z
2022-07-05,2022,7,84674,Battery,captis_pulse,BUDERIM,Residential,74.63,37.315,71.0,3.63,2,2025-12-08T10:18:57.190Z
2022-07-05,2022,7,594928,DeviceTemperature,captis_pulse,KULUIN,Residential,14.6,14.6,14.6,14.6,1,2025-12-08T10:18:57.190Z
2022-07-04,2022,7,84674,Pulse1,captis_pulse,BUDERIM,Residential,190.0,8.636363636363637,51.0,0.0,22,2025-12-08T10:18:57.190Z
2022-07-04,2022,7,60218899,Pulse1_Total,captis_pulse,BUDERIM,Residential,711001.0,30913.08695652174,30995.0,30903.0,23,2025-12-08T10:18:57.190Z
2022-07-04,2022,7,60218899,Pulse1,captis_pulse,BUDERIM,Residential,90.0,3.9130434782608696,36.0,0.0,23,2025-12-08T10:18:57.190Z
2022-07-04,2022,7,73328,Pulse1,captis_pulse,BUDERIM,Residential,17.0,0.7391304347826086,7.0,0.0,23,2025-12-08T10:18:57.190Z
2022-07-04,2022,7,22368537,Pulse1_Total,captis_pulse,BIRTINYA,#N/A,1012368.0,42182.0,42182.0,42182.0,24,2025-12-08T10:18:57.190Z
2022-07-04,2022,7,22368537,Pulse1,captis_pulse,BIRTINYA,#N/A,0.0,0.0,0.0,0.0,24,2025-12-08T10:18:57.190Z
2022-07-04,2022,7,594928,Pulse1,captis_pulse,KULUIN,Residential,51.0,2.3181818181818183,25.0,0.0,22,2025-12-08T10:18:57.190Z
2022-07-04,2022,7,594928,DeviceTemperature,captis_pulse,KULUIN,Residential,24.47,12.235,12.77,11.7,2,2025-12-08T10:18:57.190Z
2022-07-04,2022,7,22368537,DeviceTemperature,captis_pulse,BIRTINYA,#N/A,11.0,11.0,11.0,11.0,1,2025-12-08T10:18:57.190Z
2022-07-04,2022,7,73328,DeviceTemperature,captis_pulse,BUDERIM,Residential,11.6,11.6,11.6,11.6,1,2025-12-08T10:18:57.190Z
2022-07-04,2022,7,594928,Battery,captis_pulse,KULUIN,Residential,71.64,35.82,68.0,3.64,2,2025-12-08T10:18:57.190Z
2022-07-04,2022,7,84674,DeviceTemperature,captis_pulse,BUDERIM,Residential,12.0,12.0,12.0,12.0,1,2025-12-08T10:18:57.190Z
2022-07-04,2022,7,60218899,DeviceTemperature,captis_pulse,BUDERIM,Residential,33.790000000000006,11.263333333333335,12.19,10.8,3,2025-12-08T10:18:57.190Z
2022-07-04,2022,7,84674,Battery,captis_pulse,BUDERIM,Residential,72.62,36.31,69.0,3.62,2,2025-12-08T10:18:57.190Z
2022-07-06,2022,7,84674,Pulse1,captis_pulse,BUDERIM,Residential,41.0,2.7333333333333334,14.0,0.0,15,2025-12-08T10:18:57.190Z
2022-07-06,2022,7,73328,Pulse1,captis_pulse,BUDERIM,Residential,32.0,2.4615384615384617,16.0,0.0,13,2025-12-08T10:18:57.190Z
2022-07-06,2022,7,22368537,Pulse1_Total,captis_pulse,BIRTINYA,#N/A,548366.0,42182.0,42182.0,42182.0,13,2025-12-08T10:18:57.190Z
2022-07-06,2022,7,22368537,Pulse1,captis_pulse,BIRTINYA,#N/A,0.0,0.0,0.0,0.0,13,2025-12-08T10:18:57.190Z
2022-07-06,2022,7,9160926,Pulse1,captis_pulse,MAROOCHYDORE,Residential,45.0,3.4615384615384617,12.0,0.0,13,2025-12-08T10:18:57.190Z
2022-07-06,2022,7,594928,Pulse1,captis_pulse,KULUIN,Residential,98.0,5.444444444444445,55.0,0.0,18,2025-12-08T10:18:57.190Z
2022-07-06,2022,7,594928,DeviceTemperature,captis_pulse,KULUIN,Residential,31.1,31.1,31.1,31.1,1,2025-12-08T10:18:57.190Z
2022-07-06,2022,7,22368537,DeviceTemperature,captis_pulse,BIRTINYA,#N/A,20.9,20.9,20.9,20.9,1,2025-12-08T10:18:57.190Z
2022-07-06,2022,7,84674,DeviceTemperature,captis_pulse,BUDERIM,Residential,24.7,24.7,24.7,24.7,1,2025-12-08T10:18:57.190Z
2022-07-06,2022,7,9160926,DeviceTemperature,captis_pulse,MAROOCHYDORE,Residential,19.4,19.4,19.4,19.4,1,2025-12-08T10:18:57.190Z
2022-07-06,2022,7,73328,DeviceTemperature,captis_pulse,BUDERIM,Residential,20.7,20.7,20.7,20.7,1,2025-12-08T10:18:57.190Z
2022-07-04,2022,7,9160926,Pulse1,captis_pulse,MAROOCHYDORE,Residential,877.0,9.135416666666666,98.0,0.0,96,2025-12-08T10:18:57.190Z
2022-07-04,2022,7,9160926,DeviceTemperature,captis_pulse,MAROOCHYDORE,Residential,12.7,12.7,12.7,12.7,1,2025-12-08T10:18:57.190Z
2022-07-04,2022,7,9160926,Battery,captis_pulse,MAROOCHYDORE,Residential,1.998,1.998,1.998,1.998,1,2025-12-08T10:18:57.190Z
2022-07-05,2022,7,13128,Pulse1_Total,captis_pulse,BUDERIM,Residential,1891377.0,35025.5,35034.0,35017.0,54,2025-12-08T10:18:57.190Z
2022-07-05,2022,7,13128,Pulse1,captis_pulse,BUDERIM,Residential,13.0,0.24074074074074073,10.0,0.0,54,2025-12-08T10:18:57.190Z
2022-07-05,2022,7,720,Pulse1_Total,captis_pulse,MAROOCHYDORE,Non-Residential,2555810.0,52159.38775510204,52174.0,52126.0,49,2025-12-08T10:18:57.190Z
2022-07-05,2022,7,720,Pulse1,captis_pulse,MAROOCHYDORE,Non-Residential,45.0,0.9183673469387755,14.0,0.0,49,2025-12-08T10:18:57.190Z
2022-07-05,2022,7,61347246,Pulse1_Total,captis_pulse,BUDERIM,Residential,2052739.0,37322.527272727275,37475.0,37215.0,55,2025-12-08T10:18:57.190Z
2022-07-05,2022,7,61347246,Pulse1,captis_pulse,BUDERIM,Residential,135.0,2.4545454545454546,22.0,0.0,55,2025-12-08T10:18:57.190Z
2022-07-05,2022,7,46054145,Pulse1,captis_pulse,BUDERIM,Residential,2260.0,41.851851851851855,230.0,0.0,54,2025-12-08T10:18:57.190Z
2022-07-05,2022,7,61347246,DeviceTemperature,captis_pulse,BUDERIM,Residential,12.7,12.7,12.7,12.7,1,2025-12-08T10:18:57.190Z
2022-07-05,2022,7,81965965,Pulse1,captis_pulse,MAROOCHYDORE,#N/A,165.0,6.6,35.0,0.0,25,2025-12-08T10:18:57.190Z
2022-07-05,2022,7,46054145,Battery,captis_pulse,BUDERIM,Residential,75.107,25.035666666666668,69.0,2.467,3,2025-12-08T10:18:57.190Z
2022-07-05,2022,7,46054145,DeviceTemperature,captis_pulse,BUDERIM,Residential,14.84,14.84,14.84,14.84,1,2025-12-08T10:18:57.190Z
2022-07-05,2022,7,13128,Battery,captis_pulse,BUDERIM,Residential,77.59,25.863333333333333,72.0,1.97,3,2025-12-08T10:18:57.190Z
2022-07-05,2022,7,13128,DeviceTemperature,captis_pulse,BUDERIM,Residential,27.35,13.675,14.2,13.15,2,2025-12-08T10:18:57.190Z
2022-07-05,2022,7,720,DeviceTemperature,captis_pulse,MAROOCHYDORE,Non-Residential,27.46,13.73,14.1,13.36,2,2025-12-08T10:18:57.190Z
2022-07-05,2022,7,720,Battery,captis_pulse,MAROOCHYDORE,Non-Residential,91.77499999999999,30.591666666666665,86.0,2.145,3,2025-12-08T10:18:57.190Z
2022-07-05,2022,7,81965965,Battery,captis_pulse,MAROOCHYDORE,#N/A,72.64,36.32,69.0,3.64,2,2025-12-08T10:18:57.190Z
2022-07-05,2022,7,81965965,DeviceTemperature,captis_pulse,MAROOCHYDORE,#N/A,13.07,13.07,13.07,13.07,1,2025-12-08T10:18:57.190Z
2022-07-04,2022,7,46054145,Pulse1,captis_pulse,BUDERIM,Residential,780.0,31.2,140.0,0.0,25,2025-12-08T10:18:57.190Z
2022-07-04,2022,7,81965965,Pulse1,captis_pulse,MAROOCHYDORE,#N/A,140.0,5.833333333333333,40.0,0.0,24,2025-12-08T10:18:57.190Z
2022-07-04,2022,7,13128,Pulse1_Total,captis_pulse,BUDERIM,Residential,805177.0,35007.69565217391,35017.0,35004.0,23,2025-12-08T10:18:57.190Z
2022-07-04,2022,7,13128,Pulse1,captis_pulse,BUDERIM,Residential,11.0,0.4782608695652174,10.0,0.0,23,2025-12-08T10:18:57.190Z
2022-07-04,2022,7,720,Pulse1_Total,captis_pulse,MAROOCHYDORE,Non-Residential,1198374.0,52103.217391304344,52115.0,52100.0,23,2025-12-08T10:18:57.190Z
2022-07-04,2022,7,720,Pulse1,captis_pulse,MAROOCHYDORE,Non-Residential,7.0,0.2916666666666667,5.0,0.0,24,2025-12-08T10:18:57.190Z
2022-07-04,2022,7,61347246,Pulse1_Total,captis_pulse,BUDERIM,Residential,816991.0,37135.954545454544,37206.0,37107.0,22,2025-12-08T10:18:57.190Z
2022-07-04,2022,7,61347246,Pulse1,captis_pulse,BUDERIM,Residential,81.0,3.375,61.0,0.0,24,2025-12-08T10:18:57.190Z
2022-07-04,2022,7,61347246,DeviceTemperature,captis_pulse,BUDERIM,Residential,22.65,11.325,12.05,10.6,2,2025-12-08T10:18:57.190Z
2022-07-04,2022,7,61347246,Battery,captis_pulse,BUDERIM,Residential,3.64,3.64,3.64,3.64,1,2025-12-08T10:18:57.190Z
2022-07-04,2022,7,13128,DeviceTemperature,captis_pulse,BUDERIM,Residential,24.200000000000003,12.100000000000001,12.9,11.3,2,2025-12-08T10:18:57.190Z
2022-07-04,2022,7,720,DeviceTemperature,captis_pulse,MAROOCHYDORE,Non-Residential,37.269999999999996,12.423333333333332,13.17,11.9,3,2025-12-08T10:18:57.190Z
2022-07-06,2022,7,13128,Pulse1_Total,captis_pulse,BUDERIM,Residential,525700.0,35046.666666666664,35052.0,35042.0,15,2025-12-08T10:18:57.190Z
2022-07-06,2022,7,13128,Pulse1,captis_pulse,BUDERIM,Residential,9.0,0.6,9.0,0.0,15,2025-12-08T10:18:57.190Z
2022-07-06,2022,7,720,Pulse1_Total,captis_pulse,MAROOCHYDORE,Non-Residential,678828.0,52217.53846153846,52241.0,52190.0,13,2025-12-08T10:18:57.190Z
2022-07-06,2022,7,720,Pulse1,captis_pulse,MAROOCHYDORE,Non-Residential,23.0,1.7692307692307692,7.0,0.0,13,2025-12-08T10:18:57.190Z
2022-07-06,2022,7,61347246,Pulse1_Total,captis_pulse,BUDERIM,Residential,675599.0,37533.27777777778,37624.0,37485.0,18,2025-12-08T10:18:57.190Z
2022-07-06,2022,7,61347246,Pulse1,captis_pulse,BUDERIM,Residential,24.0,1.3333333333333333,8.0,0.0,18,2025-12-08T10:18:57.190Z
2022-07-06,2022,7,46054145,Pulse1,captis_pulse,BUDERIM,Residential,1090.0,60.55555555555556,410.0,0.0,18,2025-12-08T10:18:57.190Z
2022-07-06,2022,7,81965965,Pulse1,captis_pulse,MAROOCHYDORE,#N/A,30.0,15.0,20.0,10.0,2,2025-12-08T10:18:57.190Z
2022-07-06,2022,7,46054145,DeviceTemperature,captis_pulse,BUDERIM,Residential,25.8,25.8,25.8,25.8,1,2025-12-08T10:18:57.190Z
2022-07-06,2022,7,61347246,DeviceTemperature,captis_pulse,BUDERIM,Residential,18.6,18.6,18.6,18.6,1,2025-12-08T10:18:57.190Z
2022-07-05,2022,7,22451667,Pulse1_Total,captis_pulse,MOUNTAIN CREEK,Non-Residential,145220.0,2740.0,2740.0,2740.0,53,2025-12-08T10:18:57.190Z
2022-07-05,2022,7,22451667,Pulse1,captis_pulse,MOUNTAIN CREEK,Non-Residential,0.0,0.0,0.0,0.0,54,2025-12-08T10:18:57.190Z
2022-07-05,2022,7,2659,Pulse1,captis_pulse,BUDERIM,Residential,129.0,2.4339622641509435,57.0,0.0,53,2025-12-08T10:18:57.190Z
2022-07-05,2022,7,64628137,DeviceTemperature,captis_pulse,MAROOCHYDORE,Non-Residential,14.0,14.0,14.0,14.0,1,2025-12-08T10:18:57.190Z
2022-07-05,2022,7,2659,DeviceTemperature,captis_pulse,BUDERIM,Residential,27.26,13.63,14.3,12.96,2,2025-12-08T10:18:57.190Z
2022-07-05,2022,7,2659,Battery,captis_pulse,BUDERIM,Residential,70.351,23.450333333333333,65.0,1.721,3,2025-12-08T10:18:57.190Z
2022-07-05,2022,7,22451667,DeviceTemperature,captis_pulse,MOUNTAIN CREEK,Non-Residential,19.4,19.4,19.4,19.4,1,2025-12-08T10:18:57.190Z
2022-07-04,2022,7,2659,Pulse1,captis_pulse,BUDERIM,Residential,31.0,1.2916666666666667,13.0,0.0,24,2025-12-08T10:18:57.190Z
2022-07-04,2022,7,22451667,Pulse1_Total,captis_pulse,MOUNTAIN CREEK,Non-Residential,60280.0,2740.0,2740.0,2740.0,22,2025-12-08T10:18:57.190Z
2022-07-04,2022,7,22451667,Pulse1,captis_pulse,MOUNTAIN CREEK,Non-Residential,0.0,0.0,0.0,0.0,23,2025-12-08T10:18:57.190Z
2022-07-04,2022,7,22451667,DeviceTemperature,captis_pulse,MOUNTAIN CREEK,Non-Residential,59.11,19.703333333333333,20.1,19.2,3,2025-12-08T10:18:57.190Z
2022-07-04,2022,7,2659,DeviceTemperature,captis_pulse,BUDERIM,Residential,11.4,11.4,11.4,11.4,1,2025-12-08T10:18:57.190Z
2022-07-04,2022,7,22451667,Battery,captis_pulse,MOUNTAIN CREEK,Non-Residential,81.982,27.327333333333332,76.0,2.422,3,2025-12-08T10:18:57.190Z
2022-07-04,2022,7,64628137,DeviceTemperature,captis_pulse,MAROOCHYDORE,Non-Residential,11.5,11.5,11.5,11.5,1,2025-12-08T10:18:57.190Z
2022-07-06,2022,7,22451667,Pulse1_Total,captis_pulse,MOUNTAIN CREEK,Non-Residential,46580.0,2740.0,2740.0,2740.0,17,2025-12-08T10:18:57.190Z
2022-07-06,2022,7,22451667,Pulse1,captis_pulse,MOUNTAIN CREEK,Non-Residential,0.0,0.0,0.0,0.0,18,2025-12-08T10:18:57.190Z
2022-07-06,2022,7,2659,Pulse1,captis_pulse,BUDERIM,Residential,115.0,6.388888888888889,48.0,0.0,18,2025-12-08T10:18:57.190Z
2022-07-05,2022,7,256685,Pulse1,captis_pulse,BUDERIM,Residential,298.0,4.806451612903226,119.0,0.0,62,2025-12-08T10:18:57.190Z
2022-07-05,2022,7,61269702,Pulse1_Total,captis_pulse,BUDERIM,Residential,1142223.0,21551.377358490565,21624.0,21497.0,53,2025-12-08T10:18:57.190Z
2022-07-05,2022,7,61269702,Pulse1,captis_pulse,BUDERIM,Residential,72.0,1.3584905660377358,7.0,1.0,53,2025-12-08T10:18:57.190Z
2022-07-05,2022,7,46055410,Pulse1,captis_pulse,GRIFFIN,Non-Residential,0.0,0.0,0.0,0.0,49,2025-12-08T10:18:57.190Z
2022-07-05,2022,7,46055038,Pulse1,captis_pulse,BUDERIM,Residential,3300.0,64.70588235294117,250.0,0.0,51,2025-12-08T10:18:57.190Z
2022-07-05,2022,7,61559395,Pulse1_Total,captis_pulse,BUDERIM,Residential,194168.0,3734.0,3734.0,3734.0,52,2025-12-08T10:18:57.190Z
2022-07-05,2022,7,61559395,Pulse1,captis_pulse,BUDERIM,Residential,0.0,0.0,0.0,0.0,52,2025-12-08T10:18:57.190Z
2022-07-05,2022,7,21951243,Pulse1,captis_pulse,CALOUNDRA,Non-Residential,0.0,0.0,0.0,0.0,51,2025-12-08T10:18:57.190Z
2022-07-05,2022,7,21968336,Pulse1,captis_pulse,MOUNTAIN CREEK,Non-Residential,0.0,0.0,0.0,0.0,51,2025-12-08T10:18:57.190Z
2022-07-05,2022,7,257328,Pulse1,captis_pulse,BUDERIM,Residential,59.0,1.1346153846153846,24.0,0.0,52,2025-12-08T10:18:57.190Z
2022-07-05,2022,7,256685,Battery,captis_pulse,BUDERIM,Residential,76.294,25.43133333333333,71.0,1.664,3,2025-12-08T10:18:57.190Z
2022-07-05,2022,7,61269702,Battery,captis_pulse,BUDERIM,Residential,3.63,3.63,3.63,3.63,1,2025-12-08T10:18:57.190Z
2022-07-05,2022,7,256685,DeviceTemperature,captis_pulse,BUDERIM,Residential,13.47,13.47,13.47,13.47,1,2025-12-08T10:18:57.190Z
2022-07-05,2022,7,46053162,Battery,captis_pulse,MAROOCHYDORE,Residential,3.66,3.66,3.66,3.66,1,2025-12-08T10:18:57.190Z
2022-07-05,2022,7,46053162,DeviceTemperature,captis_pulse,MAROOCHYDORE,Residential,27.79,13.895,14.5,13.29,2,2025-12-08T10:18:57.190Z
2022-07-05,2022,7,21951243,DeviceTemperature,captis_pulse,CALOUNDRA,Non-Residential,14.17,14.17,14.17,14.17,1,2025-12-08T10:18:57.190Z
2022-07-05,2022,7,21968336,Battery,captis_pulse,MOUNTAIN CREEK,Non-Residential,74.59299999999999,24.86433333333333,69.0,1.963,3,2025-12-08T10:18:57.190Z
2022-07-05,2022,7,21968336,DeviceTemperature,captis_pulse,MOUNTAIN CREEK,Non-Residential,29.92,14.96,15.6,14.32,2,2025-12-08T10:18:57.190Z
2022-07-05,2022,7,46055410,Battery,captis_pulse,GRIFFIN,Non-Residential,73.295,24.43166666666667,68.0,1.655,3,2025-12-08T10:18:57.190Z
2022-07-05,2022,7,46055038,Battery,captis_pulse,BUDERIM,Residential,72.647,24.215666666666667,67.0,2.007,3,2025-12-08T10:18:57.190Z
2022-07-05,2022,7,61559395,Battery,captis_pulse,BUDERIM,Residential,72.22,24.073333333333334,66.0,2.59,3,2025-12-08T10:18:57.190Z
2022-07-05,2022,7,21951243,Battery,captis_pulse,CALOUNDRA,Non-Residential,76.29,25.430000000000003,71.0,1.65,3,2025-12-08T10:18:57.190Z
2022-07-05,2022,7,46055410,DeviceTemperature,captis_pulse,GRIFFIN,Non-Residential,28.98,14.49,14.9,14.08,2,2025-12-08T10:18:57.190Z
2022-07-05,2022,7,46055038,DeviceTemperature,captis_pulse,BUDERIM,Residential,28.79,14.395,14.8,13.99,2,2025-12-08T10:18:57.190Z
2022-07-05,2022,7,61559395,DeviceTemperature,captis_pulse,BUDERIM,Residential,26.1,13.05,13.5,12.6,2,2025-12-08T10:18:57.190Z
2022-07-05,2022,7,61269702,DeviceTemperature,captis_pulse,BUDERIM,Residential,12.8,12.8,12.8,12.8,1,2025-12-08T10:18:57.190Z
2022-07-04,2022,7,61269702,Pulse1_Total,captis_pulse,BUDERIM,Residential,515218.0,21467.416666666668,21491.0,21447.0,24,2025-12-08T10:18:57.190Z
2022-07-04,2022,7,61269702,Pulse1,captis_pulse,BUDERIM,Residential,31.0,1.2916666666666667,3.0,1.0,24,2025-12-08T10:18:57.190Z
2022-07-04,2022,7,256685,Pulse1,captis_pulse,BUDERIM,Residential,25.0,1.0869565217391304,12.0,0.0,23,2025-12-08T10:18:57.190Z
2022-07-04,2022,7,46055410,Pulse1,captis_pulse,GRIFFIN,Non-Residential,0.0,0.0,0.0,0.0,23,2025-12-08T10:18:57.190Z
2022-07-04,2022,7,46055038,Pulse1,captis_pulse,BUDERIM,Residential,1070.0,46.52173913043478,160.0,0.0,23,2025-12-08T10:18:57.190Z
2022-07-04,2022,7,61559395,Pulse1_Total,captis_pulse,BUDERIM,Residential,89593.0,3733.0416666666665,3734.0,3733.0,24,2025-12-08T10:18:57.190Z
2022-07-04,2022,7,61559395,Pulse1,captis_pulse,BUDERIM,Residential,1.0,0.041666666666666664,1.0,0.0,24,2025-12-08T10:18:57.190Z
2022-07-04,2022,7,21951243,Pulse1,captis_pulse,CALOUNDRA,Non-Residential,0.0,0.0,0.0,0.0,23,2025-12-08T10:18:57.190Z
2022-07-04,2022,7,21968336,Pulse1,captis_pulse,MOUNTAIN CREEK,Non-Residential,0.0,0.0,0.0,0.0,23,2025-12-08T10:18:57.190Z
2022-07-04,2022,7,257328,Pulse1,captis_pulse,BUDERIM,Residential,6.0,0.23076923076923078,1.0,0.0,26,2025-12-08T10:18:57.190Z
2022-07-04,2022,7,46053162,DeviceTemperature,captis_pulse,MAROOCHYDORE,Residential,12.0,12.0,12.0,12.0,1,2025-12-08T10:18:57.190Z
2022-07-04,2022,7,257328,DeviceTemperature,captis_pulse,BUDERIM,Residential,25.740000000000002,12.870000000000001,13.44,12.3,2,2025-12-08T10:18:57.190Z
2022-07-04,2022,7,46055038,DeviceTemperature,captis_pulse,BUDERIM,Residential,24.6,12.3,12.4,12.2,2,2025-12-08T10:18:57.190Z
2022-07-04,2022,7,21968336,DeviceTemperature,captis_pulse,MOUNTAIN CREEK,Non-Residential,27.32,13.66,14.42,12.9,2,2025-12-08T10:18:57.190Z
2022-07-04,2022,7,256685,DeviceTemperature,captis_pulse,BUDERIM,Residential,35.78,11.926666666666668,12.78,11.4,3,2025-12-08T10:18:57.190Z
2022-07-04,2022,7,46055410,DeviceTemperature,captis_pulse,GRIFFIN,Non-Residential,12.4,12.4,12.4,12.4,1,2025-12-08T10:18:57.190Z
2022-07-04,2022,7,61559395,DeviceTemperature,captis_pulse,BUDERIM,Residential,11.1,11.1,11.1,11.1,1,2025-12-08T10:18:57.190Z
2022-07-04,2022,7,21951243,DeviceTemperature,captis_pulse,CALOUNDRA,Non-Residential,13.89,13.89,13.89,13.89,1,2025-12-08T10:18:57.190Z
2022-07-04,2022,7,21968336,Battery,captis_pulse,MOUNTAIN CREEK,Non-Residential,72.577,24.192333333333334,67.0,1.947,3,2025-12-08T10:18:57.190Z
2022-07-06,2022,7,61269702,Pulse1_Total,captis_pulse,BUDERIM,Residential,325992.0,21732.8,21767.0,21701.0,15,2025-12-08T10:18:57.190Z
2022-07-06,2022,7,61269702,Pulse1,captis_pulse,BUDERIM,Residential,19.0,1.2666666666666666,2.0,1.0,15,2025-12-08T10:18:57.190Z
2022-07-06,2022,7,256685,Pulse1,captis_pulse,BUDERIM,Residential,19.0,1.2666666666666666,5.0,0.0,15,2025-12-08T10:18:57.190Z
2022-07-06,2022,7,46055410,Pulse1,captis_pulse,GRIFFIN,Non-Residential,0.0,0.0,0.0,0.0,13,2025-12-08T10:18:57.190Z
2022-07-06,2022,7,46055038,Pulse1,captis_pulse,BUDERIM,Residential,1210.0,93.07692307692308,230.0,20.0,13,2025-12-08T10:18:57.190Z
2022-07-06,2022,7,61559395,Pulse1_Total,captis_pulse,BUDERIM,Residential,48542.0,3734.0,3734.0,3734.0,13,2025-12-08T10:18:57.190Z
2022-07-06,2022,7,61559395,Pulse1,captis_pulse,BUDERIM,Residential,0.0,0.0,0.0,0.0,13,2025-12-08T10:18:57.190Z
2022-07-06,2022,7,21951243,Pulse1,captis_pulse,CALOUNDRA,Non-Residential,0.0,0.0,0.0,0.0,13,2025-12-08T10:18:57.190Z
2022-07-06,2022,7,21968336,Pulse1,captis_pulse,MOUNTAIN CREEK,Non-Residential,20.0,1.5384615384615385,10.0,0.0,13,2025-12-08T10:18:57.190Z
2022-07-06,2022,7,257328,Pulse1,captis_pulse,BUDERIM,Residential,113.0,6.277777777777778,40.0,0.0,18,2025-12-08T10:18:57.190Z
2022-07-06,2022,7,46053162,DeviceTemperature,captis_pulse,MAROOCHYDORE,Residential,33.9,33.9,33.9,33.9,1,2025-12-08T10:18:57.190Z
2022-07-06,2022,7,46055038,DeviceTemperature,captis_pulse,BUDERIM,Residential,23.9,23.9,23.9,23.9,1,2025-12-08T10:18:57.190Z
2022-07-06,2022,7,21968336,DeviceTemperature,captis_pulse,MOUNTAIN CREEK,Non-Residential,29.5,29.5,29.5,29.5,1,2025-12-08T10:18:57.190Z
2022-07-04,2022,7,61319593,DeviceTemperature,captis_pulse,BUDERIM,Residential,32.0,16.0,17.4,14.6,2,2025-12-08T10:18:57.190Z
2022-07-05,2022,7,349593,Pulse1,captis_pulse,BUDERIM,Residential,412.0,8.24,97.0,0.0,50,2025-12-08T10:18:57.190Z
2022-07-05,2022,7,26934829,Pulse1,captis_pulse,MAROOCHYDORE,Non-Residential,300.0,5.555555555555555,100.0,0.0,54,2025-12-08T10:18:57.190Z
2022-07-05,2022,7,62508176,Pulse1_Total,captis_pulse,BUDERIM,Residential,559470.0,10970.0,10970.0,10970.0,51,2025-12-08T10:18:57.190Z
2022-07-05,2022,7,62508176,Pulse1,captis_pulse,BUDERIM,Residential,0.0,0.0,0.0,0.0,51,2025-12-08T10:18:57.190Z
2022-07-05,2022,7,26934829,Battery,captis_pulse,MAROOCHYDORE,Non-Residential,3.64,3.64,3.64,3.64,1,2025-12-08T10:18:57.190Z
2022-07-05,2022,7,62508176,Battery,captis_pulse,BUDERIM,Residential,3.65,3.65,3.65,3.65,1,2025-12-08T10:18:57.190Z
2022-07-05,2022,7,26934829,DeviceTemperature,captis_pulse,MAROOCHYDORE,Non-Residential,15.1,15.1,15.1,15.1,1,2025-12-08T10:18:57.190Z
2022-07-04,2022,7,349593,Pulse1,captis_pulse,BUDERIM,Residential,140.0,6.086956521739131,30.0,1.0,23,2025-12-08T10:18:57.190Z
2022-07-04,2022,7,26934829,Pulse1,captis_pulse,MAROOCHYDORE,Non-Residential,100.0,4.166666666666667,100.0,0.0,24,2025-12-08T10:18:57.190Z
2022-07-04,2022,7,62508176,Pulse1_Total,captis_pulse,BUDERIM,Residential,241340.0,10970.0,10970.0,10970.0,22,2025-12-08T10:18:57.190Z
2022-07-04,2022,7,62508176,Pulse1,captis_pulse,BUDERIM,Residential,0.0,0.0,0.0,0.0,22,2025-12-08T10:18:57.190Z
2022-07-04,2022,7,349593,DeviceTemperature,captis_pulse,BUDERIM,Residential,12.2,12.2,12.2,12.2,1,2025-12-08T10:18:57.190Z
2022-07-04,2022,7,26934829,DeviceTemperature,captis_pulse,MAROOCHYDORE,Non-Residential,23.6,11.8,11.8,11.8,2,2025-12-08T10:18:57.190Z
2022-07-04,2022,7,62508176,Battery,captis_pulse,BUDERIM,Residential,3.65,3.65,3.65,3.65,1,2025-12-08T10:18:57.190Z
2022-07-04,2022,7,62508176,DeviceTemperature,captis_pulse,BUDERIM,Residential,11.0,11.0,11.0,11.0,1,2025-12-08T10:18:57.190Z
2022-07-06,2022,7,349593,Pulse1,captis_pulse,BUDERIM,Residential,86.0,5.375,22.0,2.0,16,2025-12-08T10:18:57.190Z
2022-07-06,2022,7,26934829,Pulse1,captis_pulse,MAROOCHYDORE,Non-Residential,200.0,13.333333333333334,200.0,0.0,15,2025-12-08T10:18:57.190Z
2022-07-06,2022,7,62508176,Pulse1_Total,captis_pulse,BUDERIM,Residential,175520.0,10970.0,10970.0,10970.0,16,2025-12-08T10:18:57.190Z
2022-07-06,2022,7,62508176,Pulse1,captis_pulse,BUDERIM,Residential,0.0,0.0,0.0,0.0,16,2025-12-08T10:18:57.190Z
2022-07-05,2022,7,62358710,Pulse1_Total,captis_pulse,BUDERIM,Residential,682770.0,17506.923076923078,17528.0,17459.0,39,2025-12-08T10:18:57.190Z
2022-07-05,2022,7,62358710,Pulse1,captis_pulse,BUDERIM,Residential,55.0,1.4102564102564104,16.0,0.0,39,2025-12-08T10:18:57.190Z
2022-07-04,2022,7,62358710,Pulse1_Total,captis_pulse,BUDERIM,Residential,401191.0,17443.08695652174,17459.0,17436.0,23,2025-12-08T10:18:57.190Z
2022-07-04,2022,7,62358710,Pulse1,captis_pulse,BUDERIM,Residential,13.0,0.5652173913043478,7.0,0.0,23,2025-12-08T10:18:57.190Z
2022-07-04,2022,7,62358710,Battery,captis_pulse,BUDERIM,Residential,150.235,25.03916666666667,69.0,3.57,6,2025-12-08T10:18:57.190Z
2022-07-04,2022,7,62358710,DeviceTemperature,captis_pulse,BUDERIM,Residential,47.22,15.74,17.5,13.6,3,2025-12-08T10:18:57.190Z
2022-07-05,2022,7,61187325,Pulse1_Total,,,,1568.0,32.0,32.0,32.0,49,2025-12-08T10:18:57.190Z
2022-07-05,2022,7,61187325,Pulse1,,,,0.0,0.0,0.0,0.0,50,2025-12-08T10:18:57.190Z
2022-07-05,2022,7,61187325,Battery,,,,75.25,25.083333333333332,70.0,1.61,3,2025-12-08T10:18:57.190Z
2022-07-04,2022,7,61187325,Pulse1_Total,,,,704.0,32.0,32.0,32.0,22,2025-12-08T10:18:57.190Z
2022-07-04,2022,7,61187325,Pulse1,,,,0.0,0.0,0.0,0.0,22,2025-12-08T10:18:57.190Z
2022-07-04,2022,7,61187325,DeviceTemperature,,,,28.9,14.45,14.8,14.1,2,2025-12-08T10:18:57.190Z
2022-07-06,2022,7,61187325,Pulse1_Total,,,,448.0,32.0,32.0,32.0,14,2025-12-08T10:18:57.190Z
2022-07-06,2022,7,61187325,Pulse1,,,,0.0,0.0,0.0,0.0,15,2025-12-08T10:18:57.190Z
2022-07-05,2022,7,2408,Pulse1,captis_pulse,BUDERIM,Residential,265.0,5.3,49.0,0.0,50,2025-12-08T10:18:57.190Z
2022-07-05,2022,7,81967337,Pulse1,captis_pulse,MAROOCHYDORE,Residential,240.0,8.571428571428571,40.0,0.0,28,2025-12-08T10:18:57.190Z
2022-07-05,2022,7,445,Pulse1,captis_pulse,MAROOCHYDORE,Residential,214.0,4.28,114.0,0.0,50,2025-12-08T10:18:57.190Z
2022-07-05,2022,7,62365842,Pulse1_Total,captis_pulse,BUDERIM,Residential,2494539.0,49890.78,50084.0,49837.0,50,2025-12-08T10:18:57.190Z
2022-07-05,2022,7,62365842,Pulse1,captis_pulse,BUDERIM,Residential,87.0,1.74,27.0,0.0,50,2025-12-08T10:18:57.190Z
2022-07-05,2022,7,8986179,Pulse1_Total,captis_pulse,MAROOCHYDORE,Residential,3359405.0,67188.1,67249.0,67180.0,50,2025-12-08T10:18:57.190Z
2022-07-05,2022,7,8986179,Pulse1,captis_pulse,MAROOCHYDORE,Residential,4.0,0.08,4.0,0.0,50,2025-12-08T10:18:57.190Z
2022-07-05,2022,7,62365842,Battery,captis_pulse,BUDERIM,Residential,3.64,3.64,3.64,3.64,1,2025-12-08T10:18:57.190Z
2022-07-05,2022,7,8986179,Battery,captis_pulse,MAROOCHYDORE,Residential,76.435,25.478333333333335,71.0,1.795,3,2025-12-08T10:18:57.190Z
2022-07-05,2022,7,445,DeviceTemperature,captis_pulse,MAROOCHYDORE,Residential,27.18,13.59,14.0,13.18,2,2025-12-08T10:18:57.190Z
2022-07-05,2022,7,445,Battery,captis_pulse,MAROOCHYDORE,Residential,73.70100000000001,24.567000000000004,68.0,2.061,3,2025-12-08T10:18:57.190Z
2022-07-05,2022,7,2408,DeviceTemperature,captis_pulse,BUDERIM,Residential,14.5,14.5,14.5,14.5,1,2025-12-08T10:18:57.190Z
2022-07-05,2022,7,62365842,DeviceTemperature,captis_pulse,BUDERIM,Residential,15.6,15.6,15.6,15.6,1,2025-12-08T10:18:57.190Z
2022-07-05,2022,7,81967337,DeviceTemperature,captis_pulse,MAROOCHYDORE,Residential,15.0,15.0,15.0,15.0,1,2025-12-08T10:18:57.190Z
2022-07-04,2022,7,2408,Pulse1,captis_pulse,BUDERIM,Residential,7.0,0.3181818181818182,7.0,0.0,22,2025-12-08T10:18:57.190Z
2022-07-04,2022,7,445,Pulse1,captis_pulse,MAROOCHYDORE,Residential,42.0,2.0,36.0,0.0,21,2025-12-08T10:18:57.190Z
2022-07-04,2022,7,62365842,Pulse1_Total,captis_pulse,BUDERIM,Residential,1090801.0,49581.86363636364,49800.0,49537.0,22,2025-12-08T10:18:57.190Z
2022-07-04,2022,7,62365842,Pulse1,captis_pulse,BUDERIM,Residential,201.0,9.136363636363637,79.0,0.0,22,2025-12-08T10:18:57.190Z
2022-07-04,2022,7,8986179,Pulse1_Total,captis_pulse,MAROOCHYDORE,Residential,1544618.0,67157.30434782608,67180.0,67142.0,23,2025-12-08T10:18:57.190Z
2022-07-04,2022,7,8986179,Pulse1,captis_pulse,MAROOCHYDORE,Residential,35.0,1.5217391304347827,19.0,0.0,23,2025-12-08T10:18:57.190Z
2022-07-04,2022,7,81967337,Pulse1,captis_pulse,MAROOCHYDORE,Residential,435.0,17.4,160.0,0.0,25,2025-12-08T10:18:57.190Z
2022-07-04,2022,7,445,DeviceTemperature,captis_pulse,MAROOCHYDORE,Residential,11.8,11.8,11.8,11.8,1,2025-12-08T10:18:57.190Z
2022-07-04,2022,7,62365842,DeviceTemperature,captis_pulse,BUDERIM,Residential,29.2,14.6,14.7,14.5,2,2025-12-08T10:18:57.190Z
2022-07-04,2022,7,2408,DeviceTemperature,captis_pulse,BUDERIM,Residential,11.6,11.6,11.6,11.6,1,2025-12-08T10:18:57.190Z
2022-07-04,2022,7,62365842,Battery,captis_pulse,BUDERIM,Residential,3.64,3.64,3.64,3.64,1,2025-12-08T10:18:57.190Z
2022-07-04,2022,7,8986179,Battery,captis_pulse,MAROOCHYDORE,Residential,77.37,25.790000000000003,72.0,1.73,3,2025-12-08T10:18:57.190Z
2022-07-04,2022,7,81967337,DeviceTemperature,captis_pulse,MAROOCHYDORE,Residential,12.4,12.4,12.4,12.4,1,2025-12-08T10:18:57.190Z
2022-07-04,2022,7,8986179,DeviceTemperature,captis_pulse,MAROOCHYDORE,Residential,21.6,10.8,10.9,10.7,2,2025-12-08T10:18:57.190Z
2022-07-04,2022,7,445,Battery,captis_pulse,MAROOCHYDORE,Residential,72.583,24.194333333333333,67.0,1.953,3,2025-12-08T10:18:57.190Z
2022-07-06,2022,7,2408,Pulse1,captis_pulse,BUDERIM,Residential,94.0,6.266666666666667,66.0,0.0,15,2025-12-08T10:18:57.190Z
2022-07-06,2022,7,445,Pulse1,captis_pulse,MAROOCHYDORE,Residential,186.0,12.4,107.0,0.0,15,2025-12-08T10:18:57.190Z
2022-07-06,2022,7,62365842,Pulse1_Total,captis_pulse,BUDERIM,Residential,853004.0,50176.705882352944,50206.0,50159.0,17,2025-12-08T10:18:57.190Z
2022-07-06,2022,7,62365842,Pulse1,captis_pulse,BUDERIM,Residential,21.0,1.2352941176470589,13.0,0.0,17,2025-12-08T10:18:57.190Z
2022-07-06,2022,7,8986179,Pulse1_Total,captis_pulse,MAROOCHYDORE,Residential,1143285.0,67252.05882352941,67272.0,67249.0,17,2025-12-08T10:18:57.190Z
2022-07-06,2022,7,8986179,Pulse1,captis_pulse,MAROOCHYDORE,Residential,7.0,0.4117647058823529,4.0,0.0,17,2025-12-08T10:18:57.190Z
2022-07-06,2022,7,81967337,Pulse1,captis_pulse,MAROOCHYDORE,Residential,55.0,13.75,25.0,0.0,4,2025-12-08T10:18:57.190Z
2022-07-06,2022,7,62365842,DeviceTemperature,captis_pulse,BUDERIM,Residential,24.4,24.4,24.4,24.4,1,2025-12-08T10:18:57.190Z
2022-07-06,2022,7,81967337,Battery,captis_pulse,MAROOCHYDORE,Residential,76.64,38.32,73.0,3.64,2,2025-12-08T10:18:57.190Z
2022-07-06,2022,7,81967337,DeviceTemperature,captis_pulse,MAROOCHYDORE,Residential,16.12,16.12,16.12,16.12,1,2025-12-08T10:18:57.190Z
2022-07-05,2022,7,61250840,Pulse1_Total,,,,1326.0,34.0,34.0,34.0,39,2025-12-08T10:18:57.190Z
2022-07-05,2022,7,61250840,Pulse1,,,,0.0,0.0,0.0,0.0,39,2025-12-08T10:18:57.190Z
2022-07-05,2022,7,61250840,DeviceTemperature,,,,14.64,14.64,14.64,14.64,1,2025-12-08T10:18:57.190Z
2022-07-05,2022,7,61250840,Battery,,,,3.64,3.64,3.64,3.64,1,2025-12-08T10:18:57.190Z
2022-07-04,2022,7,61250840,Pulse1_Total,,,,816.0,34.0,34.0,34.0,24,2025-12-08T10:18:57.190Z
2022-07-04,2022,7,61250840,Pulse1,,,,0.0,0.0,0.0,0.0,25,2025-12-08T10:18:57.190Z
2022-07-04,2022,7,61250840,DeviceTemperature,,,,13.8,13.8,13.8,13.8,1,2025-12-08T10:18:57.190Z
2022-07-06,2022,7,61250840,Pulse1_Total,,,,408.0,34.0,34.0,34.0,12,2025-12-08T10:18:57.190Z
2022-07-06,2022,7,61250840,Pulse1,,,,0.0,0.0,0.0,0.0,12,2025-12-08T10:18:57.190Z
2022-07-06,2022,7,61250840,Battery,,,,3.64,3.64,3.64,3.64,1,2025-12-08T10:18:57.190Z
2022-07-05,2022,7,2517,Pulse1,captis_pulse,BUDERIM,Residential,0.0,0.0,0.0,0.0,52,2025-12-08T10:18:57.190Z
2022-07-05,2022,7,61230127,Pulse1_Total,captis_pulse,BUDERIM,Residential,2006268.0,36477.6,36607.0,36197.0,55,2025-12-08T10:18:57.190Z
2022-07-05,2022,7,61230127,Pulse1,captis_pulse,BUDERIM,Residential,326.0,5.927272727272728,61.0,0.0,55,2025-12-08T10:18:57.190Z
2022-07-05,2022,7,61144919,Pulse1_Total,captis_pulse,BUDERIM,Residential,1400.0,35.0,35.0,35.0,40,2025-12-08T10:18:57.190Z
2022-07-05,2022,7,61144919,Pulse1,captis_pulse,BUDERIM,Residential,0.0,0.0,0.0,0.0,40,2025-12-08T10:18:57.190Z
2022-07-05,2022,7,81967364,Pulse1,captis_pulse,MAROOCHYDORE,Residential,1045.0,37.32142857142857,165.0,0.0,28,2025-12-08T10:18:57.190Z
2022-07-05,2022,7,61144919,Battery,captis_pulse,BUDERIM,Residential,71.62,35.81,68.0,3.62,2,2025-12-08T10:18:57.190Z
2022-07-05,2022,7,61144919,DeviceTemperature,captis_pulse,BUDERIM,Residential,27.33,13.665,14.3,13.03,2,2025-12-08T10:18:57.190Z
2022-07-05,2022,7,2517,DeviceTemperature,captis_pulse,BUDERIM,Residential,16.48,16.48,16.48,16.48,1,2025-12-08T10:18:57.190Z
2022-07-05,2022,7,2517,Battery,captis_pulse,BUDERIM,Residential,76.379,25.459666666666667,71.0,1.789,3,2025-12-08T10:18:57.190Z
2022-07-05,2022,7,61230127,Battery,captis_pulse,BUDERIM,Residential,3.65,3.65,3.65,3.65,1,2025-12-08T10:18:57.190Z
2022-07-05,2022,7,61230127,DeviceTemperature,captis_pulse,BUDERIM,Residential,24.39,12.195,12.6,11.79,2,2025-12-08T10:18:57.190Z
2022-07-05,2022,7,81967364,Battery,captis_pulse,MAROOCHYDORE,Residential,71.65,35.825,68.0,3.65,2,2025-12-08T10:18:57.190Z
2022-07-05,2022,7,81967364,DeviceTemperature,captis_pulse,MAROOCHYDORE,Residential,14.3,14.3,14.3,14.3,1,2025-12-08T10:18:57.190Z
2022-07-04,2022,7,61144919,Pulse1_Total,captis_pulse,BUDERIM,Residential,875.0,35.0,35.0,35.0,25,2025-12-08T10:18:57.190Z
2022-07-04,2022,7,61144919,Pulse1,captis_pulse,BUDERIM,Residential,0.0,0.0,0.0,0.0,25,2025-12-08T10:18:57.190Z
2022-07-04,2022,7,81967364,Pulse1,captis_pulse,MAROOCHYDORE,Residential,185.0,7.4,45.0,0.0,25,2025-12-08T10:18:57.190Z
2022-07-04,2022,7,2517,Pulse1,captis_pulse,BUDERIM,Residential,0.0,0.0,0.0,0.0,24,2025-12-08T10:18:57.190Z
2022-07-04,2022,7,61187518,Pulse1_Total,captis_pulse,BUDERIM,Residential,179856.0,19984.0,19984.0,19984.0,9,2025-12-08T10:18:57.190Z
2022-07-04,2022,7,61187518,Pulse1,captis_pulse,BUDERIM,Residential,0.0,0.0,0.0,0.0,9,2025-12-08T10:18:57.190Z
2022-07-04,2022,7,61230127,Pulse1_Total,captis_pulse,BUDERIM,Residential,903511.0,36140.44,36175.0,36134.0,25,2025-12-08T10:18:57.190Z
2022-07-04,2022,7,61230127,Pulse1,captis_pulse,BUDERIM,Residential,41.0,1.64,13.0,0.0,25,2025-12-08T10:18:57.190Z
2022-07-04,2022,7,2517,DeviceTemperature,captis_pulse,BUDERIM,Residential,32.68,16.34,16.88,15.8,2,2025-12-08T10:18:57.190Z
2022-07-04,2022,7,61187518,DeviceTemperature,captis_pulse,BUDERIM,Residential,13.12,13.12,13.12,13.12,1,2025-12-08T10:18:57.190Z
2022-07-06,2022,7,2517,Pulse1,captis_pulse,BUDERIM,Residential,0.0,0.0,0.0,0.0,13,2025-12-08T10:18:57.190Z
2022-07-06,2022,7,61144919,Pulse1_Total,captis_pulse,BUDERIM,Residential,455.0,35.0,35.0,35.0,13,2025-12-08T10:18:57.190Z
2022-07-06,2022,7,61144919,Pulse1,captis_pulse,BUDERIM,Residential,0.0,0.0,0.0,0.0,13,2025-12-08T10:18:57.190Z
2022-07-06,2022,7,61230127,Pulse1_Total,captis_pulse,BUDERIM,Residential,697251.0,36697.42105263158,36818.0,36623.0,19,2025-12-08T10:18:57.190Z
2022-07-06,2022,7,61230127,Pulse1,captis_pulse,BUDERIM,Residential,102.0,5.368421052631579,40.0,0.0,19,2025-12-08T10:18:57.190Z
2022-07-06,2022,7,81967364,Pulse1,captis_pulse,MAROOCHYDORE,Residential,115.0,38.333333333333336,55.0,25.0,3,2025-12-08T10:18:57.190Z
2022-07-06,2022,7,61144919,Battery,captis_pulse,BUDERIM,Residential,45.63,22.815,42.0,3.63,2,2025-12-08T10:18:57.190Z
2022-07-06,2022,7,61144919,DeviceTemperature,captis_pulse,BUDERIM,Residential,36.95,18.475,21.2,15.75,2,2025-12-08T10:18:57.190Z
2022-07-06,2022,7,61230127,DeviceTemperature,captis_pulse,BUDERIM,Residential,26.0,26.0,26.0,26.0,1,2025-12-08T10:18:57.190Z
2022-07-06,2022,7,81967364,Battery,captis_pulse,MAROOCHYDORE,Residential,69.64,34.82,66.0,3.64,2,2025-12-08T10:18:57.190Z
2022-07-06,2022,7,81967364,DeviceTemperature,captis_pulse,MAROOCHYDORE,Residential,15.59,15.59,15.59,15.59,1,2025-12-08T10:18:57.190Z
2022-07-05,2022,7,61221417,Pulse1_Total,captis_pulse,BUDERIM,Residential,3565049.0,72756.10204081633,73127.0,72499.0,49,2025-12-08T10:18:57.190Z
2022-07-05,2022,7,61221417,Pulse1,captis_pulse,BUDERIM,Residential,420.0,8.571428571428571,89.0,0.0,49,2025-12-08T10:18:57.190Z
2022-07-05,2022,7,9349674,Pulse1,captis_pulse,MAROOCHYDORE,Residential,418.0,8.36,138.0,0.0,50,2025-12-08T10:18:57.190Z
2022-07-05,2022,7,22048071,Pulse1_Total,captis_pulse,KULUIN,Non-Residential,666740.0,12580.0,12580.0,12580.0,53,2025-12-08T10:18:57.190Z
2022-07-05,2022,7,22048071,Pulse1,captis_pulse,KULUIN,Non-Residential,0.0,0.0,0.0,0.0,53,2025-12-08T10:18:57.190Z
2022-07-05,2022,7,60223975,Pulse1_Total,captis_pulse,BUDERIM,Residential,0.0,0.0,0.0,0.0,53,2025-12-08T10:18:57.190Z
2022-07-05,2022,7,60223975,Pulse1,captis_pulse,BUDERIM,Residential,0.0,0.0,0.0,0.0,53,2025-12-08T10:18:57.190Z
2022-07-05,2022,7,61185570,Pulse1_Total,captis_pulse,BUDERIM,Residential,1643.0,31.0,31.0,31.0,53,2025-12-08T10:18:57.190Z
2022-07-05,2022,7,61185570,Pulse1,captis_pulse,BUDERIM,Residential,0.0,0.0,0.0,0.0,54,2025-12-08T10:18:57.190Z
2022-07-05,2022,7,61221417,Battery,captis_pulse,BUDERIM,Residential,3.64,3.64,3.64,3.64,1,2025-12-08T10:18:57.190Z
2022-07-05,2022,7,9349674,DeviceTemperature,captis_pulse,MAROOCHYDORE,Residential,30.14,15.07,15.6,14.54,2,2025-12-08T10:18:57.190Z
2022-07-05,2022,7,60223975,Battery,captis_pulse,BUDERIM,Residential,3.938,3.938,3.938,3.938,1,2025-12-08T10:18:57.190Z
2022-07-05,2022,7,9349674,Battery,captis_pulse,MAROOCHYDORE,Residential,73.436,24.47866666666667,68.0,1.796,3,2025-12-08T10:18:57.190Z
2022-07-05,2022,7,61221417,DeviceTemperature,captis_pulse,BUDERIM,Residential,14.3,14.3,14.3,14.3,1,2025-12-08T10:18:57.190Z
2022-07-05,2022,7,22048071,DeviceTemperature,captis_pulse,KULUIN,Non-Residential,14.7,14.7,14.7,14.7,1,2025-12-08T10:18:57.190Z
2022-07-05,2022,7,61185570,DeviceTemperature,captis_pulse,BUDERIM,Residential,15.8,15.8,15.8,15.8,1,2025-12-08T10:18:57.190Z
2022-07-04,2022,7,61185570,Pulse1_Total,captis_pulse,BUDERIM,Residential,775.0,31.0,31.0,31.0,25,2025-12-08T10:18:57.190Z
2022-07-04,2022,7,61185570,Pulse1,captis_pulse,BUDERIM,Residential,0.0,0.0,0.0,0.0,25,2025-12-08T10:18:57.190Z
2022-07-04,2022,7,61221417,Pulse1_Total,captis_pulse,BUDERIM,Residential,1593162.0,72416.45454545454,72499.0,72360.0,22,2025-12-08T10:18:57.190Z
2022-07-04,2022,7,61221417,Pulse1,captis_pulse,BUDERIM,Residential,49.0,2.227272727272727,32.0,0.0,22,2025-12-08T10:18:57.190Z
2022-07-04,2022,7,9349674,Pulse1,captis_pulse,MAROOCHYDORE,Residential,283.0,12.863636363636363,111.0,0.0,22,2025-12-08T10:18:57.190Z
2022-07-04,2022,7,60223975,Pulse1_Total,captis_pulse,BUDERIM,Residential,0.0,0.0,0.0,0.0,23,2025-12-08T10:18:57.190Z
2022-07-04,2022,7,60223975,Pulse1,captis_pulse,BUDERIM,Residential,0.0,0.0,0.0,0.0,24,2025-12-08T10:18:57.190Z
2022-07-04,2022,7,22048071,Pulse1_Total,captis_pulse,KULUIN,Non-Residential,301920.0,12580.0,12580.0,12580.0,24,2025-12-08T10:18:57.190Z
2022-07-04,2022,7,22048071,Pulse1,captis_pulse,KULUIN,Non-Residential,0.0,0.0,0.0,0.0,25,2025-12-08T10:18:57.190Z
2022-07-04,2022,7,61185570,DeviceTemperature,captis_pulse,BUDERIM,Residential,14.4,14.4,14.4,14.4,1,2025-12-08T10:18:57.190Z
2022-07-04,2022,7,22048071,DeviceTemperature,captis_pulse,KULUIN,Non-Residential,26.34,13.17,13.64,12.7,2,2025-12-08T10:18:57.190Z
2022-07-04,2022,7,61221417,Battery,captis_pulse,BUDERIM,Residential,3.64,3.64,3.64,3.64,1,2025-12-08T10:18:57.190Z
2022-07-04,2022,7,9349674,DeviceTemperature,captis_pulse,MAROOCHYDORE,Residential,40.31,13.436666666666667,14.31,12.9,3,2025-12-08T10:18:57.190Z
2022-07-04,2022,7,61221417,DeviceTemperature,captis_pulse,BUDERIM,Residential,13.2,13.2,13.2,13.2,1,2025-12-08T10:18:57.190Z
2022-07-04,2022,7,60223975,DeviceTemperature,captis_pulse,BUDERIM,Residential,10.0,10.0,10.0,10.0,1,2025-12-08T10:18:57.190Z
2022-07-06,2022,7,61221417,Pulse1_Total,captis_pulse,BUDERIM,Residential,1026094.0,73292.42857142857,73479.0,73127.0,14,2025-12-08T10:18:57.190Z
2022-07-06,2022,7,61221417,Pulse1,captis_pulse,BUDERIM,Residential,70.0,5.0,55.0,0.0,14,2025-12-08T10:18:57.190Z
2022-07-06,2022,7,9349674,Pulse1,captis_pulse,MAROOCHYDORE,Residential,187.0,12.466666666666667,152.0,0.0,15,2025-12-08T10:18:57.190Z
2022-07-06,2022,7,9349674,DeviceTemperature,captis_pulse,MAROOCHYDORE,Residential,30.5,30.5,30.5,30.5,1,2025-12-08T10:18:57.190Z
2022-07-06,2022,7,60223975,Pulse1_Total,captis_pulse,BUDERIM,Residential,0.0,0.0,0.0,0.0,14,2025-12-08T10:18:57.190Z
2022-07-06,2022,7,60223975,Pulse1,captis_pulse,BUDERIM,Residential,0.0,0.0,0.0,0.0,15,2025-12-08T10:18:57.190Z
2022-07-06,2022,7,22048071,Pulse1_Total,captis_pulse,KULUIN,Non-Residential,226440.0,12580.0,12580.0,12580.0,18,2025-12-08T10:18:57.190Z
2022-07-06,2022,7,22048071,Pulse1,captis_pulse,KULUIN,Non-Residential,0.0,0.0,0.0,0.0,18,2025-12-08T10:18:57.190Z
2022-07-06,2022,7,61185570,Pulse1_Total,captis_pulse,BUDERIM,Residential,558.0,31.0,31.0,31.0,18,2025-12-08T10:18:57.190Z
2022-07-06,2022,7,61185570,Pulse1,captis_pulse,BUDERIM,Residential,0.0,0.0,0.0,0.0,18,2025-12-08T10:18:57.190Z
2022-07-06,2022,7,61221417,DeviceTemperature,captis_pulse,BUDERIM,Residential,35.6,17.8,17.8,17.8,2,2025-12-08T10:18:57.190Z
2022-07-06,2022,7,60223975,DeviceTemperature,captis_pulse,BUDERIM,Residential,19.3,19.3,19.3,19.3,1,2025-12-08T10:18:57.190Z
2022-07-05,2022,7,82429952,Pulse1,captis_pulse,KULUIN,Residential,1310.0,20.793650793650794,130.0,0.0,63,2025-12-08T10:18:57.190Z
2022-07-05,2022,7,65438060,Pulse1,captis_pulse,BUDERIM,Residential,1560.0,24.375,160.0,0.0,64,2025-12-08T10:18:57.190Z
2022-07-05,2022,7,32981288,Pulse1_Total,captis_pulse,MAROOCHYDORE,Non-Residential,1364760.0,26760.0,26760.0,26760.0,51,2025-12-08T10:18:57.190Z
2022-07-05,2022,7,32981288,Pulse1,captis_pulse,MAROOCHYDORE,Non-Residential,0.0,0.0,0.0,0.0,51,2025-12-08T10:18:57.190Z
2022-07-05,2022,7,62365671,Pulse1,captis_pulse,BUDERIM,Residential,22.0,2.4444444444444446,3.0,2.0,9,2025-12-08T10:18:57.190Z
2022-07-05,2022,7,65438060,Battery,captis_pulse,BUDERIM,Residential,91.032,30.343999999999998,84.0,3.402,3,2025-12-08T10:18:57.190Z
2022-07-05,2022,7,32981288,Battery,captis_pulse,MAROOCHYDORE,Non-Residential,70.71700000000001,23.572333333333336,65.0,2.067,3,2025-12-08T10:18:57.190Z
2022-07-05,2022,7,32981288,DeviceTemperature,captis_pulse,MAROOCHYDORE,Non-Residential,21.56,21.56,21.56,21.56,1,2025-12-08T10:18:57.190Z
2022-07-05,2022,7,62365671,Battery,captis_pulse,BUDERIM,Residential,3.63,3.63,3.63,3.63,1,2025-12-08T10:18:57.190Z
2022-07-05,2022,7,62365671,DeviceTemperature,captis_pulse,BUDERIM,Residential,13.37,13.37,13.37,13.37,1,2025-12-08T10:18:57.190Z
2022-07-04,2022,7,62365671,Pulse1,captis_pulse,BUDERIM,Residential,248.0,9.92,140.0,2.0,25,2025-12-08T10:18:57.190Z
2022-07-04,2022,7,82429952,Pulse1,captis_pulse,KULUIN,Residential,200.0,9.090909090909092,70.0,0.0,22,2025-12-08T10:18:57.190Z
2022-07-04,2022,7,65438060,Pulse1,captis_pulse,BUDERIM,Residential,640.0,27.82608695652174,130.0,0.0,23,2025-12-08T10:18:57.190Z
2022-07-04,2022,7,32981288,Pulse1_Total,captis_pulse,MAROOCHYDORE,Non-Residential,588720.0,26760.0,26760.0,26760.0,22,2025-12-08T10:18:57.190Z
2022-07-04,2022,7,32981288,Pulse1,captis_pulse,MAROOCHYDORE,Non-Residential,0.0,0.0,0.0,0.0,22,2025-12-08T10:18:57.190Z
2022-07-04,2022,7,82429952,Battery,captis_pulse,KULUIN,Residential,50.09,16.69666666666667,45.0,1.45,3,2025-12-08T10:18:57.190Z
2022-07-04,2022,7,82429952,DeviceTemperature,captis_pulse,KULUIN,Residential,25.98,12.99,13.38,12.6,2,2025-12-08T10:18:57.190Z
2022-07-04,2022,7,32981288,Battery,captis_pulse,MAROOCHYDORE,Non-Residential,71.65,35.825,68.0,3.65,2,2025-12-08T10:18:57.190Z
2022-07-04,2022,7,32981288,DeviceTemperature,captis_pulse,MAROOCHYDORE,Non-Residential,43.67,21.835,21.97,21.7,2,2025-12-08T10:18:57.190Z
2022-07-04,2022,7,65438060,Battery,captis_pulse,BUDERIM,Residential,4.51,4.51,4.51,4.51,1,2025-12-08T10:18:57.190Z
2022-07-04,2022,7,62365671,DeviceTemperature,captis_pulse,BUDERIM,Residential,12.1,12.1,12.1,12.1,1,2025-12-08T10:18:57.190Z
2022-07-06,2022,7,82429952,Pulse1,captis_pulse,KULUIN,Residential,570.0,38.0,90.0,0.0,15,2025-12-08T10:18:57.190Z
2022-07-06,2022,7,65438060,Pulse1,captis_pulse,BUDERIM,Residential,560.0,37.333333333333336,90.0,0.0,15,2025-12-08T10:18:57.190Z
2022-07-06,2022,7,32981288,Pulse1_Total,captis_pulse,MAROOCHYDORE,Non-Residential,454920.0,26760.0,26760.0,26760.0,17,2025-12-08T10:18:57.190Z
2022-07-06,2022,7,32981288,Pulse1,captis_pulse,MAROOCHYDORE,Non-Residential,0.0,0.0,0.0,0.0,17,2025-12-08T10:18:57.190Z
2022-07-06,2022,7,32981288,DeviceTemperature,captis_pulse,MAROOCHYDORE,Non-Residential,22.0,22.0,22.0,22.0,1,2025-12-08T10:18:57.190Z
2022-07-05,2022,7,61268190,Pulse1_Total,captis_pulse,BUDERIM,Residential,3449083.0,68981.66,69137.0,68924.0,50,2025-12-08T10:18:57.190Z
2022-07-05,2022,7,61268190,Pulse1,captis_pulse,BUDERIM,Residential,69.0,1.38,14.0,0.0,50,2025-12-08T10:18:57.190Z
2022-07-05,2022,7,260962,Pulse1,captis_pulse,KULUIN,Residential,157.0,3.0784313725490198,56.0,0.0,51,2025-12-08T10:18:57.190Z
2022-07-05,2022,7,61268190,DeviceTemperature,captis_pulse,BUDERIM,Residential,25.46,12.73,13.2,12.26,2,2025-12-08T10:18:57.190Z
2022-07-05,2022,7,61268190,Battery,captis_pulse,BUDERIM,Residential,76.513,25.504333333333335,71.0,1.873,3,2025-12-08T10:18:57.190Z
2022-07-05,2022,7,260962,Battery,captis_pulse,KULUIN,Residential,76.48899999999999,25.49633333333333,71.0,1.859,3,2025-12-08T10:18:57.190Z
2022-07-05,2022,7,260962,DeviceTemperature,captis_pulse,KULUIN,Residential,27.79,13.895,14.3,13.49,2,2025-12-08T10:18:57.190Z
2022-07-04,2022,7,61268190,Pulse1_Total,captis_pulse,BUDERIM,Residential,1514270.0,68830.45454545454,68921.0,68792.0,22,2025-12-08T10:18:57.190Z
2022-07-04,2022,7,61268190,Pulse1,captis_pulse,BUDERIM,Residential,21.0,0.9545454545454546,7.0,0.0,22,2025-12-08T10:18:57.190Z
2022-07-04,2022,7,260962,Pulse1,captis_pulse,KULUIN,Residential,66.0,3.0,41.0,0.0,22,2025-12-08T10:18:57.190Z
2022-07-04,2022,7,260962,DeviceTemperature,captis_pulse,KULUIN,Residential,24.91,12.455,13.01,11.9,2,2025-12-08T10:18:57.190Z
2022-07-04,2022,7,61268190,Battery,captis_pulse,BUDERIM,Residential,75.649,25.216333333333335,70.0,2.019,3,2025-12-08T10:18:57.190Z
2022-07-04,2022,7,61268190,DeviceTemperature,captis_pulse,BUDERIM,Residential,22.72,11.36,12.12,10.6,2,2025-12-08T10:18:57.190Z
2022-07-04,2022,7,260962,Battery,captis_pulse,KULUIN,Residential,77.499,25.833,72.0,1.869,3,2025-12-08T10:18:57.190Z
2022-07-06,2022,7,61268190,Pulse1_Total,captis_pulse,BUDERIM,Residential,1037309.0,69153.93333333333,69206.0,69138.0,15,2025-12-08T10:18:57.190Z
2022-07-06,2022,7,61268190,Pulse1,captis_pulse,BUDERIM,Residential,26.0,1.7333333333333334,13.0,0.0,15,2025-12-08T10:18:57.190Z
2022-07-06,2022,7,260962,Pulse1,captis_pulse,KULUIN,Residential,10.0,0.7692307692307693,8.0,0.0,13,2025-12-08T10:18:57.190Z
2022-07-06,2022,7,61268190,DeviceTemperature,captis_pulse,BUDERIM,Residential,20.6,20.6,20.6,20.6,1,2025-12-08T10:18:57.190Z
2022-07-05,2022,7,296557,Pulse1,captis_pulse,BUDERIM,Residential,0.0,0.0,0.0,0.0,49,2025-12-08T10:18:57.190Z
2022-07-05,2022,7,61620881,Pulse1_Total,captis_pulse,BUDERIM,Non-Residential,2295.0,45.0,45.0,45.0,51,2025-12-08T10:18:57.190Z
2022-07-05,2022,7,61620881,Pulse1,captis_pulse,BUDERIM,Non-Residential,0.0,0.0,0.0,0.0,51,2025-12-08T10:18:57.190Z
2022-07-05,2022,7,62375107,Pulse1_Total,captis_pulse,BUDERIM,Residential,4984441.0,97734.13725490196,98139.0,97398.0,51,2025-12-08T10:18:57.190Z
2022-07-05,2022,7,62375107,Pulse1,captis_pulse,BUDERIM,Residential,485.0,9.509803921568627,145.0,2.0,51,2025-12-08T10:18:57.190Z
2022-07-05,2022,7,9395630,Pulse1,captis_pulse,MAROOCHYDORE,Residential,167.0,3.2115384615384617,74.0,0.0,52,2025-12-08T10:18:57.190Z
2022-07-05,2022,7,296557,DeviceTemperature,captis_pulse,BUDERIM,Residential,35.81,17.905,18.2,17.61,2,2025-12-08T10:18:57.190Z
2022-07-05,2022,7,62375107,DeviceTemperature,captis_pulse,BUDERIM,Residential,16.4,16.4,16.4,16.4,1,2025-12-08T10:18:57.190Z
2022-07-05,2022,7,296557,Battery,captis_pulse,BUDERIM,Residential,77.341,25.78033333333333,72.0,1.701,3,2025-12-08T10:18:57.190Z
2022-07-05,2022,7,9395630,DeviceTemperature,captis_pulse,MAROOCHYDORE,Residential,28.35,14.175,14.9,13.45,2,2025-12-08T10:18:57.190Z
2022-07-05,2022,7,61620881,Battery,captis_pulse,BUDERIM,Non-Residential,71.882,23.96066666666667,65.0,3.242,3,2025-12-08T10:18:57.190Z
2022-07-05,2022,7,62375107,Battery,captis_pulse,BUDERIM,Residential,1.853,1.853,1.853,1.853,1,2025-12-08T10:18:57.190Z
2022-07-05,2022,7,61620881,DeviceTemperature,captis_pulse,BUDERIM,Non-Residential,14.92,14.92,14.92,14.92,1,2025-12-08T10:18:57.190Z
2022-07-05,2022,7,9395630,Battery,captis_pulse,MAROOCHYDORE,Residential,122.61,30.6525,63.0,3.61,4,2025-12-08T10:18:57.190Z
2022-07-04,2022,7,296557,Pulse1,captis_pulse,BUDERIM,Residential,5.0,0.22727272727272727,5.0,0.0,22,2025-12-08T10:18:57.190Z
2022-07-04,2022,7,61620881,Pulse1_Total,captis_pulse,BUDERIM,Non-Residential,990.0,45.0,45.0,45.0,22,2025-12-08T10:18:57.190Z
2022-07-04,2022,7,61620881,Pulse1,captis_pulse,BUDERIM,Non-Residential,0.0,0.0,0.0,0.0,22,2025-12-08T10:18:57.190Z
2022-07-04,2022,7,62375107,Pulse1_Total,captis_pulse,BUDERIM,Residential,3209356.0,97253.21212121213,97322.0,97212.0,33,2025-12-08T10:18:57.190Z
2022-07-04,2022,7,62375107,Pulse1,captis_pulse,BUDERIM,Residential,104.0,3.1515151515151514,4.0,3.0,33,2025-12-08T10:18:57.190Z
2022-07-04,2022,7,296557,DeviceTemperature,captis_pulse,BUDERIM,Residential,35.08,17.54,18.08,17.0,2,2025-12-08T10:18:57.190Z
2022-07-04,2022,7,9395630,Pulse1,captis_pulse,MAROOCHYDORE,Residential,20.0,0.7142857142857143,11.0,0.0,28,2025-12-08T10:18:57.190Z
2022-07-04,2022,7,62375107,DeviceTemperature,captis_pulse,BUDERIM,Residential,31.6,15.8,15.9,15.7,2,2025-12-08T10:18:57.190Z
2022-07-04,2022,7,9395630,DeviceTemperature,captis_pulse,MAROOCHYDORE,Residential,24.91,12.455,13.01,11.9,2,2025-12-08T10:18:57.190Z
2022-07-04,2022,7,61620881,Battery,captis_pulse,BUDERIM,Non-Residential,70.183,23.394333333333336,64.0,2.543,3,2025-12-08T10:18:57.190Z
2022-07-04,2022,7,62375107,Battery,captis_pulse,BUDERIM,Residential,1.801,1.801,1.801,1.801,1,2025-12-08T10:18:57.190Z
2022-07-04,2022,7,61620881,DeviceTemperature,captis_pulse,BUDERIM,Non-Residential,29.61,14.805,15.41,14.2,2,2025-12-08T10:18:57.190Z
2022-07-04,2022,7,296557,Battery,captis_pulse,BUDERIM,Residential,74.329,24.77633333333333,69.0,1.689,3,2025-12-08T10:18:57.190Z
2022-07-06,2022,7,296557,Pulse1,captis_pulse,BUDERIM,Residential,0.0,0.0,0.0,0.0,15,2025-12-08T10:18:57.190Z
2022-07-06,2022,7,61620881,Pulse1_Total,captis_pulse,BUDERIM,Non-Residential,720.0,45.0,45.0,45.0,16,2025-12-08T10:18:57.190Z
2022-07-06,2022,7,61620881,Pulse1,captis_pulse,BUDERIM,Non-Residential,0.0,0.0,0.0,0.0,17,2025-12-08T10:18:57.190Z
2022-07-06,2022,7,62375107,Pulse1_Total,captis_pulse,BUDERIM,Residential,1672409.0,98377.0,98627.0,98237.0,17,2025-12-08T10:18:57.190Z
2022-07-06,2022,7,62375107,Pulse1,captis_pulse,BUDERIM,Residential,152.0,8.941176470588236,50.0,3.0,17,2025-12-08T10:18:57.190Z
2022-07-06,2022,7,9395630,Pulse1,captis_pulse,MAROOCHYDORE,Residential,83.0,4.368421052631579,36.0,0.0,19,2025-12-08T10:18:57.190Z
2022-07-06,2022,7,61620881,DeviceTemperature,captis_pulse,BUDERIM,Non-Residential,18.1,18.1,18.1,18.1,1,2025-12-08T10:18:57.190Z
2022-07-06,2022,7,296557,DeviceTemperature,captis_pulse,BUDERIM,Residential,24.5,24.5,24.5,24.5,1,2025-12-08T10:18:57.190Z
2022-07-05,2022,7,61148634,Pulse1_Total,captis_pulse,BUDERIM,Residential,4143451.0,84560.22448979592,84826.0,84306.0,49,2025-12-08T10:18:57.190Z
2022-07-05,2022,7,61148634,Pulse1,captis_pulse,BUDERIM,Residential,376.0,7.673469387755102,102.0,0.0,49,2025-12-08T10:18:57.190Z
2022-07-05,2022,7,591856,Pulse1,captis_pulse,BUDERIM,Residential,338.0,5.728813559322034,20.0,4.0,59,2025-12-08T10:18:57.190Z
2022-07-05,2022,7,60596215,Pulse1,captis_pulse,BUDERIM,Residential,445.0,8.557692307692308,130.0,0.0,52,2025-12-08T10:18:57.190Z
2022-07-05,2022,7,591856,Battery,captis_pulse,BUDERIM,Residential,76.53399999999999,25.51133333333333,71.0,1.904,3,2025-12-08T10:18:57.190Z
2022-07-05,2022,7,591856,DeviceTemperature,captis_pulse,BUDERIM,Residential,28.240000000000002,14.120000000000001,14.6,13.64,2,2025-12-08T10:18:57.190Z
2022-07-05,2022,7,60596215,Battery,captis_pulse,BUDERIM,Residential,3.6,3.6,3.6,3.6,1,2025-12-08T10:18:57.190Z
2022-07-05,2022,7,60596215,DeviceTemperature,captis_pulse,BUDERIM,Residential,25.91,12.955,13.9,12.01,2,2025-12-08T10:18:57.190Z
2022-07-04,2022,7,60596215,Pulse1,captis_pulse,BUDERIM,Residential,121.0,4.84,33.0,0.0,25,2025-12-08T10:18:57.190Z
2022-07-04,2022,7,61148634,Pulse1_Total,captis_pulse,BUDERIM,Residential,1851985.0,84181.13636363637,84278.0,84145.0,22,2025-12-08T10:18:57.190Z
2022-07-04,2022,7,61148634,Pulse1,captis_pulse,BUDERIM,Residential,116.0,5.2727272727272725,36.0,0.0,22,2025-12-08T10:18:57.190Z
2022-07-04,2022,7,591856,Pulse1,captis_pulse,BUDERIM,Residential,146.0,6.3478260869565215,24.0,4.0,23,2025-12-08T10:18:57.190Z
2022-07-04,2022,7,61148634,DeviceTemperature,captis_pulse,BUDERIM,Residential,22.82,11.41,11.82,11.0,2,2025-12-08T10:18:57.190Z
2022-07-04,2022,7,591856,Battery,captis_pulse,BUDERIM,Residential,80.47399999999999,26.824666666666662,75.0,1.844,3,2025-12-08T10:18:57.190Z
2022-07-06,2022,7,61148634,Pulse1_Total,captis_pulse,BUDERIM,Residential,1275449.0,85029.93333333333,85309.0,84832.0,15,2025-12-08T10:18:57.190Z
2022-07-06,2022,7,61148634,Pulse1,captis_pulse,BUDERIM,Residential,222.0,14.8,104.0,0.0,15,2025-12-08T10:18:57.190Z
2022-07-06,2022,7,591856,Pulse1,captis_pulse,BUDERIM,Residential,66.0,4.4,8.0,4.0,15,2025-12-08T10:18:57.190Z
2022-07-06,2022,7,60596215,Pulse1,captis_pulse,BUDERIM,Residential,209.0,11.0,147.0,0.0,19,2025-12-08T10:18:57.190Z
2022-07-06,2022,7,61148634,DeviceTemperature,captis_pulse,BUDERIM,Residential,17.9,17.9,17.9,17.9,1,2025-12-08T10:18:57.190Z
2022-07-05,2022,7,284563,Pulse1,captis_pulse,#N/A,#N/A,64.0,1.3061224489795917,43.0,0.0,49,2025-12-08T10:18:57.190Z
2022-07-05,2022,7,284563,DeviceTemperature,captis_pulse,#N/A,#N/A,30.270000000000003,15.135000000000002,16.3,13.97,2,2025-12-08T10:18:57.190Z
2022-07-05,2022,7,9649470,Pulse1,captis_pulse,MAROOCHYDORE,Residential,128.0,2.56,40.0,0.0,50,2025-12-08T10:18:57.190Z
2022-07-05,2022,7,81967154,Pulse1,captis_pulse,MAROOCHYDORE,Residential,145.0,5.8,15.0,0.0,25,2025-12-08T10:18:57.190Z
2022-07-05,2022,7,9649470,Battery,captis_pulse,MAROOCHYDORE,Residential,74.536,24.845333333333333,69.0,1.906,3,2025-12-08T10:18:57.190Z
2022-07-05,2022,7,81967154,DeviceTemperature,captis_pulse,MAROOCHYDORE,Residential,31.02,15.51,15.52,15.5,2,2025-12-08T10:18:57.190Z
2022-07-05,2022,7,9649470,DeviceTemperature,captis_pulse,MAROOCHYDORE,Residential,18.0,18.0,18.0,18.0,1,2025-12-08T10:18:57.190Z
2022-07-05,2022,7,81967154,Battery,captis_pulse,MAROOCHYDORE,Residential,72.64,36.32,69.0,3.64,2,2025-12-08T10:18:57.190Z
2022-07-05,2022,7,60192826,Battery,captis_pulse,BUDERIM,Residential,111.6,55.8,108.0,3.6,2,2025-12-08T10:18:57.190Z
2022-07-05,2022,7,60192826,DeviceTemperature,captis_pulse,BUDERIM,Residential,13.36,13.36,13.36,13.36,1,2025-12-08T10:18:57.190Z
2022-07-04,2022,7,81967154,Pulse1,captis_pulse,MAROOCHYDORE,Residential,755.0,31.458333333333332,150.0,0.0,24,2025-12-08T10:18:57.190Z
2022-07-04,2022,7,284563,Pulse1,captis_pulse,#N/A,#N/A,2.0,0.09090909090909091,1.0,0.0,22,2025-12-08T10:18:57.190Z
2022-07-04,2022,7,9649470,Pulse1,captis_pulse,MAROOCHYDORE,Residential,9.0,0.391304347826087,7.0,0.0,23,2025-12-08T10:18:57.190Z
2022-07-04,2022,7,284563,DeviceTemperature,captis_pulse,#N/A,#N/A,24.950000000000003,12.475000000000001,13.05,11.9,2,2025-12-08T10:18:57.190Z
2022-07-04,2022,7,9649470,Battery,captis_pulse,MAROOCHYDORE,Residential,76.84899999999999,25.61633333333333,71.0,2.219,3,2025-12-08T10:18:57.190Z
2022-07-04,2022,7,9649470,DeviceTemperature,captis_pulse,MAROOCHYDORE,Residential,17.0,17.0,17.0,17.0,1,2025-12-08T10:18:57.190Z
2022-07-06,2022,7,284563,Pulse1,captis_pulse,#N/A,#N/A,42.0,3.0,23.0,0.0,14,2025-12-08T10:18:57.190Z
2022-07-06,2022,7,9649470,Pulse1,captis_pulse,MAROOCHYDORE,Residential,145.0,8.529411764705882,72.0,0.0,17,2025-12-08T10:18:57.190Z
2022-07-06,2022,7,81967154,Pulse1,captis_pulse,MAROOCHYDORE,Residential,80.0,40.0,75.0,5.0,2,2025-12-08T10:18:57.190Z
2022-07-06,2022,7,9649470,DeviceTemperature,captis_pulse,MAROOCHYDORE,Residential,21.1,21.1,21.1,21.1,1,2025-12-08T10:18:57.190Z
2022-07-05,2022,7,489,Pulse1,captis_pulse,MAROOCHYDORE,Non-Residential,388.0,7.461538461538462,35.0,0.0,52,2025-12-08T10:18:57.190Z
2022-07-05,2022,7,128691,Pulse1,captis_pulse,MAROOCHYDORE,Residential,53.0,1.06,13.0,0.0,50,2025-12-08T10:18:57.190Z
2022-07-05,2022,7,61236482,Pulse1,captis_pulse,BUDERIM,Residential,0.0,0.0,0.0,0.0,50,2025-12-08T10:18:57.190Z
2022-07-05,2022,7,62364347,Pulse1_Total,captis_pulse,BUDERIM,Residential,1842880.0,34127.40740740741,34193.0,34069.0,54,2025-12-08T10:18:57.190Z
2022-07-05,2022,7,62364347,Pulse1,captis_pulse,BUDERIM,Residential,67.0,1.2407407407407407,11.0,0.0,54,2025-12-08T10:18:57.190Z
2022-07-05,2022,7,61236482,Pulse1_Total,captis_pulse,BUDERIM,Residential,1225.0,25.0,25.0,25.0,49,2025-12-08T10:18:57.190Z
2022-07-05,2022,7,489,DeviceTemperature,captis_pulse,MAROOCHYDORE,Non-Residential,16.58,16.58,16.58,16.58,1,2025-12-08T10:18:57.190Z
2022-07-05,2022,7,128691,DeviceTemperature,captis_pulse,MAROOCHYDORE,Residential,33.870000000000005,16.935000000000002,17.1,16.77,2,2025-12-08T10:18:57.190Z
2022-07-05,2022,7,62364347,DeviceTemperature,captis_pulse,BUDERIM,Residential,26.78,13.39,14.0,12.78,2,2025-12-08T10:18:57.190Z
2022-07-05,2022,7,62364347,Battery,captis_pulse,BUDERIM,Residential,130.21699999999998,32.554249999999996,63.0,3.62,4,2025-12-08T10:18:57.190Z
2022-07-05,2022,7,61236482,Battery,captis_pulse,BUDERIM,Residential,74.404,24.801333333333332,69.0,1.764,3,2025-12-08T10:18:57.190Z
2022-07-05,2022,7,61236482,DeviceTemperature,captis_pulse,BUDERIM,Residential,24.91,12.455,12.9,12.01,2,2025-12-08T10:18:57.190Z
2022-07-05,2022,7,489,Battery,captis_pulse,MAROOCHYDORE,Non-Residential,77.484,25.828,72.0,1.854,3,2025-12-08T10:18:57.190Z
2022-07-05,2022,7,128691,Battery,captis_pulse,MAROOCHYDORE,Residential,72.003,24.001,66.0,2.373,3,2025-12-08T10:18:57.190Z
2022-07-04,2022,7,128691,Pulse1,captis_pulse,MAROOCHYDORE,Residential,0.0,0.0,0.0,0.0,22,2025-12-08T10:18:57.190Z
2022-07-04,2022,7,489,Pulse1,captis_pulse,MAROOCHYDORE,Non-Residential,132.0,3.8823529411764706,12.0,0.0,34,2025-12-08T10:18:57.190Z
2022-07-04,2022,7,61236482,Pulse1_Total,captis_pulse,BUDERIM,Residential,575.0,25.0,25.0,25.0,23,2025-12-08T10:18:57.190Z
2022-07-04,2022,7,61236482,Pulse1,captis_pulse,BUDERIM,Residential,0.0,0.0,0.0,0.0,23,2025-12-08T10:18:57.190Z
2022-07-04,2022,7,62364347,Pulse1_Total,captis_pulse,BUDERIM,Residential,851120.0,34044.8,34064.0,34039.0,25,2025-12-08T10:18:57.190Z
2022-07-04,2022,7,62364347,Pulse1,captis_pulse,BUDERIM,Residential,18.0,0.72,8.0,0.0,25,2025-12-08T10:18:57.190Z
2022-07-04,2022,7,62364347,DeviceTemperature,captis_pulse,BUDERIM,Residential,22.6,11.3,11.5,11.1,2,2025-12-08T10:18:57.190Z
2022-07-04,2022,7,128691,DeviceTemperature,captis_pulse,MAROOCHYDORE,Residential,32.8,16.4,16.4,16.4,2,2025-12-08T10:18:57.190Z
2022-07-04,2022,7,489,Battery,captis_pulse,MAROOCHYDORE,Non-Residential,75.288,25.096,70.0,1.658,3,2025-12-08T10:18:57.190Z
2022-07-04,2022,7,128691,Battery,captis_pulse,MAROOCHYDORE,Residential,74.48899999999999,24.829666666666665,69.0,1.859,3,2025-12-08T10:18:57.190Z
2022-07-04,2022,7,62364347,Battery,captis_pulse,BUDERIM,Residential,128.16,32.04,62.0,3.55,4,2025-12-08T10:18:57.190Z
2022-07-04,2022,7,61236482,DeviceTemperature,captis_pulse,BUDERIM,Residential,10.6,10.6,10.6,10.6,1,2025-12-08T10:18:57.190Z
2022-07-04,2022,7,489,DeviceTemperature,captis_pulse,MAROOCHYDORE,Non-Residential,15.7,15.7,15.7,15.7,1,2025-12-08T10:18:57.190Z
2022-07-06,2022,7,128691,Pulse1,captis_pulse,MAROOCHYDORE,Residential,20.0,1.3333333333333333,20.0,0.0,15,2025-12-08T10:18:57.190Z
2022-07-06,2022,7,489,Pulse1,captis_pulse,MAROOCHYDORE,Non-Residential,269.0,17.933333333333334,42.0,0.0,15,2025-12-08T10:18:57.190Z
2022-07-06,2022,7,61236482,Pulse1_Total,captis_pulse,BUDERIM,Residential,325.0,25.0,25.0,25.0,13,2025-12-08T10:18:57.190Z
2022-07-06,2022,7,61236482,Pulse1,captis_pulse,BUDERIM,Residential,0.0,0.0,0.0,0.0,13,2025-12-08T10:18:57.190Z
2022-07-06,2022,7,62364347,Pulse1_Total,captis_pulse,BUDERIM,Residential,650395.0,34231.31578947369,34242.0,34198.0,19,2025-12-08T10:18:57.190Z
2022-07-06,2022,7,62364347,Pulse1,captis_pulse,BUDERIM,Residential,7.0,0.3684210526315789,4.0,0.0,19,2025-12-08T10:18:57.190Z
2022-07-06,2022,7,62364347,DeviceTemperature,captis_pulse,BUDERIM,Residential,22.1,22.1,22.1,22.1,1,2025-12-08T10:18:57.190Z
2022-07-06,2022,7,61236482,DeviceTemperature,captis_pulse,BUDERIM,Residential,17.8,17.8,17.8,17.8,1,2025-12-08T10:18:57.190Z
2022-07-06,2022,7,128691,DeviceTemperature,captis_pulse,MAROOCHYDORE,Residential,24.1,24.1,24.1,24.1,1,2025-12-08T10:18:57.190Z
2022-07-05,2022,7,16627,Pulse1,captis_pulse,BUDERIM,Residential,25.0,0.46296296296296297,6.0,0.0,54,2025-12-08T10:18:57.190Z
2022-07-05,2022,7,66218101,Pulse1_Total,captis_pulse,BUDERIM,Residential,3834802.0,75192.19607843137,75518.0,74987.0,51,2025-12-08T10:18:57.190Z
2022-07-05,2022,7,66218101,Pulse1,captis_pulse,BUDERIM,Residential,232.0,4.549019607843137,33.0,0.0,51,2025-12-08T10:18:57.190Z
2022-07-05,2022,7,60218000,Pulse1_Total,captis_pulse,BUDERIM,Residential,0.0,0.0,0.0,0.0,49,2025-12-08T10:18:57.190Z
2022-07-05,2022,7,60218000,Pulse1,captis_pulse,BUDERIM,Residential,0.0,0.0,0.0,0.0,50,2025-12-08T10:18:57.190Z
2022-07-05,2022,7,16627,Battery,captis_pulse,BUDERIM,Residential,71.872,23.957333333333334,66.0,2.242,3,2025-12-08T10:18:57.190Z
2022-07-05,2022,7,16627,DeviceTemperature,captis_pulse,BUDERIM,Residential,13.32,13.32,13.32,13.32,1,2025-12-08T10:18:57.190Z
2022-07-05,2022,7,67715903,Battery,captis_pulse,BUDERIM,Residential,76.37,25.456666666666667,71.0,1.73,3,2025-12-08T10:18:57.190Z
2022-07-05,2022,7,67715903,DeviceTemperature,captis_pulse,BUDERIM,Residential,26.36,13.18,13.5,12.86,2,2025-12-08T10:18:57.190Z
2022-07-05,2022,7,60218000,Battery,captis_pulse,BUDERIM,Residential,73.079,24.359666666666666,67.0,2.439,3,2025-12-08T10:18:57.190Z
2022-07-05,2022,7,60218000,DeviceTemperature,captis_pulse,BUDERIM,Residential,28.93,14.465,14.9,14.03,2,2025-12-08T10:18:57.190Z
2022-07-05,2022,7,66218101,Battery,captis_pulse,BUDERIM,Residential,82.523,27.507666666666665,77.0,1.893,3,2025-12-08T10:18:57.190Z
2022-07-05,2022,7,66218101,DeviceTemperature,captis_pulse,BUDERIM,Residential,12.64,12.64,12.64,12.64,1,2025-12-08T10:18:57.190Z
2022-07-04,2022,7,16627,Pulse1,captis_pulse,BUDERIM,Residential,58.0,2.5217391304347827,18.0,0.0,23,2025-12-08T10:18:57.190Z
2022-07-04,2022,7,66218101,Pulse1_Total,captis_pulse,BUDERIM,Residential,1646045.0,74820.22727272728,74970.0,74766.0,22,2025-12-08T10:18:57.190Z
2022-07-04,2022,7,66218101,Pulse1,captis_pulse,BUDERIM,Residential,178.0,8.090909090909092,50.0,0.0,22,2025-12-08T10:18:57.190Z
2022-07-04,2022,7,60218000,Pulse1_Total,captis_pulse,BUDERIM,Residential,0.0,0.0,0.0,0.0,22,2025-12-08T10:18:57.190Z
2022-07-04,2022,7,60218000,Pulse1,captis_pulse,BUDERIM,Residential,0.0,0.0,0.0,0.0,22,2025-12-08T10:18:57.190Z
2022-07-04,2022,7,60218000,DeviceTemperature,captis_pulse,BUDERIM,Residential,27.08,13.54,14.08,13.0,2,2025-12-08T10:18:57.190Z
2022-07-04,2022,7,16627,DeviceTemperature,captis_pulse,BUDERIM,Residential,11.5,11.5,11.5,11.5,1,2025-12-08T10:18:57.190Z
2022-07-04,2022,7,60218000,Battery,captis_pulse,BUDERIM,Residential,71.587,23.862333333333336,65.0,2.947,3,2025-12-08T10:18:57.190Z
2022-07-04,2022,7,67715903,Battery,captis_pulse,BUDERIM,Residential,73.361,24.453666666666667,68.0,1.711,3,2025-12-08T10:18:57.190Z
2022-07-04,2022,7,67715903,DeviceTemperature,captis_pulse,BUDERIM,Residential,35.01,11.67,12.61,11.1,3,2025-12-08T10:18:57.190Z
2022-07-04,2022,7,66218101,Battery,captis_pulse,BUDERIM,Residential,74.597,24.865666666666666,69.0,1.967,3,2025-12-08T10:18:57.190Z
2022-07-04,2022,7,66218101,DeviceTemperature,captis_pulse,BUDERIM,Residential,12.51,12.51,12.51,12.51,1,2025-12-08T10:18:57.190Z
2022-07-06,2022,7,16627,Pulse1,captis_pulse,BUDERIM,Residential,2.0,0.13333333333333333,1.0,0.0,15,2025-12-08T10:18:57.190Z
2022-07-06,2022,7,66218101,Pulse1_Total,captis_pulse,BUDERIM,Residential,984176.0,75705.84615384616,75834.0,75616.0,13,2025-12-08T10:18:57.190Z
2022-07-06,2022,7,66218101,Pulse1,captis_pulse,BUDERIM,Residential,60.0,4.615384615384615,19.0,0.0,13,2025-12-08T10:18:57.190Z
2022-07-06,2022,7,60218000,Pulse1_Total,captis_pulse,BUDERIM,Residential,0.0,0.0,0.0,0.0,16,2025-12-08T10:18:57.190Z
2022-07-06,2022,7,60218000,Pulse1,captis_pulse,BUDERIM,Residential,0.0,0.0,0.0,0.0,17,2025-12-08T10:18:57.190Z
2022-07-06,2022,7,66218101,DeviceTemperature,captis_pulse,BUDERIM,Residential,18.6,18.6,18.6,18.6,1,2025-12-08T10:18:57.190Z
2022-07-05,2022,7,47604269,Pulse1,,,,1250.0,24.50980392156863,180.0,0.0,51,2025-12-08T10:18:57.190Z
2022-07-05,2022,7,47604269,DeviceTemperature,,,,16.4,16.4,16.4,16.4,1,2025-12-08T10:18:57.190Z
2022-07-04,2022,7,47604269,Pulse1,,,,520.0,21.666666666666668,240.0,0.0,24,2025-12-08T10:18:57.190Z
2022-07-04,2022,7,47604269,DeviceTemperature,,,,27.700000000000003,13.850000000000001,13.9,13.8,2,2025-12-08T10:18:57.190Z
2022-07-06,2022,7,47604269,Pulse1,,,,550.0,32.35294117647059,80.0,0.0,17,2025-12-08T10:18:57.190Z
2022-07-06,2022,7,47604269,DeviceTemperature,,,,24.3,24.3,24.3,24.3,1,2025-12-08T10:18:57.190Z
2022-07-05,2022,7,342402,Pulse1,captis_pulse,BUDERIM,Residential,155.0,3.0392156862745097,95.0,0.0,51,2025-12-08T10:18:57.190Z
2022-07-05,2022,7,342402,DeviceTemperature,captis_pulse,BUDERIM,Residential,44.730000000000004,14.910000000000002,15.5,13.73,3,2025-12-08T10:18:57.190Z
2022-07-05,2022,7,66115,Pulse1,captis_pulse,BUDERIM,Residential,61.0,1.0338983050847457,47.0,0.0,59,2025-12-08T10:18:57.190Z
2022-07-05,2022,7,61570869,Pulse1_Total,captis_pulse,BUDERIM,Residential,1568.0,32.0,32.0,32.0,49,2025-12-08T10:18:57.190Z
2022-07-05,2022,7,61570869,Pulse1,captis_pulse,BUDERIM,Residential,0.0,0.0,0.0,0.0,49,2025-12-08T10:18:57.190Z
2022-07-05,2022,7,66398,Pulse1,captis_pulse,KULUIN,Residential,765.0,12.540983606557377,224.0,0.0,61,2025-12-08T10:18:57.190Z
2022-07-05,2022,7,66398,DeviceTemperature,captis_pulse,KULUIN,Residential,32.0,16.0,16.2,15.8,2,2025-12-08T10:18:57.190Z
2022-07-05,2022,7,66115,Battery,captis_pulse,BUDERIM,Residential,73.532,24.510666666666665,68.0,1.902,3,2025-12-08T10:18:57.190Z
2022-07-05,2022,7,66115,DeviceTemperature,captis_pulse,BUDERIM,Residential,27.58,13.79,14.5,13.08,2,2025-12-08T10:18:57.190Z
2022-07-05,2022,7,66398,Battery,captis_pulse,KULUIN,Residential,75.519,25.173000000000002,70.0,1.879,3,2025-12-08T10:18:57.190Z
2022-07-05,2022,7,61570869,Battery,captis_pulse,BUDERIM,Residential,74.513,24.837666666666667,69.0,1.873,3,2025-12-08T10:18:57.190Z
2022-07-05,2022,7,61570869,DeviceTemperature,captis_pulse,BUDERIM,Residential,24.57,12.285,12.7,11.87,2,2025-12-08T10:18:57.190Z
2022-07-05,2022,7,342402,Battery,captis_pulse,BUDERIM,Residential,76.359,25.453,71.0,1.719,3,2025-12-08T10:18:57.190Z
2022-07-04,2022,7,342402,Pulse1,captis_pulse,BUDERIM,Residential,33.0,1.5714285714285714,29.0,0.0,21,2025-12-08T10:18:57.190Z
2022-07-04,2022,7,66115,Pulse1,captis_pulse,BUDERIM,Residential,27.0,1.2272727272727273,13.0,0.0,22,2025-12-08T10:18:57.190Z
2022-07-04,2022,7,61570869,Pulse1_Total,captis_pulse,BUDERIM,Residential,736.0,32.0,32.0,32.0,23,2025-12-08T10:18:57.190Z
2022-07-04,2022,7,61570869,Pulse1,captis_pulse,BUDERIM,Residential,0.0,0.0,0.0,0.0,23,2025-12-08T10:18:57.190Z
2022-07-04,2022,7,66398,Pulse1,captis_pulse,KULUIN,Residential,42.0,1.68,6.0,1.0,25,2025-12-08T10:18:57.190Z
2022-07-04,2022,7,66398,DeviceTemperature,captis_pulse,KULUIN,Residential,15.4,15.4,15.4,15.4,1,2025-12-08T10:18:57.190Z
2022-07-04,2022,7,66115,Battery,captis_pulse,BUDERIM,Residential,69.47399999999999,23.157999999999998,64.0,1.844,3,2025-12-08T10:18:57.190Z
2022-07-04,2022,7,66115,DeviceTemperature,captis_pulse,BUDERIM,Residential,12.68,12.68,12.68,12.68,1,2025-12-08T10:18:57.190Z
2022-07-04,2022,7,342402,Battery,captis_pulse,BUDERIM,Residential,77.282,25.760666666666665,72.0,1.642,3,2025-12-08T10:18:57.190Z
2022-07-04,2022,7,61570869,DeviceTemperature,captis_pulse,BUDERIM,Residential,21.47,10.735,11.47,10.0,2,2025-12-08T10:18:57.190Z
2022-07-04,2022,7,61570869,Battery,captis_pulse,BUDERIM,Residential,70.64,35.32,67.0,3.64,2,2025-12-08T10:18:57.190Z
2022-07-04,2022,7,66398,Battery,captis_pulse,KULUIN,Residential,1.758,1.758,1.758,1.758,1,2025-12-08T10:18:57.190Z
2022-07-06,2022,7,342402,Pulse1,captis_pulse,BUDERIM,Residential,107.0,7.133333333333334,71.0,0.0,15,2025-12-08T10:18:57.190Z
2022-07-06,2022,7,66115,Pulse1,captis_pulse,BUDERIM,Residential,49.0,3.5,45.0,0.0,14,2025-12-08T10:18:57.190Z
2022-07-06,2022,7,61570869,Pulse1_Total,captis_pulse,BUDERIM,Residential,416.0,32.0,32.0,32.0,13,2025-12-08T10:18:57.190Z
2022-07-06,2022,7,61570869,Pulse1,captis_pulse,BUDERIM,Residential,0.0,0.0,0.0,0.0,13,2025-12-08T10:18:57.190Z
2022-07-06,2022,7,66398,Pulse1,captis_pulse,KULUIN,Residential,102.0,5.666666666666667,40.0,1.0,18,2025-12-08T10:18:57.190Z
2022-07-06,2022,7,66115,DeviceTemperature,captis_pulse,BUDERIM,Residential,29.1,29.1,29.1,29.1,1,2025-12-08T10:18:57.190Z
2022-07-06,2022,7,342402,DeviceTemperature,captis_pulse,BUDERIM,Residential,26.9,26.9,26.9,26.9,1,2025-12-08T10:18:57.190Z
2022-07-05,2022,7,60218952,Pulse1_Total,captis_pulse,BUDERIM,Residential,939584.0,17728.0,17728.0,17728.0,53,2025-12-08T10:18:57.190Z
2022-07-05,2022,7,60218952,Pulse1,captis_pulse,BUDERIM,Residential,0.0,0.0,0.0,0.0,53,2025-12-08T10:18:57.190Z
2022-07-05,2022,7,45135150,Pulse1_Total,captis_pulse,MOUNTAIN CREEK,Residential,3740594.0,69270.25925925926,69302.0,69249.0,54,2025-12-08T10:18:57.190Z
2022-07-05,2022,7,45135150,Pulse1,captis_pulse,MOUNTAIN CREEK,Residential,26.0,0.48148148148148145,6.0,0.0,54,2025-12-08T10:18:57.190Z
2022-07-05,2022,7,61187211,Pulse1_Total,captis_pulse,BUDERIM,Residential,1734.0,34.0,34.0,34.0,51,2025-12-08T10:18:57.190Z
2022-07-05,2022,7,61187211,Pulse1,captis_pulse,BUDERIM,Residential,0.0,0.0,0.0,0.0,51,2025-12-08T10:18:57.190Z
2022-07-05,2022,7,60218952,DeviceTemperature,captis_pulse,BUDERIM,Residential,13.3,13.3,13.3,13.3,1,2025-12-08T10:18:57.190Z
2022-07-05,2022,7,81985209,Pulse1,captis_pulse,MAROOCHYDORE,Residential,275.0,9.482758620689655,70.0,0.0,29,2025-12-08T10:18:57.190Z
2022-07-05,2022,7,81971113,Pulse1,captis_pulse,MAROOCHYDORE,Non-Residential,45.0,2.8125,20.0,0.0,16,2025-12-08T10:18:57.190Z
2022-07-05,2022,7,60736179,Pulse1_Total,captis_pulse,BUDERIM,Residential,629.0,37.0,37.0,37.0,17,2025-12-08T10:18:57.190Z
2022-07-05,2022,7,60736179,Pulse1,captis_pulse,BUDERIM,Residential,0.0,0.0,0.0,0.0,17,2025-12-08T10:18:57.190Z
2022-07-05,2022,7,61187211,Battery,captis_pulse,BUDERIM,Residential,76.54400000000001,25.51466666666667,70.0,2.924,3,2025-12-08T10:18:57.190Z
2022-07-05,2022,7,61187211,DeviceTemperature,captis_pulse,BUDERIM,Residential,16.51,16.51,16.51,16.51,1,2025-12-08T10:18:57.190Z
2022-07-05,2022,7,45135150,DeviceTemperature,captis_pulse,MOUNTAIN CREEK,Residential,13.8,13.8,13.8,13.8,1,2025-12-08T10:18:57.190Z
2022-07-04,2022,7,45135150,Pulse1_Total,captis_pulse,MOUNTAIN CREEK,Residential,1729661.0,69186.44,69248.0,69166.0,25,2025-12-08T10:18:57.190Z
2022-07-04,2022,7,45135150,Pulse1,captis_pulse,MOUNTAIN CREEK,Residential,79.0,3.16,51.0,0.0,25,2025-12-08T10:18:57.190Z
2022-07-04,2022,7,81971113,Pulse1,captis_pulse,MAROOCHYDORE,Non-Residential,50.0,2.9411764705882355,30.0,0.0,17,2025-12-08T10:18:57.190Z
2022-07-04,2022,7,60218952,Pulse1_Total,captis_pulse,BUDERIM,Residential,425472.0,17728.0,17728.0,17728.0,24,2025-12-08T10:18:57.190Z
2022-07-04,2022,7,60218952,Pulse1,captis_pulse,BUDERIM,Residential,0.0,0.0,0.0,0.0,24,2025-12-08T10:18:57.190Z
2022-07-04,2022,7,61187211,Pulse1_Total,captis_pulse,BUDERIM,Residential,918.0,34.0,34.0,34.0,27,2025-12-08T10:18:57.190Z
2022-07-04,2022,7,61187211,Pulse1,captis_pulse,BUDERIM,Residential,0.0,0.0,0.0,0.0,27,2025-12-08T10:18:57.190Z
2022-07-04,2022,7,61187211,DeviceTemperature,captis_pulse,BUDERIM,Residential,33.1,16.55,17.0,16.1,2,2025-12-08T10:18:57.190Z
2022-07-04,2022,7,60218952,DeviceTemperature,captis_pulse,BUDERIM,Residential,22.4,11.2,11.3,11.1,2,2025-12-08T10:18:57.190Z
2022-07-04,2022,7,45135150,DeviceTemperature,captis_pulse,MOUNTAIN CREEK,Residential,10.1,10.1,10.1,10.1,1,2025-12-08T10:18:57.190Z
2022-07-04,2022,7,81971113,DeviceTemperature,captis_pulse,MAROOCHYDORE,Non-Residential,34.6,17.3,17.6,17.0,2,2025-12-08T10:18:57.190Z
2022-07-04,2022,7,81971113,Battery,captis_pulse,MAROOCHYDORE,Non-Residential,74.64,37.32,71.0,3.64,2,2025-12-08T10:18:57.190Z
2022-07-06,2022,7,81985209,Pulse1,captis_pulse,MAROOCHYDORE,Residential,460.0,35.38461538461539,275.0,0.0,13,2025-12-08T10:18:57.190Z
2022-07-06,2022,7,60218952,Pulse1_Total,captis_pulse,BUDERIM,Residential,319104.0,17728.0,17728.0,17728.0,18,2025-12-08T10:18:57.190Z
2022-07-06,2022,7,60218952,Pulse1,captis_pulse,BUDERIM,Residential,0.0,0.0,0.0,0.0,18,2025-12-08T10:18:57.190Z
2022-07-06,2022,7,45135150,Pulse1_Total,captis_pulse,MOUNTAIN CREEK,Residential,1249142.0,69396.77777777778,69406.0,69391.0,18,2025-12-08T10:18:57.190Z
2022-07-06,2022,7,45135150,Pulse1,captis_pulse,MOUNTAIN CREEK,Residential,16.0,0.8888888888888888,11.0,0.0,18,2025-12-08T10:18:57.190Z
2022-07-06,2022,7,60736179,Pulse1_Total,captis_pulse,BUDERIM,Residential,666.0,37.0,37.0,37.0,18,2025-12-08T10:18:57.190Z
2022-07-06,2022,7,60736179,Pulse1,captis_pulse,BUDERIM,Residential,0.0,0.0,0.0,0.0,18,2025-12-08T10:18:57.190Z
2022-07-06,2022,7,61187211,Pulse1_Total,captis_pulse,BUDERIM,Residential,578.0,34.0,34.0,34.0,17,2025-12-08T10:18:57.190Z
2022-07-06,2022,7,61187211,Pulse1,captis_pulse,BUDERIM,Residential,0.0,0.0,0.0,0.0,18,2025-12-08T10:18:57.190Z
2022-07-06,2022,7,60736179,DeviceTemperature,captis_pulse,BUDERIM,Residential,17.9,17.9,17.9,17.9,1,2025-12-08T10:18:57.190Z
2022-07-04,2022,7,81985209,Pulse1,captis_pulse,MAROOCHYDORE,Residential,2995.0,31.197916666666668,125.0,0.0,96,2025-12-08T10:18:57.190Z
2022-07-04,2022,7,81985209,DeviceTemperature,captis_pulse,MAROOCHYDORE,Residential,12.1,12.1,12.1,12.1,1,2025-12-08T10:18:57.190Z
2022-07-04,2022,7,81985209,Battery,captis_pulse,MAROOCHYDORE,Residential,2.416,2.416,2.416,2.416,1,2025-12-08T10:18:57.190Z
2022-07-04,2022,7,60736179,Pulse1_Total,captis_pulse,BUDERIM,Residential,3589.0,37.0,37.0,37.0,97,2025-12-08T10:18:57.190Z
2022-07-04,2022,7,60736179,Pulse1,captis_pulse,BUDERIM,Residential,0.0,0.0,0.0,0.0,97,2025-12-08T10:18:57.190Z
2022-07-04,2022,7,60736179,DeviceTemperature,captis_pulse,BUDERIM,Residential,12.1,12.1,12.1,12.1,1,2025-12-08T10:18:57.190Z
2022-07-05,2022,7,61182030,Pulse1_Total,captis_pulse,BUDERIM,Residential,2028.0,39.0,39.0,39.0,52,2025-12-08T10:18:57.190Z
2022-07-05,2022,7,61182030,Pulse1,captis_pulse,BUDERIM,Residential,0.0,0.0,0.0,0.0,53,2025-12-08T10:18:57.190Z
2022-07-05,2022,7,98257,Pulse1,captis_pulse,BUDERIM,Residential,37.0,0.7254901960784313,10.0,0.0,51,2025-12-08T10:18:57.190Z
2022-07-05,2022,7,61208077,Pulse1_Total,captis_pulse,BUDERIM,Residential,2469369.0,49387.38,49625.0,49224.0,50,2025-12-08T10:18:57.190Z
2022-07-05,2022,7,61208077,Pulse1,captis_pulse,BUDERIM,Residential,204.0,4.08,75.0,0.0,50,2025-12-08T10:18:57.190Z
2022-07-05,2022,7,60397740,Pulse1_Total,captis_pulse,BUDERIM,Residential,3198924.0,62724.0,62724.0,62724.0,51,2025-12-08T10:18:57.190Z
2022-07-05,2022,7,60397740,Pulse1,captis_pulse,BUDERIM,Residential,0.0,0.0,0.0,0.0,50,2025-12-08T10:18:57.190Z
2022-07-05,2022,7,61182030,Battery,captis_pulse,BUDERIM,Residential,72.304,24.101333333333333,67.0,1.664,3,2025-12-08T10:18:57.190Z
2022-07-05,2022,7,61182030,DeviceTemperature,captis_pulse,BUDERIM,Residential,26.89,13.445,13.9,12.99,2,2025-12-08T10:18:57.190Z
2022-07-05,2022,7,60397740,Battery,captis_pulse,BUDERIM,Residential,74.775,24.925,69.0,2.135,3,2025-12-08T10:18:57.190Z
2022-07-05,2022,7,60397740,DeviceTemperature,captis_pulse,BUDERIM,Residential,25.91,12.955,13.5,12.41,2,2025-12-08T10:18:57.190Z
2022-07-05,2022,7,61208077,Battery,captis_pulse,BUDERIM,Residential,3.64,3.64,3.64,3.64,1,2025-12-08T10:18:57.190Z
2022-07-05,2022,7,61208077,DeviceTemperature,captis_pulse,BUDERIM,Residential,25.0,12.5,12.9,12.1,2,2025-12-08T10:18:57.190Z
2022-07-05,2022,7,98257,Battery,captis_pulse,BUDERIM,Residential,76.401,25.467,68.0,3.63,3,2025-12-08T10:18:57.190Z
2022-07-05,2022,7,98257,DeviceTemperature,captis_pulse,BUDERIM,Residential,28.560000000000002,14.280000000000001,15.1,13.46,2,2025-12-08T10:18:57.190Z
2022-07-04,2022,7,61182030,Pulse1_Total,captis_pulse,BUDERIM,Residential,897.0,39.0,39.0,39.0,23,2025-12-08T10:18:57.190Z
2022-07-04,2022,7,61182030,Pulse1,captis_pulse,BUDERIM,Residential,0.0,0.0,0.0,0.0,23,2025-12-08T10:18:57.190Z
2022-07-04,2022,7,98257,Pulse1,captis_pulse,BUDERIM,Residential,39.0,1.7727272727272727,12.0,0.0,22,2025-12-08T10:18:57.190Z
2022-07-04,2022,7,61208077,Pulse1_Total,captis_pulse,BUDERIM,Residential,1080047.0,49093.045454545456,49214.0,49061.0,22,2025-12-08T10:18:57.190Z
2022-07-04,2022,7,61208077,Pulse1,captis_pulse,BUDERIM,Residential,134.0,6.090909090909091,66.0,0.0,22,2025-12-08T10:18:57.190Z
2022-07-04,2022,7,60397740,Pulse1_Total,captis_pulse,BUDERIM,Residential,1379928.0,62724.0,62724.0,62724.0,22,2025-12-08T10:18:57.190Z
2022-07-04,2022,7,60397740,Pulse1,captis_pulse,BUDERIM,Residential,0.0,0.0,0.0,0.0,22,2025-12-08T10:18:57.190Z
2022-07-04,2022,7,61208077,DeviceTemperature,captis_pulse,BUDERIM,Residential,21.1,10.55,10.7,10.4,2,2025-12-08T10:18:57.190Z
2022-07-04,2022,7,60397740,Battery,captis_pulse,BUDERIM,Residential,71.791,23.930333333333333,66.0,2.161,3,2025-12-08T10:18:57.190Z
2022-07-04,2022,7,60397740,DeviceTemperature,captis_pulse,BUDERIM,Residential,12.18,12.18,12.18,12.18,1,2025-12-08T10:18:57.190Z
2022-07-04,2022,7,61182030,DeviceTemperature,captis_pulse,BUDERIM,Residential,24.12,12.06,12.72,11.4,2,2025-12-08T10:18:57.190Z
2022-07-04,2022,7,98257,DeviceTemperature,captis_pulse,BUDERIM,Residential,24.45,12.225,12.85,11.6,2,2025-12-08T10:18:57.190Z
2022-07-04,2022,7,98257,Battery,captis_pulse,BUDERIM,Residential,71.824,23.941333333333333,66.0,2.184,3,2025-12-08T10:18:57.190Z
2022-07-06,2022,7,61182030,Pulse1_Total,captis_pulse,BUDERIM,Residential,585.0,39.0,39.0,39.0,15,2025-12-08T10:18:57.190Z
2022-07-06,2022,7,61182030,Pulse1,captis_pulse,BUDERIM,Residential,0.0,0.0,0.0,0.0,15,2025-12-08T10:18:57.190Z
2022-07-06,2022,7,98257,Pulse1,captis_pulse,BUDERIM,Residential,12.0,0.9230769230769231,5.0,0.0,13,2025-12-08T10:18:57.190Z
2022-07-06,2022,7,61208077,Pulse1_Total,captis_pulse,BUDERIM,Residential,746567.0,49771.13333333333,49890.0,49673.0,15,2025-12-08T10:18:57.190Z
2022-07-06,2022,7,61208077,Pulse1,captis_pulse,BUDERIM,Residential,56.0,3.7333333333333334,45.0,0.0,15,2025-12-08T10:18:57.190Z
2022-07-06,2022,7,60397740,Pulse1_Total,captis_pulse,BUDERIM,Residential,1066308.0,62724.0,62724.0,62724.0,17,2025-12-08T10:18:57.190Z
2022-07-06,2022,7,60397740,Pulse1,captis_pulse,BUDERIM,Residential,0.0,0.0,0.0,0.0,17,2025-12-08T10:18:57.190Z
2022-07-06,2022,7,61182030,DeviceTemperature,captis_pulse,BUDERIM,Residential,26.6,26.6,26.6,26.6,1,2025-12-08T10:18:57.190Z
2022-07-06,2022,7,60397740,DeviceTemperature,captis_pulse,BUDERIM,Residential,22.1,22.1,22.1,22.1,1,2025-12-08T10:18:57.190Z
2022-07-06,2022,7,61208077,DeviceTemperature,captis_pulse,BUDERIM,Residential,25.7,25.7,25.7,25.7,1,2025-12-08T10:18:57.190Z
2022-07-05,2022,7,10461,Pulse1,captis_pulse,BUDERIM,Residential,487.0,7.854838709677419,118.0,0.0,62,2025-12-08T10:18:57.190Z
2022-07-05,2022,7,10461,Battery,captis_pulse,BUDERIM,Residential,2.551,2.551,2.551,2.551,1,2025-12-08T10:18:57.190Z
2022-07-05,2022,7,10461,DeviceTemperature,captis_pulse,BUDERIM,Residential,27.54,13.77,14.4,13.14,2,2025-12-08T10:18:57.190Z
2022-07-04,2022,7,10461,Pulse1,captis_pulse,BUDERIM,Residential,73.0,3.1739130434782608,40.0,0.0,23,2025-12-08T10:18:57.190Z
2022-07-04,2022,7,10461,Battery,captis_pulse,BUDERIM,Residential,83.61,41.805,80.0,3.61,2,2025-12-08T10:18:57.190Z
2022-07-04,2022,7,10461,DeviceTemperature,captis_pulse,BUDERIM,Residential,24.200000000000003,12.100000000000001,12.9,11.3,2,2025-12-08T10:18:57.190Z
2022-07-06,2022,7,10461,Pulse1,captis_pulse,BUDERIM,Residential,73.0,4.866666666666666,18.0,0.0,15,2025-12-08T10:18:57.190Z
2022-07-06,2022,7,10461,DeviceTemperature,captis_pulse,BUDERIM,Residential,32.0,32.0,32.0,32.0,1,2025-12-08T10:18:57.190Z
2022-07-05,2022,7,316787,Pulse1,captis_pulse,BUDERIM,Residential,339.0,5.65,70.0,0.0,60,2025-12-08T10:18:57.190Z
2022-07-05,2022,7,61215978,Pulse1_Total,captis_pulse,BUDERIM,Residential,1813.0,37.0,37.0,37.0,49,2025-12-08T10:18:57.190Z
2022-07-05,2022,7,61215978,Pulse1,captis_pulse,BUDERIM,Residential,0.0,0.0,0.0,0.0,50,2025-12-08T10:18:57.190Z
2022-07-05,2022,7,711585,Pulse1,captis_pulse,BUDERIM,Residential,86.0,1.6538461538461537,21.0,0.0,52,2025-12-08T10:18:57.190Z
2022-07-05,2022,7,711585,DeviceTemperature,captis_pulse,BUDERIM,Residential,14.1,14.1,14.1,14.1,1,2025-12-08T10:18:57.190Z
2022-07-05,2022,7,316787,Battery,captis_pulse,BUDERIM,Residential,71.419,23.80633333333333,66.0,1.789,3,2025-12-08T10:18:57.190Z
2022-07-05,2022,7,61215978,Battery,captis_pulse,BUDERIM,Residential,3.63,3.63,3.63,3.63,1,2025-12-08T10:18:57.190Z
2022-07-05,2022,7,61215978,DeviceTemperature,captis_pulse,BUDERIM,Residential,28.9,14.45,14.9,14.0,2,2025-12-08T10:18:57.190Z
2022-07-05,2022,7,316787,DeviceTemperature,captis_pulse,BUDERIM,Residential,13.34,13.34,13.34,13.34,1,2025-12-08T10:18:57.190Z
2022-07-04,2022,7,316787,Pulse1,captis_pulse,BUDERIM,Residential,106.0,5.0476190476190474,37.0,0.0,21,2025-12-08T10:18:57.190Z
2022-07-04,2022,7,61215978,Pulse1_Total,captis_pulse,BUDERIM,Residential,777.0,37.0,37.0,37.0,21,2025-12-08T10:18:57.190Z
2022-07-04,2022,7,61215978,Pulse1,captis_pulse,BUDERIM,Residential,0.0,0.0,0.0,0.0,21,2025-12-08T10:18:57.190Z
2022-07-04,2022,7,711585,Pulse1,captis_pulse,BUDERIM,Residential,1.0,0.041666666666666664,1.0,0.0,24,2025-12-08T10:18:57.190Z
2022-07-04,2022,7,711585,DeviceTemperature,captis_pulse,BUDERIM,Residential,37.44,12.479999999999999,13.34,11.9,3,2025-12-08T10:18:57.190Z
2022-07-04,2022,7,316787,Battery,captis_pulse,BUDERIM,Residential,76.276,25.42533333333333,71.0,1.646,3,2025-12-08T10:18:57.190Z
2022-07-04,2022,7,61215978,Battery,captis_pulse,BUDERIM,Residential,3.63,3.63,3.63,3.63,1,2025-12-08T10:18:57.190Z
2022-07-04,2022,7,61215978,DeviceTemperature,captis_pulse,BUDERIM,Residential,26.75,13.375,14.15,12.6,2,2025-12-08T10:18:57.190Z
2022-07-06,2022,7,316787,Pulse1,captis_pulse,BUDERIM,Residential,101.0,6.733333333333333,65.0,0.0,15,2025-12-08T10:18:57.190Z
2022-07-06,2022,7,61215978,Pulse1_Total,captis_pulse,BUDERIM,Residential,518.0,37.0,37.0,37.0,14,2025-12-08T10:18:57.190Z
2022-07-06,2022,7,61215978,Pulse1,captis_pulse,BUDERIM,Residential,0.0,0.0,0.0,0.0,14,2025-12-08T10:18:57.190Z
2022-07-06,2022,7,711585,Pulse1,captis_pulse,BUDERIM,Residential,17.0,0.9444444444444444,8.0,0.0,18,2025-12-08T10:18:57.190Z
2022-07-06,2022,7,316787,DeviceTemperature,captis_pulse,BUDERIM,Residential,31.6,31.6,31.6,31.6,1,2025-12-08T10:18:57.190Z
2022-07-05,2022,7,2312,Pulse1,captis_pulse,MAROOCHYDORE,Non-Residential,162.0,3.306122448979592,27.0,0.0,49,2025-12-08T10:18:57.190Z
2022-07-05,2022,7,62369873,Pulse1_Total,captis_pulse,BUDERIM,Residential,29937.0,587.0,587.0,587.0,51,2025-12-08T10:18:57.190Z
2022-07-05,2022,7,62369873,Pulse1,captis_pulse,BUDERIM,Residential,0.0,0.0,0.0,0.0,51,2025-12-08T10:18:57.190Z
2022-07-05,2022,7,314227,Pulse1,captis_pulse,BUDERIM,Residential,293.0,5.528301886792453,76.0,0.0,53,2025-12-08T10:18:57.190Z
2022-07-05,2022,7,60192780,Pulse1_Total,captis_pulse,BUDERIM,Residential,2583303.0,49678.903846153844,49713.0,49644.0,52,2025-12-08T10:18:57.190Z
2022-07-05,2022,7,60192780,Pulse1,captis_pulse,BUDERIM,Residential,43.0,0.8431372549019608,19.0,0.0,51,2025-12-08T10:18:57.190Z
2022-07-05,2022,7,62369873,DeviceTemperature,captis_pulse,BUDERIM,Residential,25.67,12.835,13.2,12.47,2,2025-12-08T10:18:57.190Z
2022-07-05,2022,7,61331679,Pulse1_Total,captis_pulse,BUDERIM,Residential,210.0,35.0,35.0,35.0,6,2025-12-08T10:18:57.190Z
2022-07-05,2022,7,61331679,Pulse1,captis_pulse,BUDERIM,Residential,0.0,0.0,0.0,0.0,5,2025-12-08T10:18:57.190Z
2022-07-05,2022,7,2312,Battery,captis_pulse,MAROOCHYDORE,Non-Residential,74.339,24.779666666666667,69.0,1.709,3,2025-12-08T10:18:57.190Z
2022-07-05,2022,7,60192780,Battery,captis_pulse,BUDERIM,Residential,2.368,2.368,2.368,2.368,1,2025-12-08T10:18:57.190Z
2022-07-05,2022,7,62369873,Battery,captis_pulse,BUDERIM,Residential,71.697,23.899,66.0,2.047,3,2025-12-08T10:18:57.190Z
2022-07-05,2022,7,2312,DeviceTemperature,captis_pulse,MAROOCHYDORE,Non-Residential,27.69,13.845,14.3,13.39,2,2025-12-08T10:18:57.190Z
2022-07-04,2022,7,2312,Pulse1,captis_pulse,MAROOCHYDORE,Non-Residential,137.0,5.956521739130435,65.0,0.0,23,2025-12-08T10:18:57.190Z
2022-07-04,2022,7,62369873,Pulse1_Total,captis_pulse,BUDERIM,Residential,12914.0,587.0,587.0,587.0,22,2025-12-08T10:18:57.190Z
2022-07-04,2022,7,62369873,Pulse1,captis_pulse,BUDERIM,Residential,0.0,0.0,0.0,0.0,22,2025-12-08T10:18:57.190Z
2022-07-04,2022,7,314227,Pulse1,captis_pulse,BUDERIM,Residential,55.0,1.6176470588235294,38.0,0.0,34,2025-12-08T10:18:57.190Z
2022-07-04,2022,7,60192780,Pulse1_Total,captis_pulse,BUDERIM,Residential,1240975.0,49639.0,49639.0,49639.0,25,2025-12-08T10:18:57.190Z
2022-07-04,2022,7,60192780,Pulse1,captis_pulse,BUDERIM,Residential,0.0,0.0,0.0,0.0,25,2025-12-08T10:18:57.190Z
2022-07-04,2022,7,2312,DeviceTemperature,captis_pulse,MAROOCHYDORE,Non-Residential,23.7,11.85,12.0,11.7,2,2025-12-08T10:18:57.190Z
2022-07-04,2022,7,314227,DeviceTemperature,captis_pulse,BUDERIM,Residential,35.3,11.766666666666666,12.7,11.1,3,2025-12-08T10:18:57.190Z
2022-07-04,2022,7,60192780,DeviceTemperature,captis_pulse,BUDERIM,Residential,23.1,11.55,11.7,11.4,2,2025-12-08T10:18:57.190Z
2022-07-04,2022,7,60192780,Battery,captis_pulse,BUDERIM,Residential,2.36,2.36,2.36,2.36,1,2025-12-08T10:18:57.190Z
2022-07-04,2022,7,2312,Battery,captis_pulse,MAROOCHYDORE,Non-Residential,76.378,25.459333333333333,71.0,1.748,3,2025-12-08T10:18:57.190Z
2022-07-04,2022,7,62369873,DeviceTemperature,captis_pulse,BUDERIM,Residential,11.0,11.0,11.0,11.0,1,2025-12-08T10:18:57.190Z
2022-07-06,2022,7,2312,Pulse1,captis_pulse,MAROOCHYDORE,Non-Residential,69.0,4.6,14.0,0.0,15,2025-12-08T10:18:57.190Z
2022-07-06,2022,7,62369873,Pulse1_Total,captis_pulse,BUDERIM,Residential,8218.0,587.0,587.0,587.0,14,2025-12-08T10:18:57.190Z
2022-07-06,2022,7,62369873,Pulse1,captis_pulse,BUDERIM,Residential,0.0,0.0,0.0,0.0,15,2025-12-08T10:18:57.190Z
2022-07-06,2022,7,314227,Pulse1,captis_pulse,BUDERIM,Residential,239.0,13.277777777777779,74.0,0.0,18,2025-12-08T10:18:57.190Z
2022-07-06,2022,7,62369873,DeviceTemperature,captis_pulse,BUDERIM,Residential,24.7,24.7,24.7,24.7,1,2025-12-08T10:18:57.190Z
2022-07-06,2022,7,60192780,Pulse1_Total,captis_pulse,BUDERIM,Residential,895413.0,49745.166666666664,49767.0,49736.0,18,2025-12-08T10:18:57.190Z
2022-07-06,2022,7,60192780,Pulse1,captis_pulse,BUDERIM,Residential,28.0,1.5555555555555556,11.0,0.0,18,2025-12-08T10:18:57.190Z
2022-07-06,2022,7,60192780,DeviceTemperature,captis_pulse,BUDERIM,Residential,19.6,19.6,19.6,19.6,1,2025-12-08T10:18:57.190Z
2022-07-06,2022,7,2312,DeviceTemperature,captis_pulse,MAROOCHYDORE,Non-Residential,20.4,20.4,20.4,20.4,1,2025-12-08T10:18:57.190Z
2022-07-04,2022,7,61331679,Pulse1_Total,captis_pulse,BUDERIM,Residential,3395.0,35.0,35.0,35.0,97,2025-12-08T10:18:57.190Z
2022-07-04,2022,7,61331679,Pulse1,captis_pulse,BUDERIM,Residential,0.0,0.0,0.0,0.0,97,2025-12-08T10:18:57.190Z
2022-07-04,2022,7,61331679,DeviceTemperature,captis_pulse,BUDERIM,Residential,14.4,14.4,14.4,14.4,1,2025-12-08T10:18:57.190Z
2022-07-03,2022,7,61331679,Pulse1_Total,captis_pulse,BUDERIM,Residential,3430.0,35.0,35.0,35.0,98,2025-12-08T10:18:57.190Z
2022-07-03,2022,7,61331679,Pulse1,captis_pulse,BUDERIM,Residential,0.0,0.0,0.0,0.0,98,2025-12-08T10:18:57.190Z
2022-07-03,2022,7,61331679,DeviceTemperature,captis_pulse,BUDERIM,Residential,19.3,19.3,19.3,19.3,1,2025-12-08T10:18:57.190Z
2022-07-05,2022,7,65091948,Pulse1,captis_pulse,MAROOCHYDORE,Non-Residential,1340.0,26.8,110.0,0.0,50,2025-12-08T10:18:57.190Z
2022-07-05,2022,7,81967932,Pulse1,captis_pulse,MAROOCHYDORE,Residential,1045.0,38.7037037037037,170.0,0.0,27,2025-12-08T10:18:57.190Z
2022-07-05,2022,7,65091948,DeviceTemperature,captis_pulse,MAROOCHYDORE,Non-Residential,30.439999999999998,15.219999999999999,15.6,14.84,2,2025-12-08T10:18:57.190Z
2022-07-05,2022,7,81967932,DeviceTemperature,captis_pulse,MAROOCHYDORE,Residential,27.35,13.675,13.8,13.55,2,2025-12-08T10:18:57.190Z
2022-07-05,2022,7,65091948,Battery,captis_pulse,MAROOCHYDORE,Non-Residential,75.494,25.164666666666665,70.0,1.854,3,2025-12-08T10:18:57.190Z
2022-07-05,2022,7,81967932,Battery,captis_pulse,MAROOCHYDORE,Residential,71.64,35.82,68.0,3.64,2,2025-12-08T10:18:57.190Z
2022-07-04,2022,7,81967932,Pulse1,captis_pulse,MAROOCHYDORE,Residential,500.0,20.0,90.0,0.0,25,2025-12-08T10:18:57.190Z
2022-07-04,2022,7,65091948,Pulse1,captis_pulse,MAROOCHYDORE,Non-Residential,240.0,10.434782608695652,60.0,0.0,23,2025-12-08T10:18:57.190Z
2022-07-04,2022,7,81967932,DeviceTemperature,captis_pulse,MAROOCHYDORE,Residential,12.0,12.0,12.0,12.0,1,2025-12-08T10:18:57.190Z
2022-07-04,2022,7,65091948,DeviceTemperature,captis_pulse,MAROOCHYDORE,Non-Residential,13.4,13.4,13.4,13.4,1,2025-12-08T10:18:57.190Z
2022-07-06,2022,7,65091948,Pulse1,captis_pulse,MAROOCHYDORE,Non-Residential,620.0,47.69230769230769,90.0,20.0,13,2025-12-08T10:18:57.190Z
2022-07-06,2022,7,81967932,Pulse1,captis_pulse,MAROOCHYDORE,Residential,300.0,100.0,120.0,90.0,3,2025-12-08T10:18:57.190Z
2022-07-06,2022,7,81967932,Battery,captis_pulse,MAROOCHYDORE,Residential,73.65,36.825,70.0,3.65,2,2025-12-08T10:18:57.190Z
2022-07-06,2022,7,81967932,DeviceTemperature,captis_pulse,MAROOCHYDORE,Residential,16.93,16.93,16.93,16.93,1,2025-12-08T10:18:57.190Z
2022-07-05,2022,7,32981918,Pulse1,captis_pulse,MAROOCHYDORE,Non-Residential,4408.0,81.62962962962963,207.0,2.0,54,2025-12-08T10:18:57.190Z
2022-07-05,2022,7,32981918,DeviceTemperature,captis_pulse,MAROOCHYDORE,Non-Residential,47.52,15.840000000000002,16.1,15.32,3,2025-12-08T10:18:57.190Z
2022-07-05,2022,7,21955571,Pulse1,captis_pulse,DICKY BEACH,Non-Residential,0.0,0.0,0.0,0.0,54,2025-12-08T10:18:57.190Z
2022-07-05,2022,7,32981918,Battery,captis_pulse,MAROOCHYDORE,Non-Residential,73.487,24.495666666666665,68.0,1.857,3,2025-12-08T10:18:57.190Z
2022-07-05,2022,7,21955571,Battery,captis_pulse,DICKY BEACH,Non-Residential,74.733,24.911,69.0,2.093,3,2025-12-08T10:18:57.190Z
2022-07-05,2022,7,21955571,DeviceTemperature,captis_pulse,DICKY BEACH,Non-Residential,18.03,18.03,18.03,18.03,1,2025-12-08T10:18:57.190Z
2022-07-04,2022,7,21955571,Pulse1,captis_pulse,DICKY BEACH,Non-Residential,0.0,0.0,0.0,0.0,25,2025-12-08T10:18:57.190Z
2022-07-04,2022,7,32981918,Pulse1,captis_pulse,MAROOCHYDORE,Non-Residential,1877.0,52.138888888888886,196.0,9.0,36,2025-12-08T10:18:57.190Z
2022-07-04,2022,7,21955571,DeviceTemperature,captis_pulse,DICKY BEACH,Non-Residential,17.8,17.8,17.8,17.8,1,2025-12-08T10:18:57.190Z
2022-07-04,2022,7,32981918,DeviceTemperature,captis_pulse,MAROOCHYDORE,Non-Residential,14.99,14.99,14.99,14.99,1,2025-12-08T10:18:57.190Z
2022-07-06,2022,7,32981918,Pulse1,captis_pulse,MAROOCHYDORE,Non-Residential,1693.0,112.86666666666666,186.0,37.0,15,2025-12-08T10:18:57.190Z
2022-07-06,2022,7,21955571,Pulse1,captis_pulse,DICKY BEACH,Non-Residential,0.0,0.0,0.0,0.0,18,2025-12-08T10:18:57.190Z
2022-07-06,2022,7,32981918,DeviceTemperature,captis_pulse,MAROOCHYDORE,Non-Residential,28.3,28.3,28.3,28.3,1,2025-12-08T10:18:57.190Z
2022-07-05,2022,7,61240458,Pulse1_Total,,,,1650.0,33.0,33.0,33.0,50,2025-12-08T10:18:57.190Z
2022-07-05,2022,7,61240458,Pulse1,,,,0.0,0.0,0.0,0.0,51,2025-12-08T10:18:57.190Z
2022-07-05,2022,7,61240458,Battery,,,,75.605,25.201666666666668,70.0,1.965,3,2025-12-08T10:18:57.190Z
2022-07-05,2022,7,61240458,DeviceTemperature,,,,16.13,16.13,16.13,16.13,1,2025-12-08T10:18:57.190Z
2022-07-04,2022,7,61240458,Pulse1_Total,,,,726.0,33.0,33.0,33.0,22,2025-12-08T10:18:57.190Z
2022-07-04,2022,7,61240458,Pulse1,,,,0.0,0.0,0.0,0.0,22,2025-12-08T10:18:57.190Z
2022-07-04,2022,7,61240458,Battery,,,,67.64,33.82,64.0,3.64,2,2025-12-08T10:18:57.190Z
2022-07-04,2022,7,61240458,DeviceTemperature,,,,31.900000000000002,15.950000000000001,16.6,15.3,2,2025-12-08T10:18:57.190Z
2022-07-06,2022,7,61240458,Pulse1_Total,,,,495.0,33.0,33.0,33.0,15,2025-12-08T10:18:57.190Z
2022-07-06,2022,7,61240458,Pulse1,,,,0.0,0.0,0.0,0.0,15,2025-12-08T10:18:57.190Z
2022-07-06,2022,7,61240458,DeviceTemperature,,,,19.3,19.3,19.3,19.3,1,2025-12-08T10:18:57.190Z
2022-07-05,2022,7,271268,Pulse1_Total,captis_pulse,BUDERIM,Residential,1372967.0,27459.34,27478.0,27439.0,50,2025-12-08T10:18:57.190Z
2022-07-05,2022,7,271268,Pulse1,captis_pulse,BUDERIM,Residential,29.0,0.58,6.0,0.0,50,2025-12-08T10:18:57.190Z
2022-07-05,2022,7,36810104,Pulse1,captis_pulse,REDCLIFFE,Non-Residential,0.0,0.0,0.0,0.0,50,2025-12-08T10:18:57.190Z
2022-07-05,2022,7,511418,Pulse1,captis_pulse,KULUIN,Residential,0.0,0.0,0.0,0.0,50,2025-12-08T10:18:57.190Z
2022-07-05,2022,7,36810104,Battery,captis_pulse,REDCLIFFE,Non-Residential,68.583,22.861,63.0,1.943,3,2025-12-08T10:18:57.190Z
2022-07-05,2022,7,36810104,DeviceTemperature,captis_pulse,REDCLIFFE,Non-Residential,28.36,14.18,14.6,13.76,2,2025-12-08T10:18:57.190Z
2022-07-05,2022,7,511418,DeviceTemperature,captis_pulse,KULUIN,Residential,16.84,16.84,16.84,16.84,1,2025-12-08T10:18:57.190Z
2022-07-05,2022,7,511418,Battery,captis_pulse,KULUIN,Residential,80.31299999999999,26.770999999999997,75.0,1.713,3,2025-12-08T10:18:57.190Z
2022-07-05,2022,7,271268,DeviceTemperature,captis_pulse,BUDERIM,Residential,13.49,13.49,13.49,13.49,1,2025-12-08T10:18:57.190Z
2022-07-04,2022,7,271268,Pulse1_Total,captis_pulse,BUDERIM,Residential,630853.0,27428.391304347828,27434.0,27425.0,23,2025-12-08T10:18:57.190Z
2022-07-04,2022,7,271268,Pulse1,captis_pulse,BUDERIM,Residential,4.0,0.17391304347826086,4.0,0.0,23,2025-12-08T10:18:57.190Z
2022-07-04,2022,7,36810104,Pulse1,captis_pulse,REDCLIFFE,Non-Residential,0.0,0.0,0.0,0.0,23,2025-12-08T10:18:57.190Z
2022-07-04,2022,7,511418,Pulse1,captis_pulse,KULUIN,Residential,0.0,0.0,0.0,0.0,21,2025-12-08T10:18:57.190Z
2022-07-04,2022,7,36810104,DeviceTemperature,captis_pulse,REDCLIFFE,Non-Residential,38.21,12.736666666666666,13.71,12.2,3,2025-12-08T10:18:57.190Z
2022-07-04,2022,7,271268,DeviceTemperature,captis_pulse,BUDERIM,Residential,24.64,12.32,12.94,11.7,2,2025-12-08T10:18:57.190Z
2022-07-04,2022,7,36810104,Battery,captis_pulse,REDCLIFFE,Non-Residential,69.63,34.815,66.0,3.63,2,2025-12-08T10:18:57.190Z
2022-07-04,2022,7,511418,Battery,captis_pulse,KULUIN,Residential,75.327,25.108999999999998,70.0,1.727,3,2025-12-08T10:18:57.190Z
2022-07-04,2022,7,511418,DeviceTemperature,captis_pulse,KULUIN,Residential,16.3,16.3,16.3,16.3,1,2025-12-08T10:18:57.190Z
2022-07-06,2022,7,271268,Pulse1_Total,captis_pulse,BUDERIM,Residential,412425.0,27495.0,27504.0,27487.0,15,2025-12-08T10:18:57.190Z
2022-07-06,2022,7,271268,Pulse1,captis_pulse,BUDERIM,Residential,11.0,0.7333333333333333,4.0,0.0,15,2025-12-08T10:18:57.190Z
2022-07-06,2022,7,36810104,Pulse1,captis_pulse,REDCLIFFE,Non-Residential,0.0,0.0,0.0,0.0,15,2025-12-08T10:18:57.190Z
2022-07-06,2022,7,511418,Pulse1,captis_pulse,KULUIN,Residential,0.0,0.0,0.0,0.0,15,2025-12-08T10:18:57.190Z
2022-07-05,2022,7,26934770,Pulse1_Total,captis_pulse,MAROOCHYDORE,Non-Residential,733380.0,14380.0,14380.0,14380.0,51,2025-12-08T10:18:57.190Z
2022-07-05,2022,7,26934770,Pulse1,captis_pulse,MAROOCHYDORE,Non-Residential,0.0,0.0,0.0,0.0,51,2025-12-08T10:18:57.190Z
2022-07-05,2022,7,64632488,Pulse1,captis_pulse,MAROOCHYDORE,Residential,1940.0,38.8,200.0,0.0,50,2025-12-08T10:18:57.190Z
2022-07-05,2022,7,21970062,Pulse1,captis_pulse,MOUNTAIN CREEK,Non-Residential,0.0,0.0,0.0,0.0,50,2025-12-08T10:18:57.190Z
2022-07-05,2022,7,45122030,Pulse1_Total,captis_pulse,MOUNTAIN CREEK,Residential,4137357.0,82747.14,82892.0,82606.0,50,2025-12-08T10:18:57.190Z
2022-07-05,2022,7,45122030,Pulse1,captis_pulse,MOUNTAIN CREEK,Residential,183.0,3.66,54.0,0.0,50,2025-12-08T10:18:57.190Z
2022-07-05,2022,7,311558,Pulse1,captis_pulse,BUDERIM,Residential,563.0,10.425925925925926,115.0,2.0,54,2025-12-08T10:18:57.190Z
2022-07-05,2022,7,2112,Pulse1,captis_pulse,MAROOCHYDORE,Residential,572.0,10.79245283018868,141.0,0.0,53,2025-12-08T10:18:57.190Z
2022-07-05,2022,7,60255908,Pulse1_Total,captis_pulse,BUDERIM,Residential,0.0,0.0,0.0,0.0,54,2025-12-08T10:18:57.190Z
2022-07-05,2022,7,60255908,Pulse1,captis_pulse,BUDERIM,Residential,0.0,0.0,0.0,0.0,53,2025-12-08T10:18:57.190Z
2022-07-05,2022,7,62366298,Pulse1_Total,captis_pulse,BUDERIM,Residential,1414584.0,27203.53846153846,27425.0,27171.0,52,2025-12-08T10:18:57.190Z
2022-07-05,2022,7,62366298,Pulse1,captis_pulse,BUDERIM,Residential,222.0,4.269230769230769,187.0,0.0,52,2025-12-08T10:18:57.190Z
2022-07-05,2022,7,81969681,Pulse1,captis_pulse,MAROOCHYDORE,Non-Residential,0.0,0.0,0.0,0.0,29,2025-12-08T10:18:57.190Z
2022-07-05,2022,7,81969681,Battery,captis_pulse,MAROOCHYDORE,Non-Residential,70.64,35.32,67.0,3.64,2,2025-12-08T10:18:57.190Z
2022-07-05,2022,7,81969681,DeviceTemperature,captis_pulse,MAROOCHYDORE,Non-Residential,27.71,13.855,14.7,13.01,2,2025-12-08T10:18:57.190Z
2022-07-05,2022,7,21970062,DeviceTemperature,captis_pulse,MOUNTAIN CREEK,Non-Residential,36.44,18.22,18.24,18.2,2,2025-12-08T10:18:57.190Z
2022-07-05,2022,7,60255908,DeviceTemperature,captis_pulse,BUDERIM,Residential,25.32,12.66,13.4,11.92,2,2025-12-08T10:18:57.190Z
2022-07-05,2022,7,45122030,DeviceTemperature,captis_pulse,MOUNTAIN CREEK,Residential,12.86,12.86,12.86,12.86,1,2025-12-08T10:18:57.190Z
2022-07-05,2022,7,60255908,Battery,captis_pulse,BUDERIM,Residential,3.62,3.62,3.62,3.62,1,2025-12-08T10:18:57.190Z
2022-07-05,2022,7,21970062,Battery,captis_pulse,MOUNTAIN CREEK,Non-Residential,74.532,24.843999999999998,69.0,1.892,3,2025-12-08T10:18:57.190Z
2022-07-05,2022,7,64632488,Battery,captis_pulse,MAROOCHYDORE,Residential,75.542,25.180666666666667,70.0,1.902,3,2025-12-08T10:18:57.190Z
2022-07-05,2022,7,62366298,Battery,captis_pulse,BUDERIM,Residential,78.322,26.107333333333333,72.0,2.682,3,2025-12-08T10:18:57.190Z
2022-07-05,2022,7,45122030,Battery,captis_pulse,MOUNTAIN CREEK,Residential,77.553,25.851,72.0,1.923,3,2025-12-08T10:18:57.190Z
2022-07-05,2022,7,64632488,DeviceTemperature,captis_pulse,MAROOCHYDORE,Residential,27.91,13.955,14.5,13.41,2,2025-12-08T10:18:57.190Z
2022-07-05,2022,7,62366298,DeviceTemperature,captis_pulse,BUDERIM,Residential,30.490000000000002,15.245000000000001,15.5,14.99,2,2025-12-08T10:18:57.190Z
2022-07-05,2022,7,26934770,Battery,captis_pulse,MAROOCHYDORE,Non-Residential,3.63,3.63,3.63,3.63,1,2025-12-08T10:18:57.190Z
2022-07-05,2022,7,26934770,DeviceTemperature,captis_pulse,MAROOCHYDORE,Non-Residential,28.4,14.2,15.0,13.4,2,2025-12-08T10:18:57.190Z
2022-07-05,2022,7,2112,Battery,captis_pulse,MAROOCHYDORE,Residential,75.606,25.201999999999998,70.0,1.976,3,2025-12-08T10:18:57.190Z
2022-07-05,2022,7,2112,DeviceTemperature,captis_pulse,MAROOCHYDORE,Residential,27.95,13.975,14.5,13.45,2,2025-12-08T10:18:57.190Z
2022-07-05,2022,7,311558,DeviceTemperature,captis_pulse,BUDERIM,Residential,36.239999999999995,18.119999999999997,18.4,17.84,2,2025-12-08T10:18:57.190Z
2022-07-04,2022,7,45122030,Pulse1_Total,captis_pulse,MOUNTAIN CREEK,Residential,2807115.0,82562.20588235294,82606.0,82551.0,34,2025-12-08T10:18:57.190Z
2022-07-04,2022,7,45122030,Pulse1,captis_pulse,MOUNTAIN CREEK,Residential,35.0,1.0294117647058822,8.0,0.0,34,2025-12-08T10:18:57.190Z
2022-07-04,2022,7,81969681,Pulse1,captis_pulse,MAROOCHYDORE,Non-Residential,0.0,0.0,0.0,0.0,25,2025-12-08T10:18:57.190Z
2022-07-04,2022,7,26934770,Pulse1_Total,captis_pulse,MAROOCHYDORE,Non-Residential,345120.0,14380.0,14380.0,14380.0,24,2025-12-08T10:18:57.190Z
2022-07-04,2022,7,26934770,Pulse1,captis_pulse,MAROOCHYDORE,Non-Residential,0.0,0.0,0.0,0.0,24,2025-12-08T10:18:57.190Z
2022-07-04,2022,7,64632488,Pulse1,captis_pulse,MAROOCHYDORE,Residential,820.0,24.848484848484848,130.0,0.0,33,2025-12-08T10:18:57.190Z
2022-07-04,2022,7,21970062,Pulse1,captis_pulse,MOUNTAIN CREEK,Non-Residential,0.0,0.0,0.0,0.0,23,2025-12-08T10:18:57.190Z
2022-07-04,2022,7,311558,Pulse1,captis_pulse,BUDERIM,Residential,182.0,7.913043478260869,101.0,2.0,23,2025-12-08T10:18:57.190Z
2022-07-04,2022,7,2112,Pulse1,captis_pulse,MAROOCHYDORE,Residential,260.0,10.4,116.0,0.0,25,2025-12-08T10:18:57.190Z
2022-07-04,2022,7,62366298,Pulse1_Total,captis_pulse,BUDERIM,Residential,1004522.0,27149.243243243243,27164.0,27141.0,37,2025-12-08T10:18:57.190Z
2022-07-04,2022,7,62366298,Pulse1,captis_pulse,BUDERIM,Residential,32.0,0.8648648648648649,9.0,0.0,37,2025-12-08T10:18:57.190Z
2022-07-04,2022,7,62366298,DeviceTemperature,captis_pulse,BUDERIM,Residential,43.9,14.633333333333333,15.5,14.0,3,2025-12-08T10:18:57.190Z
2022-07-04,2022,7,60255908,Pulse1_Total,captis_pulse,BUDERIM,Residential,0.0,0.0,0.0,0.0,27,2025-12-08T10:18:57.190Z
2022-07-04,2022,7,60255908,Pulse1,captis_pulse,BUDERIM,Residential,0.0,0.0,0.0,0.0,27,2025-12-08T10:18:57.190Z
2022-07-04,2022,7,64632488,DeviceTemperature,captis_pulse,MAROOCHYDORE,Residential,37.01,12.336666666666666,13.21,11.7,3,2025-12-08T10:18:57.190Z
2022-07-04,2022,7,2112,DeviceTemperature,captis_pulse,MAROOCHYDORE,Residential,12.4,12.4,12.4,12.4,1,2025-12-08T10:18:57.190Z
2022-07-04,2022,7,45122030,DeviceTemperature,captis_pulse,MOUNTAIN CREEK,Residential,11.2,11.2,11.2,11.2,1,2025-12-08T10:18:57.190Z
2022-07-04,2022,7,311558,DeviceTemperature,captis_pulse,BUDERIM,Residential,18.56,18.56,18.56,18.56,1,2025-12-08T10:18:57.190Z
2022-07-04,2022,7,21970062,DeviceTemperature,captis_pulse,MOUNTAIN CREEK,Non-Residential,37.03,18.515,19.03,18.0,2,2025-12-08T10:18:57.190Z
2022-07-04,2022,7,60255908,DeviceTemperature,captis_pulse,BUDERIM,Residential,20.799999999999997,10.399999999999999,10.6,10.2,2,2025-12-08T10:18:57.190Z
2022-07-04,2022,7,60833,DeviceTemperature,captis_pulse,BUDERIM,Residential,24.41,12.205,13.01,11.4,2,2025-12-08T10:18:57.190Z
2022-07-04,2022,7,81969681,DeviceTemperature,captis_pulse,MAROOCHYDORE,Non-Residential,11.8,11.8,11.8,11.8,1,2025-12-08T10:18:57.190Z
2022-07-04,2022,7,64632488,Battery,captis_pulse,MAROOCHYDORE,Residential,74.4,24.8,69.0,1.76,3,2025-12-08T10:18:57.190Z
2022-07-04,2022,7,21970062,Battery,captis_pulse,MOUNTAIN CREEK,Non-Residential,75.47800000000001,25.159333333333336,70.0,1.828,3,2025-12-08T10:18:57.190Z
2022-07-04,2022,7,62366298,Battery,captis_pulse,BUDERIM,Residential,73.021,24.340333333333334,67.0,2.381,3,2025-12-08T10:18:57.190Z
2022-07-04,2022,7,45122030,Battery,captis_pulse,MOUNTAIN CREEK,Residential,74.564,24.854666666666663,69.0,1.934,3,2025-12-08T10:18:57.190Z
2022-07-04,2022,7,26934770,DeviceTemperature,captis_pulse,MAROOCHYDORE,Non-Residential,11.7,11.7,11.7,11.7,1,2025-12-08T10:18:57.190Z
2022-07-04,2022,7,311558,Battery,captis_pulse,BUDERIM,Residential,74.382,24.794,69.0,1.742,3,2025-12-08T10:18:57.190Z
2022-07-06,2022,7,26934770,Pulse1_Total,captis_pulse,MAROOCHYDORE,Non-Residential,186940.0,14380.0,14380.0,14380.0,13,2025-12-08T10:18:57.190Z
2022-07-06,2022,7,26934770,Pulse1,captis_pulse,MAROOCHYDORE,Non-Residential,0.0,0.0,0.0,0.0,13,2025-12-08T10:18:57.190Z
2022-07-06,2022,7,64632488,Pulse1,captis_pulse,MAROOCHYDORE,Residential,880.0,67.6923076923077,210.0,10.0,13,2025-12-08T10:18:57.190Z
2022-07-06,2022,7,21970062,Pulse1,captis_pulse,MOUNTAIN CREEK,Non-Residential,0.0,0.0,0.0,0.0,13,2025-12-08T10:18:57.190Z
2022-07-06,2022,7,45122030,Pulse1_Total,captis_pulse,MOUNTAIN CREEK,Residential,1164198.0,83157.0,83244.0,83093.0,14,2025-12-08T10:18:57.190Z
2022-07-06,2022,7,45122030,Pulse1,captis_pulse,MOUNTAIN CREEK,Residential,16.0,1.1428571428571428,6.0,0.0,14,2025-12-08T10:18:57.190Z
2022-07-06,2022,7,311558,Pulse1,captis_pulse,BUDERIM,Residential,290.0,16.11111111111111,161.0,2.0,18,2025-12-08T10:18:57.190Z
2022-07-06,2022,7,2112,Pulse1,captis_pulse,MAROOCHYDORE,Residential,139.0,7.722222222222222,113.0,0.0,18,2025-12-08T10:18:57.190Z
2022-07-06,2022,7,60255908,Pulse1_Total,captis_pulse,BUDERIM,Residential,0.0,0.0,0.0,0.0,19,2025-12-08T10:18:57.190Z
2022-07-06,2022,7,62366298,Pulse1_Total,captis_pulse,BUDERIM,Residential,524809.0,27621.526315789473,27653.0,27530.0,19,2025-12-08T10:18:57.190Z
2022-07-06,2022,7,60255908,Pulse1,captis_pulse,BUDERIM,Residential,0.0,0.0,0.0,0.0,19,2025-12-08T10:18:57.190Z
2022-07-06,2022,7,62366298,Pulse1,captis_pulse,BUDERIM,Residential,108.0,5.684210526315789,67.0,0.0,19,2025-12-08T10:18:57.190Z
2022-07-06,2022,7,62366298,DeviceTemperature,captis_pulse,BUDERIM,Residential,19.4,19.4,19.4,19.4,1,2025-12-08T10:18:57.190Z
2022-07-06,2022,7,64632488,DeviceTemperature,captis_pulse,MAROOCHYDORE,Residential,24.5,24.5,24.5,24.5,1,2025-12-08T10:18:57.190Z
2022-07-06,2022,7,81969681,Pulse1,captis_pulse,MAROOCHYDORE,Non-Residential,0.0,0.0,0.0,0.0,5,2025-12-08T10:18:57.190Z
2022-07-06,2022,7,45122030,DeviceTemperature,captis_pulse,MOUNTAIN CREEK,Residential,26.4,26.4,26.4,26.4,1,2025-12-08T10:18:57.190Z
2022-07-06,2022,7,60255908,DeviceTemperature,captis_pulse,BUDERIM,Residential,19.3,19.3,19.3,19.3,1,2025-12-08T10:18:57.190Z
2022-07-06,2022,7,311558,DeviceTemperature,captis_pulse,BUDERIM,Residential,23.5,23.5,23.5,23.5,1,2025-12-08T10:18:57.190Z
2022-07-05,2022,7,293809,Pulse1,captis_pulse,BUDERIM,Residential,298.0,5.96,96.0,0.0,50,2025-12-08T10:18:57.190Z
2022-07-05,2022,7,2203,Pulse1,captis_pulse,MAROOCHYDORE,Residential,20.0,0.4,5.0,0.0,50,2025-12-08T10:18:57.190Z
2022-07-05,2022,7,60962387,Pulse1_Total,captis_pulse,BUDERIM,Residential,1734.0,34.0,34.0,34.0,51,2025-12-08T10:18:57.190Z
2022-07-05,2022,7,60962387,Pulse1,captis_pulse,BUDERIM,Residential,0.0,0.0,0.0,0.0,52,2025-12-08T10:18:57.190Z
2022-07-05,2022,7,46053342,Pulse1,captis_pulse,BUDERIM,Residential,1570.0,31.4,180.0,0.0,50,2025-12-08T10:18:57.190Z
2022-07-05,2022,7,64924,Pulse1,captis_pulse,BUDERIM,Residential,167.0,3.34,71.0,0.0,50,2025-12-08T10:18:57.190Z
2022-07-05,2022,7,2203,DeviceTemperature,captis_pulse,MAROOCHYDORE,Residential,28.38,14.19,14.6,13.78,2,2025-12-08T10:18:57.190Z
2022-07-05,2022,7,2203,Battery,captis_pulse,MAROOCHYDORE,Residential,2.438,2.438,2.438,2.438,1,2025-12-08T10:18:57.190Z
2022-07-05,2022,7,60962387,DeviceTemperature,captis_pulse,BUDERIM,Residential,12.67,12.67,12.67,12.67,1,2025-12-08T10:18:57.190Z
2022-07-05,2022,7,46053342,Battery,captis_pulse,BUDERIM,Residential,75.542,25.180666666666667,70.0,1.902,3,2025-12-08T10:18:57.190Z
2022-07-05,2022,7,64924,Battery,captis_pulse,BUDERIM,Residential,70.4,23.46666666666667,65.0,1.76,3,2025-12-08T10:18:57.190Z
2022-07-05,2022,7,46053342,DeviceTemperature,captis_pulse,BUDERIM,Residential,29.07,14.535,15.1,13.97,2,2025-12-08T10:18:57.190Z
2022-07-05,2022,7,64924,DeviceTemperature,captis_pulse,BUDERIM,Residential,28.89,14.445,15.4,13.49,2,2025-12-08T10:18:57.190Z
2022-07-05,2022,7,60962387,Battery,captis_pulse,BUDERIM,Residential,72.64,36.32,69.0,3.64,2,2025-12-08T10:18:57.190Z
2022-07-05,2022,7,293809,DeviceTemperature,captis_pulse,BUDERIM,Residential,18.0,18.0,18.0,18.0,1,2025-12-08T10:18:57.190Z
2022-07-04,2022,7,293809,Pulse1,captis_pulse,BUDERIM,Residential,28.0,0.7567567567567568,7.0,0.0,37,2025-12-08T10:18:57.190Z
2022-07-04,2022,7,2203,Pulse1,captis_pulse,MAROOCHYDORE,Residential,10.0,0.47619047619047616,7.0,0.0,21,2025-12-08T10:18:57.190Z
2022-07-04,2022,7,60962387,Pulse1_Total,captis_pulse,BUDERIM,Residential,714.0,34.0,34.0,34.0,21,2025-12-08T10:18:57.190Z
2022-07-04,2022,7,60962387,Pulse1,captis_pulse,BUDERIM,Residential,0.0,0.0,0.0,0.0,21,2025-12-08T10:18:57.190Z
2022-07-04,2022,7,46053342,Pulse1,captis_pulse,BUDERIM,Residential,310.0,9.117647058823529,180.0,0.0,34,2025-12-08T10:18:57.190Z
2022-07-04,2022,7,64924,Pulse1,captis_pulse,BUDERIM,Residential,17.0,0.7727272727272727,7.0,0.0,22,2025-12-08T10:18:57.190Z
2022-07-04,2022,7,64924,DeviceTemperature,captis_pulse,BUDERIM,Residential,25.060000000000002,12.530000000000001,13.16,11.9,2,2025-12-08T10:18:57.190Z
2022-07-04,2022,7,293809,DeviceTemperature,captis_pulse,BUDERIM,Residential,32.9,16.45,16.5,16.4,2,2025-12-08T10:18:57.190Z
2022-07-04,2022,7,2203,Battery,captis_pulse,MAROOCHYDORE,Residential,2.043,2.043,2.043,2.043,1,2025-12-08T10:18:57.190Z
2022-07-04,2022,7,2203,DeviceTemperature,captis_pulse,MAROOCHYDORE,Residential,25.17,12.585,13.17,12.0,2,2025-12-08T10:18:57.190Z
2022-07-04,2022,7,60962387,Battery,captis_pulse,BUDERIM,Residential,82.64,41.32,79.0,3.64,2,2025-12-08T10:18:57.190Z
2022-07-04,2022,7,60962387,DeviceTemperature,captis_pulse,BUDERIM,Residential,34.230000000000004,11.410000000000002,12.13,11.0,3,2025-12-08T10:18:57.190Z
2022-07-04,2022,7,46053342,Battery,captis_pulse,BUDERIM,Residential,72.64,36.32,69.0,3.64,2,2025-12-08T10:18:57.190Z
2022-07-04,2022,7,64924,Battery,captis_pulse,BUDERIM,Residential,70.368,23.456,65.0,1.728,3,2025-12-08T10:18:57.190Z
2022-07-04,2022,7,46053342,DeviceTemperature,captis_pulse,BUDERIM,Residential,26.01,13.005,13.71,12.3,2,2025-12-08T10:18:57.190Z
2022-07-06,2022,7,293809,Pulse1,captis_pulse,BUDERIM,Residential,87.0,5.4375,38.0,0.0,16,2025-12-08T10:18:57.190Z
2022-07-06,2022,7,60962387,Pulse1_Total,captis_pulse,BUDERIM,Residential,612.0,34.0,34.0,34.0,18,2025-12-08T10:18:57.190Z
2022-07-06,2022,7,60962387,Pulse1,captis_pulse,BUDERIM,Residential,0.0,0.0,0.0,0.0,19,2025-12-08T10:18:57.190Z
2022-07-06,2022,7,2203,Pulse1,captis_pulse,MAROOCHYDORE,Residential,63.0,4.2,29.0,0.0,15,2025-12-08T10:18:57.190Z
2022-07-06,2022,7,46053342,Pulse1,captis_pulse,BUDERIM,Residential,430.0,33.07692307692308,80.0,0.0,13,2025-12-08T10:18:57.190Z
2022-07-06,2022,7,64924,Pulse1,captis_pulse,BUDERIM,Residential,8.0,0.5714285714285714,3.0,0.0,14,2025-12-08T10:18:57.190Z
2022-07-06,2022,7,46053342,DeviceTemperature,captis_pulse,BUDERIM,Residential,30.4,30.4,30.4,30.4,1,2025-12-08T10:18:57.190Z
2022-07-06,2022,7,2203,DeviceTemperature,captis_pulse,MAROOCHYDORE,Residential,22.5,22.5,22.5,22.5,1,2025-12-08T10:18:57.190Z
2022-07-06,2022,7,60962387,DeviceTemperature,captis_pulse,BUDERIM,Residential,20.1,20.1,20.1,20.1,1,2025-12-08T10:18:57.190Z
2022-07-06,2022,7,293809,DeviceTemperature,captis_pulse,BUDERIM,Residential,28.1,28.1,28.1,28.1,1,2025-12-08T10:18:57.190Z
2022-07-05,2022,7,325277,Pulse1,captis_pulse,MAROOCHYDORE,Residential,58.0,1.183673469387755,58.0,0.0,49,2025-12-08T10:18:57.190Z
2022-07-05,2022,7,325277,Battery,captis_pulse,MAROOCHYDORE,Residential,77.892,25.964,71.0,3.262,3,2025-12-08T10:18:57.190Z
2022-07-05,2022,7,325277,DeviceTemperature,captis_pulse,MAROOCHYDORE,Residential,29.97,14.985,15.2,14.77,2,2025-12-08T10:18:57.190Z
2022-07-04,2022,7,325277,Pulse1,captis_pulse,MAROOCHYDORE,Residential,0.0,0.0,0.0,0.0,24,2025-12-08T10:18:57.190Z
2022-07-04,2022,7,325277,Battery,captis_pulse,MAROOCHYDORE,Residential,71.452,23.817333333333334,65.0,2.822,3,2025-12-08T10:18:57.190Z
2022-07-06,2022,7,325277,Pulse1,captis_pulse,MAROOCHYDORE,Residential,77.0,5.5,43.0,0.0,14,2025-12-08T10:18:57.190Z
2022-07-05,2022,7,285064,Pulse1_Total,captis_pulse,MAROOCHYDORE,Residential,1647759.0,33627.73469387755,33678.0,33610.0,49,2025-12-08T10:18:57.190Z
2022-07-05,2022,7,285064,Pulse1,captis_pulse,MAROOCHYDORE,Residential,57.0,1.163265306122449,21.0,0.0,49,2025-12-08T10:18:57.190Z
2022-07-05,2022,7,310546,Pulse1,captis_pulse,MAROOCHYDORE,Residential,280.0,5.833333333333333,82.0,0.0,48,2025-12-08T10:18:57.190Z
2022-07-05,2022,7,45122395,Pulse1_Total,captis_pulse,MOUNTAIN CREEK,Residential,4835153.0,96703.06,97028.0,96576.0,50,2025-12-08T10:18:57.190Z
2022-07-05,2022,7,45122395,Pulse1,captis_pulse,MOUNTAIN CREEK,Residential,224.0,4.48,100.0,0.0,50,2025-12-08T10:18:57.190Z
2022-07-05,2022,7,285064,Battery,captis_pulse,MAROOCHYDORE,Residential,68.637,22.879,63.0,2.007,3,2025-12-08T10:18:57.190Z
2022-07-05,2022,7,285064,DeviceTemperature,captis_pulse,MAROOCHYDORE,Residential,28.28,14.14,14.6,13.68,2,2025-12-08T10:18:57.190Z
2022-07-05,2022,7,310546,DeviceTemperature,captis_pulse,MAROOCHYDORE,Residential,12.97,12.97,12.97,12.97,1,2025-12-08T10:18:57.190Z
2022-07-05,2022,7,45122395,DeviceTemperature,captis_pulse,MOUNTAIN CREEK,Residential,27.42,13.71,14.5,12.92,2,2025-12-08T10:18:57.190Z
2022-07-05,2022,7,310546,Battery,captis_pulse,MAROOCHYDORE,Residential,71.377,23.792333333333332,66.0,1.747,3,2025-12-08T10:18:57.190Z
2022-07-05,2022,7,45122395,Battery,captis_pulse,MOUNTAIN CREEK,Residential,76.441,25.480333333333334,71.0,1.801,3,2025-12-08T10:18:57.190Z
2022-07-04,2022,7,45122395,Pulse1_Total,captis_pulse,MOUNTAIN CREEK,Residential,2124144.0,96552.0,96575.0,96536.0,22,2025-12-08T10:18:57.190Z
2022-07-04,2022,7,45122395,Pulse1,captis_pulse,MOUNTAIN CREEK,Residential,6.0,0.2727272727272727,4.0,0.0,22,2025-12-08T10:18:57.190Z
2022-07-04,2022,7,310546,Pulse1,captis_pulse,MAROOCHYDORE,Residential,21.0,1.0,7.0,0.0,21,2025-12-08T10:18:57.190Z
2022-07-04,2022,7,285064,Pulse1_Total,captis_pulse,MAROOCHYDORE,Residential,806498.0,33604.083333333336,33609.0,33600.0,24,2025-12-08T10:18:57.190Z
2022-07-04,2022,7,285064,Pulse1,captis_pulse,MAROOCHYDORE,Residential,6.0,0.25,1.0,0.0,24,2025-12-08T10:18:57.190Z
2022-07-04,2022,7,45122395,DeviceTemperature,captis_pulse,MOUNTAIN CREEK,Residential,22.0,11.0,11.0,11.0,2,2025-12-08T10:18:57.190Z
2022-07-04,2022,7,285064,Battery,captis_pulse,MAROOCHYDORE,Residential,69.61699999999999,23.205666666666662,64.0,1.987,3,2025-12-08T10:18:57.190Z
2022-07-04,2022,7,285064,DeviceTemperature,captis_pulse,MAROOCHYDORE,Residential,24.950000000000003,12.475000000000001,13.15,11.8,2,2025-12-08T10:18:57.190Z
2022-07-04,2022,7,310546,Battery,captis_pulse,MAROOCHYDORE,Residential,73.415,24.471666666666668,66.0,3.62,3,2025-12-08T10:18:57.190Z
2022-07-04,2022,7,45122395,Battery,captis_pulse,MOUNTAIN CREEK,Residential,82.382,27.46066666666667,77.0,1.742,3,2025-12-08T10:18:57.190Z
2022-07-06,2022,7,285064,Pulse1_Total,captis_pulse,MAROOCHYDORE,Residential,541915.0,33869.6875,33909.0,33710.0,16,2025-12-08T10:18:57.190Z
2022-07-06,2022,7,285064,Pulse1,captis_pulse,MAROOCHYDORE,Residential,34.0,2.125,11.0,0.0,16,2025-12-08T10:18:57.190Z
2022-07-06,2022,7,45122395,Pulse1_Total,captis_pulse,MOUNTAIN CREEK,Residential,1460770.0,97384.66666666667,97517.0,97339.0,15,2025-12-08T10:18:57.190Z
2022-07-06,2022,7,45122395,Pulse1,captis_pulse,MOUNTAIN CREEK,Residential,21.0,1.4,8.0,0.0,15,2025-12-08T10:18:57.190Z
2022-07-06,2022,7,285064,DeviceTemperature,captis_pulse,MAROOCHYDORE,Residential,22.3,22.3,22.3,22.3,1,2025-12-08T10:18:57.190Z
2022-07-05,2022,7,60218664,Pulse1_Total,captis_pulse,BUDERIM,Residential,0.0,0.0,0.0,0.0,54,2025-12-08T10:18:57.190Z
2022-07-05,2022,7,60218664,Pulse1,captis_pulse,BUDERIM,Residential,0.0,0.0,0.0,0.0,54,2025-12-08T10:18:57.190Z
2022-07-05,2022,7,21337815,Pulse1,captis_pulse,BURNSIDE,Non-Residential,7660.0,156.3265306122449,560.0,110.0,49,2025-12-08T10:18:57.190Z
2022-07-05,2022,7,21337815,DeviceTemperature,captis_pulse,BURNSIDE,Non-Residential,27.86,13.93,14.2,13.66,2,2025-12-08T10:18:57.190Z
2022-07-05,2022,7,60218664,Battery,captis_pulse,BUDERIM,Residential,71.058,23.686000000000003,65.0,2.408,3,2025-12-08T10:18:57.190Z
2022-07-05,2022,7,21337815,Battery,captis_pulse,BURNSIDE,Non-Residential,3.64,3.64,3.64,3.64,1,2025-12-08T10:18:57.190Z
2022-07-05,2022,7,60218664,DeviceTemperature,captis_pulse,BUDERIM,Residential,15.0,15.0,15.0,15.0,1,2025-12-08T10:18:57.190Z
2022-07-04,2022,7,60218664,Pulse1_Total,captis_pulse,BUDERIM,Residential,0.0,0.0,0.0,0.0,24,2025-12-08T10:18:57.190Z
2022-07-04,2022,7,60218664,Pulse1,captis_pulse,BUDERIM,Residential,0.0,0.0,0.0,0.0,24,2025-12-08T10:18:57.190Z
2022-07-04,2022,7,60941626,Pulse1_Total,captis_pulse,BUDERIM,Residential,122375.0,11125.0,11125.0,11125.0,11,2025-12-08T10:18:57.190Z
2022-07-04,2022,7,60941626,Pulse1,captis_pulse,BUDERIM,Residential,0.0,0.0,0.0,0.0,11,2025-12-08T10:18:57.190Z
2022-07-04,2022,7,21337815,Pulse1,captis_pulse,BURNSIDE,Non-Residential,3530.0,153.47826086956522,350.0,100.0,23,2025-12-08T10:18:57.190Z
2022-07-04,2022,7,21337815,DeviceTemperature,captis_pulse,BURNSIDE,Non-Residential,12.4,12.4,12.4,12.4,1,2025-12-08T10:18:57.190Z
2022-07-06,2022,7,60218664,Pulse1_Total,captis_pulse,BUDERIM,Residential,0.0,0.0,0.0,0.0,14,2025-12-08T10:18:57.190Z
2022-07-06,2022,7,60218664,Pulse1,captis_pulse,BUDERIM,Residential,0.0,0.0,0.0,0.0,15,2025-12-08T10:18:57.190Z
2022-07-06,2022,7,21337815,Pulse1,captis_pulse,BURNSIDE,Non-Residential,1850.0,142.30769230769232,260.0,120.0,13,2025-12-08T10:18:57.190Z
2022-07-06,2022,7,21337815,DeviceTemperature,captis_pulse,BURNSIDE,Non-Residential,23.8,23.8,23.8,23.8,1,2025-12-08T10:18:57.190Z
2022-06-29,2022,6,60300869,Pulse1_Total,captis_pulse,BUDERIM,Residential,181796.0,1934.0,1934.0,1934.0,94,2025-12-08T10:18:57.190Z
2022-06-29,2022,6,60300869,Pulse1,captis_pulse,BUDERIM,Residential,0.0,0.0,0.0,0.0,96,2025-12-08T10:18:57.190Z
2022-06-30,2022,6,60300869,Pulse1_Total,captis_pulse,BUDERIM,Residential,139248.0,1934.0,1934.0,1934.0,72,2025-12-08T10:18:57.190Z
2022-06-30,2022,6,60300869,Pulse1,captis_pulse,BUDERIM,Residential,0.0,0.0,0.0,0.0,73,2025-12-08T10:18:57.190Z
