date,year,month,meter_id,measurement_type,meter_type,suburb,usage_type,total_value,avg_value,max_value,min_value,reading_count,processed_time
2022-07-12,2022,7,26934771,Pulse1,captis_pulse,maroochydore,non-residential,1066.0,53.3,133.0,15.0,20,2025-12-23T13:39:34.573Z
2022-07-13,2022,7,26934771,Pulse1,captis_pulse,maroochydore,non-residential,2291.0,99.6086956521739,227.0,12.0,23,2025-12-23T13:39:34.573Z
2022-07-12,2022,7,64296852,DeviceTemperature,captis_pulse,buderim,non-residential,13.11,13.11,13.11,13.11,1,2025-12-23T13:39:34.573Z
2022-07-12,2022,7,67074,Pulse1,captis_pulse,kuluin,residential,27.0,1.588235294117647,11.0,0.0,17,2025-12-23T13:39:34.573Z
2022-07-12,2022,7,67074,Pulse1_Total,captis_pulse,kuluin,residential,9699601.0,570564.7647058824,570660.0,570533.0,17,2025-12-23T13:39:34.573Z
2022-07-12,2022,7,67074,DeviceTemperature,captis_pulse,kuluin,residential,12.79,12.79,12.79,12.79,1,2025-12-23T13:39:34.573Z
2022-07-13,2022,7,67074,Pulse1,captis_pulse,kuluin,residential,156.0,6.0,65.0,0.0,26,2025-12-23T13:39:34.573Z
2022-07-13,2022,7,67074,Pulse1_Total,captis_pulse,kuluin,residential,1.4841608E7,570831.0769230769,571011.0,570660.0,26,2025-12-23T13:39:34.573Z
2022-07-12,2022,7,81964841,Pulse1,captis_pulse,kuluin,residential,51.0,3.1875,49.0,0.0,16,2025-12-23T13:39:34.573Z
2022-07-12,2022,7,81964841,Pulse1_Total,captis_pulse,kuluin,residential,3551414.0,221963.375,222021.0,221942.0,16,2025-12-23T13:39:34.573Z
2022-07-12,2022,7,81964841,DeviceTemperature,captis_pulse,kuluin,residential,16.6,16.6,16.6,16.6,1,2025-12-23T13:39:34.573Z
2022-07-13,2022,7,81964841,Pulse1,captis_pulse,kuluin,residential,0.0,0.0,0.0,0.0,1,2025-12-23T13:39:34.573Z
2022-07-13,2022,7,81964841,Pulse1_Total,captis_pulse,kuluin,residential,222041.0,222041.0,222041.0,222041.0,1,2025-12-23T13:39:34.573Z
2022-07-12,2022,7,10272,Pulse1,captis_pulse,buderim,residential,4.0,0.2222222222222222,3.0,0.0,18,2025-12-23T13:39:34.573Z
2022-07-12,2022,7,10272,Pulse1_Total,captis_pulse,buderim,residential,7557647.0,419869.27777777775,419889.0,419867.0,18,2025-12-23T13:39:34.573Z
2022-07-13,2022,7,10272,Pulse1,captis_pulse,buderim,residential,433.0,15.464285714285714,117.0,0.0,28,2025-12-23T13:39:34.573Z
2022-07-13,2022,7,10272,Pulse1_Total,captis_pulse,buderim,residential,1.1765185E7,420185.1785714286,420517.0,419890.0,28,2025-12-23T13:39:34.573Z
2022-07-12,2022,7,60195138,Pulse1,captis_pulse,buderim,residential,0.0,0.0,0.0,0.0,16,2025-12-23T13:39:34.573Z
2022-07-12,2022,7,60195138,Pulse1_Total,captis_pulse,buderim,residential,480.0,30.0,30.0,30.0,16,2025-12-23T13:39:34.573Z
2022-07-12,2022,7,60195138,DeviceTemperature,captis_pulse,buderim,residential,12.0,12.0,12.0,12.0,1,2025-12-23T13:39:34.573Z
2022-07-12,2022,7,60195138,Battery,captis_pulse,buderim,residential,3.64,3.64,3.64,3.64,1,2025-12-23T13:39:34.573Z
2022-07-13,2022,7,60195138,Pulse1,captis_pulse,buderim,residential,0.0,0.0,0.0,0.0,22,2025-12-23T13:39:34.573Z
2022-07-13,2022,7,60195138,Pulse1_Total,captis_pulse,buderim,residential,660.0,30.0,30.0,30.0,22,2025-12-23T13:39:34.573Z
2022-07-13,2022,7,60195138,DeviceTemperature,captis_pulse,buderim,residential,20.9,20.9,20.9,20.9,1,2025-12-23T13:39:34.573Z
2022-07-12,2022,7,61233611,Pulse1,captis_pulse,buderim,residential,0.0,0.0,0.0,0.0,18,2025-12-23T13:39:34.573Z
2022-07-12,2022,7,61233611,Pulse1_Total,captis_pulse,buderim,residential,576.0,32.0,32.0,32.0,18,2025-12-23T13:39:34.573Z
2022-07-12,2022,7,61233611,Battery,captis_pulse,buderim,residential,73.63,36.815,70.0,3.63,2,2025-12-23T13:39:34.573Z
2022-07-13,2022,7,61233611,Pulse1,captis_pulse,buderim,residential,0.0,0.0,0.0,0.0,24,2025-12-23T13:39:34.573Z
2022-07-13,2022,7,61233611,Pulse1_Total,captis_pulse,buderim,residential,768.0,32.0,32.0,32.0,24,2025-12-23T13:39:34.573Z
2022-07-12,2022,7,65088476,Pulse1,captis_pulse,buderim,residential,360.0,20.0,90.0,0.0,18,2025-12-23T13:39:34.573Z
2022-07-12,2022,7,65088476,DeviceTemperature,captis_pulse,buderim,residential,12.4,12.4,12.4,12.4,1,2025-12-23T13:39:34.573Z
2022-07-12,2022,7,65088476,Battery,captis_pulse,buderim,residential,74.57199999999999,24.85733333333333,69.0,1.942,3,2025-12-23T13:39:34.573Z
2022-07-13,2022,7,65088476,Pulse1,captis_pulse,buderim,residential,540.0,20.76923076923077,60.0,0.0,26,2025-12-23T13:39:34.573Z
2022-07-13,2022,7,65088476,DeviceTemperature,captis_pulse,buderim,residential,20.2,20.2,20.2,20.2,1,2025-12-23T13:39:34.573Z
2022-07-12,2022,7,593686,Pulse1,captis_pulse,buderim,residential,48.0,2.823529411764706,40.0,0.0,17,2025-12-23T13:39:34.573Z
2022-07-12,2022,7,593686,Pulse1_Total,captis_pulse,buderim,residential,4618593.0,271681.9411764706,271754.0,271674.0,17,2025-12-23T13:39:34.573Z
2022-07-12,2022,7,593686,DeviceTemperature,captis_pulse,buderim,residential,9.2,9.2,9.2,9.2,1,2025-12-23T13:39:34.573Z
2022-07-13,2022,7,593686,Pulse1,captis_pulse,buderim,residential,170.0,7.083333333333333,48.0,0.0,24,2025-12-23T13:39:34.573Z
2022-07-13,2022,7,593686,Pulse1_Total,captis_pulse,buderim,residential,6531768.0,272157.0,272233.0,271977.0,24,2025-12-23T13:39:34.573Z
2022-07-13,2022,7,593686,DeviceTemperature,captis_pulse,buderim,residential,16.0,16.0,16.0,16.0,1,2025-12-23T13:39:34.573Z
2022-07-12,2022,7,60192782,Pulse1,captis_pulse,buderim,residential,0.0,0.0,0.0,0.0,18,2025-12-23T13:39:34.573Z
2022-07-12,2022,7,60192782,Pulse1_Total,captis_pulse,buderim,residential,0.0,0.0,0.0,0.0,18,2025-12-23T13:39:34.573Z
2022-07-13,2022,7,60192782,Pulse1,captis_pulse,buderim,residential,0.0,0.0,0.0,0.0,24,2025-12-23T13:39:34.573Z
2022-07-13,2022,7,60192782,Pulse1_Total,captis_pulse,buderim,residential,0.0,0.0,0.0,0.0,24,2025-12-23T13:39:34.573Z
2022-07-13,2022,7,60192782,DeviceTemperature,captis_pulse,buderim,residential,22.6,22.6,22.6,22.6,1,2025-12-23T13:39:34.573Z
2022-07-12,2022,7,65059861,Pulse1,captis_pulse,scarborough,residential,1000.0,58.8235294117647,150.0,30.0,17,2025-12-23T13:39:34.573Z
2022-07-12,2022,7,65059861,Pulse1_Total,captis_pulse,scarborough,residential,1.5144894E7,890876.1176470588,892312.0,890122.0,17,2025-12-23T13:39:34.573Z
2022-07-12,2022,7,313802,Pulse1,captis_pulse,buderim,residential,12.0,0.7058823529411765,11.0,0.0,17,2025-12-23T13:39:34.573Z
2022-07-12,2022,7,313802,Pulse1_Total,captis_pulse,buderim,residential,7886517.0,463912.76470588235,463924.0,463912.0,17,2025-12-23T13:39:34.573Z
2022-07-12,2022,7,313802,DeviceTemperature,captis_pulse,buderim,residential,14.68,14.68,14.68,14.68,1,2025-12-23T13:39:34.573Z
2022-07-13,2022,7,313802,Pulse1,captis_pulse,buderim,residential,67.0,2.9130434782608696,18.0,0.0,23,2025-12-23T13:39:34.573Z
2022-07-13,2022,7,313802,Pulse1_Total,captis_pulse,buderim,residential,1.0673023E7,464044.47826086957,464086.0,463924.0,23,2025-12-23T13:39:34.573Z
2022-07-13,2022,7,313802,DeviceTemperature,captis_pulse,buderim,residential,17.9,17.9,17.9,17.9,1,2025-12-23T13:39:34.573Z
2022-07-12,2022,7,61279693,Pulse1,captis_pulse,buderim,residential,0.0,0.0,0.0,0.0,17,2025-12-23T13:39:34.573Z
2022-07-12,2022,7,61279693,Pulse1_Total,captis_pulse,buderim,residential,595.0,35.0,35.0,35.0,17,2025-12-23T13:39:34.573Z
2022-07-12,2022,7,61279693,DeviceTemperature,captis_pulse,buderim,residential,11.1,11.1,11.1,11.1,1,2025-12-23T13:39:34.573Z
2022-07-12,2022,7,61279693,Battery,captis_pulse,buderim,residential,2.043,2.043,2.043,2.043,1,2025-12-23T13:39:34.573Z
2022-07-13,2022,7,61279693,Pulse1,captis_pulse,buderim,residential,0.0,0.0,0.0,0.0,26,2025-12-23T13:39:34.573Z
2022-07-13,2022,7,61279693,Pulse1_Total,captis_pulse,buderim,residential,875.0,35.0,35.0,35.0,25,2025-12-23T13:39:34.573Z
2022-07-13,2022,7,61279693,DeviceTemperature,captis_pulse,buderim,residential,22.0,22.0,22.0,22.0,1,2025-12-23T13:39:34.573Z
2022-07-12,2022,7,61554723,Pulse1,captis_pulse,buderim,residential,0.0,0.0,0.0,0.0,17,2025-12-23T13:39:34.573Z
2022-07-12,2022,7,61554723,Pulse1_Total,captis_pulse,buderim,residential,527.0,31.0,31.0,31.0,17,2025-12-23T13:39:34.573Z
2022-07-12,2022,7,61554723,DeviceTemperature,captis_pulse,buderim,residential,14.59,14.59,14.59,14.59,1,2025-12-23T13:39:34.573Z
2022-07-12,2022,7,61554723,Battery,captis_pulse,buderim,residential,74.55699999999999,24.85233333333333,66.0,3.63,3,2025-12-23T13:39:34.573Z
2022-07-13,2022,7,61554723,Pulse1,captis_pulse,buderim,residential,0.0,0.0,0.0,0.0,24,2025-12-23T13:39:34.573Z
2022-07-13,2022,7,61554723,Pulse1_Total,captis_pulse,buderim,residential,744.0,31.0,31.0,31.0,24,2025-12-23T13:39:34.573Z
2022-07-13,2022,7,61554723,DeviceTemperature,captis_pulse,buderim,residential,16.9,16.9,16.9,16.9,1,2025-12-23T13:39:34.573Z
2022-07-12,2022,7,62293883,Pulse1,captis_pulse,buderim,residential,161.0,9.470588235294118,111.0,0.0,17,2025-12-23T13:39:34.573Z
2022-07-12,2022,7,62293883,Pulse1_Total,captis_pulse,buderim,residential,1360315.0,80018.5294117647,80163.0,79938.0,17,2025-12-23T13:39:34.573Z
2022-07-12,2022,7,62293883,DeviceTemperature,captis_pulse,buderim,residential,15.17,15.17,15.17,15.17,1,2025-12-23T13:39:34.573Z
2022-07-12,2022,7,62293883,Battery,captis_pulse,buderim,residential,3.64,3.64,3.64,3.64,1,2025-12-23T13:39:34.573Z
2022-07-13,2022,7,62293883,Pulse1,captis_pulse,buderim,residential,170.0,7.083333333333333,78.0,0.0,24,2025-12-23T13:39:34.573Z
2022-07-13,2022,7,62293883,Pulse1_Total,captis_pulse,buderim,residential,1851559.0,80502.56521739131,80635.0,80175.0,23,2025-12-23T13:39:34.573Z
2022-07-12,2022,7,62312765,Pulse1,captis_pulse,buderim,residential,0.0,0.0,0.0,0.0,17,2025-12-23T13:39:34.573Z
2022-07-12,2022,7,62312765,Pulse1_Total,captis_pulse,buderim,residential,630377.0,37081.0,37081.0,37081.0,17,2025-12-23T13:39:34.573Z
2022-07-12,2022,7,62312765,DeviceTemperature,captis_pulse,buderim,residential,9.9,9.9,9.9,9.9,1,2025-12-23T13:39:34.573Z
2022-07-13,2022,7,62312765,Pulse1,captis_pulse,buderim,residential,0.0,0.0,0.0,0.0,26,2025-12-23T13:39:34.573Z
2022-07-13,2022,7,62312765,Pulse1_Total,captis_pulse,buderim,residential,964106.0,37081.0,37081.0,37081.0,26,2025-12-23T13:39:34.573Z
2022-07-13,2022,7,62312765,DeviceTemperature,captis_pulse,buderim,residential,18.3,18.3,18.3,18.3,1,2025-12-23T13:39:34.573Z
2022-07-12,2022,7,67715869,Pulse1,captis_pulse,buderim,residential,0.0,0.0,0.0,0.0,18,2025-12-23T13:39:34.573Z
2022-07-12,2022,7,67715869,Pulse1_Total,captis_pulse,buderim,residential,648.0,36.0,36.0,36.0,18,2025-12-23T13:39:34.573Z
2022-07-13,2022,7,67715869,Pulse1,captis_pulse,buderim,residential,0.0,0.0,0.0,0.0,28,2025-12-23T13:39:34.573Z
2022-07-13,2022,7,67715869,Pulse1_Total,captis_pulse,buderim,residential,1008.0,36.0,36.0,36.0,28,2025-12-23T13:39:34.573Z
2022-07-13,2022,7,67715869,DeviceTemperature,captis_pulse,buderim,residential,35.6,35.6,35.6,35.6,1,2025-12-23T13:39:34.573Z
2022-07-12,2022,7,81502510,Pulse1,captis_pulse,maroochydore,residential,2275.0,142.1875,195.0,125.0,16,2025-12-23T13:39:34.573Z
2022-07-13,2022,7,81502510,Pulse1,captis_pulse,maroochydore,residential,235.0,235.0,235.0,235.0,1,2025-12-23T13:39:34.573Z
2022-07-12,2022,7,22604421,Pulse1,captis_pulse,albany creek,non-residential,930.0,58.125,130.0,20.0,16,2025-12-23T13:39:34.573Z
2022-07-12,2022,7,22604421,DeviceTemperature,captis_pulse,albany creek,non-residential,24.58,12.29,16.18,8.4,2,2025-12-23T13:39:34.573Z
2022-07-12,2022,7,22604421,Battery,captis_pulse,albany creek,non-residential,73.892,24.630666666666666,66.0,3.63,3,2025-12-23T13:39:34.573Z
2022-07-13,2022,7,22604421,Pulse1,captis_pulse,albany creek,non-residential,2750.0,119.56521739130434,340.0,30.0,23,2025-12-23T13:39:34.573Z
2022-07-13,2022,7,22604421,DeviceTemperature,captis_pulse,albany creek,non-residential,27.0,27.0,27.0,27.0,1,2025-12-23T13:39:34.573Z
2022-07-12,2022,7,46053377,Pulse1,captis_pulse,buderim,non-residential,750.0,41.666666666666664,230.0,0.0,18,2025-12-23T13:39:34.573Z
2022-07-12,2022,7,46053377,DeviceTemperature,captis_pulse,buderim,non-residential,14.21,14.21,14.21,14.21,1,2025-12-23T13:39:34.573Z
2022-07-13,2022,7,46053377,Pulse1,captis_pulse,buderim,non-residential,3250.0,135.41666666666666,360.0,40.0,24,2025-12-23T13:39:34.573Z
2022-07-12,2022,7,60916379,DeviceTemperature,captis_pulse,buderim,residential,17.2,17.2,17.2,17.2,1,2025-12-23T13:39:34.573Z
2022-07-13,2022,7,60916379,Battery,captis_pulse,buderim,residential,3.63,3.63,3.63,3.63,1,2025-12-23T13:39:34.573Z
2022-07-12,2022,7,62365471,Pulse1,captis_pulse,buderim,residential,2.0,0.11764705882352941,1.0,0.0,17,2025-12-23T13:39:34.573Z
2022-07-12,2022,7,62365471,Pulse1_Total,captis_pulse,buderim,residential,469086.0,27593.29411764706,27614.0,27589.0,17,2025-12-23T13:39:34.573Z
2022-07-13,2022,7,62365471,Pulse1,captis_pulse,buderim,residential,82.0,3.28,37.0,0.0,25,2025-12-23T13:39:34.573Z
2022-07-13,2022,7,62365471,Pulse1_Total,captis_pulse,buderim,residential,692006.0,27680.24,27737.0,27622.0,25,2025-12-23T13:39:34.573Z
2022-07-12,2022,7,81985117,Pulse1,captis_pulse,maroochydore,non-residential,155.0,12.916666666666666,25.0,10.0,12,2025-12-23T13:39:34.573Z
2022-07-12,2022,7,81985117,DeviceTemperature,captis_pulse,maroochydore,non-residential,22.009999999999998,11.004999999999999,13.41,8.6,2,2025-12-23T13:39:34.573Z
2022-07-13,2022,7,81985117,Pulse1,captis_pulse,maroochydore,non-residential,70.0,17.5,25.0,10.0,4,2025-12-23T13:39:34.573Z
2022-07-12,2022,7,21675467,Pulse1,captis_pulse,buderim,non-residential,0.0,0.0,0.0,0.0,17,2025-12-23T13:39:34.573Z
2022-07-12,2022,7,21675467,DeviceTemperature,captis_pulse,buderim,non-residential,14.2,14.2,14.2,14.2,1,2025-12-23T13:39:34.573Z
2022-07-12,2022,7,21675467,Battery,captis_pulse,buderim,non-residential,3.62,3.62,3.62,3.62,1,2025-12-23T13:39:34.573Z
2022-07-13,2022,7,21675467,Pulse1,captis_pulse,buderim,non-residential,0.0,0.0,0.0,0.0,24,2025-12-23T13:39:34.573Z
2022-07-12,2022,7,61200816,Pulse1,captis_pulse,buderim,residential,12.0,0.8,12.0,0.0,15,2025-12-23T13:39:34.573Z
2022-07-12,2022,7,61200816,Pulse1_Total,captis_pulse,buderim,residential,291701.0,19446.733333333334,19537.0,19415.0,15,2025-12-23T13:39:34.573Z
2022-07-13,2022,7,61200816,Pulse1,captis_pulse,buderim,residential,88.0,3.52,57.0,0.0,25,2025-12-23T13:39:34.573Z
2022-07-13,2022,7,61200816,Pulse1_Total,captis_pulse,buderim,residential,489346.0,19573.84,19703.0,19546.0,25,2025-12-23T13:39:34.573Z
2022-07-12,2022,7,62365439,Pulse1,captis_pulse,buderim,residential,190.0,10.555555555555555,97.0,2.0,18,2025-12-23T13:39:34.573Z
2022-07-12,2022,7,62365439,Pulse1_Total,captis_pulse,buderim,residential,266403.0,14800.166666666666,14982.0,14747.0,18,2025-12-23T13:39:34.573Z
2022-07-12,2022,7,62365439,DeviceTemperature,captis_pulse,buderim,residential,14.0,14.0,14.0,14.0,1,2025-12-23T13:39:34.573Z
2022-07-12,2022,7,62365439,Battery,captis_pulse,buderim,residential,69.44999999999999,23.149999999999995,64.0,1.82,3,2025-12-23T13:39:34.573Z
2022-07-13,2022,7,62365439,Pulse1,captis_pulse,buderim,residential,71.0,2.730769230769231,44.0,0.0,26,2025-12-23T13:39:34.573Z
2022-07-13,2022,7,62365439,Pulse1_Total,captis_pulse,buderim,residential,391622.0,15062.384615384615,15067.0,14991.0,26,2025-12-23T13:39:34.573Z
2022-07-13,2022,7,62365439,DeviceTemperature,captis_pulse,buderim,residential,28.9,28.9,28.9,28.9,1,2025-12-23T13:39:34.573Z
2022-07-12,2022,7,21947022,Pulse1,captis_pulse,meridan plains,non-residential,10.0,0.6666666666666666,5.0,0.0,15,2025-12-23T13:39:34.573Z
2022-07-12,2022,7,21947022,DeviceTemperature,captis_pulse,meridan plains,non-residential,17.48,17.48,17.48,17.48,1,2025-12-23T13:39:34.573Z
2022-07-13,2022,7,21947022,Pulse1,captis_pulse,meridan plains,non-residential,150.0,6.25,35.0,0.0,24,2025-12-23T13:39:34.573Z
2022-07-12,2022,7,64630792,Pulse1,captis_pulse,buderim,residential,0.0,0.0,0.0,0.0,16,2025-12-23T13:39:34.573Z
2022-07-13,2022,7,64630792,Pulse1,captis_pulse,buderim,residential,0.0,0.0,0.0,0.0,23,2025-12-23T13:39:34.573Z
2022-07-12,2022,7,9395586,Pulse1,captis_pulse,buderim,residential,59.0,3.6875,24.0,0.0,16,2025-12-23T13:39:34.573Z
2022-07-12,2022,7,9395586,Pulse1_Total,captis_pulse,buderim,residential,4061511.0,253844.4375,253912.0,253817.0,16,2025-12-23T13:39:34.573Z
2022-07-12,2022,7,9395586,DeviceTemperature,captis_pulse,buderim,residential,20.94,10.47,14.14,6.8,2,2025-12-23T13:39:34.573Z
2022-07-13,2022,7,9395586,Pulse1,captis_pulse,buderim,residential,553.0,23.041666666666668,134.0,0.0,24,2025-12-23T13:39:34.573Z
2022-07-13,2022,7,9395586,Pulse1_Total,captis_pulse,buderim,residential,6104764.0,254365.16666666666,254972.0,253920.0,24,2025-12-23T13:39:34.573Z
2022-07-13,2022,7,9395586,DeviceTemperature,captis_pulse,buderim,residential,26.8,26.8,26.8,26.8,1,2025-12-23T13:39:34.573Z
2022-07-12,2022,7,283478,Pulse1,captis_pulse,buderim,residential,48.0,3.0,43.0,0.0,16,2025-12-23T13:39:34.573Z
2022-07-12,2022,7,283478,Pulse1_Total,captis_pulse,buderim,residential,6598999.0,412437.4375,412552.0,412421.0,16,2025-12-23T13:39:34.573Z
2022-07-12,2022,7,283478,Battery,captis_pulse,buderim,residential,78.369,26.123,72.0,2.729,3,2025-12-23T13:39:34.573Z
2022-07-12,2022,7,283478,DeviceTemperature,captis_pulse,buderim,residential,7.7,7.7,7.7,7.7,1,2025-12-23T13:39:34.573Z
2022-07-13,2022,7,283478,Pulse1,captis_pulse,buderim,residential,206.0,8.956521739130435,119.0,0.0,23,2025-12-23T13:39:34.573Z
2022-07-13,2022,7,283478,Pulse1_Total,captis_pulse,buderim,residential,9498508.0,412978.60869565216,413109.0,412605.0,23,2025-12-23T13:39:34.573Z
2022-07-12,2022,7,61194261,Pulse1,captis_pulse,buderim,residential,22.0,1.2222222222222223,9.0,0.0,18,2025-12-23T13:39:34.573Z
2022-07-12,2022,7,61194261,Pulse1_Total,captis_pulse,buderim,residential,1071130.0,59507.22222222222,59561.0,59492.0,18,2025-12-23T13:39:34.573Z
2022-07-12,2022,7,61194261,DeviceTemperature,captis_pulse,buderim,residential,15.5,15.5,15.5,15.5,1,2025-12-23T13:39:34.573Z
2022-07-13,2022,7,61194261,Pulse1,captis_pulse,buderim,residential,107.0,4.115384615384615,31.0,0.0,26,2025-12-23T13:39:34.573Z
2022-07-13,2022,7,61194261,Pulse1_Total,captis_pulse,buderim,residential,1552583.0,59714.730769230766,59861.0,59561.0,26,2025-12-23T13:39:34.573Z
2022-07-13,2022,7,61194261,DeviceTemperature,captis_pulse,buderim,residential,26.6,26.6,26.6,26.6,1,2025-12-23T13:39:34.573Z
2022-07-12,2022,7,65104206,Pulse1,captis_pulse,buderim,residential,597.0,37.3125,144.0,3.0,16,2025-12-23T13:39:34.573Z
2022-07-12,2022,7,65104206,DeviceTemperature,captis_pulse,buderim,residential,26.6,13.3,15.5,11.1,2,2025-12-23T13:39:34.573Z
2022-07-12,2022,7,65104206,Battery,captis_pulse,buderim,residential,74.966,24.988666666666663,69.0,2.326,3,2025-12-23T13:39:34.573Z
2022-07-13,2022,7,65104206,Pulse1,captis_pulse,buderim,residential,1294.0,58.81818181818182,231.0,13.0,22,2025-12-23T13:39:34.573Z
2022-07-12,2022,7,76876,Pulse1,captis_pulse,buderim,residential,67.0,3.35,32.0,0.0,20,2025-12-23T13:39:34.573Z
2022-07-12,2022,7,76876,Pulse1_Total,captis_pulse,buderim,residential,7534746.0,358797.4285714286,358914.0,358767.0,21,2025-12-23T13:39:34.573Z
2022-07-12,2022,7,76876,Battery,captis_pulse,buderim,residential,73.318,24.439333333333334,68.0,1.688,3,2025-12-23T13:39:34.573Z
2022-07-12,2022,7,76876,DeviceTemperature,captis_pulse,buderim,residential,8.7,8.7,8.7,8.7,1,2025-12-23T13:39:34.573Z
2022-07-13,2022,7,76876,Pulse1,captis_pulse,buderim,residential,122.0,5.304347826086956,79.0,0.0,23,2025-12-23T13:39:34.573Z
2022-07-13,2022,7,76876,Pulse1_Total,captis_pulse,buderim,residential,8257486.0,359021.1304347826,359145.0,358915.0,23,2025-12-23T13:39:34.573Z
2022-07-13,2022,7,76876,DeviceTemperature,captis_pulse,buderim,residential,21.8,21.8,21.8,21.8,1,2025-12-23T13:39:34.573Z
2022-07-12,2022,7,60219035,Pulse1,captis_pulse,buderim,residential,0.0,0.0,0.0,0.0,17,2025-12-23T13:39:34.573Z
2022-07-12,2022,7,60219035,Pulse1_Total,captis_pulse,buderim,residential,748.0,44.0,44.0,44.0,17,2025-12-23T13:39:34.573Z
2022-07-12,2022,7,60219035,DeviceTemperature,captis_pulse,buderim,residential,10.2,10.2,10.2,10.2,1,2025-12-23T13:39:34.573Z
2022-07-13,2022,7,60219035,Pulse1,captis_pulse,buderim,residential,0.0,0.0,0.0,0.0,26,2025-12-23T13:39:34.573Z
2022-07-13,2022,7,60219035,Pulse1_Total,captis_pulse,buderim,residential,1100.0,44.0,44.0,44.0,25,2025-12-23T13:39:34.573Z
2022-07-12,2022,7,61184899,Pulse1,captis_pulse,buderim,residential,0.0,0.0,0.0,0.0,17,2025-12-23T13:39:34.573Z
2022-07-12,2022,7,61184899,Pulse1_Total,captis_pulse,buderim,residential,128945.0,7585.0,7585.0,7585.0,17,2025-12-23T13:39:34.573Z
2022-07-12,2022,7,61184899,DeviceTemperature,captis_pulse,buderim,residential,9.0,9.0,9.0,9.0,1,2025-12-23T13:39:34.573Z
2022-07-13,2022,7,61184899,Pulse1,captis_pulse,buderim,residential,0.0,0.0,0.0,0.0,26,2025-12-23T13:39:34.573Z
2022-07-13,2022,7,61184899,Pulse1_Total,captis_pulse,buderim,residential,197210.0,7585.0,7585.0,7585.0,26,2025-12-23T13:39:34.573Z
2022-07-13,2022,7,61184899,DeviceTemperature,captis_pulse,buderim,residential,18.7,18.7,18.7,18.7,1,2025-12-23T13:39:34.573Z
2022-07-12,2022,7,9338236,Pulse1,captis_pulse,mountain creek,residential,19.0,1.1176470588235294,7.0,0.0,17,2025-12-23T13:39:34.573Z
2022-07-12,2022,7,9338236,Pulse1_Total,captis_pulse,mountain creek,residential,1604997.0,94411.58823529411,94454.0,94386.0,17,2025-12-23T13:39:34.573Z
2022-07-12,2022,7,9338236,Battery,captis_pulse,mountain creek,residential,99.919,33.306333333333335,94.0,2.389,3,2025-12-23T13:39:34.573Z
2022-07-13,2022,7,9338236,Pulse1,captis_pulse,mountain creek,residential,117.0,4.875,73.0,0.0,24,2025-12-23T13:39:34.573Z
2022-07-13,2022,7,9338236,Pulse1_Total,captis_pulse,mountain creek,residential,2268207.0,94508.625,94635.0,94462.0,24,2025-12-23T13:39:34.573Z
2022-07-13,2022,7,9338236,DeviceTemperature,captis_pulse,mountain creek,residential,19.0,19.0,19.0,19.0,1,2025-12-23T13:39:34.573Z
2022-07-12,2022,7,46053995,Pulse1,captis_pulse,griffin,non-residential,738.0,36.9,206.0,7.0,20,2025-12-23T13:39:34.573Z
2022-07-12,2022,7,46053995,DeviceTemperature,captis_pulse,griffin,non-residential,22.64,11.32,14.74,7.9,2,2025-12-23T13:39:34.573Z
2022-07-12,2022,7,46053995,Battery,captis_pulse,griffin,non-residential,69.228,23.075999999999997,64.0,1.588,3,2025-12-23T13:39:34.573Z
2022-07-13,2022,7,46053995,Pulse1,captis_pulse,griffin,non-residential,2600.0,104.0,269.0,5.0,25,2025-12-23T13:39:34.573Z
2022-07-12,2022,7,46054156,Pulse1,captis_pulse,maroochydore,residential,4770.0,280.5882352941176,760.0,10.0,17,2025-12-23T13:39:34.573Z
2022-07-12,2022,7,46054156,Battery,captis_pulse,maroochydore,residential,3.64,3.64,3.64,3.64,1,2025-12-23T13:39:34.573Z
2022-07-12,2022,7,46054156,DeviceTemperature,captis_pulse,maroochydore,residential,9.2,9.2,9.2,9.2,1,2025-12-23T13:39:34.573Z
2022-07-13,2022,7,46054156,Pulse1,captis_pulse,maroochydore,residential,10090.0,388.0769230769231,760.0,150.0,26,2025-12-23T13:39:34.573Z
2022-07-12,2022,7,61278924,Pulse1,captis_pulse,buderim,residential,0.0,0.0,0.0,0.0,17,2025-12-23T13:39:34.573Z
2022-07-12,2022,7,61278924,Pulse1_Total,captis_pulse,buderim,residential,510.0,30.0,30.0,30.0,17,2025-12-23T13:39:34.573Z
2022-07-12,2022,7,61278924,DeviceTemperature,captis_pulse,buderim,residential,31.56,10.52,12.86,9.2,3,2025-12-23T13:39:34.573Z
2022-07-13,2022,7,61278924,Pulse1,captis_pulse,buderim,residential,0.0,0.0,0.0,0.0,26,2025-12-23T13:39:34.573Z
2022-07-13,2022,7,61278924,Pulse1_Total,captis_pulse,buderim,residential,750.0,30.0,30.0,30.0,25,2025-12-23T13:39:34.573Z
2022-07-12,2022,7,9027465,Pulse1,captis_pulse,maroochydore,residential,13.0,0.7222222222222222,11.0,0.0,18,2025-12-23T13:39:34.573Z
2022-07-12,2022,7,9027465,Pulse1_Total,captis_pulse,maroochydore,residential,4102115.0,227895.27777777778,227910.0,227890.0,18,2025-12-23T13:39:34.573Z
2022-07-12,2022,7,9027465,DeviceTemperature,captis_pulse,maroochydore,residential,8.1,8.1,8.1,8.1,1,2025-12-23T13:39:34.573Z
2022-07-13,2022,7,9027465,Pulse1,captis_pulse,maroochydore,residential,154.0,6.416666666666667,63.0,0.0,24,2025-12-23T13:39:34.573Z
2022-07-13,2022,7,9027465,Pulse1_Total,captis_pulse,maroochydore,residential,5471483.0,227978.45833333334,228161.0,227913.0,24,2025-12-23T13:39:34.573Z
2022-07-12,2022,7,2138,Pulse1,captis_pulse,maroochydore,residential,15.0,0.7142857142857143,8.0,0.0,21,2025-12-23T13:39:34.573Z
2022-07-12,2022,7,2138,Pulse1_Total,captis_pulse,maroochydore,residential,5165576.0,234798.9090909091,234829.0,234793.0,22,2025-12-23T13:39:34.573Z
2022-07-12,2022,7,2138,Battery,captis_pulse,maroochydore,residential,73.62,24.540000000000003,68.0,1.98,3,2025-12-23T13:39:34.573Z
2022-07-13,2022,7,2138,Pulse1,captis_pulse,maroochydore,residential,62.0,2.5833333333333335,31.0,0.0,24,2025-12-23T13:39:34.573Z
2022-07-13,2022,7,2138,Pulse1_Total,captis_pulse,maroochydore,residential,5640325.0,235013.54166666666,235047.0,234981.0,24,2025-12-23T13:39:34.573Z
2022-07-12,2022,7,36290436,Pulse1,captis_pulse,maroochydore,non-residential,0.0,0.0,0.0,0.0,17,2025-12-23T13:39:34.573Z
2022-07-12,2022,7,36290436,Pulse1_Total,captis_pulse,maroochydore,non-residential,6155120.0,362065.8823529412,362090.0,362060.0,17,2025-12-23T13:39:34.573Z
2022-07-12,2022,7,36290436,DeviceTemperature,captis_pulse,maroochydore,non-residential,17.51,17.51,17.51,17.51,1,2025-12-23T13:39:34.573Z
2022-07-12,2022,7,36290436,Battery,captis_pulse,maroochydore,non-residential,73.63,36.815,70.0,3.63,2,2025-12-23T13:39:34.573Z
2022-07-13,2022,7,36290436,Pulse1,captis_pulse,maroochydore,non-residential,80.0,3.3333333333333335,20.0,0.0,24,2025-12-23T13:39:34.573Z
2022-07-13,2022,7,36290436,Pulse1_Total,captis_pulse,maroochydore,non-residential,8331290.0,362230.0,362280.0,362100.0,23,2025-12-23T13:39:34.573Z
2022-07-13,2022,7,36290436,DeviceTemperature,captis_pulse,maroochydore,non-residential,19.1,19.1,19.1,19.1,1,2025-12-23T13:39:34.573Z
2022-07-12,2022,7,46057781,Pulse1,captis_pulse,maroochydore,residential,580.0,32.22222222222222,200.0,0.0,18,2025-12-23T13:39:34.573Z
2022-07-12,2022,7,46057781,DeviceTemperature,captis_pulse,maroochydore,residential,10.2,10.2,10.2,10.2,1,2025-12-23T13:39:34.573Z
2022-07-13,2022,7,46057781,Pulse1,captis_pulse,maroochydore,residential,1260.0,48.46153846153846,150.0,0.0,26,2025-12-23T13:39:34.573Z
2022-07-13,2022,7,46057781,DeviceTemperature,captis_pulse,maroochydore,residential,23.0,23.0,23.0,23.0,1,2025-12-23T13:39:34.573Z
2022-07-12,2022,7,61145239,Pulse1,captis_pulse,buderim,residential,63.0,3.7058823529411766,20.0,0.0,17,2025-12-23T13:39:34.573Z
2022-07-12,2022,7,61145239,Pulse1_Total,captis_pulse,buderim,residential,712378.0,41904.58823529412,41963.0,41888.0,17,2025-12-23T13:39:34.573Z
2022-07-12,2022,7,61145239,DeviceTemperature,captis_pulse,buderim,residential,13.82,13.82,13.82,13.82,1,2025-12-23T13:39:34.573Z
2022-07-12,2022,7,61145239,Battery,captis_pulse,buderim,residential,3.55,3.55,3.55,3.55,1,2025-12-23T13:39:34.573Z
2022-07-13,2022,7,61145239,Pulse1,captis_pulse,buderim,residential,95.0,3.9583333333333335,23.0,0.0,24,2025-12-23T13:39:34.573Z
2022-07-13,2022,7,61145239,Pulse1_Total,captis_pulse,buderim,residential,1009423.0,42059.291666666664,42122.0,41990.0,24,2025-12-23T13:39:34.573Z
2022-07-12,2022,7,61148208,Pulse1,captis_pulse,buderim,residential,393.0,23.11764705882353,133.0,0.0,17,2025-12-23T13:39:34.573Z
2022-07-12,2022,7,61148208,Pulse1_Total,captis_pulse,buderim,residential,2531514.0,148912.58823529413,149398.0,148773.0,17,2025-12-23T13:39:34.573Z
2022-07-12,2022,7,61148208,DeviceTemperature,captis_pulse,buderim,residential,13.4,13.4,13.4,13.4,1,2025-12-23T13:39:34.573Z
2022-07-12,2022,7,61148208,Battery,captis_pulse,buderim,residential,80.441,26.813666666666666,75.0,1.801,3,2025-12-23T13:39:34.573Z
2022-07-13,2022,7,61148208,Pulse1,captis_pulse,buderim,residential,239.0,9.56,100.0,0.0,25,2025-12-23T13:39:34.573Z
2022-07-13,2022,7,61148208,Pulse1_Total,captis_pulse,buderim,residential,3738736.0,149549.44,149692.0,149411.0,25,2025-12-23T13:39:34.573Z
2022-07-12,2022,7,81968205,Pulse1,captis_pulse,maroochydore,residential,195.0,12.1875,35.0,0.0,16,2025-12-23T13:39:34.573Z
2022-07-12,2022,7,81968205,DeviceTemperature,captis_pulse,maroochydore,residential,9.9,9.9,9.9,9.9,1,2025-12-23T13:39:34.573Z
2022-07-13,2022,7,81968205,Pulse1,captis_pulse,maroochydore,residential,100.0,50.0,70.0,30.0,2,2025-12-23T13:39:34.573Z
2022-07-12,2022,7,82440924,Pulse1,captis_pulse,maroochydore,residential,5.0,0.3333333333333333,5.0,0.0,15,2025-12-23T13:39:34.573Z
2022-07-12,2022,7,82440924,Pulse1_Total,captis_pulse,maroochydore,residential,1710780.0,114052.0,114096.0,114030.0,15,2025-12-23T13:39:34.573Z
2022-07-12,2022,7,82440924,DeviceTemperature,captis_pulse,maroochydore,residential,15.81,15.81,15.81,15.81,1,2025-12-23T13:39:34.573Z
2022-07-12,2022,7,82440924,Battery,captis_pulse,maroochydore,residential,86.72399999999999,28.907999999999998,81.0,2.094,3,2025-12-23T13:39:34.573Z
2022-07-13,2022,7,82440924,Pulse1,captis_pulse,maroochydore,residential,61.0,2.5416666666666665,60.0,0.0,24,2025-12-23T13:39:34.573Z
2022-07-13,2022,7,82440924,Pulse1_Total,captis_pulse,maroochydore,residential,2738960.0,114123.33333333333,114274.0,114096.0,24,2025-12-23T13:39:34.573Z
2022-07-12,2022,7,1664379,Pulse1,captis_pulse,buderim,residential,0.0,0.0,0.0,0.0,16,2025-12-23T13:39:34.573Z
2022-07-12,2022,7,1664379,Pulse1_Total,captis_pulse,buderim,residential,6309928.0,394370.5,394371.0,394370.0,16,2025-12-23T13:39:34.573Z
2022-07-12,2022,7,1664379,Battery,captis_pulse,buderim,residential,75.606,25.201999999999998,70.0,1.976,3,2025-12-23T13:39:34.573Z
2022-07-12,2022,7,1664379,DeviceTemperature,captis_pulse,buderim,residential,12.8,12.8,12.8,12.8,1,2025-12-23T13:39:34.573Z
2022-07-13,2022,7,1664379,Pulse1,captis_pulse,buderim,residential,7.0,0.3181818181818182,4.0,0.0,22,2025-12-23T13:39:34.573Z
2022-07-13,2022,7,1664379,Pulse1_Total,captis_pulse,buderim,residential,8676245.0,394374.7727272727,394378.0,394371.0,22,2025-12-23T13:39:34.573Z
2022-07-12,2022,7,62367082,Pulse1,captis_pulse,buderim,residential,6.0,0.3333333333333333,1.0,0.0,18,2025-12-23T13:39:34.573Z
2022-07-12,2022,7,62367082,Pulse1_Total,captis_pulse,buderim,residential,1051839.0,58435.5,58442.0,58431.0,18,2025-12-23T13:39:34.573Z
2022-07-12,2022,7,62367082,DeviceTemperature,captis_pulse,buderim,residential,13.44,13.44,13.44,13.44,1,2025-12-23T13:39:34.573Z
2022-07-12,2022,7,62367082,Battery,captis_pulse,buderim,residential,83.39999999999999,27.799999999999997,78.0,1.77,3,2025-12-23T13:39:34.573Z
2022-07-13,2022,7,62367082,Pulse1,captis_pulse,buderim,residential,4.0,0.15384615384615385,1.0,0.0,26,2025-12-23T13:39:34.573Z
2022-07-13,2022,7,62367082,Pulse1_Total,captis_pulse,buderim,residential,1519633.0,58447.42307692308,58451.0,58444.0,26,2025-12-23T13:39:34.573Z
2022-07-13,2022,7,62367082,DeviceTemperature,captis_pulse,buderim,residential,16.9,16.9,16.9,16.9,1,2025-12-23T13:39:34.573Z
2022-07-12,2022,7,65089621,Pulse1,captis_pulse,buderim,residential,340.0,18.88888888888889,110.0,0.0,18,2025-12-23T13:39:34.573Z
2022-07-13,2022,7,65089621,Pulse1,captis_pulse,buderim,residential,650.0,25.0,90.0,0.0,26,2025-12-23T13:39:34.573Z
2022-07-12,2022,7,311042,Pulse1,captis_pulse,buderim,residential,7.0,0.4117647058823529,5.0,0.0,17,2025-12-23T13:39:34.573Z
2022-07-12,2022,7,311042,Pulse1_Total,captis_pulse,buderim,residential,3703747.0,217867.4705882353,217886.0,217859.0,17,2025-12-23T13:39:34.573Z
2022-07-12,2022,7,311042,DeviceTemperature,captis_pulse,buderim,residential,13.38,13.38,13.38,13.38,1,2025-12-23T13:39:34.573Z
2022-07-13,2022,7,311042,Pulse1,captis_pulse,buderim,residential,26.0,1.0,12.0,0.0,26,2025-12-23T13:39:34.573Z
2022-07-13,2022,7,311042,Pulse1_Total,captis_pulse,buderim,residential,5448066.0,217922.64,217970.0,217888.0,25,2025-12-23T13:39:34.573Z
2022-07-13,2022,7,311042,DeviceTemperature,captis_pulse,buderim,residential,18.3,18.3,18.3,18.3,1,2025-12-23T13:39:34.573Z
2022-07-12,2022,7,34600176,Pulse1,captis_pulse,maroochydore,residential,2210.0,122.77777777777777,300.0,0.0,18,2025-12-23T13:39:34.573Z
2022-07-12,2022,7,34600176,Battery,captis_pulse,maroochydore,residential,75.897,25.299000000000003,70.0,2.287,3,2025-12-23T13:39:34.573Z
2022-07-12,2022,7,34600176,DeviceTemperature,captis_pulse,maroochydore,residential,10.4,10.4,10.4,10.4,1,2025-12-23T13:39:34.573Z
2022-07-13,2022,7,34600176,Pulse1,captis_pulse,maroochydore,residential,3590.0,143.6,310.0,30.0,25,2025-12-23T13:39:34.573Z
2022-07-12,2022,7,602793,Pulse1,captis_pulse,buderim,residential,22.0,1.2941176470588236,8.0,0.0,17,2025-12-23T13:39:34.573Z
2022-07-12,2022,7,602793,Pulse1_Total,captis_pulse,buderim,residential,3973023.0,233707.23529411765,233718.0,233689.0,17,2025-12-23T13:39:34.573Z
2022-07-12,2022,7,602793,DeviceTemperature,captis_pulse,buderim,residential,7.3,7.3,7.3,7.3,1,2025-12-23T13:39:34.573Z
2022-07-13,2022,7,602793,Pulse1,captis_pulse,buderim,residential,97.0,4.041666666666667,48.0,0.0,24,2025-12-23T13:39:34.573Z
2022-07-13,2022,7,602793,Pulse1_Total,captis_pulse,buderim,residential,5614915.0,233954.79166666666,233992.0,233838.0,24,2025-12-23T13:39:34.573Z
2022-07-12,2022,7,64628125,Pulse1,captis_pulse,maroochydore,residential,320.0,18.823529411764707,130.0,0.0,17,2025-12-23T13:39:34.573Z
2022-07-12,2022,7,64628125,DeviceTemperature,captis_pulse,maroochydore,residential,8.2,8.2,8.2,8.2,1,2025-12-23T13:39:34.573Z
2022-07-13,2022,7,64628125,Pulse1,captis_pulse,maroochydore,residential,340.0,13.6,70.0,0.0,25,2025-12-23T13:39:34.573Z
2022-07-12,2022,7,278856,Pulse1,captis_pulse,buderim,residential,179.0,10.529411764705882,120.0,0.0,17,2025-12-23T13:39:34.573Z
2022-07-12,2022,7,278856,Pulse1_Total,captis_pulse,buderim,residential,9511686.0,559510.9411764706,559737.0,559340.0,17,2025-12-23T13:39:34.573Z
2022-07-12,2022,7,278856,DeviceTemperature,captis_pulse,buderim,residential,15.299999999999999,7.6499999999999995,9.2,6.1,2,2025-12-23T13:39:34.573Z
2022-07-12,2022,7,278856,Battery,captis_pulse,buderim,residential,74.411,24.80366666666667,69.0,1.781,3,2025-12-23T13:39:34.573Z
2022-07-13,2022,7,278856,Pulse1,captis_pulse,buderim,residential,234.0,9.75,35.0,0.0,24,2025-12-23T13:39:34.573Z
2022-07-13,2022,7,278856,Pulse1_Total,captis_pulse,buderim,residential,1.344051E7,560021.25,560370.0,559757.0,24,2025-12-23T13:39:34.573Z
2022-07-12,2022,7,351,Pulse1,captis_pulse,maroochydore,residential,52.0,2.888888888888889,47.0,0.0,18,2025-12-23T13:39:34.573Z
2022-07-12,2022,7,351,Pulse1_Total,captis_pulse,maroochydore,residential,9196830.0,510935.0,510984.0,510901.0,18,2025-12-23T13:39:34.573Z
2022-07-12,2022,7,351,Battery,captis_pulse,maroochydore,residential,2.014,2.014,2.014,2.014,1,2025-12-23T13:39:34.573Z
2022-07-12,2022,7,351,DeviceTemperature,captis_pulse,maroochydore,residential,6.8,6.8,6.8,6.8,1,2025-12-23T13:39:34.573Z
2022-07-13,2022,7,351,Pulse1,captis_pulse,maroochydore,residential,98.0,3.769230769230769,16.0,0.0,26,2025-12-23T13:39:34.573Z
2022-07-13,2022,7,351,Pulse1_Total,captis_pulse,maroochydore,residential,1.3287378E7,511053.0,511164.0,510984.0,26,2025-12-23T13:39:34.573Z
2022-07-12,2022,7,66208658,Pulse1,captis_pulse,buderim,residential,49.0,2.45,33.0,0.0,20,2025-12-23T13:39:34.573Z
2022-07-12,2022,7,66208658,Pulse1_Total,captis_pulse,buderim,residential,614389.0,30719.45,30782.0,30702.0,20,2025-12-23T13:39:34.573Z
2022-07-12,2022,7,66208658,DeviceTemperature,captis_pulse,buderim,residential,14.7,14.7,14.7,14.7,1,2025-12-23T13:39:34.573Z
2022-07-12,2022,7,66208658,Battery,captis_pulse,buderim,residential,72.351,24.117,67.0,1.711,3,2025-12-23T13:39:34.573Z
2022-07-13,2022,7,66208658,Pulse1,captis_pulse,buderim,residential,41.0,1.7826086956521738,10.0,0.0,23,2025-12-23T13:39:34.573Z
2022-07-13,2022,7,66208658,Pulse1_Total,captis_pulse,buderim,residential,711379.0,30929.521739130436,30981.0,30860.0,23,2025-12-23T13:39:34.573Z
2022-07-12,2022,7,60194288,Pulse1,captis_pulse,buderim,residential,4.0,0.6666666666666666,1.0,0.0,6,2025-12-23T13:39:34.573Z
2022-07-12,2022,7,60194288,Pulse1_Total,captis_pulse,buderim,residential,147138.0,24523.0,24527.0,24520.0,6,2025-12-23T13:39:34.573Z
2022-07-12,2022,7,60194288,Battery,captis_pulse,buderim,residential,3.63,3.63,3.63,3.63,1,2025-12-23T13:39:34.573Z
2022-07-12,2022,7,61183261,Pulse1,captis_pulse,buderim,residential,65.0,3.823529411764706,18.0,0.0,17,2025-12-23T13:39:34.573Z
2022-07-12,2022,7,61183261,Pulse1_Total,captis_pulse,buderim,residential,1558159.0,91656.41176470589,91781.0,91624.0,17,2025-12-23T13:39:34.573Z
2022-07-12,2022,7,61183261,Battery,captis_pulse,buderim,residential,3.62,3.62,3.62,3.62,1,2025-12-23T13:39:34.573Z
2022-07-12,2022,7,61183261,DeviceTemperature,captis_pulse,buderim,residential,15.8,15.8,15.8,15.8,1,2025-12-23T13:39:34.573Z
2022-07-13,2022,7,61183261,Pulse1,captis_pulse,buderim,residential,174.0,7.25,72.0,0.0,24,2025-12-23T13:39:34.573Z
2022-07-13,2022,7,61183261,Pulse1_Total,captis_pulse,buderim,residential,2205598.0,91899.91666666667,92045.0,91800.0,24,2025-12-23T13:39:34.573Z
2022-07-12,2022,7,61277558,Pulse1,captis_pulse,buderim,residential,5.0,0.35714285714285715,5.0,0.0,14,2025-12-23T13:39:34.573Z
2022-07-12,2022,7,61277558,Pulse1_Total,captis_pulse,buderim,residential,710575.0,47371.666666666664,47383.0,47362.0,15,2025-12-23T13:39:34.573Z
2022-07-13,2022,7,61277558,Pulse1,captis_pulse,buderim,residential,125.0,6.578947368421052,41.0,0.0,19,2025-12-23T13:39:34.573Z
2022-07-13,2022,7,61277558,Pulse1_Total,captis_pulse,buderim,residential,951986.0,47599.3,47683.0,47474.0,20,2025-12-23T13:39:34.573Z
2022-07-13,2022,7,61277558,DeviceTemperature,captis_pulse,buderim,residential,29.65,14.825,16.0,13.65,2,2025-12-23T13:39:34.573Z
2022-07-13,2022,7,61277558,Battery,captis_pulse,buderim,residential,67.63,33.815,64.0,3.63,2,2025-12-23T13:39:34.573Z
2022-07-12,2022,7,64280361,Pulse1,captis_pulse,buderim,non-residential,30.0,1.875,20.0,0.0,16,2025-12-23T13:39:34.573Z
2022-07-12,2022,7,64280361,Battery,captis_pulse,buderim,non-residential,75.25,25.083333333333332,70.0,1.61,3,2025-12-23T13:39:34.573Z
2022-07-13,2022,7,64280361,Pulse1,captis_pulse,buderim,non-residential,470.0,18.076923076923077,280.0,0.0,26,2025-12-23T13:39:34.573Z
2022-07-12,2022,7,64634095,Pulse1,captis_pulse,maroochydore,residential,320.0,18.823529411764707,60.0,0.0,17,2025-12-23T13:39:34.573Z
2022-07-12,2022,7,64634095,DeviceTemperature,captis_pulse,maroochydore,residential,13.61,13.61,13.61,13.61,1,2025-12-23T13:39:34.573Z
2022-07-13,2022,7,64634095,Pulse1,captis_pulse,maroochydore,residential,880.0,33.84615384615385,160.0,0.0,26,2025-12-23T13:39:34.573Z
2022-07-12,2022,7,66556974,Pulse1,captis_pulse,buderim,residential,6.0,0.3157894736842105,3.0,0.0,19,2025-12-23T13:39:34.573Z
2022-07-12,2022,7,66556974,Pulse1_Total,captis_pulse,buderim,residential,1470709.0,77405.73684210527,77430.0,77401.0,19,2025-12-23T13:39:34.573Z
2022-07-12,2022,7,66556974,DeviceTemperature,captis_pulse,buderim,residential,20.1,10.05,10.3,9.8,2,2025-12-23T13:39:34.573Z
2022-07-13,2022,7,66556974,Pulse1,captis_pulse,buderim,residential,266.0,9.5,87.0,0.0,28,2025-12-23T13:39:34.573Z
2022-07-13,2022,7,66556974,Pulse1_Total,captis_pulse,buderim,residential,2172839.0,77601.39285714286,77833.0,77430.0,28,2025-12-23T13:39:34.573Z
2022-07-12,2022,7,81963283,Pulse1,captis_pulse,kuluin,residential,32.0,1.6842105263157894,21.0,0.0,19,2025-12-23T13:39:34.573Z
2022-07-12,2022,7,81963283,Pulse1_Total,captis_pulse,kuluin,residential,2172492.0,120694.0,120776.0,120661.0,18,2025-12-23T13:39:34.573Z
2022-07-13,2022,7,81963283,Pulse1,captis_pulse,kuluin,residential,15.0,2.142857142857143,7.0,0.0,7,2025-12-23T13:39:34.573Z
2022-07-13,2022,7,81963283,Pulse1_Total,captis_pulse,kuluin,residential,845530.0,120790.0,120802.0,120785.0,7,2025-12-23T13:39:34.573Z
2022-07-13,2022,7,81963283,DeviceTemperature,captis_pulse,kuluin,residential,16.62,16.62,16.62,16.62,1,2025-12-23T13:39:34.573Z
2022-07-13,2022,7,81963283,Battery,captis_pulse,kuluin,residential,75.64,37.82,72.0,3.64,2,2025-12-23T13:39:34.573Z
2022-07-12,2022,7,586484,Pulse1,captis_pulse,kuluin,residential,120.0,6.666666666666667,55.0,0.0,18,2025-12-23T13:39:34.573Z
2022-07-12,2022,7,586484,Pulse1_Total,captis_pulse,kuluin,residential,3212273.0,178459.61111111112,178572.0,178406.0,18,2025-12-23T13:39:34.573Z
2022-07-12,2022,7,586484,Battery,captis_pulse,kuluin,residential,1.879,1.879,1.879,1.879,1,2025-12-23T13:39:34.573Z
2022-07-13,2022,7,586484,Pulse1,captis_pulse,kuluin,residential,27.0,1.125,11.0,0.0,24,2025-12-23T13:39:34.573Z
2022-07-13,2022,7,586484,Pulse1_Total,captis_pulse,kuluin,residential,4286293.0,178595.54166666666,178624.0,178572.0,24,2025-12-23T13:39:34.573Z
2022-07-12,2022,7,9354554,Pulse1,captis_pulse,maroochydore,residential,0.0,0.0,0.0,0.0,16,2025-12-23T13:39:34.573Z
2022-07-12,2022,7,9354554,Pulse1_Total,captis_pulse,maroochydore,residential,2087514.0,130469.625,130470.0,130469.0,16,2025-12-23T13:39:34.573Z
2022-07-12,2022,7,9354554,DeviceTemperature,captis_pulse,maroochydore,residential,21.39,10.695,13.89,7.5,2,2025-12-23T13:39:34.573Z
2022-07-12,2022,7,9354554,Battery,captis_pulse,maroochydore,residential,74.607,24.869,69.0,1.987,3,2025-12-23T13:39:34.573Z
2022-07-13,2022,7,9354554,Pulse1,captis_pulse,maroochydore,residential,64.0,2.782608695652174,28.0,0.0,23,2025-12-23T13:39:34.573Z
2022-07-13,2022,7,9354554,Pulse1_Total,captis_pulse,maroochydore,residential,3003514.0,130587.56521739131,130688.0,130470.0,23,2025-12-23T13:39:34.573Z
2022-07-13,2022,7,9354554,DeviceTemperature,captis_pulse,maroochydore,residential,18.6,18.6,18.6,18.6,1,2025-12-23T13:39:34.573Z
2022-07-12,2022,7,60218168,Pulse1,captis_pulse,buderim,residential,0.0,0.0,0.0,0.0,14,2025-12-23T13:39:34.573Z
2022-07-12,2022,7,60218168,Pulse1_Total,captis_pulse,buderim,residential,182.0,13.0,13.0,13.0,14,2025-12-23T13:39:34.573Z
2022-07-12,2022,7,60218168,DeviceTemperature,captis_pulse,buderim,residential,10.6,10.6,10.6,10.6,1,2025-12-23T13:39:34.573Z
2022-07-13,2022,7,60218168,Pulse1,captis_pulse,buderim,residential,0.0,0.0,0.0,0.0,9,2025-12-23T13:39:34.573Z
2022-07-13,2022,7,60218168,Pulse1_Total,captis_pulse,buderim,residential,130.0,13.0,13.0,13.0,10,2025-12-23T13:39:34.573Z
2022-07-13,2022,7,60218168,DeviceTemperature,captis_pulse,buderim,residential,15.49,15.49,15.49,15.49,1,2025-12-23T13:39:34.573Z
2022-07-12,2022,7,62120103,Pulse1,captis_pulse,buderim,residential,95.0,5.277777777777778,94.0,0.0,18,2025-12-23T13:39:34.573Z
2022-07-12,2022,7,62120103,Pulse1_Total,captis_pulse,buderim,residential,385995.0,22705.58823529412,22913.0,22674.0,17,2025-12-23T13:39:34.573Z
2022-07-12,2022,7,62120103,DeviceTemperature,captis_pulse,buderim,residential,14.18,14.18,14.18,14.18,1,2025-12-23T13:39:34.573Z
2022-07-13,2022,7,62120103,Pulse1,captis_pulse,buderim,residential,10.0,0.43478260869565216,6.0,0.0,23,2025-12-23T13:39:34.573Z
2022-07-13,2022,7,62120103,Pulse1_Total,captis_pulse,buderim,residential,527293.0,22925.782608695652,22943.0,22913.0,23,2025-12-23T13:39:34.573Z
2022-07-12,2022,7,2702,Pulse1,captis_pulse,buderim,residential,81.0,4.764705882352941,44.0,1.0,17,2025-12-23T13:39:34.573Z
2022-07-12,2022,7,2702,Pulse1_Total,captis_pulse,buderim,residential,6440381.0,378845.9411764706,378937.0,378785.0,17,2025-12-23T13:39:34.573Z
2022-07-12,2022,7,2702,DeviceTemperature,captis_pulse,buderim,residential,13.73,13.73,13.73,13.73,1,2025-12-23T13:39:34.573Z
2022-07-13,2022,7,2702,Pulse1,captis_pulse,buderim,residential,83.0,3.4583333333333335,10.0,1.0,24,2025-12-23T13:39:34.573Z
2022-07-13,2022,7,2702,Pulse1_Total,captis_pulse,buderim,residential,9099312.0,379138.0,379256.0,378945.0,24,2025-12-23T13:39:34.573Z
2022-07-12,2022,7,62366320,Pulse1,captis_pulse,buderim,residential,58.0,3.625,45.0,0.0,16,2025-12-23T13:39:34.573Z
2022-07-12,2022,7,62366320,Pulse1_Total,captis_pulse,buderim,residential,942075.0,58879.6875,58940.0,58844.0,16,2025-12-23T13:39:34.573Z
2022-07-13,2022,7,62366320,Pulse1,captis_pulse,buderim,residential,66.0,2.75,38.0,0.0,24,2025-12-23T13:39:34.573Z
2022-07-13,2022,7,62366320,Pulse1_Total,captis_pulse,buderim,residential,1416484.0,59020.166666666664,59154.0,58940.0,24,2025-12-23T13:39:34.573Z
2022-07-12,2022,7,21270260,Pulse1,captis_pulse,lawnton,non-residential,1210.0,67.22222222222223,150.0,40.0,18,2025-12-23T13:39:34.573Z
2022-07-12,2022,7,21270260,DeviceTemperature,captis_pulse,lawnton,non-residential,16.5,16.5,16.5,16.5,1,2025-12-23T13:39:34.573Z
2022-07-13,2022,7,21270260,Pulse1,captis_pulse,lawnton,non-residential,4220.0,175.83333333333334,380.0,110.0,24,2025-12-23T13:39:34.573Z
2022-07-12,2022,7,288781,Pulse1,captis_pulse,buderim,residential,65.0,3.611111111111111,43.0,0.0,18,2025-12-23T13:39:34.573Z
2022-07-12,2022,7,288781,Pulse1_Total,captis_pulse,buderim,residential,2449864.0,136103.55555555556,136160.0,136066.0,18,2025-12-23T13:39:34.573Z
2022-07-12,2022,7,288781,DeviceTemperature,captis_pulse,buderim,residential,20.53,10.265,14.23,6.3,2,2025-12-23T13:39:34.573Z
2022-07-13,2022,7,288781,Pulse1,captis_pulse,buderim,residential,55.0,2.391304347826087,16.0,0.0,23,2025-12-23T13:39:34.573Z
2022-07-13,2022,7,288781,Pulse1_Total,captis_pulse,buderim,residential,3132609.0,136200.39130434784,136275.0,136160.0,23,2025-12-23T13:39:34.573Z
2022-07-12,2022,7,61223688,Pulse1,captis_pulse,buderim,residential,0.0,0.0,0.0,0.0,19,2025-12-23T13:39:34.573Z
2022-07-12,2022,7,61223688,Pulse1_Total,captis_pulse,buderim,residential,589.0,31.0,31.0,31.0,19,2025-12-23T13:39:34.573Z
2022-07-13,2022,7,61223688,Pulse1,captis_pulse,buderim,residential,0.0,0.0,0.0,0.0,27,2025-12-23T13:39:34.573Z
2022-07-13,2022,7,61223688,Pulse1_Total,captis_pulse,buderim,residential,806.0,31.0,31.0,31.0,26,2025-12-23T13:39:34.573Z
2022-07-12,2022,7,61569895,Pulse1,captis_pulse,buderim,residential,39.0,2.1666666666666665,23.0,0.0,18,2025-12-23T13:39:34.573Z
2022-07-12,2022,7,61569895,Pulse1_Total,captis_pulse,buderim,residential,1491773.0,82876.27777777778,82905.0,82839.0,18,2025-12-23T13:39:34.573Z
2022-07-12,2022,7,61569895,DeviceTemperature,captis_pulse,buderim,residential,14.22,14.22,14.22,14.22,1,2025-12-23T13:39:34.573Z
2022-07-12,2022,7,61569895,Battery,captis_pulse,buderim,residential,3.64,3.64,3.64,3.64,1,2025-12-23T13:39:34.573Z
2022-07-13,2022,7,61569895,Pulse1,captis_pulse,buderim,residential,376.0,14.461538461538462,55.0,0.0,26,2025-12-23T13:39:34.573Z
2022-07-13,2022,7,61569895,Pulse1_Total,captis_pulse,buderim,residential,2166731.0,83335.80769230769,83715.0,82910.0,26,2025-12-23T13:39:34.573Z
2022-07-13,2022,7,61569895,DeviceTemperature,captis_pulse,buderim,residential,41.1,41.1,41.1,41.1,1,2025-12-23T13:39:34.573Z
2022-07-13,2022,7,64630238,DeviceTemperature,captis_pulse,buderim,non-residential,16.29,16.29,16.29,16.29,1,2025-12-23T13:39:34.573Z
2022-07-13,2022,7,64630238,Battery,captis_pulse,buderim,non-residential,96.63,48.315,93.0,3.63,2,2025-12-23T13:39:34.573Z
2022-07-12,2022,7,65104452,Pulse1,captis_pulse,maroochydore,residential,5100.0,242.85714285714286,700.0,0.0,21,2025-12-23T13:39:34.573Z
2022-07-12,2022,7,65104452,Battery,captis_pulse,maroochydore,residential,1.817,1.817,1.817,1.817,1,2025-12-23T13:39:34.573Z
2022-07-13,2022,7,65104452,Pulse1,captis_pulse,maroochydore,residential,5300.0,230.43478260869566,500.0,100.0,23,2025-12-23T13:39:34.573Z
2022-07-12,2022,7,71651,Pulse1,captis_pulse,buderim,residential,0.0,0.0,0.0,0.0,14,2025-12-23T13:39:34.573Z
2022-07-12,2022,7,71651,Pulse1_Total,captis_pulse,buderim,residential,4991009.0,356500.64285714284,356501.0,356500.0,14,2025-12-23T13:39:34.573Z
2022-07-12,2022,7,71651,Battery,captis_pulse,buderim,residential,72.62,36.31,69.0,3.62,2,2025-12-23T13:39:34.573Z
2022-07-12,2022,7,71651,DeviceTemperature,captis_pulse,buderim,residential,7.5,7.5,7.5,7.5,1,2025-12-23T13:39:34.573Z
2022-07-13,2022,7,71651,Pulse1,captis_pulse,buderim,residential,1.0,0.041666666666666664,1.0,0.0,24,2025-12-23T13:39:34.573Z
2022-07-13,2022,7,71651,Pulse1_Total,captis_pulse,buderim,residential,8556042.0,356501.75,356502.0,356501.0,24,2025-12-23T13:39:34.573Z
2022-07-12,2022,7,8976644,Pulse1,captis_pulse,maroochydore,residential,0.0,0.0,0.0,0.0,7,2025-12-23T13:39:34.573Z
2022-07-12,2022,7,8976644,Pulse1_Total,captis_pulse,maroochydore,residential,1296421.0,185203.0,185203.0,185203.0,7,2025-12-23T13:39:34.573Z
2022-07-12,2022,7,21951013,Pulse1,captis_pulse,caloundra,non-residential,80.0,5.0,5.0,5.0,16,2025-12-23T13:39:34.573Z
2022-07-12,2022,7,21951013,Pulse1_Total,captis_pulse,caloundra,non-residential,5441790.0,362786.0,362865.0,362690.0,15,2025-12-23T13:39:34.573Z
2022-07-13,2022,7,21951013,Pulse1,captis_pulse,caloundra,non-residential,95.0,4.130434782608695,5.0,0.0,23,2025-12-23T13:39:34.573Z
2022-07-13,2022,7,21951013,Pulse1_Total,captis_pulse,caloundra,non-residential,8348460.0,362976.52173913043,363070.0,362875.0,23,2025-12-23T13:39:34.573Z
2022-07-13,2022,7,21951013,DeviceTemperature,captis_pulse,caloundra,non-residential,26.0,26.0,26.0,26.0,1,2025-12-23T13:39:34.573Z
2022-07-12,2022,7,51718,Pulse1,captis_pulse,maroochydore,residential,52.0,3.25,38.0,0.0,16,2025-12-23T13:39:34.573Z
2022-07-12,2022,7,51718,Pulse1_Total,captis_pulse,maroochydore,residential,2593287.0,162080.4375,162189.0,162009.0,16,2025-12-23T13:39:34.573Z
2022-07-12,2022,7,51718,DeviceTemperature,captis_pulse,maroochydore,residential,30.299999999999997,15.149999999999999,16.9,13.4,2,2025-12-23T13:39:34.573Z
2022-07-13,2022,7,51718,Pulse1,captis_pulse,maroochydore,residential,122.0,5.083333333333333,43.0,0.0,24,2025-12-23T13:39:34.573Z
2022-07-13,2022,7,51718,Pulse1_Total,captis_pulse,maroochydore,residential,3895529.0,162313.70833333334,162403.0,162258.0,24,2025-12-23T13:39:34.573Z
2022-07-12,2022,7,574464,Pulse1,captis_pulse,kuluin,residential,121.0,7.5625,49.0,0.0,16,2025-12-23T13:39:34.573Z
2022-07-12,2022,7,574464,Pulse1_Total,captis_pulse,kuluin,residential,4566717.0,285419.8125,285531.0,285387.0,16,2025-12-23T13:39:34.573Z
2022-07-12,2022,7,574464,DeviceTemperature,captis_pulse,kuluin,residential,14.1,14.1,14.1,14.1,1,2025-12-23T13:39:34.573Z
2022-07-12,2022,7,574464,Battery,captis_pulse,kuluin,residential,71.343,23.781000000000002,66.0,1.703,3,2025-12-23T13:39:34.573Z
2022-07-13,2022,7,574464,Pulse1,captis_pulse,kuluin,residential,39.0,1.625,7.0,0.0,24,2025-12-23T13:39:34.573Z
2022-07-13,2022,7,574464,Pulse1_Total,captis_pulse,kuluin,residential,6854147.0,285589.4583333333,285622.0,285532.0,24,2025-12-23T13:39:34.573Z
2022-07-12,2022,7,60192786,Pulse1,captis_pulse,buderim,residential,21.0,1.3125,8.0,0.0,16,2025-12-23T13:39:34.573Z
2022-07-12,2022,7,60192786,Pulse1_Total,captis_pulse,buderim,residential,1062889.0,66430.5625,66473.0,66416.0,16,2025-12-23T13:39:34.573Z
2022-07-12,2022,7,60192786,DeviceTemperature,captis_pulse,buderim,residential,10.0,10.0,10.0,10.0,1,2025-12-23T13:39:34.573Z
2022-07-13,2022,7,60192786,Pulse1,captis_pulse,buderim,residential,120.0,5.0,28.0,0.0,24,2025-12-23T13:39:34.573Z
2022-07-13,2022,7,60192786,Pulse1_Total,captis_pulse,buderim,residential,1537657.0,66854.65217391304,67012.0,66696.0,23,2025-12-23T13:39:34.573Z
2022-07-12,2022,7,64631184,Pulse1,captis_pulse,maroochydore,residential,960.0,45.714285714285715,240.0,0.0,21,2025-12-23T13:39:34.573Z
2022-07-13,2022,7,64631184,Pulse1,captis_pulse,maroochydore,residential,1420.0,59.166666666666664,230.0,0.0,24,2025-12-23T13:39:34.573Z
2022-07-13,2022,7,64631184,DeviceTemperature,captis_pulse,maroochydore,residential,19.5,19.5,19.5,19.5,1,2025-12-23T13:39:34.573Z
2022-07-12,2022,7,81964532,Pulse1,captis_pulse,maroochydore,non-residential,70.0,4.375,45.0,0.0,16,2025-12-23T13:39:34.573Z
2022-07-12,2022,7,81964532,DeviceTemperature,captis_pulse,maroochydore,non-residential,7.2,7.2,7.2,7.2,1,2025-12-23T13:39:34.573Z
2022-07-12,2022,7,315559,Pulse1,captis_pulse,maroochydore,residential,81.0,4.764705882352941,36.0,0.0,17,2025-12-23T13:39:34.573Z
2022-07-12,2022,7,315559,Pulse1_Total,captis_pulse,maroochydore,residential,8324833.0,489696.0588235294,489771.0,489650.0,17,2025-12-23T13:39:34.573Z
2022-07-13,2022,7,315559,Pulse1,captis_pulse,maroochydore,residential,200.0,8.333333333333334,24.0,0.0,24,2025-12-23T13:39:34.573Z
2022-07-13,2022,7,315559,Pulse1_Total,captis_pulse,maroochydore,residential,1.176118E7,490049.1666666667,490204.0,489808.0,24,2025-12-23T13:39:34.573Z
2022-07-13,2022,7,315559,DeviceTemperature,captis_pulse,maroochydore,residential,21.0,21.0,21.0,21.0,1,2025-12-23T13:39:34.573Z
2022-07-12,2022,7,46059127,Pulse1,captis_pulse,maroochydore,residential,410.0,24.11764705882353,110.0,0.0,17,2025-12-23T13:39:34.573Z
2022-07-12,2022,7,46059127,DeviceTemperature,captis_pulse,maroochydore,residential,25.28,12.64,15.18,10.1,2,2025-12-23T13:39:34.573Z
2022-07-12,2022,7,46059127,Battery,captis_pulse,maroochydore,residential,72.607,24.202333333333332,67.0,1.967,3,2025-12-23T13:39:34.573Z
2022-07-13,2022,7,46059127,Pulse1,captis_pulse,maroochydore,residential,920.0,38.333333333333336,160.0,0.0,24,2025-12-23T13:39:34.573Z
2022-07-12,2022,7,46059343,Pulse1,captis_pulse,maroochydore,residential,640.0,37.64705882352941,120.0,0.0,17,2025-12-23T13:39:34.573Z
2022-07-13,2022,7,46059343,Pulse1,captis_pulse,maroochydore,residential,780.0,33.91304347826087,80.0,0.0,23,2025-12-23T13:39:34.573Z
2022-07-13,2022,7,46059343,DeviceTemperature,captis_pulse,maroochydore,residential,18.6,18.6,18.6,18.6,1,2025-12-23T13:39:34.573Z
2022-07-12,2022,7,81970859,Pulse1,captis_pulse,buderim,residential,490.0,27.22222222222222,200.0,0.0,18,2025-12-23T13:39:34.573Z
2022-07-12,2022,7,2639656,Pulse1,captis_pulse,maroochydore,residential,0.0,0.0,0.0,0.0,11,2025-12-23T13:39:34.573Z
2022-07-12,2022,7,2639656,Pulse1_Total,captis_pulse,maroochydore,residential,3822280.0,347480.0,347480.0,347480.0,11,2025-12-23T13:39:34.573Z
2022-07-12,2022,7,2639656,DeviceTemperature,captis_pulse,maroochydore,residential,15.1,15.1,15.1,15.1,1,2025-12-23T13:39:34.573Z
2022-07-12,2022,7,2639656,Battery,captis_pulse,maroochydore,residential,88.51,29.503333333333334,77.0,3.51,3,2025-12-23T13:39:34.573Z
2022-07-12,2022,7,591522,Pulse1,captis_pulse,kuluin,residential,87.0,5.4375,17.0,2.0,16,2025-12-23T13:39:34.573Z
2022-07-12,2022,7,591522,Pulse1_Total,captis_pulse,kuluin,residential,8303544.0,518971.5,519170.0,518887.0,16,2025-12-23T13:39:34.573Z
2022-07-12,2022,7,591522,DeviceTemperature,captis_pulse,kuluin,residential,16.89,16.89,16.89,16.89,1,2025-12-23T13:39:34.573Z
2022-07-12,2022,7,591522,Battery,captis_pulse,kuluin,residential,74.55799999999999,24.852666666666664,69.0,1.928,3,2025-12-23T13:39:34.573Z
2022-07-13,2022,7,591522,Pulse1,captis_pulse,kuluin,residential,267.0,11.125,60.0,2.0,24,2025-12-23T13:39:34.573Z
2022-07-13,2022,7,591522,Pulse1_Total,captis_pulse,kuluin,residential,1.2466924E7,519455.1666666667,519661.0,519174.0,24,2025-12-23T13:39:34.573Z
2022-07-13,2022,7,591522,DeviceTemperature,captis_pulse,kuluin,residential,20.4,20.4,20.4,20.4,1,2025-12-23T13:39:34.573Z
2022-07-12,2022,7,61137513,Pulse1,captis_pulse,buderim,residential,0.0,0.0,0.0,0.0,17,2025-12-23T13:39:34.573Z
2022-07-12,2022,7,61137513,Pulse1_Total,captis_pulse,buderim,residential,5195.0,305.5882352941176,308.0,304.0,17,2025-12-23T13:39:34.573Z
2022-07-12,2022,7,61137513,DeviceTemperature,captis_pulse,buderim,residential,8.6,8.6,8.6,8.6,1,2025-12-23T13:39:34.573Z
2022-07-13,2022,7,61137513,Pulse1,captis_pulse,buderim,residential,1.0,0.04,1.0,0.0,25,2025-12-23T13:39:34.573Z
2022-07-13,2022,7,61137513,Pulse1_Total,captis_pulse,buderim,residential,7416.0,309.0,309.0,309.0,24,2025-12-23T13:39:34.573Z
2022-07-13,2022,7,61137513,DeviceTemperature,captis_pulse,buderim,residential,36.2,36.2,36.2,36.2,1,2025-12-23T13:39:34.573Z
2022-07-12,2022,7,61174767,Pulse1,captis_pulse,buderim,residential,0.0,0.0,0.0,0.0,18,2025-12-23T13:39:34.573Z
2022-07-12,2022,7,61174767,Pulse1_Total,captis_pulse,buderim,residential,666.0,37.0,37.0,37.0,18,2025-12-23T13:39:34.573Z
2022-07-12,2022,7,61174767,Battery,captis_pulse,buderim,residential,3.64,3.64,3.64,3.64,1,2025-12-23T13:39:34.573Z
2022-07-12,2022,7,61174767,DeviceTemperature,captis_pulse,buderim,residential,6.9,6.9,6.9,6.9,1,2025-12-23T13:39:34.573Z
2022-07-13,2022,7,61174767,Pulse1,captis_pulse,buderim,residential,0.0,0.0,0.0,0.0,26,2025-12-23T13:39:34.573Z
2022-07-13,2022,7,61174767,Pulse1_Total,captis_pulse,buderim,residential,925.0,37.0,37.0,37.0,25,2025-12-23T13:39:34.573Z
2022-07-12,2022,7,63059013,Pulse1,captis_pulse,buderim,residential,0.0,0.0,0.0,0.0,17,2025-12-23T13:39:34.573Z
2022-07-12,2022,7,63059013,Pulse1_Total,captis_pulse,buderim,residential,544.0,32.0,32.0,32.0,17,2025-12-23T13:39:34.573Z
2022-07-13,2022,7,63059013,Pulse1,captis_pulse,buderim,residential,0.0,0.0,0.0,0.0,25,2025-12-23T13:39:34.573Z
2022-07-13,2022,7,63059013,Pulse1_Total,captis_pulse,buderim,residential,768.0,32.0,32.0,32.0,24,2025-12-23T13:39:34.573Z
2022-07-12,2022,7,9343534,Pulse1,captis_pulse,maroochydore,residential,15.0,0.6818181818181818,11.0,0.0,22,2025-12-23T13:39:34.573Z
2022-07-12,2022,7,9343534,Pulse1_Total,captis_pulse,maroochydore,residential,420491.0,19113.227272727272,19133.0,19108.0,22,2025-12-23T13:39:34.573Z
2022-07-12,2022,7,9343534,Battery,captis_pulse,maroochydore,residential,74.563,24.854333333333333,69.0,1.953,3,2025-12-23T13:39:34.573Z
2022-07-12,2022,7,9343534,DeviceTemperature,captis_pulse,maroochydore,residential,5.6,5.6,5.6,5.6,1,2025-12-23T13:39:34.573Z
2022-07-13,2022,7,9343534,Pulse1,captis_pulse,maroochydore,residential,0.0,0.0,0.0,0.0,26,2025-12-23T13:39:34.573Z
2022-07-13,2022,7,9343534,Pulse1_Total,captis_pulse,maroochydore,residential,497458.0,19133.0,19133.0,19133.0,26,2025-12-23T13:39:34.573Z
2022-07-12,2022,7,60193498,Pulse1,captis_pulse,buderim,residential,3.0,0.42857142857142855,1.0,0.0,7,2025-12-23T13:39:34.573Z
2022-07-12,2022,7,60193498,Pulse1_Total,captis_pulse,buderim,residential,543246.0,77606.57142857143,77608.0,77605.0,7,2025-12-23T13:39:34.573Z
2022-07-12,2022,7,60193498,DeviceTemperature,captis_pulse,buderim,residential,8.1,8.1,8.1,8.1,1,2025-12-23T13:39:34.573Z
2022-07-12,2022,7,60223987,Pulse1,captis_pulse,buderim,residential,52.0,3.0588235294117645,31.0,0.0,17,2025-12-23T13:39:34.573Z
2022-07-12,2022,7,60223987,Pulse1_Total,captis_pulse,buderim,residential,1255607.0,73859.23529411765,73920.0,73839.0,17,2025-12-23T13:39:34.573Z
2022-07-13,2022,7,60223987,Pulse1,captis_pulse,buderim,residential,226.0,9.04,73.0,0.0,25,2025-12-23T13:39:34.573Z
2022-07-13,2022,7,60223987,Pulse1_Total,captis_pulse,buderim,residential,1783862.0,74327.58333333333,74462.0,73924.0,24,2025-12-23T13:39:34.573Z
2022-07-13,2022,7,60223987,DeviceTemperature,captis_pulse,buderim,residential,15.2,15.2,15.2,15.2,1,2025-12-23T13:39:34.573Z
2022-07-12,2022,7,2385,Pulse1,captis_pulse,buderim,residential,119.0,6.611111111111111,62.0,0.0,18,2025-12-23T13:39:34.573Z
2022-07-12,2022,7,2385,Pulse1_Total,captis_pulse,buderim,residential,4966106.0,292123.8823529412,292336.0,292082.0,17,2025-12-23T13:39:34.573Z
2022-07-12,2022,7,2385,DeviceTemperature,captis_pulse,buderim,residential,8.5,8.5,8.5,8.5,1,2025-12-23T13:39:34.573Z
2022-07-13,2022,7,2385,Pulse1,captis_pulse,buderim,residential,38.0,1.5833333333333333,9.0,0.0,24,2025-12-23T13:39:34.573Z
2022-07-13,2022,7,2385,Pulse1_Total,captis_pulse,buderim,residential,7017500.0,292395.8333333333,292439.0,292352.0,24,2025-12-23T13:39:34.573Z
2022-07-13,2022,7,2385,DeviceTemperature,captis_pulse,buderim,residential,18.7,18.7,18.7,18.7,1,2025-12-23T13:39:34.573Z
2022-07-12,2022,7,258106,Pulse1,captis_pulse,buderim,residential,10.0,0.45454545454545453,5.0,0.0,22,2025-12-23T13:39:34.573Z
2022-07-12,2022,7,258106,Pulse1_Total,captis_pulse,buderim,residential,8958415.0,407200.6818181818,407242.0,407193.0,22,2025-12-23T13:39:34.573Z
2022-07-13,2022,7,258106,Pulse1,captis_pulse,buderim,residential,98.0,4.260869565217392,61.0,0.0,23,2025-12-23T13:39:34.573Z
2022-07-13,2022,7,258106,Pulse1_Total,captis_pulse,buderim,residential,9368940.0,407345.2173913043,407440.0,407298.0,23,2025-12-23T13:39:34.573Z
2022-07-12,2022,7,28735904,Pulse1,captis_pulse,maroochydore,residential,296.0,17.41176470588235,65.0,2.0,17,2025-12-23T13:39:34.573Z
2022-07-12,2022,7,28735904,Battery,captis_pulse,maroochydore,residential,73.29,24.430000000000003,68.0,1.65,3,2025-12-23T13:39:34.573Z
2022-07-12,2022,7,28735904,DeviceTemperature,captis_pulse,maroochydore,residential,9.2,9.2,9.2,9.2,1,2025-12-23T13:39:34.573Z
2022-07-13,2022,7,28735904,Pulse1,captis_pulse,maroochydore,residential,412.0,17.166666666666668,37.0,5.0,24,2025-12-23T13:39:34.573Z
2022-07-12,2022,7,61240528,Pulse1,captis_pulse,buderim,residential,0.0,0.0,0.0,0.0,18,2025-12-23T13:39:34.573Z
2022-07-12,2022,7,61240528,Pulse1_Total,captis_pulse,buderim,residential,594.0,33.0,33.0,33.0,18,2025-12-23T13:39:34.573Z
2022-07-12,2022,7,61240528,DeviceTemperature,captis_pulse,buderim,residential,13.51,13.51,13.51,13.51,1,2025-12-23T13:39:34.573Z
2022-07-12,2022,7,61240528,Battery,captis_pulse,buderim,residential,71.63,35.815,68.0,3.63,2,2025-12-23T13:39:34.573Z
2022-07-13,2022,7,61240528,Pulse1,captis_pulse,buderim,residential,0.0,0.0,0.0,0.0,28,2025-12-23T13:39:34.573Z
2022-07-13,2022,7,61240528,Pulse1_Total,captis_pulse,buderim,residential,924.0,33.0,33.0,33.0,28,2025-12-23T13:39:34.573Z
2022-07-13,2022,7,61240528,DeviceTemperature,captis_pulse,buderim,residential,16.5,16.5,16.5,16.5,1,2025-12-23T13:39:34.573Z
2022-07-12,2022,7,64630803,Pulse1,captis_pulse,buderim,residential,0.0,0.0,0.0,0.0,18,2025-12-23T13:39:34.573Z
2022-07-12,2022,7,64630803,DeviceTemperature,captis_pulse,buderim,residential,25.79,12.895,13.99,11.8,2,2025-12-23T13:39:34.573Z
2022-07-12,2022,7,64630803,Battery,captis_pulse,buderim,residential,75.69999999999999,25.23333333333333,70.0,2.07,3,2025-12-23T13:39:34.573Z
2022-07-13,2022,7,64630803,Pulse1,captis_pulse,buderim,residential,0.0,0.0,0.0,0.0,26,2025-12-23T13:39:34.573Z
2022-07-12,2022,7,2611977,Pulse1,captis_pulse,maroochydore,residential,148.0,8.705882352941176,76.0,0.0,17,2025-12-23T13:39:34.573Z
2022-07-12,2022,7,2611977,Pulse1_Total,captis_pulse,maroochydore,residential,4792534.0,281913.76470588235,282055.0,281820.0,17,2025-12-23T13:39:34.573Z
2022-07-13,2022,7,2611977,Pulse1,captis_pulse,maroochydore,residential,85.0,3.6956521739130435,14.0,0.0,23,2025-12-23T13:39:34.573Z
2022-07-13,2022,7,2611977,Pulse1_Total,captis_pulse,maroochydore,residential,6490646.0,282202.0,282316.0,282064.0,23,2025-12-23T13:39:34.573Z
2022-07-12,2022,7,307439,Pulse1,captis_pulse,buderim,residential,19.0,1.0555555555555556,11.0,0.0,18,2025-12-23T13:39:34.573Z
2022-07-12,2022,7,307439,Pulse1_Total,captis_pulse,buderim,residential,5684773.0,315820.72222222225,316009.0,315798.0,18,2025-12-23T13:39:34.573Z
2022-07-13,2022,7,307439,Pulse1,captis_pulse,buderim,residential,86.0,3.3076923076923075,39.0,0.0,26,2025-12-23T13:39:34.573Z
2022-07-13,2022,7,307439,Pulse1_Total,captis_pulse,buderim,residential,8219204.0,316123.23076923075,316321.0,316009.0,26,2025-12-23T13:39:34.573Z
2022-07-13,2022,7,307439,DeviceTemperature,captis_pulse,buderim,residential,18.5,18.5,18.5,18.5,1,2025-12-23T13:39:34.573Z
2022-07-13,2022,7,61163143,DeviceTemperature,captis_pulse,buderim,residential,36.59,18.295,21.1,15.49,2,2025-12-23T13:39:34.573Z
2022-07-13,2022,7,61163143,Battery,captis_pulse,buderim,residential,69.63,34.815,66.0,3.63,2,2025-12-23T13:39:34.573Z
2022-07-12,2022,7,66202781,Pulse1,captis_pulse,buderim,residential,0.0,0.0,0.0,0.0,16,2025-12-23T13:39:34.573Z
2022-07-12,2022,7,66202781,Pulse1_Total,captis_pulse,buderim,residential,144.0,9.0,9.0,9.0,16,2025-12-23T13:39:34.573Z
2022-07-13,2022,7,66202781,DeviceTemperature,captis_pulse,buderim,residential,14.07,14.07,14.07,14.07,1,2025-12-23T13:39:34.573Z
2022-07-13,2022,7,66202781,Battery,captis_pulse,buderim,residential,54.65,27.325,51.0,3.65,2,2025-12-23T13:39:34.573Z
2022-07-12,2022,7,89940,Pulse1,captis_pulse,buderim,residential,0.0,0.0,0.0,0.0,17,2025-12-23T13:39:34.573Z
2022-07-12,2022,7,89940,Pulse1_Total,captis_pulse,buderim,residential,5627816.0,331048.0,331048.0,331048.0,17,2025-12-23T13:39:34.573Z
2022-07-12,2022,7,89940,DeviceTemperature,captis_pulse,buderim,residential,7.2,7.2,7.2,7.2,1,2025-12-23T13:39:34.573Z
2022-07-13,2022,7,89940,Pulse1,captis_pulse,buderim,residential,1.0,0.04,1.0,0.0,25,2025-12-23T13:39:34.573Z
2022-07-13,2022,7,89940,Pulse1_Total,captis_pulse,buderim,residential,8276215.0,331048.6,331049.0,331048.0,25,2025-12-23T13:39:34.573Z
2022-07-12,2022,7,81966008,Pulse1,captis_pulse,caloundra,non-residential,0.0,0.0,0.0,0.0,19,2025-12-23T13:39:34.573Z
2022-07-13,2022,7,81966008,Pulse1,captis_pulse,caloundra,non-residential,0.0,0.0,0.0,0.0,4,2025-12-23T13:39:34.573Z
2022-07-12,2022,7,61246384,Pulse1,captis_pulse,buderim,residential,26.0,1.5294117647058822,9.0,0.0,17,2025-12-23T13:39:34.573Z
2022-07-12,2022,7,61246384,Pulse1_Total,captis_pulse,buderim,residential,1050503.0,58361.27777777778,58387.0,58337.0,18,2025-12-23T13:39:34.573Z
2022-07-12,2022,7,61246384,DeviceTemperature,captis_pulse,buderim,residential,7.7,7.7,7.7,7.7,1,2025-12-23T13:39:34.573Z
2022-07-13,2022,7,61246384,Pulse1,captis_pulse,buderim,residential,342.0,14.25,100.0,0.0,24,2025-12-23T13:39:34.573Z
2022-07-13,2022,7,61246384,Pulse1_Total,captis_pulse,buderim,residential,1408941.0,58705.875,58818.0,58509.0,24,2025-12-23T13:39:34.573Z
2022-07-12,2022,7,81969310,Pulse1,captis_pulse,maroochydore,non-residential,0.0,0.0,0.0,0.0,18,2025-12-23T13:39:34.573Z
2022-07-12,2022,7,81969310,Pulse1_Total,captis_pulse,maroochydore,non-residential,258408.0,14356.0,14356.0,14356.0,18,2025-12-23T13:39:34.573Z
2022-07-12,2022,7,81969310,DeviceTemperature,captis_pulse,maroochydore,non-residential,13.33,13.33,13.33,13.33,1,2025-12-23T13:39:34.573Z
2022-07-12,2022,7,81969310,Battery,captis_pulse,maroochydore,non-residential,81.64,40.82,78.0,3.64,2,2025-12-23T13:39:34.573Z
2022-07-12,2022,7,258562,Pulse1,captis_pulse,buderim,residential,20.0,1.25,17.0,0.0,16,2025-12-23T13:39:34.573Z
2022-07-12,2022,7,258562,Pulse1_Total,captis_pulse,buderim,residential,4156477.0,259779.8125,259802.0,259766.0,16,2025-12-23T13:39:34.573Z
2022-07-12,2022,7,258562,Battery,captis_pulse,buderim,residential,76.68299999999999,25.560999999999996,71.0,2.053,3,2025-12-23T13:39:34.573Z
2022-07-13,2022,7,258562,Pulse1,captis_pulse,buderim,residential,190.0,7.916666666666667,89.0,0.0,24,2025-12-23T13:39:34.573Z
2022-07-13,2022,7,258562,Pulse1_Total,captis_pulse,buderim,residential,6238453.0,259935.54166666666,260150.0,259802.0,24,2025-12-23T13:39:34.573Z
2022-07-12,2022,7,27446212,Pulse1,captis_pulse,maroochydore,residential,0.0,0.0,0.0,0.0,17,2025-12-23T13:39:34.573Z
2022-07-12,2022,7,27446212,Pulse1_Total,captis_pulse,maroochydore,residential,1.0105684E7,594452.0,594452.0,594452.0,17,2025-12-23T13:39:34.573Z
2022-07-12,2022,7,27446212,DeviceTemperature,captis_pulse,maroochydore,residential,31.59,15.795,16.89,14.7,2,2025-12-23T13:39:34.573Z
2022-07-12,2022,7,27446212,Battery,captis_pulse,maroochydore,residential,3.64,3.64,3.64,3.64,1,2025-12-23T13:39:34.573Z
2022-07-13,2022,7,27446212,Pulse1,captis_pulse,maroochydore,residential,0.0,0.0,0.0,0.0,24,2025-12-23T13:39:34.573Z
2022-07-13,2022,7,27446212,Pulse1_Total,captis_pulse,maroochydore,residential,1.4266848E7,594452.0,594452.0,594452.0,24,2025-12-23T13:39:34.573Z
2022-07-13,2022,7,27446212,DeviceTemperature,captis_pulse,maroochydore,residential,19.3,19.3,19.3,19.3,1,2025-12-23T13:39:34.573Z
2022-07-12,2022,7,60194445,DeviceTemperature,captis_pulse,buderim,residential,10.0,10.0,10.0,10.0,1,2025-12-23T13:39:34.573Z
2022-07-13,2022,7,60194445,DeviceTemperature,captis_pulse,buderim,residential,13.67,13.67,13.67,13.67,1,2025-12-23T13:39:34.573Z
2022-07-13,2022,7,60194445,Battery,captis_pulse,buderim,residential,51.64,25.82,48.0,3.64,2,2025-12-23T13:39:34.573Z
2022-07-12,2022,7,66213456,Pulse1,captis_pulse,buderim,residential,0.0,0.0,0.0,0.0,17,2025-12-23T13:39:34.573Z
2022-07-12,2022,7,66213456,Pulse1_Total,captis_pulse,buderim,residential,629.0,37.0,37.0,37.0,17,2025-12-23T13:39:34.573Z
2022-07-12,2022,7,66213456,Battery,captis_pulse,buderim,residential,77.461,25.820333333333334,72.0,1.831,3,2025-12-23T13:39:34.573Z
2022-07-12,2022,7,66213456,DeviceTemperature,captis_pulse,buderim,residential,9.9,9.9,9.9,9.9,1,2025-12-23T13:39:34.573Z
2022-07-13,2022,7,66213456,DeviceTemperature,captis_pulse,buderim,residential,33.8,33.8,33.8,33.8,1,2025-12-23T13:39:34.573Z
2022-07-13,2022,7,66213456,Pulse1,captis_pulse,buderim,residential,0.0,0.0,0.0,0.0,24,2025-12-23T13:39:34.573Z
2022-07-13,2022,7,66213456,Pulse1_Total,captis_pulse,buderim,residential,888.0,37.0,37.0,37.0,24,2025-12-23T13:39:34.573Z
2022-07-12,2022,7,66218056,Pulse1,captis_pulse,buderim,residential,0.0,0.0,0.0,0.0,18,2025-12-23T13:39:34.573Z
2022-07-12,2022,7,66218056,Pulse1_Total,captis_pulse,buderim,residential,630.0,35.0,35.0,35.0,18,2025-12-23T13:39:34.573Z
2022-07-13,2022,7,66218056,Pulse1,captis_pulse,buderim,residential,0.0,0.0,0.0,0.0,28,2025-12-23T13:39:34.573Z
2022-07-13,2022,7,66218056,Pulse1_Total,captis_pulse,buderim,residential,980.0,35.0,35.0,35.0,28,2025-12-23T13:39:34.573Z
2022-07-13,2022,7,66218056,DeviceTemperature,captis_pulse,buderim,residential,19.2,19.2,19.2,19.2,1,2025-12-23T13:39:34.573Z
2022-07-12,2022,7,81967206,Pulse1,captis_pulse,maroochydore,residential,45.0,3.0,20.0,0.0,15,2025-12-23T13:39:34.573Z
2022-07-13,2022,7,81967206,Pulse1,captis_pulse,maroochydore,residential,145.0,20.714285714285715,35.0,5.0,7,2025-12-23T13:39:34.573Z
2022-07-13,2022,7,81967206,DeviceTemperature,captis_pulse,maroochydore,residential,13.77,13.77,13.77,13.77,1,2025-12-23T13:39:34.573Z
2022-07-13,2022,7,81967206,Battery,captis_pulse,maroochydore,residential,67.64,33.82,64.0,3.64,2,2025-12-23T13:39:34.573Z
2022-07-12,2022,7,81968813,Pulse1,captis_pulse,maroochydore,residential,2980.0,186.25,440.0,0.0,16,2025-12-23T13:39:34.573Z
2022-07-12,2022,7,81968813,DeviceTemperature,captis_pulse,maroochydore,residential,8.6,8.6,8.6,8.6,1,2025-12-23T13:39:34.573Z
2022-07-13,2022,7,81968813,Pulse1,captis_pulse,maroochydore,residential,840.0,280.0,350.0,150.0,3,2025-12-23T13:39:34.573Z
2022-07-13,2022,7,81968813,DeviceTemperature,captis_pulse,maroochydore,residential,13.87,13.87,13.87,13.87,1,2025-12-23T13:39:34.573Z
2022-07-13,2022,7,81968813,Battery,captis_pulse,maroochydore,residential,73.64,36.82,70.0,3.64,2,2025-12-23T13:39:34.573Z
2022-07-12,2022,7,81970952,Pulse1,captis_pulse,maroochydore,residential,45.0,3.75,15.0,0.0,12,2025-12-23T13:39:34.573Z
2022-07-13,2022,7,81970952,Pulse1,captis_pulse,maroochydore,residential,140.0,35.0,50.0,5.0,4,2025-12-23T13:39:34.573Z
2022-07-12,2022,7,65102808,Pulse1,captis_pulse,buderim,residential,240.0,14.117647058823529,120.0,0.0,17,2025-12-23T13:39:34.573Z
2022-07-12,2022,7,65102808,Pulse1_Total,captis_pulse,buderim,residential,4511580.0,265387.0588235294,265600.0,265350.0,17,2025-12-23T13:39:34.573Z
2022-07-12,2022,7,65102808,Battery,captis_pulse,buderim,residential,68.461,22.820333333333334,63.0,1.821,3,2025-12-23T13:39:34.573Z
2022-07-12,2022,7,65102808,DeviceTemperature,captis_pulse,buderim,residential,12.1,12.1,12.1,12.1,1,2025-12-23T13:39:34.573Z
2022-07-13,2022,7,65102808,Pulse1,captis_pulse,buderim,residential,20.0,0.8333333333333334,10.0,0.0,24,2025-12-23T13:39:34.573Z
2022-07-13,2022,7,65102808,Pulse1_Total,captis_pulse,buderim,residential,6374870.0,265619.5833333333,265620.0,265610.0,24,2025-12-23T13:39:34.573Z
2022-07-12,2022,7,61572148,Pulse1,captis_pulse,buderim,residential,24.0,1.411764705882353,17.0,0.0,17,2025-12-23T13:39:34.573Z
2022-07-12,2022,7,61572148,Pulse1_Total,captis_pulse,buderim,residential,614831.0,36166.529411764706,36230.0,36149.0,17,2025-12-23T13:39:34.573Z
2022-07-12,2022,7,61572148,Battery,captis_pulse,buderim,residential,3.64,3.64,3.64,3.64,1,2025-12-23T13:39:34.573Z
2022-07-12,2022,7,61572148,DeviceTemperature,captis_pulse,buderim,residential,8.5,8.5,8.5,8.5,1,2025-12-23T13:39:34.573Z
2022-07-13,2022,7,61572148,DeviceTemperature,captis_pulse,buderim,residential,22.8,22.8,22.8,22.8,1,2025-12-23T13:39:34.573Z
2022-07-13,2022,7,61572148,Pulse1,captis_pulse,buderim,residential,19.0,0.7916666666666666,6.0,0.0,24,2025-12-23T13:39:34.573Z
2022-07-13,2022,7,61572148,Pulse1_Total,captis_pulse,buderim,residential,872189.0,36341.208333333336,36353.0,36329.0,24,2025-12-23T13:39:34.573Z
2022-07-12,2022,7,274703,Pulse1,captis_pulse,kuluin,residential,71.0,4.176470588235294,23.0,0.0,17,2025-12-23T13:39:34.573Z
2022-07-12,2022,7,274703,Pulse1_Total,captis_pulse,kuluin,residential,9106487.0,535675.7058823529,535773.0,535622.0,17,2025-12-23T13:39:34.573Z
2022-07-12,2022,7,274703,DeviceTemperature,captis_pulse,kuluin,residential,7.8,7.8,7.8,7.8,1,2025-12-23T13:39:34.573Z
2022-07-13,2022,7,274703,Pulse1,captis_pulse,kuluin,residential,394.0,16.416666666666668,144.0,0.0,24,2025-12-23T13:39:34.573Z
2022-07-13,2022,7,274703,Pulse1_Total,captis_pulse,kuluin,residential,1.286622E7,536092.5,536347.0,535782.0,24,2025-12-23T13:39:34.573Z
2022-07-12,2022,7,47593353,Pulse1,captis_pulse,maroochydore,residential,510.0,24.285714285714285,110.0,0.0,21,2025-12-23T13:39:34.573Z
2022-07-12,2022,7,47593353,DeviceTemperature,captis_pulse,maroochydore,residential,23.13,11.565,13.93,9.2,2,2025-12-23T13:39:34.573Z
2022-07-12,2022,7,47593353,Battery,captis_pulse,maroochydore,residential,72.63,36.315,69.0,3.63,2,2025-12-23T13:39:34.573Z
2022-07-13,2022,7,47593353,Pulse1,captis_pulse,maroochydore,residential,1080.0,45.0,120.0,0.0,24,2025-12-23T13:39:34.573Z
2022-07-12,2022,7,602584,Pulse1,captis_pulse,buderim,residential,23.0,1.4375,5.0,0.0,16,2025-12-23T13:39:34.573Z
2022-07-12,2022,7,602584,Pulse1_Total,captis_pulse,buderim,residential,3254072.0,203379.5,203408.0,203368.0,16,2025-12-23T13:39:34.573Z
2022-07-12,2022,7,602584,DeviceTemperature,captis_pulse,buderim,residential,22.16,11.08,13.96,8.2,2,2025-12-23T13:39:34.573Z
2022-07-12,2022,7,602584,Battery,captis_pulse,buderim,residential,72.281,24.093666666666667,67.0,1.641,3,2025-12-23T13:39:34.573Z
2022-07-13,2022,7,602584,Pulse1,captis_pulse,buderim,residential,34.0,1.4782608695652173,12.0,0.0,23,2025-12-23T13:39:34.573Z
2022-07-13,2022,7,602584,Pulse1_Total,captis_pulse,buderim,residential,4679293.0,203447.52173913043,203474.0,203415.0,23,2025-12-23T13:39:34.573Z
2022-07-12,2022,7,61204642,Pulse1,captis_pulse,buderim,residential,0.0,0.0,0.0,0.0,16,2025-12-23T13:39:34.573Z
2022-07-12,2022,7,61204642,Pulse1_Total,captis_pulse,buderim,residential,576.0,36.0,36.0,36.0,16,2025-12-23T13:39:34.573Z
2022-07-12,2022,7,61204642,Battery,captis_pulse,buderim,residential,3.65,3.65,3.65,3.65,1,2025-12-23T13:39:34.573Z
2022-07-13,2022,7,61204642,Pulse1,captis_pulse,buderim,residential,0.0,0.0,0.0,0.0,24,2025-12-23T13:39:34.573Z
2022-07-13,2022,7,61204642,Pulse1_Total,captis_pulse,buderim,residential,864.0,36.0,36.0,36.0,24,2025-12-23T13:39:34.573Z
2022-07-13,2022,7,61204642,DeviceTemperature,captis_pulse,buderim,residential,15.4,15.4,15.4,15.4,1,2025-12-23T13:39:34.573Z
2022-07-12,2022,7,61237090,Pulse1,captis_pulse,buderim,residential,149.0,8.277777777777779,103.0,0.0,18,2025-12-23T13:39:34.573Z
2022-07-12,2022,7,61237090,Pulse1_Total,captis_pulse,buderim,residential,1463726.0,81318.11111111111,81560.0,81287.0,18,2025-12-23T13:39:34.573Z
2022-07-13,2022,7,61237090,Pulse1,captis_pulse,buderim,residential,155.0,6.458333333333333,69.0,0.0,24,2025-12-23T13:39:34.573Z
2022-07-13,2022,7,61237090,Pulse1_Total,captis_pulse,buderim,residential,1960244.0,81676.83333333333,81819.0,81562.0,24,2025-12-23T13:39:34.573Z
2022-07-12,2022,7,61285911,Pulse1,captis_pulse,buderim,residential,0.0,0.0,0.0,0.0,17,2025-12-23T13:39:34.573Z
2022-07-12,2022,7,61285911,Pulse1_Total,captis_pulse,buderim,residential,187.0,11.0,11.0,11.0,17,2025-12-23T13:39:34.573Z
2022-07-12,2022,7,61285911,DeviceTemperature,captis_pulse,buderim,residential,13.18,13.18,13.18,13.18,1,2025-12-23T13:39:34.573Z
2022-07-12,2022,7,61285911,Battery,captis_pulse,buderim,residential,3.65,3.65,3.65,3.65,1,2025-12-23T13:39:34.573Z
2022-07-13,2022,7,61285911,Pulse1,captis_pulse,buderim,residential,0.0,0.0,0.0,0.0,24,2025-12-23T13:39:34.573Z
2022-07-13,2022,7,61285911,Pulse1_Total,captis_pulse,buderim,residential,253.0,11.0,11.0,11.0,23,2025-12-23T13:39:34.573Z
2022-07-12,2022,7,64630139,Pulse1,captis_pulse,maroochydore,non-residential,0.0,0.0,0.0,0.0,17,2025-12-23T13:39:34.573Z
2022-07-12,2022,7,64630139,DeviceTemperature,captis_pulse,maroochydore,non-residential,16.55,16.55,16.55,16.55,1,2025-12-23T13:39:34.573Z
2022-07-12,2022,7,64630139,Battery,captis_pulse,maroochydore,non-residential,75.64,37.82,72.0,3.64,2,2025-12-23T13:39:34.573Z
2022-07-13,2022,7,64630139,Pulse1,captis_pulse,maroochydore,non-residential,60.0,2.5,20.0,0.0,24,2025-12-23T13:39:34.573Z
2022-07-12,2022,7,66214206,Pulse1,captis_pulse,buderim,residential,4.0,0.26666666666666666,3.0,0.0,15,2025-12-23T13:39:34.573Z
2022-07-12,2022,7,66214206,Pulse1_Total,captis_pulse,buderim,residential,492637.0,32842.46666666667,32917.0,32828.0,15,2025-12-23T13:39:34.573Z
2022-07-12,2022,7,66214206,DeviceTemperature,captis_pulse,buderim,residential,20.9,10.45,13.2,7.7,2,2025-12-23T13:39:34.573Z
2022-07-13,2022,7,66214206,Pulse1,captis_pulse,buderim,residential,67.0,2.7916666666666665,14.0,0.0,24,2025-12-23T13:39:34.573Z
2022-07-13,2022,7,66214206,Pulse1_Total,captis_pulse,buderim,residential,791413.0,32975.541666666664,33030.0,32925.0,24,2025-12-23T13:39:34.573Z
2022-07-12,2022,7,832195,DeviceTemperature,captis_pulse,maroochydore,residential,14.4,14.4,14.4,14.4,1,2025-12-23T13:39:34.573Z
2022-07-13,2022,7,832195,Battery,captis_pulse,maroochydore,residential,64.55,32.275,61.0,3.55,2,2025-12-23T13:39:34.573Z
2022-07-12,2022,7,22038410,Pulse1,captis_pulse,maroochydore,non-residential,4260.0,193.63636363636363,320.0,160.0,22,2025-12-23T13:39:34.573Z
2022-07-12,2022,7,22038410,DeviceTemperature,captis_pulse,maroochydore,non-residential,11.9,11.9,11.9,11.9,1,2025-12-23T13:39:34.573Z
2022-07-13,2022,7,22038410,Pulse1,captis_pulse,maroochydore,non-residential,2330.0,101.30434782608695,390.0,20.0,23,2025-12-23T13:39:34.573Z
2022-07-13,2022,7,22038410,DeviceTemperature,captis_pulse,maroochydore,non-residential,16.3,16.3,16.3,16.3,1,2025-12-23T13:39:34.573Z
2022-07-12,2022,7,55230,Pulse1,captis_pulse,maroochydore,residential,73.0,4.294117647058823,47.0,0.0,17,2025-12-23T13:39:34.573Z
2022-07-12,2022,7,55230,Pulse1_Total,captis_pulse,maroochydore,residential,4042901.0,237817.70588235295,237999.0,237760.0,17,2025-12-23T13:39:34.573Z
2022-07-12,2022,7,55230,DeviceTemperature,captis_pulse,maroochydore,residential,15.2,15.2,15.2,15.2,1,2025-12-23T13:39:34.573Z
2022-07-13,2022,7,55230,Pulse1,captis_pulse,maroochydore,residential,80.0,3.3333333333333335,15.0,0.0,24,2025-12-23T13:39:34.573Z
2022-07-13,2022,7,55230,Pulse1_Total,captis_pulse,maroochydore,residential,5713579.0,238065.79166666666,238129.0,238012.0,24,2025-12-23T13:39:34.573Z
2022-07-13,2022,7,55230,DeviceTemperature,captis_pulse,maroochydore,residential,22.1,22.1,22.1,22.1,1,2025-12-23T13:39:34.573Z
2022-07-12,2022,7,587223,Pulse1,captis_pulse,kuluin,residential,80.0,4.705882352941177,13.0,3.0,17,2025-12-23T13:39:34.573Z
2022-07-12,2022,7,587223,Pulse1_Total,captis_pulse,kuluin,residential,3994961.0,234997.70588235295,235088.0,234917.0,17,2025-12-23T13:39:34.573Z
2022-07-12,2022,7,587223,DeviceTemperature,captis_pulse,kuluin,residential,13.6,13.6,13.6,13.6,1,2025-12-23T13:39:34.573Z
2022-07-13,2022,7,587223,Pulse1,captis_pulse,kuluin,residential,108.0,4.695652173913044,13.0,3.0,23,2025-12-23T13:39:34.573Z
2022-07-13,2022,7,587223,Pulse1_Total,captis_pulse,kuluin,residential,5410012.0,235217.91304347827,235326.0,235106.0,23,2025-12-23T13:39:34.573Z
2022-07-12,2022,7,60423641,Pulse1,captis_pulse,buderim,residential,0.0,0.0,0.0,0.0,6,2025-12-23T13:39:34.573Z
2022-07-12,2022,7,60423641,Pulse1_Total,captis_pulse,buderim,residential,558.0,93.0,93.0,93.0,6,2025-12-23T13:39:34.573Z
2022-07-12,2022,7,621763,Pulse1,captis_pulse,maroochydore,residential,36.0,1.8,36.0,0.0,20,2025-12-23T13:39:34.573Z
2022-07-12,2022,7,621763,Pulse1_Total,captis_pulse,maroochydore,residential,2422774.0,121138.7,121229.0,121080.0,20,2025-12-23T13:39:34.573Z
2022-07-12,2022,7,621763,DeviceTemperature,captis_pulse,maroochydore,residential,16.18,16.18,16.18,16.18,1,2025-12-23T13:39:34.573Z
2022-07-12,2022,7,621763,Battery,captis_pulse,maroochydore,residential,73.988,24.662666666666667,68.0,2.358,3,2025-12-23T13:39:34.573Z
2022-07-13,2022,7,621763,Pulse1,captis_pulse,maroochydore,residential,77.0,3.2083333333333335,48.0,0.0,24,2025-12-23T13:39:34.573Z
2022-07-13,2022,7,621763,Pulse1_Total,captis_pulse,maroochydore,residential,2910539.0,121272.45833333333,121433.0,121229.0,24,2025-12-23T13:39:34.573Z
2022-07-12,2022,7,61274116,Pulse1,captis_pulse,buderim,residential,7.0,0.4375,7.0,0.0,16,2025-12-23T13:39:34.573Z
2022-07-12,2022,7,61274116,Pulse1_Total,captis_pulse,buderim,residential,461424.0,28839.0,28870.0,28832.0,16,2025-12-23T13:39:34.573Z
2022-07-12,2022,7,61274116,DeviceTemperature,captis_pulse,buderim,residential,10.5,10.5,10.5,10.5,1,2025-12-23T13:39:34.573Z
2022-07-12,2022,7,61274116,Battery,captis_pulse,buderim,residential,76.56,25.52,69.0,3.62,3,2025-12-23T13:39:34.573Z
2022-07-13,2022,7,61274116,Pulse1,captis_pulse,buderim,residential,34.0,1.4166666666666667,10.0,0.0,24,2025-12-23T13:39:34.573Z
2022-07-13,2022,7,61274116,Pulse1_Total,captis_pulse,buderim,residential,722583.0,28903.32,28923.0,28870.0,25,2025-12-23T13:39:34.573Z
2022-07-12,2022,7,81426,Pulse1,captis_pulse,buderim,residential,146.0,8.588235294117647,56.0,0.0,17,2025-12-23T13:39:34.573Z
2022-07-12,2022,7,81426,Pulse1_Total,captis_pulse,buderim,residential,1.0406835E7,612166.7647058824,612348.0,612065.0,17,2025-12-23T13:39:34.573Z
2022-07-12,2022,7,81426,DeviceTemperature,captis_pulse,buderim,residential,52.38,17.46,32.2,6.4,3,2025-12-23T13:39:34.573Z
2022-07-13,2022,7,81426,Pulse1,captis_pulse,buderim,residential,64.0,2.782608695652174,15.0,0.0,23,2025-12-23T13:39:34.573Z
2022-07-13,2022,7,81426,Pulse1_Total,captis_pulse,buderim,residential,1.4085809E7,612426.4782608695,612472.0,612358.0,23,2025-12-23T13:39:34.573Z
2022-07-12,2022,7,62365595,Pulse1,captis_pulse,buderim,residential,157.0,9.235294117647058,59.0,0.0,17,2025-12-23T13:39:34.573Z
2022-07-12,2022,7,62365595,Pulse1_Total,captis_pulse,buderim,residential,860613.0,50624.294117647056,50773.0,50584.0,17,2025-12-23T13:39:34.573Z
2022-07-13,2022,7,62365595,Pulse1,captis_pulse,buderim,residential,69.0,2.6538461538461537,37.0,0.0,26,2025-12-23T13:39:34.573Z
2022-07-13,2022,7,62365595,Pulse1_Total,captis_pulse,buderim,residential,1321155.0,50813.653846153844,50864.0,50773.0,26,2025-12-23T13:39:34.573Z
2022-07-13,2022,7,62365595,DeviceTemperature,captis_pulse,buderim,residential,37.1,37.1,37.1,37.1,1,2025-12-23T13:39:34.573Z
2022-07-12,2022,7,64632460,Pulse1,captis_pulse,maroochydore,residential,1010.0,56.111111111111114,190.0,0.0,18,2025-12-23T13:39:34.573Z
2022-07-12,2022,7,64632460,DeviceTemperature,captis_pulse,maroochydore,residential,14.29,14.29,14.29,14.29,1,2025-12-23T13:39:34.573Z
2022-07-12,2022,7,64632460,Battery,captis_pulse,maroochydore,residential,73.367,24.45566666666667,68.0,1.727,3,2025-12-23T13:39:34.573Z
2022-07-13,2022,7,64632460,Pulse1,captis_pulse,maroochydore,residential,1300.0,52.0,160.0,10.0,25,2025-12-23T13:39:34.573Z
2022-07-13,2022,7,64632460,DeviceTemperature,captis_pulse,maroochydore,residential,15.1,15.1,15.1,15.1,1,2025-12-23T13:39:34.573Z
2022-07-12,2022,7,67715036,Pulse1,captis_pulse,buderim,residential,58.0,4.142857142857143,18.0,0.0,14,2025-12-23T13:39:34.573Z
2022-07-12,2022,7,67715036,Pulse1_Total,captis_pulse,buderim,residential,984734.0,70338.14285714286,70428.0,70295.0,14,2025-12-23T13:39:34.573Z
2022-07-12,2022,7,67715036,DeviceTemperature,captis_pulse,buderim,residential,20.92,10.46,12.32,8.6,2,2025-12-23T13:39:34.573Z
2022-07-12,2022,7,67715036,Battery,captis_pulse,buderim,residential,3.63,3.63,3.63,3.63,1,2025-12-23T13:39:34.573Z
2022-07-13,2022,7,67715036,Pulse1,captis_pulse,buderim,residential,173.0,7.208333333333333,52.0,0.0,24,2025-12-23T13:39:34.573Z
2022-07-13,2022,7,67715036,Pulse1_Total,captis_pulse,buderim,residential,1693347.0,70556.125,70722.0,70428.0,24,2025-12-23T13:39:34.573Z
2022-07-13,2022,7,67715036,DeviceTemperature,captis_pulse,buderim,residential,15.8,15.8,15.8,15.8,1,2025-12-23T13:39:34.573Z
2022-07-12,2022,7,64295745,Pulse1,captis_pulse,buderim,residential,610.0,27.727272727272727,160.0,0.0,22,2025-12-23T13:39:34.573Z
2022-07-13,2022,7,64295745,Pulse1,captis_pulse,buderim,residential,1460.0,58.4,200.0,0.0,25,2025-12-23T13:39:34.573Z
2022-07-12,2022,7,65065637,Pulse1,captis_pulse,buderim,residential,210.0,12.352941176470589,90.0,0.0,17,2025-12-23T13:39:34.573Z
2022-07-12,2022,7,65065637,DeviceTemperature,captis_pulse,buderim,residential,19.52,9.76,12.02,7.5,2,2025-12-23T13:39:34.573Z
2022-07-12,2022,7,65065637,Battery,captis_pulse,buderim,residential,76.425,25.474999999999998,71.0,1.795,3,2025-12-23T13:39:34.573Z
2022-07-13,2022,7,65065637,Pulse1,captis_pulse,buderim,residential,770.0,32.083333333333336,70.0,0.0,24,2025-12-23T13:39:34.573Z
2022-07-12,2022,7,45122201,Pulse1,captis_pulse,mountain creek,residential,37.0,2.0555555555555554,17.0,0.0,18,2025-12-23T13:39:34.573Z
2022-07-12,2022,7,45122201,Pulse1_Total,captis_pulse,mountain creek,residential,2263681.0,133157.70588235295,133241.0,133132.0,17,2025-12-23T13:39:34.573Z
2022-07-12,2022,7,45122201,Battery,captis_pulse,mountain creek,residential,72.4,24.133333333333336,67.0,1.76,3,2025-12-23T13:39:34.573Z
2022-07-12,2022,7,45122201,DeviceTemperature,captis_pulse,mountain creek,residential,5.9,5.9,5.9,5.9,1,2025-12-23T13:39:34.573Z
2022-07-13,2022,7,45122201,Pulse1,captis_pulse,mountain creek,residential,62.0,2.5833333333333335,19.0,0.0,24,2025-12-23T13:39:34.573Z
2022-07-13,2022,7,45122201,Pulse1_Total,captis_pulse,mountain creek,residential,3199522.0,133313.41666666666,133472.0,133241.0,24,2025-12-23T13:39:34.573Z
2022-07-12,2022,7,61202132,Pulse1,captis_pulse,buderim,residential,18.0,0.9473684210526315,4.0,0.0,19,2025-12-23T13:39:34.573Z
2022-07-12,2022,7,61202132,Pulse1_Total,captis_pulse,buderim,residential,1154308.0,60753.05263157895,60782.0,60746.0,19,2025-12-23T13:39:34.573Z
2022-07-12,2022,7,61202132,DeviceTemperature,captis_pulse,buderim,residential,14.3,14.3,14.3,14.3,1,2025-12-23T13:39:34.573Z
2022-07-12,2022,7,61202132,Battery,captis_pulse,buderim,residential,34.404,11.468000000000002,28.0,2.784,3,2025-12-23T13:39:34.573Z
2022-07-13,2022,7,61202132,Pulse1,captis_pulse,buderim,residential,133.0,5.115384615384615,117.0,0.0,26,2025-12-23T13:39:34.573Z
2022-07-13,2022,7,61202132,Pulse1_Total,captis_pulse,buderim,residential,1582393.0,60861.269230769234,60944.0,60783.0,26,2025-12-23T13:39:34.573Z
2022-07-12,2022,7,62366180,Pulse1,captis_pulse,buderim,residential,132.0,6.0,86.0,1.0,22,2025-12-23T13:39:34.573Z
2022-07-12,2022,7,62366180,Pulse1_Total,captis_pulse,buderim,residential,2022415.0,91927.95454545454,92130.0,91876.0,22,2025-12-23T13:39:34.573Z
2022-07-12,2022,7,62366180,DeviceTemperature,captis_pulse,buderim,residential,20.19,10.095,12.89,7.3,2,2025-12-23T13:39:34.573Z
2022-07-12,2022,7,62366180,Battery,captis_pulse,buderim,residential,3.64,3.64,3.64,3.64,1,2025-12-23T13:39:34.573Z
2022-07-13,2022,7,62366180,Pulse1,captis_pulse,buderim,residential,137.0,5.269230769230769,30.0,1.0,26,2025-12-23T13:39:34.573Z
2022-07-13,2022,7,62366180,Pulse1_Total,captis_pulse,buderim,residential,2306722.0,92268.88,92362.0,92144.0,25,2025-12-23T13:39:34.573Z
2022-07-12,2022,7,11344,Pulse1,captis_pulse,buderim,residential,38.0,2.235294117647059,26.0,0.0,17,2025-12-23T13:39:34.573Z
2022-07-12,2022,7,11344,Pulse1_Total,captis_pulse,buderim,residential,2681318.0,157724.58823529413,157772.0,157699.0,17,2025-12-23T13:39:34.573Z
2022-07-12,2022,7,11344,Battery,captis_pulse,buderim,residential,75.44200000000001,25.147333333333336,70.0,1.822,3,2025-12-23T13:39:34.573Z
2022-07-12,2022,7,11344,DeviceTemperature,captis_pulse,buderim,residential,23.9,23.9,23.9,23.9,1,2025-12-23T13:39:34.573Z
2022-07-13,2022,7,11344,Pulse1,captis_pulse,buderim,residential,204.0,8.5,75.0,0.0,24,2025-12-23T13:39:34.573Z
2022-07-13,2022,7,11344,Pulse1_Total,captis_pulse,buderim,residential,3791675.0,157986.45833333334,158068.0,157848.0,24,2025-12-23T13:39:34.573Z
2022-07-12,2022,7,61136989,Pulse1,captis_pulse,buderim,residential,0.0,0.0,0.0,0.0,16,2025-12-23T13:39:34.573Z
2022-07-12,2022,7,61136989,Pulse1_Total,captis_pulse,buderim,residential,592.0,37.0,37.0,37.0,16,2025-12-23T13:39:34.573Z
2022-07-12,2022,7,61136989,DeviceTemperature,captis_pulse,buderim,residential,21.03,10.515,12.43,8.6,2,2025-12-23T13:39:34.573Z
2022-07-12,2022,7,61136989,Battery,captis_pulse,buderim,residential,3.63,3.63,3.63,3.63,1,2025-12-23T13:39:34.573Z
2022-07-13,2022,7,61136989,Pulse1,captis_pulse,buderim,residential,0.0,0.0,0.0,0.0,24,2025-12-23T13:39:34.573Z
2022-07-13,2022,7,61136989,Pulse1_Total,captis_pulse,buderim,residential,888.0,37.0,37.0,37.0,24,2025-12-23T13:39:34.573Z
2022-07-12,2022,7,68897,Pulse1,captis_pulse,buderim,residential,52.0,3.25,40.0,0.0,16,2025-12-23T13:39:34.573Z
2022-07-12,2022,7,68897,Pulse1_Total,captis_pulse,buderim,residential,3597526.0,224845.375,224942.0,224833.0,16,2025-12-23T13:39:34.573Z
2022-07-12,2022,7,68897,DeviceTemperature,captis_pulse,buderim,residential,22.03,11.015,13.93,8.1,2,2025-12-23T13:39:34.573Z
2022-07-12,2022,7,68897,Battery,captis_pulse,buderim,residential,73.52,24.506666666666664,68.0,1.89,3,2025-12-23T13:39:34.573Z
2022-07-13,2022,7,68897,Pulse1,captis_pulse,buderim,residential,37.0,1.5416666666666667,35.0,0.0,24,2025-12-23T13:39:34.573Z
2022-07-13,2022,7,68897,Pulse1_Total,captis_pulse,buderim,residential,5399755.0,224989.79166666666,225046.0,224947.0,24,2025-12-23T13:39:34.573Z
2022-07-13,2022,7,68897,DeviceTemperature,captis_pulse,buderim,residential,20.7,20.7,20.7,20.7,1,2025-12-23T13:39:34.573Z
2022-07-12,2022,7,117719,Pulse1,captis_pulse,buderim,residential,0.0,0.0,0.0,0.0,16,2025-12-23T13:39:34.573Z
2022-07-12,2022,7,117719,Pulse1_Total,captis_pulse,buderim,residential,2352087.0,147005.4375,147016.0,147003.0,16,2025-12-23T13:39:34.573Z
2022-07-12,2022,7,117719,Battery,captis_pulse,buderim,residential,71.282,23.760666666666665,66.0,1.652,3,2025-12-23T13:39:34.573Z
2022-07-13,2022,7,117719,Pulse1,captis_pulse,buderim,residential,121.0,5.260869565217392,56.0,0.0,23,2025-12-23T13:39:34.573Z
2022-07-13,2022,7,117719,Pulse1_Total,captis_pulse,buderim,residential,3382454.0,147063.21739130435,147162.0,147016.0,23,2025-12-23T13:39:34.573Z
2022-07-13,2022,7,117719,DeviceTemperature,captis_pulse,buderim,residential,30.1,30.1,30.1,30.1,1,2025-12-23T13:39:34.573Z
2022-07-12,2022,7,458,Pulse1,captis_pulse,maroochydore,residential,3.0,0.17647058823529413,1.0,0.0,17,2025-12-23T13:39:34.573Z
2022-07-12,2022,7,458,Pulse1_Total,captis_pulse,maroochydore,residential,2520955.0,148291.4705882353,148304.0,148289.0,17,2025-12-23T13:39:34.573Z
2022-07-12,2022,7,458,DeviceTemperature,captis_pulse,maroochydore,residential,23.53,11.765,14.63,8.9,2,2025-12-23T13:39:34.573Z
2022-07-12,2022,7,458,Battery,captis_pulse,maroochydore,residential,76.561,25.520333333333337,71.0,1.941,3,2025-12-23T13:39:34.573Z
2022-07-13,2022,7,458,Pulse1,captis_pulse,maroochydore,residential,98.0,3.769230769230769,68.0,0.0,26,2025-12-23T13:39:34.573Z
2022-07-13,2022,7,458,Pulse1_Total,captis_pulse,maroochydore,residential,3858832.0,148416.61538461538,148443.0,148319.0,26,2025-12-23T13:39:34.573Z
2022-07-12,2022,7,64960,Pulse1,captis_pulse,buderim,residential,1.0,0.058823529411764705,1.0,0.0,17,2025-12-23T13:39:34.573Z
2022-07-12,2022,7,64960,Pulse1_Total,captis_pulse,buderim,residential,1498733.0,88160.76470588235,88163.0,88159.0,17,2025-12-23T13:39:34.573Z
2022-07-12,2022,7,64960,Battery,captis_pulse,buderim,residential,71.33699999999999,23.778999999999996,66.0,1.707,3,2025-12-23T13:39:34.573Z
2022-07-13,2022,7,64960,Pulse1,captis_pulse,buderim,residential,1.0,0.041666666666666664,1.0,0.0,24,2025-12-23T13:39:34.573Z
2022-07-13,2022,7,64960,Pulse1_Total,captis_pulse,buderim,residential,2116012.0,88167.16666666667,88170.0,88164.0,24,2025-12-23T13:39:34.573Z
2022-07-12,2022,7,21270301,Pulse1,captis_pulse,lawnton,non-residential,100.0,5.882352941176471,30.0,0.0,17,2025-12-23T13:39:34.573Z
2022-07-13,2022,7,21270301,Pulse1,captis_pulse,lawnton,non-residential,310.0,12.916666666666666,90.0,0.0,24,2025-12-23T13:39:34.573Z
2022-07-13,2022,7,21270301,DeviceTemperature,captis_pulse,lawnton,non-residential,33.9,33.9,33.9,33.9,1,2025-12-23T13:39:34.573Z
2022-07-12,2022,7,281670,Pulse1,captis_pulse,kuluin,residential,78.0,3.9,8.0,3.0,20,2025-12-23T13:39:34.573Z
2022-07-12,2022,7,281670,Pulse1_Total,captis_pulse,kuluin,residential,3205059.0,160252.95,160345.0,160188.0,20,2025-12-23T13:39:34.573Z
2022-07-12,2022,7,281670,Battery,captis_pulse,kuluin,residential,74.63,37.315,71.0,3.63,2,2025-12-23T13:39:34.573Z
2022-07-12,2022,7,281670,DeviceTemperature,captis_pulse,kuluin,residential,8.8,8.8,8.8,8.8,1,2025-12-23T13:39:34.573Z
2022-07-13,2022,7,281670,Pulse1,captis_pulse,kuluin,residential,100.0,4.166666666666667,13.0,3.0,24,2025-12-23T13:39:34.573Z
2022-07-13,2022,7,281670,Pulse1_Total,captis_pulse,kuluin,residential,3851058.0,160460.75,160562.0,160369.0,24,2025-12-23T13:39:34.573Z
2022-07-13,2022,7,281670,DeviceTemperature,captis_pulse,kuluin,residential,30.3,30.3,30.3,30.3,1,2025-12-23T13:39:34.573Z
2022-07-12,2022,7,60456726,DeviceTemperature,captis_pulse,buderim,residential,9.5,9.5,9.5,9.5,1,2025-12-23T13:39:34.573Z
2022-07-13,2022,7,60456726,Battery,captis_pulse,buderim,residential,3.64,3.64,3.64,3.64,1,2025-12-23T13:39:34.573Z
2022-07-12,2022,7,72833,Pulse1,captis_pulse,kuluin,residential,129.0,7.588235294117647,124.0,0.0,17,2025-12-23T13:39:34.573Z
2022-07-12,2022,7,72833,Pulse1_Total,captis_pulse,kuluin,residential,3141966.0,184821.5294117647,184923.0,184777.0,17,2025-12-23T13:39:34.573Z
2022-07-12,2022,7,72833,DeviceTemperature,captis_pulse,kuluin,residential,13.6,13.6,13.6,13.6,1,2025-12-23T13:39:34.573Z
2022-07-13,2022,7,72833,Pulse1,captis_pulse,kuluin,residential,25.0,0.9615384615384616,14.0,0.0,26,2025-12-23T13:39:34.573Z
2022-07-13,2022,7,72833,Pulse1_Total,captis_pulse,kuluin,residential,4814616.0,185177.53846153847,185395.0,184975.0,26,2025-12-23T13:39:34.573Z
2022-07-13,2022,7,72833,DeviceTemperature,captis_pulse,kuluin,residential,19.2,19.2,19.2,19.2,1,2025-12-23T13:39:34.573Z
2022-07-12,2022,7,27446323,Pulse1,captis_pulse,maroochydore,residential,0.0,0.0,0.0,0.0,17,2025-12-23T13:39:34.573Z
2022-07-12,2022,7,27446323,Battery,captis_pulse,maroochydore,residential,3.64,3.64,3.64,3.64,1,2025-12-23T13:39:34.573Z
2022-07-13,2022,7,27446323,Pulse1,captis_pulse,maroochydore,residential,0.0,0.0,0.0,0.0,24,2025-12-23T13:39:34.573Z
2022-07-13,2022,7,27446323,DeviceTemperature,captis_pulse,maroochydore,residential,19.2,19.2,19.2,19.2,1,2025-12-23T13:39:34.573Z
2022-07-12,2022,7,60194007,Pulse1,captis_pulse,buderim,residential,0.0,0.0,0.0,0.0,2,2025-12-23T13:39:34.573Z
2022-07-12,2022,7,60194007,Pulse1_Total,captis_pulse,buderim,residential,18340.0,9170.0,9170.0,9170.0,2,2025-12-23T13:39:34.573Z
2022-07-12,2022,7,60194007,DeviceTemperature,captis_pulse,buderim,residential,43.480000000000004,14.493333333333334,15.48,13.3,3,2025-12-23T13:39:34.573Z
2022-07-12,2022,7,60194007,Battery,captis_pulse,buderim,residential,73.073,24.357666666666663,66.0,3.443,3,2025-12-23T13:39:34.573Z
2022-07-12,2022,7,65438204,Pulse1,captis_pulse,maroochydore,non-residential,0.0,0.0,0.0,0.0,17,2025-12-23T13:39:34.573Z
2022-07-12,2022,7,65438204,Pulse1_Total,captis_pulse,maroochydore,non-residential,1272195.0,74835.0,74835.0,74835.0,17,2025-12-23T13:39:34.573Z
2022-07-12,2022,7,65438204,Battery,captis_pulse,maroochydore,non-residential,74.365,24.78833333333333,69.0,1.725,3,2025-12-23T13:39:34.573Z
2022-07-13,2022,7,65438204,Pulse1,captis_pulse,maroochydore,non-residential,0.0,0.0,0.0,0.0,23,2025-12-23T13:39:34.573Z
2022-07-13,2022,7,65438204,Pulse1_Total,captis_pulse,maroochydore,non-residential,1721205.0,74835.0,74835.0,74835.0,23,2025-12-23T13:39:34.573Z
2022-07-12,2022,7,9080,Pulse1,captis_pulse,buderim,residential,9.0,0.5625,8.0,0.0,16,2025-12-23T13:39:34.573Z
2022-07-12,2022,7,9080,Pulse1_Total,captis_pulse,buderim,residential,2650064.0,165629.0,165634.0,165625.0,16,2025-12-23T13:39:34.573Z
2022-07-12,2022,7,9080,Battery,captis_pulse,buderim,residential,74.51400000000001,24.838000000000005,69.0,1.894,3,2025-12-23T13:39:34.573Z
2022-07-12,2022,7,9080,DeviceTemperature,captis_pulse,buderim,residential,5.3,5.3,5.3,5.3,1,2025-12-23T13:39:34.573Z
2022-07-13,2022,7,9080,Pulse1,captis_pulse,buderim,residential,130.0,5.0,44.0,0.0,26,2025-12-23T13:39:34.573Z
2022-07-13,2022,7,9080,Pulse1_Total,captis_pulse,buderim,residential,4309845.0,165763.26923076922,165960.0,165634.0,26,2025-12-23T13:39:34.573Z
2022-07-13,2022,7,9080,DeviceTemperature,captis_pulse,buderim,residential,25.8,25.8,25.8,25.8,1,2025-12-23T13:39:34.573Z
2022-07-12,2022,7,270417,Pulse1,captis_pulse,buderim,residential,106.0,6.625,73.0,0.0,16,2025-12-23T13:39:34.573Z
2022-07-12,2022,7,270417,Pulse1_Total,captis_pulse,buderim,residential,2533140.0,158321.25,158347.0,158207.0,16,2025-12-23T13:39:34.573Z
2022-07-12,2022,7,270417,Battery,captis_pulse,buderim,residential,73.333,24.444333333333333,68.0,1.703,3,2025-12-23T13:39:34.573Z
2022-07-12,2022,7,270417,DeviceTemperature,captis_pulse,buderim,residential,7.0,7.0,7.0,7.0,1,2025-12-23T13:39:34.573Z
2022-07-13,2022,7,270417,Pulse1,captis_pulse,buderim,residential,28.0,1.2173913043478262,15.0,0.0,23,2025-12-23T13:39:34.573Z
2022-07-13,2022,7,270417,Pulse1_Total,captis_pulse,buderim,residential,3642546.0,158371.5652173913,158420.0,158347.0,23,2025-12-23T13:39:34.573Z
2022-07-13,2022,7,270417,DeviceTemperature,captis_pulse,buderim,residential,33.3,33.3,33.3,33.3,1,2025-12-23T13:39:34.573Z
2022-07-12,2022,7,46380792,Pulse1,captis_pulse,maroochydore,residential,310.0,22.142857142857142,70.0,0.0,14,2025-12-23T13:39:34.573Z
2022-07-12,2022,7,46380792,Battery,captis_pulse,maroochydore,residential,1.885,1.885,1.885,1.885,1,2025-12-23T13:39:34.573Z
2022-07-13,2022,7,46380792,Pulse1,captis_pulse,maroochydore,residential,680.0,28.333333333333332,150.0,0.0,24,2025-12-23T13:39:34.573Z
2022-07-13,2022,7,46380792,DeviceTemperature,captis_pulse,maroochydore,residential,20.4,20.4,20.4,20.4,1,2025-12-23T13:39:34.573Z
2022-07-12,2022,7,61144944,Pulse1,captis_pulse,buderim,residential,22.0,1.375,10.0,0.0,16,2025-12-23T13:39:34.573Z
2022-07-12,2022,7,61144944,Pulse1_Total,captis_pulse,buderim,residential,969524.0,60595.25,60687.0,60580.0,16,2025-12-23T13:39:34.573Z
2022-07-13,2022,7,61144944,Pulse1,captis_pulse,buderim,residential,109.0,4.541666666666667,35.0,0.0,24,2025-12-23T13:39:34.573Z
2022-07-13,2022,7,61144944,Pulse1_Total,captis_pulse,buderim,residential,1459887.0,60828.625,60978.0,60725.0,24,2025-12-23T13:39:34.573Z
2022-07-13,2022,7,61144944,DeviceTemperature,captis_pulse,buderim,residential,18.7,18.7,18.7,18.7,1,2025-12-23T13:39:34.573Z
2022-07-12,2022,7,73866,Pulse1,captis_pulse,buderim,residential,0.0,0.0,0.0,0.0,8,2025-12-23T13:39:34.573Z
2022-07-12,2022,7,73866,Pulse1_Total,captis_pulse,buderim,residential,1493960.0,186745.0,186745.0,186745.0,8,2025-12-23T13:39:34.573Z
2022-07-12,2022,7,73866,DeviceTemperature,captis_pulse,buderim,residential,13.59,13.59,13.59,13.59,1,2025-12-23T13:39:34.573Z
2022-07-12,2022,7,73866,Battery,captis_pulse,buderim,residential,70.62,35.31,67.0,3.62,2,2025-12-23T13:39:34.573Z
2022-07-13,2022,7,73866,DeviceTemperature,captis_pulse,buderim,residential,24.1,24.1,24.1,24.1,1,2025-12-23T13:39:34.573Z
2022-07-12,2022,7,9202,Pulse1,captis_pulse,buderim,residential,43.0,2.5294117647058822,17.0,0.0,17,2025-12-23T13:39:34.573Z
2022-07-12,2022,7,9202,Pulse1_Total,captis_pulse,buderim,residential,7531431.0,443025.35294117645,443172.0,442987.0,17,2025-12-23T13:39:34.573Z
2022-07-12,2022,7,9202,Battery,captis_pulse,buderim,residential,76.567,25.522333333333332,71.0,1.937,3,2025-12-23T13:39:34.573Z
2022-07-12,2022,7,9202,DeviceTemperature,captis_pulse,buderim,residential,9.1,9.1,9.1,9.1,1,2025-12-23T13:39:34.573Z
2022-07-13,2022,7,9202,Pulse1,captis_pulse,buderim,residential,220.0,9.565217391304348,115.0,0.0,23,2025-12-23T13:39:34.573Z
2022-07-13,2022,7,9202,Pulse1_Total,captis_pulse,buderim,residential,1.0641952E7,443414.6666666667,443547.0,443179.0,24,2025-12-23T13:39:34.573Z
2022-07-13,2022,7,9202,DeviceTemperature,captis_pulse,buderim,residential,22.8,22.8,22.8,22.8,1,2025-12-23T13:39:34.573Z
2022-07-12,2022,7,9394261,Pulse1,captis_pulse,buderim,residential,32.0,1.6,9.0,0.0,20,2025-12-23T13:39:34.573Z
2022-07-12,2022,7,9394261,Pulse1_Total,captis_pulse,buderim,residential,4189921.0,209496.05,209635.0,209455.0,20,2025-12-23T13:39:34.573Z
2022-07-13,2022,7,9394261,Pulse1,captis_pulse,buderim,residential,195.0,8.125,76.0,0.0,24,2025-12-23T13:39:34.573Z
2022-07-13,2022,7,9394261,Pulse1_Total,captis_pulse,buderim,residential,5033394.0,209724.75,209863.0,209635.0,24,2025-12-23T13:39:34.573Z
2022-07-12,2022,7,46058019,Pulse1,captis_pulse,maroochydore,residential,2670.0,157.05882352941177,500.0,10.0,17,2025-12-23T13:39:34.573Z
2022-07-12,2022,7,46058019,DeviceTemperature,captis_pulse,maroochydore,residential,16.08,16.08,16.08,16.08,1,2025-12-23T13:39:34.573Z
2022-07-12,2022,7,46058019,Battery,captis_pulse,maroochydore,residential,74.652,24.884,69.0,2.022,3,2025-12-23T13:39:34.573Z
2022-07-13,2022,7,46058019,Pulse1,captis_pulse,maroochydore,residential,3740.0,143.84615384615384,310.0,20.0,26,2025-12-23T13:39:34.573Z
2022-07-12,2022,7,60219392,Pulse1,captis_pulse,buderim,residential,0.0,0.0,0.0,0.0,17,2025-12-23T13:39:34.573Z
2022-07-12,2022,7,60219392,Pulse1_Total,captis_pulse,buderim,residential,34.0,2.0,2.0,2.0,17,2025-12-23T13:39:34.573Z
2022-07-12,2022,7,60219392,DeviceTemperature,captis_pulse,buderim,residential,24.310000000000002,12.155000000000001,14.31,10.0,2,2025-12-23T13:39:34.573Z
2022-07-12,2022,7,60219392,Battery,captis_pulse,buderim,residential,71.64999999999999,23.88333333333333,66.0,2.02,3,2025-12-23T13:39:34.573Z
2022-07-13,2022,7,60219392,Pulse1,captis_pulse,buderim,residential,0.0,0.0,0.0,0.0,24,2025-12-23T13:39:34.573Z
2022-07-13,2022,7,60219392,Pulse1_Total,captis_pulse,buderim,residential,48.0,2.0,2.0,2.0,24,2025-12-23T13:39:34.573Z
2022-07-13,2022,7,60219392,DeviceTemperature,captis_pulse,buderim,residential,23.6,23.6,23.6,23.6,1,2025-12-23T13:39:34.573Z
2022-07-12,2022,7,81966172,Pulse1,captis_pulse,maroochydore,residential,0.0,0.0,0.0,0.0,16,2025-12-23T13:39:34.573Z
2022-07-12,2022,7,81966172,Pulse1_Total,captis_pulse,maroochydore,residential,1.1028688E7,689293.0,689293.0,689293.0,16,2025-12-23T13:39:34.573Z
2022-07-12,2022,7,81966172,DeviceTemperature,captis_pulse,maroochydore,residential,7.9,7.9,7.9,7.9,1,2025-12-23T13:39:34.573Z
2022-07-13,2022,7,81966172,DeviceTemperature,captis_pulse,maroochydore,residential,13.77,13.77,13.77,13.77,1,2025-12-23T13:39:34.573Z
2022-07-13,2022,7,81966172,Battery,captis_pulse,maroochydore,residential,71.65,35.825,68.0,3.65,2,2025-12-23T13:39:34.573Z
2022-07-12,2022,7,21810494,Pulse1,captis_pulse,peregian springs,non-residential,0.0,0.0,0.0,0.0,17,2025-12-23T13:39:34.573Z
2022-07-12,2022,7,21810494,DeviceTemperature,captis_pulse,peregian springs,non-residential,15.64,15.64,15.64,15.64,1,2025-12-23T13:39:34.573Z
2022-07-12,2022,7,21810494,Battery,captis_pulse,peregian springs,non-residential,3.59,3.59,3.59,3.59,1,2025-12-23T13:39:34.573Z
2022-07-13,2022,7,21810494,Pulse1,captis_pulse,peregian springs,non-residential,0.0,0.0,0.0,0.0,25,2025-12-23T13:39:34.573Z
2022-07-12,2022,7,296099,Pulse1,captis_pulse,kuluin,residential,14.0,0.6666666666666666,3.0,0.0,21,2025-12-23T13:39:34.573Z
2022-07-12,2022,7,296099,Pulse1_Total,captis_pulse,kuluin,residential,2367553.0,112740.61904761905,112762.0,112732.0,21,2025-12-23T13:39:34.573Z
2022-07-12,2022,7,296099,DeviceTemperature,captis_pulse,kuluin,residential,21.23,10.615,13.33,7.9,2,2025-12-23T13:39:34.573Z
2022-07-13,2022,7,296099,Pulse1,captis_pulse,kuluin,residential,49.0,2.0416666666666665,13.0,0.0,24,2025-12-23T13:39:34.573Z
2022-07-13,2022,7,296099,Pulse1_Total,captis_pulse,kuluin,residential,2707836.0,112826.5,112874.0,112773.0,24,2025-12-23T13:39:34.573Z
2022-07-13,2022,7,296099,DeviceTemperature,captis_pulse,kuluin,residential,17.7,17.7,17.7,17.7,1,2025-12-23T13:39:34.573Z
2022-07-12,2022,7,61190052,Pulse1,captis_pulse,buderim,residential,0.0,0.0,0.0,0.0,7,2025-12-23T13:39:34.573Z
2022-07-12,2022,7,61190052,Pulse1_Total,captis_pulse,buderim,residential,294896.0,42128.0,42128.0,42128.0,7,2025-12-23T13:39:34.573Z
2022-07-12,2022,7,15527,Pulse1,captis_pulse,buderim,residential,12.0,0.7058823529411765,1.0,0.0,17,2025-12-23T13:39:34.573Z
2022-07-12,2022,7,15527,Pulse1_Total,captis_pulse,buderim,residential,2035921.0,119760.05882352941,119771.0,119750.0,17,2025-12-23T13:39:34.573Z
2022-07-13,2022,7,15527,Pulse1,captis_pulse,buderim,residential,68.0,2.72,19.0,0.0,25,2025-12-23T13:39:34.573Z
2022-07-13,2022,7,15527,Pulse1_Total,captis_pulse,buderim,residential,2997463.0,119898.52,119955.0,119773.0,25,2025-12-23T13:39:34.573Z
2022-07-12,2022,7,595395,Pulse1,captis_pulse,kuluin,residential,42.0,2.4705882352941178,17.0,0.0,17,2025-12-23T13:39:34.573Z
2022-07-12,2022,7,595395,Pulse1_Total,captis_pulse,kuluin,residential,3797853.0,223403.11764705883,223467.0,223387.0,17,2025-12-23T13:39:34.573Z
2022-07-12,2022,7,595395,DeviceTemperature,captis_pulse,kuluin,residential,15.63,15.63,15.63,15.63,1,2025-12-23T13:39:34.573Z
2022-07-12,2022,7,595395,Battery,captis_pulse,kuluin,residential,72.3,24.099999999999998,67.0,1.66,3,2025-12-23T13:39:34.573Z
2022-07-13,2022,7,595395,Pulse1,captis_pulse,kuluin,residential,45.0,1.9565217391304348,11.0,0.0,23,2025-12-23T13:39:34.573Z
2022-07-13,2022,7,595395,Pulse1_Total,captis_pulse,kuluin,residential,5141712.0,223552.69565217392,223613.0,223473.0,23,2025-12-23T13:39:34.573Z
2022-07-12,2022,7,62419764,Pulse1,captis_pulse,buderim,residential,0.0,0.0,0.0,0.0,17,2025-12-23T13:39:34.573Z
2022-07-12,2022,7,62419764,Pulse1_Total,captis_pulse,buderim,residential,543150.0,31950.0,31950.0,31950.0,17,2025-12-23T13:39:34.573Z
2022-07-13,2022,7,62419764,Pulse1,captis_pulse,buderim,residential,0.0,0.0,0.0,0.0,24,2025-12-23T13:39:34.573Z
2022-07-13,2022,7,62419764,Pulse1_Total,captis_pulse,buderim,residential,766810.0,31950.416666666668,31951.0,31950.0,24,2025-12-23T13:39:34.573Z
2022-07-12,2022,7,2691,Pulse1,captis_pulse,buderim,residential,205.0,12.058823529411764,103.0,0.0,17,2025-12-23T13:39:34.573Z
2022-07-12,2022,7,2691,Pulse1_Total,captis_pulse,buderim,residential,8074668.0,474980.4705882353,475218.0,474945.0,17,2025-12-23T13:39:34.573Z
2022-07-12,2022,7,2691,Battery,captis_pulse,buderim,residential,1.912,1.912,1.912,1.912,1,2025-12-23T13:39:34.573Z
2022-07-13,2022,7,2691,Pulse1_Total,captis_pulse,buderim,residential,1.093366E7,475376.52173913043,475563.0,475285.0,23,2025-12-23T13:39:34.573Z
2022-07-13,2022,7,2691,Pulse1,captis_pulse,buderim,residential,150.0,6.818181818181818,82.0,0.0,22,2025-12-23T13:39:34.573Z
2022-07-13,2022,7,2691,DeviceTemperature,captis_pulse,buderim,residential,30.9,30.9,30.9,30.9,1,2025-12-23T13:39:34.573Z
2022-07-12,2022,7,273456,Pulse1,captis_pulse,buderim,residential,68.0,4.533333333333333,60.0,0.0,15,2025-12-23T13:39:34.573Z
2022-07-12,2022,7,273456,Pulse1_Total,captis_pulse,buderim,residential,4070526.0,271368.4,271451.0,271339.0,15,2025-12-23T13:39:34.573Z
2022-07-12,2022,7,273456,DeviceTemperature,captis_pulse,buderim,residential,7.3,7.3,7.3,7.3,1,2025-12-23T13:39:34.573Z
2022-07-13,2022,7,273456,Pulse1,captis_pulse,buderim,residential,44.0,1.8333333333333333,24.0,0.0,24,2025-12-23T13:39:34.573Z
2022-07-13,2022,7,273456,Pulse1_Total,captis_pulse,buderim,residential,6515733.0,271488.875,271552.0,271452.0,24,2025-12-23T13:39:34.573Z
2022-07-13,2022,7,273456,DeviceTemperature,captis_pulse,buderim,residential,23.0,23.0,23.0,23.0,1,2025-12-23T13:39:34.573Z
2022-07-12,2022,7,28489989,Pulse1,captis_pulse,maroochydore,residential,6030.0,402.0,1120.0,30.0,15,2025-12-23T13:39:34.573Z
2022-07-13,2022,7,28489989,Pulse1,captis_pulse,maroochydore,residential,13050.0,522.0,1670.0,240.0,25,2025-12-23T13:39:34.573Z
2022-07-13,2022,7,28489989,DeviceTemperature,captis_pulse,maroochydore,residential,30.6,30.6,30.6,30.6,1,2025-12-23T13:39:34.573Z
2022-07-12,2022,7,45121196,Pulse1,captis_pulse,mountain creek,residential,13.0,0.7647058823529411,1.0,0.0,17,2025-12-23T13:39:34.573Z
2022-07-12,2022,7,45121196,Pulse1_Total,captis_pulse,mountain creek,residential,3283040.0,193120.0,193136.0,193098.0,17,2025-12-23T13:39:34.573Z
2022-07-12,2022,7,45121196,DeviceTemperature,captis_pulse,mountain creek,residential,13.55,13.55,13.55,13.55,1,2025-12-23T13:39:34.573Z
2022-07-12,2022,7,45121196,Battery,captis_pulse,mountain creek,residential,1.713,1.713,1.713,1.713,1,2025-12-23T13:39:34.573Z
2022-07-13,2022,7,45121196,Pulse1,captis_pulse,mountain creek,residential,77.0,3.08,25.0,0.0,25,2025-12-23T13:39:34.573Z
2022-07-13,2022,7,45121196,Pulse1_Total,captis_pulse,mountain creek,residential,4831615.0,193264.6,193324.0,193138.0,25,2025-12-23T13:39:34.573Z
2022-07-12,2022,7,60483133,Pulse1,captis_pulse,buderim,residential,0.0,0.0,0.0,0.0,16,2025-12-23T13:39:34.573Z
2022-07-12,2022,7,60483133,Pulse1_Total,captis_pulse,buderim,residential,480.0,30.0,30.0,30.0,16,2025-12-23T13:39:34.573Z
2022-07-13,2022,7,60483133,Pulse1,captis_pulse,buderim,residential,0.0,0.0,0.0,0.0,14,2025-12-23T13:39:34.573Z
2022-07-13,2022,7,60483133,Pulse1_Total,captis_pulse,buderim,residential,420.0,30.0,30.0,30.0,14,2025-12-23T13:39:34.573Z
2022-07-12,2022,7,62365839,Pulse1,captis_pulse,buderim,residential,12.0,0.75,12.0,0.0,16,2025-12-23T13:39:34.573Z
2022-07-12,2022,7,62365839,Pulse1_Total,captis_pulse,buderim,residential,620552.0,38784.5,38853.0,38769.0,16,2025-12-23T13:39:34.573Z
2022-07-12,2022,7,62365839,DeviceTemperature,captis_pulse,buderim,residential,13.07,13.07,13.07,13.07,1,2025-12-23T13:39:34.573Z
2022-07-12,2022,7,62365839,Battery,captis_pulse,buderim,residential,76.72,25.573333333333334,71.0,2.08,3,2025-12-23T13:39:34.573Z
2022-07-13,2022,7,62365839,Pulse1,captis_pulse,buderim,residential,74.0,2.8461538461538463,41.0,0.0,26,2025-12-23T13:39:34.573Z
2022-07-13,2022,7,62365839,Pulse1_Total,captis_pulse,buderim,residential,1013369.0,38975.730769230766,38984.0,38902.0,26,2025-12-23T13:39:34.573Z
2022-07-12,2022,7,68985066,Pulse1,captis_pulse,buderim,residential,0.0,0.0,0.0,0.0,14,2025-12-23T13:39:34.573Z
2022-07-12,2022,7,68985066,Pulse1_Total,captis_pulse,buderim,residential,708064.0,50576.0,50576.0,50576.0,14,2025-12-23T13:39:34.573Z
2022-07-12,2022,7,68985066,DeviceTemperature,captis_pulse,buderim,residential,10.2,10.2,10.2,10.2,1,2025-12-23T13:39:34.573Z
2022-07-13,2022,7,68985066,Pulse1,captis_pulse,buderim,residential,0.0,0.0,0.0,0.0,13,2025-12-23T13:39:34.573Z
2022-07-13,2022,7,68985066,Pulse1_Total,captis_pulse,buderim,residential,657488.0,50576.0,50576.0,50576.0,13,2025-12-23T13:39:34.573Z
2022-07-13,2022,7,68985066,DeviceTemperature,captis_pulse,buderim,residential,12.98,12.98,12.98,12.98,1,2025-12-23T13:39:34.573Z
2022-07-12,2022,7,588695,Pulse1,captis_pulse,buderim,residential,9.0,0.5294117647058824,6.0,0.0,17,2025-12-23T13:39:34.573Z
2022-07-12,2022,7,588695,Pulse1_Total,captis_pulse,buderim,residential,2083442.0,122555.41176470589,122570.0,122549.0,17,2025-12-23T13:39:34.573Z
2022-07-12,2022,7,588695,DeviceTemperature,captis_pulse,buderim,residential,9.7,9.7,9.7,9.7,1,2025-12-23T13:39:34.573Z
2022-07-13,2022,7,588695,Pulse1,captis_pulse,buderim,residential,22.0,0.9565217391304348,6.0,0.0,23,2025-12-23T13:39:34.573Z
2022-07-13,2022,7,588695,Pulse1_Total,captis_pulse,buderim,residential,2819554.0,122589.30434782608,122620.0,122571.0,23,2025-12-23T13:39:34.573Z
2022-07-12,2022,7,60449965,Pulse1,captis_pulse,buderim,residential,33.0,2.357142857142857,18.0,0.0,14,2025-12-23T13:39:34.573Z
2022-07-12,2022,7,60449965,Pulse1_Total,captis_pulse,buderim,residential,817607.0,58400.5,58461.0,58365.0,14,2025-12-23T13:39:34.573Z
2022-07-13,2022,7,60449965,Pulse1,captis_pulse,buderim,residential,76.0,3.1666666666666665,17.0,0.0,24,2025-12-23T13:39:34.573Z
2022-07-13,2022,7,60449965,Pulse1_Total,captis_pulse,buderim,residential,1409455.0,58727.291666666664,58791.0,58466.0,24,2025-12-23T13:39:34.573Z
2022-07-13,2022,7,60449965,Battery,captis_pulse,buderim,residential,3.64,3.64,3.64,3.64,1,2025-12-23T13:39:34.573Z
2022-07-12,2022,7,60563688,Pulse1,captis_pulse,buderim,residential,40.0,2.6666666666666665,20.0,0.0,15,2025-12-23T13:39:34.573Z
2022-07-12,2022,7,60563688,Pulse1_Total,captis_pulse,buderim,residential,1084105.0,72273.66666666667,72329.0,72264.0,15,2025-12-23T13:39:34.573Z
2022-07-13,2022,7,60563688,Pulse1,captis_pulse,buderim,residential,212.0,8.833333333333334,79.0,0.0,24,2025-12-23T13:39:34.573Z
2022-07-13,2022,7,60563688,Pulse1_Total,captis_pulse,buderim,residential,1739499.0,72479.125,72665.0,72395.0,24,2025-12-23T13:39:34.573Z
2022-07-12,2022,7,62362043,Pulse1,captis_pulse,buderim,residential,112.0,5.6,34.0,0.0,20,2025-12-23T13:39:34.573Z
2022-07-12,2022,7,62362043,Pulse1_Total,captis_pulse,buderim,residential,1664991.0,83249.55,83395.0,83215.0,20,2025-12-23T13:39:34.573Z
2022-07-12,2022,7,62362043,DeviceTemperature,captis_pulse,buderim,residential,10.74,10.74,10.74,10.74,1,2025-12-23T13:39:34.573Z
2022-07-12,2022,7,62362043,Battery,captis_pulse,buderim,residential,32.196,10.732,26.0,2.576,3,2025-12-23T13:39:34.573Z
2022-07-13,2022,7,62362043,Pulse1,captis_pulse,buderim,residential,216.0,7.714285714285714,68.0,0.0,28,2025-12-23T13:39:34.573Z
2022-07-13,2022,7,62362043,Pulse1_Total,captis_pulse,buderim,residential,2339990.0,83571.07142857143,83722.0,83399.0,28,2025-12-23T13:39:34.573Z
2022-07-13,2022,7,62362043,DeviceTemperature,captis_pulse,buderim,residential,17.1,17.1,17.1,17.1,1,2025-12-23T13:39:34.573Z
2022-07-12,2022,7,81969311,Pulse1,captis_pulse,maroochydore,residential,165.0,11.785714285714286,75.0,0.0,14,2025-12-23T13:39:34.573Z
2022-07-12,2022,7,81969311,DeviceTemperature,captis_pulse,maroochydore,residential,28.88,14.44,15.68,13.2,2,2025-12-23T13:39:34.573Z
2022-07-12,2022,7,81969311,Battery,captis_pulse,maroochydore,residential,72.63,36.315,69.0,3.63,2,2025-12-23T13:39:34.573Z
2022-07-12,2022,7,81971053,Pulse1,captis_pulse,maroochydore,non-residential,5.0,0.45454545454545453,5.0,0.0,11,2025-12-23T13:39:34.573Z
2022-07-12,2022,7,81971053,DeviceTemperature,captis_pulse,maroochydore,non-residential,14.57,14.57,14.57,14.57,1,2025-12-23T13:39:34.573Z
2022-07-12,2022,7,2277,Pulse1,captis_pulse,maroochydore,residential,16.0,0.9411764705882353,12.0,0.0,17,2025-12-23T13:39:34.573Z
2022-07-12,2022,7,2277,Pulse1_Total,captis_pulse,maroochydore,residential,3809018.0,224059.88235294117,224097.0,224042.0,17,2025-12-23T13:39:34.573Z
2022-07-12,2022,7,2277,DeviceTemperature,captis_pulse,maroochydore,residential,26.98,8.993333333333334,13.48,6.0,3,2025-12-23T13:39:34.573Z
2022-07-13,2022,7,2277,Pulse1,captis_pulse,maroochydore,residential,100.0,3.8461538461538463,36.0,0.0,26,2025-12-23T13:39:34.573Z
2022-07-13,2022,7,2277,Pulse1_Total,captis_pulse,maroochydore,residential,5828318.0,224166.07692307694,224243.0,224097.0,26,2025-12-23T13:39:34.573Z
2022-07-12,2022,7,275819,Pulse1,captis_pulse,buderim,residential,22.0,1.2941176470588236,11.0,0.0,17,2025-12-23T13:39:34.573Z
2022-07-12,2022,7,275819,Pulse1_Total,captis_pulse,buderim,residential,2658393.0,166149.5625,166188.0,166139.0,16,2025-12-23T13:39:34.573Z
2022-07-12,2022,7,275819,DeviceTemperature,captis_pulse,buderim,residential,20.16,10.08,13.36,6.8,2,2025-12-23T13:39:34.573Z
2022-07-13,2022,7,275819,Pulse1,captis_pulse,buderim,residential,52.0,2.1666666666666665,9.0,0.0,24,2025-12-23T13:39:34.573Z
2022-07-13,2022,7,275819,Pulse1_Total,captis_pulse,buderim,residential,3991420.0,166309.16666666666,166356.0,166222.0,24,2025-12-23T13:39:34.573Z
2022-07-13,2022,7,275819,DeviceTemperature,captis_pulse,buderim,residential,30.5,30.5,30.5,30.5,1,2025-12-23T13:39:34.573Z
2022-07-12,2022,7,288542,Pulse1,captis_pulse,kuluin,residential,9.0,0.5,6.0,0.0,18,2025-12-23T13:39:34.573Z
2022-07-12,2022,7,288542,Pulse1_Total,captis_pulse,kuluin,residential,5975839.0,351519.9411764706,351539.0,351509.0,17,2025-12-23T13:39:34.573Z
2022-07-12,2022,7,288542,DeviceTemperature,captis_pulse,kuluin,residential,5.8,5.8,5.8,5.8,1,2025-12-23T13:39:34.573Z
2022-07-13,2022,7,288542,Pulse1,captis_pulse,kuluin,residential,182.0,7.913043478260869,86.0,0.0,23,2025-12-23T13:39:34.573Z
2022-07-13,2022,7,288542,Pulse1_Total,captis_pulse,kuluin,residential,8088484.0,351673.2173913043,351885.0,351539.0,23,2025-12-23T13:39:34.573Z
2022-07-12,2022,7,37093650,Pulse1,captis_pulse,mountain creek,non-residential,31.0,1.9375,17.0,0.0,16,2025-12-23T13:39:34.573Z
2022-07-12,2022,7,37093650,Pulse1_Total,captis_pulse,mountain creek,non-residential,1808629.0,113039.3125,113102.0,113025.0,16,2025-12-23T13:39:34.573Z
2022-07-12,2022,7,37093650,Battery,captis_pulse,mountain creek,non-residential,75.46,25.153333333333332,70.0,1.82,3,2025-12-23T13:39:34.573Z
2022-07-12,2022,7,37093650,DeviceTemperature,captis_pulse,mountain creek,non-residential,15.5,15.5,15.5,15.5,1,2025-12-23T13:39:34.573Z
2022-07-13,2022,7,37093650,Pulse1,captis_pulse,mountain creek,non-residential,211.0,8.44,59.0,0.0,25,2025-12-23T13:39:34.573Z
2022-07-13,2022,7,37093650,Pulse1_Total,captis_pulse,mountain creek,non-residential,2836723.0,113468.92,113603.0,113128.0,25,2025-12-23T13:39:34.573Z
2022-07-12,2022,7,61580614,Pulse1,captis_pulse,buderim,residential,0.0,0.0,0.0,0.0,16,2025-12-23T13:39:34.573Z
2022-07-12,2022,7,61580614,Pulse1_Total,captis_pulse,buderim,residential,624.0,39.0,39.0,39.0,16,2025-12-23T13:39:34.573Z
2022-07-12,2022,7,61580614,Battery,captis_pulse,buderim,residential,73.595,24.531666666666666,68.0,1.955,3,2025-12-23T13:39:34.573Z
2022-07-12,2022,7,61580614,DeviceTemperature,captis_pulse,buderim,residential,9.9,9.9,9.9,9.9,1,2025-12-23T13:39:34.573Z
2022-07-13,2022,7,61580614,Pulse1,captis_pulse,buderim,residential,0.0,0.0,0.0,0.0,23,2025-12-23T13:39:34.573Z
2022-07-13,2022,7,61580614,Pulse1_Total,captis_pulse,buderim,residential,897.0,39.0,39.0,39.0,23,2025-12-23T13:39:34.573Z
2022-07-13,2022,7,61580614,DeviceTemperature,captis_pulse,buderim,residential,20.5,20.5,20.5,20.5,1,2025-12-23T13:39:34.573Z
2022-07-12,2022,7,46056632,Pulse1,captis_pulse,maroochydore,residential,540.0,31.764705882352942,130.0,0.0,17,2025-12-23T13:39:34.573Z
2022-07-12,2022,7,46056632,DeviceTemperature,captis_pulse,maroochydore,residential,22.92,11.46,14.02,8.9,2,2025-12-23T13:39:34.573Z
2022-07-12,2022,7,46056632,Battery,captis_pulse,maroochydore,residential,73.76899999999999,24.589666666666663,68.0,2.139,3,2025-12-23T13:39:34.573Z
2022-07-13,2022,7,46056632,Pulse1,captis_pulse,maroochydore,residential,1390.0,57.916666666666664,210.0,0.0,24,2025-12-23T13:39:34.573Z
2022-07-12,2022,7,61280482,Pulse1,captis_pulse,buderim,residential,101.0,5.611111111111111,39.0,0.0,18,2025-12-23T13:39:34.573Z
2022-07-12,2022,7,61280482,Pulse1_Total,captis_pulse,buderim,residential,2162636.0,120146.44444444444,120265.0,120100.0,18,2025-12-23T13:39:34.573Z
2022-07-12,2022,7,61280482,DeviceTemperature,captis_pulse,buderim,residential,23.36,11.68,13.46,9.9,2,2025-12-23T13:39:34.573Z
2022-07-13,2022,7,61280482,Pulse1_Total,captis_pulse,buderim,residential,2768552.0,120371.82608695653,120591.0,120304.0,23,2025-12-23T13:39:34.573Z
2022-07-13,2022,7,61280482,Pulse1,captis_pulse,buderim,residential,129.0,5.608695652173913,39.0,0.0,23,2025-12-23T13:39:34.573Z
2022-07-12,2022,7,81963606,Pulse1,captis_pulse,kuluin,residential,23.0,1.4375,8.0,0.0,16,2025-12-23T13:39:34.573Z
2022-07-12,2022,7,81963606,Pulse1_Total,captis_pulse,kuluin,residential,3730819.0,233176.1875,233199.0,233164.0,16,2025-12-23T13:39:34.573Z
2022-07-12,2022,7,81963606,DeviceTemperature,captis_pulse,kuluin,residential,15.0,15.0,15.0,15.0,1,2025-12-23T13:39:34.573Z
2022-07-13,2022,7,81963606,Pulse1,captis_pulse,kuluin,residential,1.0,1.0,1.0,1.0,1,2025-12-23T13:39:34.573Z
2022-07-13,2022,7,81963606,Pulse1_Total,captis_pulse,kuluin,residential,233200.0,233200.0,233200.0,233200.0,1,2025-12-23T13:39:34.573Z
2022-07-12,2022,7,314767,Pulse1,captis_pulse,buderim,residential,55.0,3.235294117647059,28.0,0.0,17,2025-12-23T13:39:34.573Z
2022-07-12,2022,7,314767,Pulse1_Total,captis_pulse,buderim,residential,6925309.0,407371.1176470588,407556.0,407284.0,17,2025-12-23T13:39:34.573Z
2022-07-12,2022,7,314767,DeviceTemperature,captis_pulse,buderim,residential,20.61,10.305,13.71,6.9,2,2025-12-23T13:39:34.573Z
2022-07-12,2022,7,314767,Battery,captis_pulse,buderim,residential,73.24499999999999,24.414999999999996,68.0,1.615,3,2025-12-23T13:39:34.573Z
2022-07-13,2022,7,314767,Pulse1,captis_pulse,buderim,residential,220.0,9.166666666666666,51.0,0.0,24,2025-12-23T13:39:34.573Z
2022-07-13,2022,7,314767,Pulse1_Total,captis_pulse,buderim,residential,9784781.0,407699.2083333333,408006.0,407559.0,24,2025-12-23T13:39:34.573Z
2022-07-13,2022,7,314767,DeviceTemperature,captis_pulse,buderim,residential,27.5,27.5,27.5,27.5,1,2025-12-23T13:39:34.573Z
2022-07-12,2022,7,421,Pulse1,captis_pulse,maroochydore,residential,1.0,0.0625,1.0,0.0,16,2025-12-23T13:39:34.573Z
2022-07-12,2022,7,421,Pulse1_Total,captis_pulse,maroochydore,residential,1700796.0,106299.75,106318.0,106293.0,16,2025-12-23T13:39:34.573Z
2022-07-12,2022,7,421,Battery,captis_pulse,maroochydore,residential,2.017,2.017,2.017,2.017,1,2025-12-23T13:39:34.573Z
2022-07-13,2022,7,421,Pulse1,captis_pulse,maroochydore,residential,45.0,1.875,15.0,0.0,24,2025-12-23T13:39:34.573Z
2022-07-13,2022,7,421,Pulse1_Total,captis_pulse,maroochydore,residential,2552836.0,106368.16666666667,106393.0,106333.0,24,2025-12-23T13:39:34.573Z
2022-07-13,2022,7,421,DeviceTemperature,captis_pulse,maroochydore,residential,29.7,29.7,29.7,29.7,1,2025-12-23T13:39:34.573Z
2022-07-12,2022,7,46057473,Pulse1,captis_pulse,maroochydore,non-residential,2700.0,158.8235294117647,640.0,0.0,17,2025-12-23T13:39:34.573Z
2022-07-12,2022,7,46057473,DeviceTemperature,captis_pulse,maroochydore,non-residential,8.1,8.1,8.1,8.1,1,2025-12-23T13:39:34.573Z
2022-07-13,2022,7,46057473,Pulse1,captis_pulse,maroochydore,non-residential,600.0,25.0,70.0,0.0,24,2025-12-23T13:39:34.573Z
2022-07-12,2022,7,63067285,Pulse1,captis_pulse,buderim,residential,3.0,0.17647058823529413,2.0,0.0,17,2025-12-23T13:39:34.573Z
2022-07-12,2022,7,63067285,Pulse1_Total,captis_pulse,buderim,residential,7177892.0,422228.9411764706,422237.0,422221.0,17,2025-12-23T13:39:34.573Z
2022-07-12,2022,7,63067285,DeviceTemperature,captis_pulse,buderim,residential,12.77,12.77,12.77,12.77,1,2025-12-23T13:39:34.573Z
2022-07-12,2022,7,63067285,Battery,captis_pulse,buderim,residential,3.64,3.64,3.64,3.64,1,2025-12-23T13:39:34.573Z
2022-07-13,2022,7,63067285,Pulse1,captis_pulse,buderim,residential,13.0,0.5416666666666666,3.0,0.0,24,2025-12-23T13:39:34.573Z
2022-07-13,2022,7,63067285,Pulse1_Total,captis_pulse,buderim,residential,1.0133987E7,422249.4583333333,422260.0,422239.0,24,2025-12-23T13:39:34.573Z
2022-07-12,2022,7,76298,Pulse1,captis_pulse,buderim,residential,69.0,4.0588235294117645,17.0,1.0,17,2025-12-23T13:39:34.573Z
2022-07-12,2022,7,76298,Pulse1_Total,captis_pulse,buderim,residential,6344701.0,373217.70588235295,373305.0,373168.0,17,2025-12-23T13:39:34.573Z
2022-07-12,2022,7,76298,DeviceTemperature,captis_pulse,buderim,residential,31.76,15.88,16.96,14.8,2,2025-12-23T13:39:34.573Z
2022-07-13,2022,7,76298,Pulse1,captis_pulse,buderim,residential,79.0,3.0384615384615383,14.0,1.0,26,2025-12-23T13:39:34.573Z
2022-07-13,2022,7,76298,Pulse1_Total,captis_pulse,buderim,residential,9708347.0,373397.96153846156,373487.0,373310.0,26,2025-12-23T13:39:34.573Z
2022-07-12,2022,7,10299354,Pulse1,captis_pulse,buderim,residential,0.0,0.0,0.0,0.0,17,2025-12-23T13:39:34.573Z
2022-07-12,2022,7,10299354,Pulse1_Total,captis_pulse,buderim,residential,510.0,30.0,30.0,30.0,17,2025-12-23T13:39:34.573Z
2022-07-12,2022,7,10299354,DeviceTemperature,captis_pulse,buderim,residential,15.63,15.63,15.63,15.63,1,2025-12-23T13:39:34.573Z
2022-07-13,2022,7,10299354,Pulse1,captis_pulse,buderim,residential,0.0,0.0,0.0,0.0,25,2025-12-23T13:39:34.573Z
2022-07-13,2022,7,10299354,Pulse1_Total,captis_pulse,buderim,residential,720.0,30.0,30.0,30.0,24,2025-12-23T13:39:34.573Z
2022-07-13,2022,7,10299354,DeviceTemperature,captis_pulse,buderim,residential,16.3,16.3,16.3,16.3,1,2025-12-23T13:39:34.573Z
2022-07-12,2022,7,333896,Pulse1,captis_pulse,buderim,residential,54.0,3.0,20.0,0.0,18,2025-12-23T13:39:34.573Z
2022-07-12,2022,7,333896,Pulse1_Total,captis_pulse,buderim,residential,7578380.0,421021.1111111111,421194.0,421001.0,18,2025-12-23T13:39:34.573Z
2022-07-12,2022,7,333896,Battery,captis_pulse,buderim,residential,74.26700000000001,24.75566666666667,69.0,1.647,3,2025-12-23T13:39:34.573Z
2022-07-13,2022,7,333896,Pulse1,captis_pulse,buderim,residential,273.0,11.375,70.0,0.0,24,2025-12-23T13:39:34.573Z
2022-07-13,2022,7,333896,Pulse1_Total,captis_pulse,buderim,residential,1.0115874E7,421494.75,421774.0,421271.0,24,2025-12-23T13:39:34.573Z
2022-07-13,2022,7,333896,DeviceTemperature,captis_pulse,buderim,residential,20.9,20.9,20.9,20.9,1,2025-12-23T13:39:34.573Z
2022-07-12,2022,7,334680,Pulse1,captis_pulse,buderim,residential,32.0,2.0,30.0,0.0,16,2025-12-23T13:39:34.573Z
2022-07-12,2022,7,334680,Pulse1_Total,captis_pulse,buderim,residential,2422524.0,151407.75,151529.0,151363.0,16,2025-12-23T13:39:34.573Z
2022-07-12,2022,7,334680,DeviceTemperature,captis_pulse,buderim,residential,9.9,9.9,9.9,9.9,1,2025-12-23T13:39:34.573Z
2022-07-12,2022,7,334680,Battery,captis_pulse,buderim,residential,75.368,25.122666666666664,70.0,1.768,3,2025-12-23T13:39:34.573Z
2022-07-13,2022,7,334680,Pulse1,captis_pulse,buderim,residential,231.0,9.625,56.0,0.0,24,2025-12-23T13:39:34.573Z
2022-07-13,2022,7,334680,Pulse1_Total,captis_pulse,buderim,residential,3640657.0,151694.04166666666,151859.0,151529.0,24,2025-12-23T13:39:34.573Z
2022-07-13,2022,7,334680,DeviceTemperature,captis_pulse,buderim,residential,23.5,23.5,23.5,23.5,1,2025-12-23T13:39:34.573Z
2022-07-12,2022,7,60375596,Pulse1,captis_pulse,buderim,residential,0.0,0.0,0.0,0.0,7,2025-12-23T13:39:34.573Z
2022-07-12,2022,7,60375596,Pulse1_Total,captis_pulse,buderim,residential,119630.0,17090.0,17090.0,17090.0,7,2025-12-23T13:39:34.573Z
2022-07-12,2022,7,60380115,Pulse1,captis_pulse,buderim,residential,95.0,5.9375,70.0,0.0,16,2025-12-23T13:39:34.573Z
2022-07-12,2022,7,60380115,Pulse1_Total,captis_pulse,buderim,residential,1404185.0,87761.5625,87869.0,87705.0,16,2025-12-23T13:39:34.573Z
2022-07-13,2022,7,60380115,Pulse1,captis_pulse,buderim,residential,0.0,0.0,0.0,0.0,24,2025-12-23T13:39:34.573Z
2022-07-13,2022,7,60380115,Pulse1_Total,captis_pulse,buderim,residential,2108888.0,87870.33333333333,87871.0,87869.0,24,2025-12-23T13:39:34.573Z
2022-07-13,2022,7,60380115,DeviceTemperature,captis_pulse,buderim,residential,19.3,19.3,19.3,19.3,1,2025-12-23T13:39:34.573Z
2022-07-12,2022,7,71891,Pulse1,captis_pulse,buderim,residential,104.0,6.117647058823529,55.0,0.0,17,2025-12-23T13:39:34.573Z
2022-07-12,2022,7,71891,Pulse1_Total,captis_pulse,buderim,residential,3359402.0,197611.88235294117,197741.0,197556.0,17,2025-12-23T13:39:34.573Z
2022-07-12,2022,7,71891,Battery,captis_pulse,buderim,residential,1.52,1.52,1.52,1.52,1,2025-12-23T13:39:34.573Z
2022-07-12,2022,7,71891,DeviceTemperature,captis_pulse,buderim,residential,6.5,6.5,6.5,6.5,1,2025-12-23T13:39:34.573Z
2022-07-13,2022,7,71891,Pulse1,captis_pulse,buderim,residential,94.0,3.76,33.0,0.0,25,2025-12-23T13:39:34.573Z
2022-07-13,2022,7,71891,Pulse1_Total,captis_pulse,buderim,residential,4945650.0,197826.0,197930.0,197751.0,25,2025-12-23T13:39:34.573Z
2022-07-12,2022,7,81968489,Pulse1,captis_pulse,maroochydore,residential,235.0,14.6875,110.0,0.0,16,2025-12-23T13:39:34.573Z
2022-07-12,2022,7,81968489,DeviceTemperature,captis_pulse,maroochydore,residential,8.6,8.6,8.6,8.6,1,2025-12-23T13:39:34.573Z
2022-07-13,2022,7,81968489,Pulse1,captis_pulse,maroochydore,residential,25.0,5.0,20.0,0.0,5,2025-12-23T13:39:34.573Z
2022-07-13,2022,7,81968489,DeviceTemperature,captis_pulse,maroochydore,residential,12.83,12.83,12.83,12.83,1,2025-12-23T13:39:34.573Z
2022-07-13,2022,7,81968489,Battery,captis_pulse,maroochydore,residential,72.63,36.315,69.0,3.63,2,2025-12-23T13:39:34.573Z
2022-07-12,2022,7,13283,Pulse1,captis_pulse,buderim,residential,90.0,6.428571428571429,52.0,0.0,14,2025-12-23T13:39:34.573Z
2022-07-12,2022,7,13283,Pulse1_Total,captis_pulse,buderim,residential,3990088.0,285006.28571428574,285138.0,284911.0,14,2025-12-23T13:39:34.573Z
2022-07-12,2022,7,13283,DeviceTemperature,captis_pulse,buderim,residential,25.45,12.725,15.25,10.2,2,2025-12-23T13:39:34.573Z
2022-07-12,2022,7,13283,Battery,captis_pulse,buderim,residential,74.122,24.707333333333334,68.0,2.482,3,2025-12-23T13:39:34.573Z
2022-07-13,2022,7,13283,Pulse1,captis_pulse,buderim,residential,31.0,1.2916666666666667,7.0,0.0,24,2025-12-23T13:39:34.573Z
2022-07-13,2022,7,13283,Pulse1_Total,captis_pulse,buderim,residential,6843819.0,285159.125,285178.0,285142.0,24,2025-12-23T13:39:34.573Z
2022-07-13,2022,7,13283,DeviceTemperature,captis_pulse,buderim,residential,31.6,31.6,31.6,31.6,1,2025-12-23T13:39:34.573Z
2022-07-12,2022,7,46056338,Pulse1,captis_pulse,griffin,non-residential,1630.0,90.55555555555556,100.0,80.0,18,2025-12-23T13:39:34.573Z
2022-07-12,2022,7,46056338,Pulse1_Total,captis_pulse,griffin,non-residential,1.5882946E7,882385.8888888889,884407.0,880877.0,18,2025-12-23T13:39:34.573Z
2022-07-13,2022,7,46056338,Pulse1,captis_pulse,griffin,non-residential,2230.0,92.91666666666667,100.0,80.0,24,2025-12-23T13:39:34.573Z
2022-07-13,2022,7,46056338,Pulse1_Total,captis_pulse,griffin,non-residential,2.1288768E7,887032.0,889237.0,884597.0,24,2025-12-23T13:39:34.573Z
2022-07-12,2022,7,46056720,Pulse1,captis_pulse,maroochydore,non-residential,100.0,6.25,50.0,0.0,16,2025-12-23T13:39:34.573Z
2022-07-12,2022,7,46056720,Pulse1_Total,captis_pulse,maroochydore,non-residential,1.4352852E7,897053.25,897202.0,896972.0,16,2025-12-23T13:39:34.573Z
2022-07-12,2022,7,46056720,DeviceTemperature,captis_pulse,maroochydore,non-residential,24.21,12.105,15.41,8.8,2,2025-12-23T13:39:34.573Z
2022-07-13,2022,7,46056720,Pulse1,captis_pulse,maroochydore,non-residential,250.0,10.416666666666666,30.0,0.0,24,2025-12-23T13:39:34.573Z
2022-07-13,2022,7,46056720,Pulse1_Total,captis_pulse,maroochydore,non-residential,2.0642946E7,897519.3913043478,897702.0,897222.0,23,2025-12-23T13:39:34.573Z
2022-07-12,2022,7,62362145,Pulse1,captis_pulse,buderim,residential,103.0,6.4375,66.0,1.0,16,2025-12-23T13:39:34.573Z
2022-07-12,2022,7,62362145,Pulse1_Total,captis_pulse,buderim,residential,754276.0,47142.25,47264.0,47111.0,16,2025-12-23T13:39:34.573Z
2022-07-12,2022,7,62362145,DeviceTemperature,captis_pulse,buderim,residential,14.43,14.43,14.43,14.43,1,2025-12-23T13:39:34.573Z
2022-07-13,2022,7,62362145,Pulse1,captis_pulse,buderim,residential,82.0,3.4166666666666665,38.0,0.0,24,2025-12-23T13:39:34.573Z
2022-07-13,2022,7,62362145,Pulse1_Total,captis_pulse,buderim,residential,1137604.0,47400.166666666664,47469.0,47332.0,24,2025-12-23T13:39:34.573Z
2022-07-13,2022,7,62362145,DeviceTemperature,captis_pulse,buderim,residential,31.7,31.7,31.7,31.7,1,2025-12-23T13:39:34.573Z
2022-07-12,2022,7,62366197,Pulse1,captis_pulse,buderim,residential,45.0,2.5,45.0,0.0,18,2025-12-23T13:39:34.573Z
2022-07-12,2022,7,62366197,Pulse1_Total,captis_pulse,buderim,residential,377366.0,20964.777777777777,21067.0,20952.0,18,2025-12-23T13:39:34.573Z
2022-07-12,2022,7,62366197,DeviceTemperature,captis_pulse,buderim,residential,13.23,13.23,13.23,13.23,1,2025-12-23T13:39:34.573Z
2022-07-12,2022,7,62366197,Battery,captis_pulse,buderim,residential,71.97,23.99,66.0,2.33,3,2025-12-23T13:39:34.573Z
2022-07-13,2022,7,62366197,Pulse1,captis_pulse,buderim,residential,82.0,3.28,32.0,0.0,25,2025-12-23T13:39:34.573Z
2022-07-13,2022,7,62366197,Pulse1_Total,captis_pulse,buderim,residential,528281.0,21131.24,21162.0,21071.0,25,2025-12-23T13:39:34.573Z
2022-07-12,2022,7,65087778,Pulse1,captis_pulse,buderim,non-residential,130.0,6.5,30.0,0.0,20,2025-12-23T13:39:34.573Z
2022-07-12,2022,7,65087778,DeviceTemperature,captis_pulse,buderim,non-residential,30.040000000000003,10.013333333333334,12.44,8.3,3,2025-12-23T13:39:34.573Z
2022-07-12,2022,7,65087778,Battery,captis_pulse,buderim,non-residential,71.24,23.746666666666666,66.0,1.6,3,2025-12-23T13:39:34.573Z
2022-07-13,2022,7,65087778,Pulse1,captis_pulse,buderim,non-residential,860.0,35.833333333333336,250.0,0.0,24,2025-12-23T13:39:34.573Z
2022-07-13,2022,7,65087778,DeviceTemperature,captis_pulse,buderim,non-residential,17.3,17.3,17.3,17.3,1,2025-12-23T13:39:34.573Z
2022-07-12,2022,7,299418,Pulse1,captis_pulse,buderim,residential,31.0,1.9375,31.0,0.0,16,2025-12-23T13:39:34.573Z
2022-07-12,2022,7,299418,Pulse1_Total,captis_pulse,buderim,residential,1825501.0,114093.8125,114119.0,114080.0,16,2025-12-23T13:39:34.573Z
2022-07-12,2022,7,299418,Battery,captis_pulse,buderim,residential,72.335,24.111666666666665,67.0,1.705,3,2025-12-23T13:39:34.573Z
2022-07-12,2022,7,299418,DeviceTemperature,captis_pulse,buderim,residential,9.2,9.2,9.2,9.2,1,2025-12-23T13:39:34.573Z
2022-07-13,2022,7,299418,Pulse1,captis_pulse,buderim,residential,111.0,4.625,76.0,0.0,24,2025-12-23T13:39:34.573Z
2022-07-13,2022,7,299418,Pulse1_Total,captis_pulse,buderim,residential,2739975.0,114165.625,114253.0,114119.0,24,2025-12-23T13:39:34.573Z
2022-07-12,2022,7,65090110,Pulse1,captis_pulse,buderim,residential,890.0,44.5,180.0,0.0,20,2025-12-23T13:39:34.573Z
2022-07-12,2022,7,65090110,DeviceTemperature,captis_pulse,buderim,residential,12.63,12.63,12.63,12.63,1,2025-12-23T13:39:34.573Z
2022-07-12,2022,7,65090110,Battery,captis_pulse,buderim,residential,78.518,26.172666666666668,73.0,1.888,3,2025-12-23T13:39:34.573Z
2022-07-13,2022,7,65090110,Pulse1,captis_pulse,buderim,residential,2430.0,105.65217391304348,230.0,20.0,23,2025-12-23T13:39:34.573Z
2022-07-13,2022,7,65090110,DeviceTemperature,captis_pulse,buderim,residential,16.4,16.4,16.4,16.4,1,2025-12-23T13:39:34.573Z
2022-07-12,2022,7,66208682,Pulse1,captis_pulse,buderim,residential,7.0,0.4117647058823529,7.0,0.0,17,2025-12-23T13:39:34.573Z
2022-07-12,2022,7,66208682,Pulse1_Total,captis_pulse,buderim,residential,403117.0,23712.764705882353,23725.0,23706.0,17,2025-12-23T13:39:34.573Z
2022-07-12,2022,7,66208682,Battery,captis_pulse,buderim,residential,75.457,25.15233333333333,70.0,1.817,3,2025-12-23T13:39:34.573Z
2022-07-13,2022,7,66208682,Pulse1,captis_pulse,buderim,residential,12.0,0.5217391304347826,6.0,0.0,23,2025-12-23T13:39:34.573Z
2022-07-13,2022,7,66208682,Pulse1_Total,captis_pulse,buderim,residential,570580.0,23774.166666666668,23808.0,23726.0,24,2025-12-23T13:39:34.573Z
2022-07-12,2022,7,1276270,Pulse1,captis_pulse,maroochydore,residential,0.0,0.0,0.0,0.0,9,2025-12-23T13:39:34.573Z
2022-07-12,2022,7,1276270,Pulse1_Total,captis_pulse,maroochydore,residential,1446966.0,160774.0,160774.0,160774.0,9,2025-12-23T13:39:34.573Z
2022-07-12,2022,7,1276270,DeviceTemperature,captis_pulse,maroochydore,residential,14.4,14.4,14.4,14.4,1,2025-12-23T13:39:34.573Z
2022-07-12,2022,7,61182091,Pulse1,captis_pulse,buderim,residential,0.0,0.0,0.0,0.0,16,2025-12-23T13:39:34.573Z
2022-07-12,2022,7,61182091,Pulse1_Total,captis_pulse,buderim,residential,512.0,32.0,32.0,32.0,16,2025-12-23T13:39:34.573Z
2022-07-12,2022,7,61182091,Battery,captis_pulse,buderim,residential,74.71199999999999,24.903999999999996,69.0,2.082,3,2025-12-23T13:39:34.573Z
2022-07-13,2022,7,61182091,Pulse1,captis_pulse,buderim,residential,0.0,0.0,0.0,0.0,24,2025-12-23T13:39:34.573Z
2022-07-13,2022,7,61182091,Pulse1_Total,captis_pulse,buderim,residential,768.0,32.0,32.0,32.0,24,2025-12-23T13:39:34.573Z
2022-07-13,2022,7,61182091,DeviceTemperature,captis_pulse,buderim,residential,23.3,23.3,23.3,23.3,1,2025-12-23T13:39:34.573Z
2022-07-12,2022,7,61208127,Pulse1,captis_pulse,buderim,residential,0.0,0.0,0.0,0.0,16,2025-12-23T13:39:34.573Z
2022-07-12,2022,7,61208127,Pulse1_Total,captis_pulse,buderim,residential,352.0,22.0,22.0,22.0,16,2025-12-23T13:39:34.573Z
2022-07-12,2022,7,61208127,DeviceTemperature,captis_pulse,buderim,residential,20.0,10.0,10.7,9.3,2,2025-12-23T13:39:34.573Z
2022-07-12,2022,7,61208127,Battery,captis_pulse,buderim,residential,71.958,23.986,66.0,2.318,3,2025-12-23T13:39:34.573Z
2022-07-13,2022,7,61208127,Pulse1,captis_pulse,buderim,residential,0.0,0.0,0.0,0.0,23,2025-12-23T13:39:34.573Z
2022-07-13,2022,7,61208127,Pulse1_Total,captis_pulse,buderim,residential,506.0,22.0,22.0,22.0,23,2025-12-23T13:39:34.573Z
2022-07-12,2022,7,81970558,Pulse1,captis_pulse,maroochydore,non-residential,390.0,32.5,130.0,0.0,12,2025-12-23T13:39:34.573Z
2022-07-12,2022,7,81970558,DeviceTemperature,captis_pulse,maroochydore,non-residential,13.81,13.81,13.81,13.81,1,2025-12-23T13:39:34.573Z
2022-07-12,2022,7,81970558,Battery,captis_pulse,maroochydore,non-residential,71.65,35.825,68.0,3.65,2,2025-12-23T13:39:34.573Z
2022-07-12,2022,7,307054,Pulse1,captis_pulse,maroochydore,residential,89.0,5.933333333333334,40.0,0.0,15,2025-12-23T13:39:34.573Z
2022-07-12,2022,7,307054,Pulse1_Total,captis_pulse,maroochydore,residential,4747880.0,339134.28571428574,339270.0,339079.0,14,2025-12-23T13:39:34.573Z
2022-07-12,2022,7,307054,DeviceTemperature,captis_pulse,maroochydore,residential,28.71,9.57,13.61,7.3,3,2025-12-23T13:39:34.573Z
2022-07-12,2022,7,307054,Battery,captis_pulse,maroochydore,residential,71.62,35.81,68.0,3.62,2,2025-12-23T13:39:34.573Z
2022-07-13,2022,7,307054,Pulse1,captis_pulse,maroochydore,residential,161.0,7.0,53.0,0.0,23,2025-12-23T13:39:34.573Z
2022-07-13,2022,7,307054,Pulse1_Total,captis_pulse,maroochydore,residential,7805487.0,339369.0,339522.0,339274.0,23,2025-12-23T13:39:34.573Z
2022-07-13,2022,7,307054,DeviceTemperature,captis_pulse,maroochydore,residential,21.0,21.0,21.0,21.0,1,2025-12-23T13:39:34.573Z
2022-07-12,2022,7,60223976,Pulse1,captis_pulse,buderim,residential,52.0,3.466666666666667,40.0,0.0,15,2025-12-23T13:39:34.573Z
2022-07-12,2022,7,60223976,Pulse1_Total,captis_pulse,buderim,residential,1595316.0,106354.4,106423.0,106344.0,15,2025-12-23T13:39:34.573Z
2022-07-13,2022,7,60223976,Pulse1,captis_pulse,buderim,residential,57.0,2.28,14.0,0.0,25,2025-12-23T13:39:34.573Z
2022-07-13,2022,7,60223976,Pulse1_Total,captis_pulse,buderim,residential,2663226.0,106529.04,106556.0,106475.0,25,2025-12-23T13:39:34.573Z
2022-07-13,2022,7,60223976,DeviceTemperature,captis_pulse,buderim,residential,18.4,18.4,18.4,18.4,1,2025-12-23T13:39:34.573Z
2022-07-12,2022,7,733,Pulse1,captis_pulse,maroochydore,residential,112.0,5.894736842105263,80.0,0.0,19,2025-12-23T13:39:34.573Z
2022-07-12,2022,7,733,Pulse1_Total,captis_pulse,maroochydore,residential,9231649.0,485876.2631578947,485994.0,485824.0,19,2025-12-23T13:39:34.573Z
2022-07-13,2022,7,733,Pulse1,captis_pulse,maroochydore,residential,92.0,3.8333333333333335,32.0,0.0,24,2025-12-23T13:39:34.573Z
2022-07-13,2022,7,733,Pulse1_Total,captis_pulse,maroochydore,residential,1.1667392E7,486141.3333333333,486368.0,485995.0,24,2025-12-23T13:39:34.573Z
2022-07-12,2022,7,61275333,Pulse1,captis_pulse,buderim,residential,0.0,0.0,0.0,0.0,16,2025-12-23T13:39:34.573Z
2022-07-12,2022,7,61275333,Pulse1_Total,captis_pulse,buderim,residential,560.0,35.0,35.0,35.0,16,2025-12-23T13:39:34.573Z
2022-07-13,2022,7,61275333,Pulse1,captis_pulse,buderim,residential,0.0,0.0,0.0,0.0,24,2025-12-23T13:39:34.573Z
2022-07-13,2022,7,61275333,Pulse1_Total,captis_pulse,buderim,residential,805.0,35.0,35.0,35.0,23,2025-12-23T13:39:34.573Z
2022-07-12,2022,7,9031818,Pulse1,captis_pulse,maroochydore,residential,0.0,0.0,0.0,0.0,17,2025-12-23T13:39:34.573Z
2022-07-12,2022,7,9031818,Pulse1_Total,captis_pulse,maroochydore,residential,1766861.0,103933.0,103933.0,103933.0,17,2025-12-23T13:39:34.573Z
2022-07-13,2022,7,9031818,Pulse1,captis_pulse,maroochydore,residential,0.0,0.0,0.0,0.0,25,2025-12-23T13:39:34.573Z
2022-07-13,2022,7,9031818,Pulse1_Total,captis_pulse,maroochydore,residential,2598328.0,103933.12,103934.0,103933.0,25,2025-12-23T13:39:34.573Z
2022-07-13,2022,7,9031818,DeviceTemperature,captis_pulse,maroochydore,residential,26.8,26.8,26.8,26.8,1,2025-12-23T13:39:34.573Z
2022-07-12,2022,7,577012,Pulse1,captis_pulse,buderim,residential,36.0,2.4,16.0,0.0,15,2025-12-23T13:39:34.573Z
2022-07-12,2022,7,577012,Pulse1_Total,captis_pulse,buderim,residential,6287434.0,419162.26666666666,419222.0,419149.0,15,2025-12-23T13:39:34.573Z
2022-07-12,2022,7,577012,Battery,captis_pulse,buderim,residential,72.62,36.31,69.0,3.62,2,2025-12-23T13:39:34.573Z
2022-07-13,2022,7,577012,Pulse1,captis_pulse,buderim,residential,74.0,3.217391304347826,55.0,0.0,23,2025-12-23T13:39:34.573Z
2022-07-13,2022,7,577012,Pulse1_Total,captis_pulse,buderim,residential,9645884.0,419386.26086956525,419484.0,419291.0,23,2025-12-23T13:39:34.573Z
2022-07-13,2022,7,577012,DeviceTemperature,captis_pulse,buderim,residential,22.3,22.3,22.3,22.3,1,2025-12-23T13:39:34.573Z
2022-07-12,2022,7,60192876,Pulse1,captis_pulse,buderim,residential,0.0,0.0,0.0,0.0,18,2025-12-23T13:39:34.573Z
2022-07-12,2022,7,60192876,Pulse1_Total,captis_pulse,buderim,residential,0.0,0.0,0.0,0.0,18,2025-12-23T13:39:34.573Z
2022-07-12,2022,7,60192876,DeviceTemperature,captis_pulse,buderim,residential,13.42,13.42,13.42,13.42,1,2025-12-23T13:39:34.573Z
2022-07-12,2022,7,60192876,Battery,captis_pulse,buderim,residential,74.17699999999999,24.725666666666665,67.0,3.547,3,2025-12-23T13:39:34.573Z
2022-07-13,2022,7,60192876,Pulse1,captis_pulse,buderim,residential,0.0,0.0,0.0,0.0,28,2025-12-23T13:39:34.573Z
2022-07-13,2022,7,60192876,Pulse1_Total,captis_pulse,buderim,residential,0.0,0.0,0.0,0.0,28,2025-12-23T13:39:34.573Z
2022-07-12,2022,7,61144928,Pulse1,captis_pulse,buderim,residential,122.0,6.777777777777778,81.0,0.0,18,2025-12-23T13:39:34.573Z
2022-07-12,2022,7,61144928,Pulse1_Total,captis_pulse,buderim,residential,1764546.0,98030.33333333333,98285.0,97976.0,18,2025-12-23T13:39:34.573Z
2022-07-12,2022,7,61144928,DeviceTemperature,captis_pulse,buderim,residential,9.2,9.2,9.2,9.2,1,2025-12-23T13:39:34.573Z
2022-07-13,2022,7,61144928,Pulse1,captis_pulse,buderim,residential,325.0,11.607142857142858,75.0,0.0,28,2025-12-23T13:39:34.573Z
2022-07-13,2022,7,61144928,Pulse1_Total,captis_pulse,buderim,residential,2759186.0,98542.35714285714,98857.0,98285.0,28,2025-12-23T13:39:34.573Z
2022-07-12,2022,7,684,Pulse1,captis_pulse,maroochydore,residential,53.0,3.1176470588235294,42.0,0.0,17,2025-12-23T13:39:34.573Z
2022-07-12,2022,7,684,Pulse1_Total,captis_pulse,maroochydore,residential,3919204.0,230541.41176470587,230593.0,230524.0,17,2025-12-23T13:39:34.573Z
2022-07-12,2022,7,684,DeviceTemperature,captis_pulse,maroochydore,residential,7.3,7.3,7.3,7.3,1,2025-12-23T13:39:34.573Z
2022-07-13,2022,7,684,Pulse1,captis_pulse,maroochydore,residential,38.0,1.5833333333333333,11.0,0.0,24,2025-12-23T13:39:34.573Z
2022-07-13,2022,7,684,Pulse1_Total,captis_pulse,maroochydore,residential,5534883.0,230620.125,230646.0,230598.0,24,2025-12-23T13:39:34.573Z
2022-07-12,2022,7,77285,Pulse1,captis_pulse,buderim,residential,144.0,9.0,81.0,0.0,16,2025-12-23T13:39:34.573Z
2022-07-12,2022,7,77285,Pulse1_Total,captis_pulse,buderim,residential,5549844.0,326461.4117647059,326610.0,326411.0,17,2025-12-23T13:39:34.573Z
2022-07-12,2022,7,77285,Battery,captis_pulse,buderim,residential,2.846,2.846,2.846,2.846,1,2025-12-23T13:39:34.573Z
2022-07-13,2022,7,77285,Pulse1,captis_pulse,buderim,residential,29.0,1.2083333333333333,10.0,0.0,24,2025-12-23T13:39:34.573Z
2022-07-13,2022,7,77285,Pulse1_Total,captis_pulse,buderim,residential,7839653.0,326652.2083333333,326740.0,326610.0,24,2025-12-23T13:39:34.573Z
2022-07-13,2022,7,77285,DeviceTemperature,captis_pulse,buderim,residential,39.0,39.0,39.0,39.0,1,2025-12-23T13:39:34.573Z
2022-07-12,2022,7,22604171,Pulse1,captis_pulse,albany creek,non-residential,105.0,6.5625,30.0,0.0,16,2025-12-23T13:39:34.573Z
2022-07-12,2022,7,22604171,Pulse1_Total,captis_pulse,albany creek,non-residential,1.13891E7,759273.3333333334,759445.0,759215.0,15,2025-12-23T13:39:34.573Z
2022-07-13,2022,7,22604171,Pulse1,captis_pulse,albany creek,non-residential,410.0,17.083333333333332,90.0,0.0,24,2025-12-23T13:39:34.573Z
2022-07-13,2022,7,22604171,Pulse1_Total,captis_pulse,albany creek,non-residential,1.824573E7,760238.75,760465.0,759625.0,24,2025-12-23T13:39:34.573Z
2022-07-12,2022,7,61235970,Pulse1,captis_pulse,buderim,residential,0.0,0.0,0.0,0.0,17,2025-12-23T13:39:34.573Z
2022-07-12,2022,7,61235970,Pulse1_Total,captis_pulse,buderim,residential,459.0,27.0,27.0,27.0,17,2025-12-23T13:39:34.573Z
2022-07-12,2022,7,61235970,DeviceTemperature,captis_pulse,buderim,residential,13.79,13.79,13.79,13.79,1,2025-12-23T13:39:34.573Z
2022-07-12,2022,7,61235970,Battery,captis_pulse,buderim,residential,72.545,24.18166666666667,67.0,1.915,3,2025-12-23T13:39:34.573Z
2022-07-13,2022,7,61235970,Pulse1,captis_pulse,buderim,residential,0.0,0.0,0.0,0.0,24,2025-12-23T13:39:34.573Z
2022-07-13,2022,7,61235970,Pulse1_Total,captis_pulse,buderim,residential,621.0,27.0,27.0,27.0,23,2025-12-23T13:39:34.573Z
2022-07-13,2022,7,61235970,DeviceTemperature,captis_pulse,buderim,residential,16.9,16.9,16.9,16.9,1,2025-12-23T13:39:34.573Z
2022-07-12,2022,7,65438039,Pulse1,captis_pulse,maroochydore,residential,310.0,18.235294117647058,80.0,0.0,17,2025-12-23T13:39:34.573Z
2022-07-13,2022,7,65438039,Pulse1,captis_pulse,maroochydore,residential,470.0,18.076923076923077,70.0,0.0,26,2025-12-23T13:39:34.573Z
2022-07-12,2022,7,294921,Pulse1,captis_pulse,buderim,residential,0.0,0.0,0.0,0.0,16,2025-12-23T13:39:34.573Z
2022-07-12,2022,7,294921,Pulse1_Total,captis_pulse,buderim,residential,3674832.0,229677.0,229677.0,229677.0,16,2025-12-23T13:39:34.573Z
2022-07-12,2022,7,294921,Battery,captis_pulse,buderim,residential,73.324,24.441333333333333,68.0,1.684,3,2025-12-23T13:39:34.573Z
2022-07-13,2022,7,294921,Pulse1,captis_pulse,buderim,residential,64.0,2.56,24.0,0.0,25,2025-12-23T13:39:34.573Z
2022-07-13,2022,7,294921,Pulse1_Total,captis_pulse,buderim,residential,5744328.0,229773.12,229844.0,229677.0,25,2025-12-23T13:39:34.573Z
2022-07-12,2022,7,60194062,DeviceTemperature,captis_pulse,buderim,residential,8.5,8.5,8.5,8.5,1,2025-12-23T13:39:34.573Z
2022-07-13,2022,7,60194062,DeviceTemperature,captis_pulse,buderim,residential,28.61,14.305,16.6,12.01,2,2025-12-23T13:39:34.573Z
2022-07-13,2022,7,60194062,Battery,captis_pulse,buderim,residential,67.62,33.81,64.0,3.62,2,2025-12-23T13:39:34.573Z
2022-07-12,2022,7,60223933,Pulse1,captis_pulse,buderim,residential,88.0,5.176470588235294,35.0,0.0,17,2025-12-23T13:39:34.573Z
2022-07-12,2022,7,60223933,Pulse1_Total,captis_pulse,buderim,residential,1388816.0,81695.05882352941,81862.0,81586.0,17,2025-12-23T13:39:34.573Z
2022-07-12,2022,7,60223933,DeviceTemperature,captis_pulse,buderim,residential,12.97,12.97,12.97,12.97,1,2025-12-23T13:39:34.573Z
2022-07-12,2022,7,60223933,Battery,captis_pulse,buderim,residential,3.64,3.64,3.64,3.64,1,2025-12-23T13:39:34.573Z
2022-07-13,2022,7,60223933,Pulse1,captis_pulse,buderim,residential,102.0,4.25,18.0,0.0,24,2025-12-23T13:39:34.573Z
2022-07-13,2022,7,60223933,Pulse1_Total,captis_pulse,buderim,residential,1967393.0,81974.70833333333,82057.0,81908.0,24,2025-12-23T13:39:34.573Z
2022-07-13,2022,7,60223933,DeviceTemperature,captis_pulse,buderim,residential,16.9,16.9,16.9,16.9,1,2025-12-23T13:39:34.573Z
2022-07-12,2022,7,61165823,Pulse1,captis_pulse,buderim,residential,0.0,0.0,0.0,0.0,16,2025-12-23T13:39:34.573Z
2022-07-12,2022,7,61165823,Pulse1_Total,captis_pulse,buderim,residential,528.0,33.0,33.0,33.0,16,2025-12-23T13:39:34.573Z
2022-07-12,2022,7,61165823,DeviceTemperature,captis_pulse,buderim,residential,13.1,13.1,13.1,13.1,1,2025-12-23T13:39:34.573Z
2022-07-13,2022,7,61165823,Pulse1,captis_pulse,buderim,residential,0.0,0.0,0.0,0.0,24,2025-12-23T13:39:34.573Z
2022-07-13,2022,7,61165823,Pulse1_Total,captis_pulse,buderim,residential,759.0,33.0,33.0,33.0,23,2025-12-23T13:39:34.573Z
2022-07-13,2022,7,61165823,DeviceTemperature,captis_pulse,buderim,residential,14.6,14.6,14.6,14.6,1,2025-12-23T13:39:34.573Z
2022-07-12,2022,7,61572288,Pulse1,captis_pulse,buderim,residential,0.0,0.0,0.0,0.0,17,2025-12-23T13:39:34.573Z
2022-07-12,2022,7,61572288,Pulse1_Total,captis_pulse,buderim,residential,527.0,31.0,31.0,31.0,17,2025-12-23T13:39:34.573Z
2022-07-13,2022,7,61572288,Pulse1,captis_pulse,buderim,residential,0.0,0.0,0.0,0.0,25,2025-12-23T13:39:34.573Z
2022-07-13,2022,7,61572288,Pulse1_Total,captis_pulse,buderim,residential,744.0,31.0,31.0,31.0,24,2025-12-23T13:39:34.573Z
2022-07-13,2022,7,61572288,DeviceTemperature,captis_pulse,buderim,residential,24.8,24.8,24.8,24.8,1,2025-12-23T13:39:34.573Z
2022-07-12,2022,7,69436,Pulse1,captis_pulse,buderim,residential,6.0,0.375,6.0,0.0,16,2025-12-23T13:39:34.573Z
2022-07-12,2022,7,69436,Pulse1_Total,captis_pulse,buderim,residential,3530000.0,220625.0,220684.0,220605.0,16,2025-12-23T13:39:34.573Z
2022-07-12,2022,7,69436,DeviceTemperature,captis_pulse,buderim,residential,13.87,13.87,13.87,13.87,1,2025-12-23T13:39:34.573Z
2022-07-12,2022,7,69436,Battery,captis_pulse,buderim,residential,72.407,24.135666666666665,67.0,1.777,3,2025-12-23T13:39:34.573Z
2022-07-13,2022,7,69436,Pulse1,captis_pulse,buderim,residential,48.0,2.0,12.0,0.0,24,2025-12-23T13:39:34.573Z
2022-07-13,2022,7,69436,Pulse1_Total,captis_pulse,buderim,residential,5297589.0,220732.875,220772.0,220690.0,24,2025-12-23T13:39:34.573Z
2022-07-13,2022,7,69436,DeviceTemperature,captis_pulse,buderim,residential,27.9,27.9,27.9,27.9,1,2025-12-23T13:39:34.573Z
2022-07-12,2022,7,81844,Pulse1,captis_pulse,buderim,residential,39.0,2.4375,20.0,0.0,16,2025-12-23T13:39:34.573Z
2022-07-12,2022,7,81844,Pulse1_Total,captis_pulse,buderim,residential,5872916.0,367057.25,367138.0,367013.0,16,2025-12-23T13:39:34.573Z
2022-07-12,2022,7,81844,Battery,captis_pulse,buderim,residential,77.729,25.909666666666666,71.0,3.109,3,2025-12-23T13:39:34.573Z
2022-07-12,2022,7,81844,DeviceTemperature,captis_pulse,buderim,residential,7.5,7.5,7.5,7.5,1,2025-12-23T13:39:34.573Z
2022-07-13,2022,7,81844,Pulse1,captis_pulse,buderim,residential,64.0,2.56,33.0,0.0,25,2025-12-23T13:39:34.573Z
2022-07-13,2022,7,81844,Pulse1_Total,captis_pulse,buderim,residential,9181722.0,367268.88,367505.0,367138.0,25,2025-12-23T13:39:34.573Z
2022-07-12,2022,7,1792,Pulse1,captis_pulse,maroochydore,residential,139.0,7.315789473684211,63.0,2.0,19,2025-12-23T13:39:34.573Z
2022-07-12,2022,7,1792,Pulse1_Total,captis_pulse,maroochydore,residential,4531496.0,238499.7894736842,238661.0,238425.0,19,2025-12-23T13:39:34.573Z
2022-07-12,2022,7,1792,DeviceTemperature,captis_pulse,maroochydore,residential,14.4,14.4,14.4,14.4,1,2025-12-23T13:39:34.573Z
2022-07-12,2022,7,1792,Battery,captis_pulse,maroochydore,residential,72.676,24.225333333333335,67.0,2.056,3,2025-12-23T13:39:34.573Z
2022-07-13,2022,7,1792,Pulse1,captis_pulse,maroochydore,residential,195.0,8.125,118.0,2.0,24,2025-12-23T13:39:34.573Z
2022-07-13,2022,7,1792,Pulse1_Total,captis_pulse,maroochydore,residential,5496543.0,238980.13043478262,239216.0,238673.0,23,2025-12-23T13:39:34.573Z
2022-07-13,2022,7,1792,DeviceTemperature,captis_pulse,maroochydore,residential,21.1,21.1,21.1,21.1,1,2025-12-23T13:39:34.573Z
2022-07-12,2022,7,590801,Pulse1,captis_pulse,buderim,residential,44.0,3.142857142857143,13.0,2.0,14,2025-12-23T13:39:34.573Z
2022-07-12,2022,7,590801,Pulse1_Total,captis_pulse,buderim,residential,4506499.0,321892.78571428574,322046.0,321812.0,14,2025-12-23T13:39:34.573Z
2022-07-12,2022,7,590801,DeviceTemperature,captis_pulse,buderim,residential,38.36,19.18,19.86,18.5,2,2025-12-23T13:39:34.573Z
2022-07-12,2022,7,590801,Battery,captis_pulse,buderim,residential,79.318,26.439333333333334,74.0,1.738,3,2025-12-23T13:39:34.573Z
2022-07-13,2022,7,590801,Pulse1,captis_pulse,buderim,residential,237.0,9.875,131.0,1.0,24,2025-12-23T13:39:34.573Z
2022-07-13,2022,7,590801,Pulse1_Total,captis_pulse,buderim,residential,7732168.0,322173.6666666667,322430.0,322055.0,24,2025-12-23T13:39:34.573Z
2022-07-13,2022,7,590801,DeviceTemperature,captis_pulse,buderim,residential,24.3,24.3,24.3,24.3,1,2025-12-23T13:39:34.573Z
2022-07-12,2022,7,63076216,Pulse1,captis_pulse,maroochydore,non-residential,0.0,0.0,0.0,0.0,16,2025-12-23T13:39:34.573Z
2022-07-12,2022,7,63076216,Pulse1_Total,captis_pulse,maroochydore,non-residential,1.2275248E7,767203.0,767203.0,767203.0,16,2025-12-23T13:39:34.573Z
2022-07-12,2022,7,63076216,Battery,captis_pulse,maroochydore,non-residential,78.537,26.179000000000002,69.0,3.5,3,2025-12-23T13:39:34.573Z
2022-07-12,2022,7,63076216,DeviceTemperature,captis_pulse,maroochydore,non-residential,6.3,6.3,6.3,6.3,1,2025-12-23T13:39:34.573Z
2022-07-13,2022,7,63076216,Pulse1,captis_pulse,maroochydore,non-residential,0.0,0.0,0.0,0.0,23,2025-12-23T13:39:34.573Z
2022-07-13,2022,7,63076216,Pulse1_Total,captis_pulse,maroochydore,non-residential,1.7645669E7,767203.0,767203.0,767203.0,23,2025-12-23T13:39:34.573Z
2022-07-13,2022,7,63076216,DeviceTemperature,captis_pulse,maroochydore,non-residential,20.0,20.0,20.0,20.0,1,2025-12-23T13:39:34.573Z
2022-07-12,2022,7,64629961,Pulse1,captis_pulse,maroochydore,residential,10.0,0.5555555555555556,10.0,0.0,18,2025-12-23T13:39:34.573Z
2022-07-12,2022,7,64629961,Pulse1_Total,captis_pulse,maroochydore,residential,1213796.0,67433.11111111111,67442.0,67432.0,18,2025-12-23T13:39:34.573Z
2022-07-12,2022,7,64629961,DeviceTemperature,captis_pulse,maroochydore,residential,7.1,7.1,7.1,7.1,1,2025-12-23T13:39:34.573Z
2022-07-12,2022,7,64629961,Battery,captis_pulse,maroochydore,residential,1.776,1.776,1.776,1.776,1,2025-12-23T13:39:34.573Z
2022-07-13,2022,7,64629961,Pulse1,captis_pulse,maroochydore,residential,40.0,1.5384615384615385,10.0,0.0,26,2025-12-23T13:39:34.573Z
2022-07-13,2022,7,64629961,Pulse1_Total,captis_pulse,maroochydore,residential,1754602.0,67484.69230769231,67512.0,67442.0,26,2025-12-23T13:39:34.573Z
2022-07-12,2022,7,65027565,Pulse1,captis_pulse,maroochydore,non-residential,100.0,6.25,100.0,0.0,16,2025-12-23T13:39:34.573Z
2022-07-12,2022,7,65027565,Pulse1_Total,captis_pulse,maroochydore,non-residential,1.40664E7,879150.0,879300.0,879100.0,16,2025-12-23T13:39:34.573Z
2022-07-12,2022,7,65027565,DeviceTemperature,captis_pulse,maroochydore,non-residential,30.39,15.195,16.29,14.1,2,2025-12-23T13:39:34.573Z
2022-07-13,2022,7,65027565,Pulse1,captis_pulse,maroochydore,non-residential,200.0,8.333333333333334,100.0,0.0,24,2025-12-23T13:39:34.573Z
2022-07-13,2022,7,65027565,Pulse1_Total,captis_pulse,maroochydore,non-residential,2.11143E7,879762.5,880000.0,879300.0,24,2025-12-23T13:39:34.573Z
2022-07-13,2022,7,65027565,DeviceTemperature,captis_pulse,maroochydore,non-residential,17.2,17.2,17.2,17.2,1,2025-12-23T13:39:34.573Z
2022-07-12,2022,7,81963294,Pulse1,captis_pulse,maroochydore,residential,240.0,17.142857142857142,85.0,0.0,14,2025-12-23T13:39:34.573Z
2022-07-13,2022,7,81963294,Pulse1,captis_pulse,maroochydore,residential,110.0,13.75,35.0,0.0,8,2025-12-23T13:39:34.573Z
2022-07-12,2022,7,81969192,Pulse1,captis_pulse,maroochydore,residential,1105.0,85.0,250.0,15.0,13,2025-12-23T13:39:34.573Z
2022-07-12,2022,7,22680113,Pulse1,captis_pulse,mountain creek,non-residential,0.0,0.0,0.0,0.0,17,2025-12-23T13:39:34.573Z
2022-07-12,2022,7,22680113,Pulse1_Total,captis_pulse,mountain creek,non-residential,105296.0,6581.0,6581.0,6581.0,16,2025-12-23T13:39:34.573Z
2022-07-12,2022,7,22680113,Battery,captis_pulse,mountain creek,non-residential,68.497,22.832333333333334,63.0,1.867,3,2025-12-23T13:39:34.573Z
2022-07-12,2022,7,22680113,DeviceTemperature,captis_pulse,mountain creek,non-residential,8.2,8.2,8.2,8.2,1,2025-12-23T13:39:34.573Z
2022-07-13,2022,7,22680113,Pulse1,captis_pulse,mountain creek,non-residential,0.0,0.0,0.0,0.0,25,2025-12-23T13:39:34.573Z
2022-07-13,2022,7,22680113,Pulse1_Total,captis_pulse,mountain creek,non-residential,157944.0,6581.0,6581.0,6581.0,24,2025-12-23T13:39:34.573Z
2022-07-12,2022,7,57398,Pulse1,captis_pulse,buderim,residential,0.0,0.0,0.0,0.0,15,2025-12-23T13:39:34.573Z
2022-07-12,2022,7,57398,Pulse1_Total,captis_pulse,buderim,residential,2201120.0,146741.33333333334,146769.0,146725.0,15,2025-12-23T13:39:34.573Z
2022-07-13,2022,7,57398,Pulse1,captis_pulse,buderim,residential,115.0,4.791666666666667,41.0,0.0,24,2025-12-23T13:39:34.573Z
2022-07-13,2022,7,57398,Pulse1_Total,captis_pulse,buderim,residential,3523214.0,146800.58333333334,146913.0,146769.0,24,2025-12-23T13:39:34.573Z
2022-07-13,2022,7,62306620,DeviceTemperature,captis_pulse,buderim,residential,15.68,15.68,15.68,15.68,1,2025-12-23T13:39:34.573Z
2022-07-13,2022,7,62306620,Battery,captis_pulse,buderim,residential,54.64,27.32,51.0,3.64,2,2025-12-23T13:39:34.573Z
2022-07-12,2022,7,63432272,Pulse1,captis_pulse,maroochydore,residential,1140.0,54.285714285714285,250.0,10.0,21,2025-12-23T13:39:34.573Z
2022-07-12,2022,7,63432272,DeviceTemperature,captis_pulse,maroochydore,residential,9.8,9.8,9.8,9.8,1,2025-12-23T13:39:34.573Z
2022-07-13,2022,7,63432272,Pulse1,captis_pulse,maroochydore,residential,1570.0,65.41666666666667,180.0,20.0,24,2025-12-23T13:39:34.573Z
2022-07-12,2022,7,68780,Pulse1,captis_pulse,buderim,residential,108.0,7.2,81.0,0.0,15,2025-12-23T13:39:34.573Z
2022-07-12,2022,7,68780,Pulse1_Total,captis_pulse,buderim,residential,7000873.0,437554.5625,437646.0,437437.0,16,2025-12-23T13:39:34.573Z
2022-07-12,2022,7,68780,DeviceTemperature,captis_pulse,buderim,residential,14.32,14.32,14.32,14.32,1,2025-12-23T13:39:34.573Z
2022-07-13,2022,7,68780,Pulse1,captis_pulse,buderim,residential,262.0,10.916666666666666,82.0,0.0,24,2025-12-23T13:39:34.573Z
2022-07-13,2022,7,68780,Pulse1_Total,captis_pulse,buderim,residential,1.0506961E7,437790.0416666667,438107.0,437646.0,24,2025-12-23T13:39:34.573Z
2022-07-12,2022,7,22047833,Pulse1,captis_pulse,birtinya,#n/a,0.0,0.0,0.0,0.0,17,2025-12-23T13:39:34.573Z
2022-07-12,2022,7,22047833,Pulse1_Total,captis_pulse,birtinya,#n/a,2223770.0,130810.0,130810.0,130810.0,17,2025-12-23T13:39:34.573Z
2022-07-13,2022,7,22047833,Pulse1,captis_pulse,birtinya,#n/a,0.0,0.0,0.0,0.0,25,2025-12-23T13:39:34.573Z
2022-07-13,2022,7,22047833,Pulse1_Total,captis_pulse,birtinya,#n/a,3270250.0,130810.0,130810.0,130810.0,25,2025-12-23T13:39:34.573Z
2022-07-13,2022,7,22047833,DeviceTemperature,captis_pulse,birtinya,#n/a,23.3,23.3,23.3,23.3,1,2025-12-23T13:39:34.573Z
2022-07-12,2022,7,61217785,Pulse1,captis_pulse,buderim,residential,64.0,4.0,49.0,0.0,16,2025-12-23T13:39:34.573Z
2022-07-12,2022,7,61217785,Pulse1_Total,captis_pulse,buderim,residential,561923.0,35120.1875,35289.0,35063.0,16,2025-12-23T13:39:34.573Z
2022-07-12,2022,7,61217785,DeviceTemperature,captis_pulse,buderim,residential,28.96,9.653333333333334,12.96,7.2,3,2025-12-23T13:39:34.573Z
2022-07-12,2022,7,61217785,Battery,captis_pulse,buderim,residential,70.80799999999999,23.602666666666664,65.0,2.178,3,2025-12-23T13:39:34.573Z
2022-07-13,2022,7,61217785,Pulse1,captis_pulse,buderim,residential,17.0,0.7083333333333334,10.0,0.0,24,2025-12-23T13:39:34.573Z
2022-07-13,2022,7,61217785,Pulse1_Total,captis_pulse,buderim,residential,812717.0,35335.52173913043,35387.0,35291.0,23,2025-12-23T13:39:34.573Z
2022-07-13,2022,7,61217785,DeviceTemperature,captis_pulse,buderim,residential,17.4,17.4,17.4,17.4,1,2025-12-23T13:39:34.573Z
2022-07-12,2022,7,64629928,Pulse1,captis_pulse,buderim,residential,0.0,0.0,0.0,0.0,17,2025-12-23T13:39:34.573Z
2022-07-12,2022,7,64629928,Pulse1_Total,captis_pulse,buderim,residential,167025.0,9825.0,9825.0,9825.0,17,2025-12-23T13:39:34.573Z
2022-07-13,2022,7,64629928,Pulse1,captis_pulse,buderim,residential,0.0,0.0,0.0,0.0,25,2025-12-23T13:39:34.573Z
2022-07-13,2022,7,64629928,Pulse1_Total,captis_pulse,buderim,residential,235800.0,9825.0,9825.0,9825.0,24,2025-12-23T13:39:34.573Z
2022-07-12,2022,7,65087788,Pulse1,captis_pulse,buderim,residential,720.0,42.35294117647059,250.0,0.0,17,2025-12-23T13:39:34.573Z
2022-07-12,2022,7,65087788,DeviceTemperature,captis_pulse,buderim,residential,12.58,12.58,12.58,12.58,1,2025-12-23T13:39:34.573Z
2022-07-12,2022,7,65087788,Battery,captis_pulse,buderim,residential,73.521,24.507,68.0,1.881,3,2025-12-23T13:39:34.573Z
2022-07-13,2022,7,65087788,Pulse1,captis_pulse,buderim,residential,1530.0,63.75,190.0,10.0,24,2025-12-23T13:39:34.573Z
2022-07-12,2022,7,61183262,Pulse1,captis_pulse,buderim,residential,0.0,0.0,0.0,0.0,17,2025-12-23T13:39:34.573Z
2022-07-12,2022,7,61183262,Pulse1_Total,captis_pulse,buderim,residential,391.0,23.0,23.0,23.0,17,2025-12-23T13:39:34.573Z
2022-07-12,2022,7,61183262,DeviceTemperature,captis_pulse,buderim,residential,16.14,16.14,16.14,16.14,1,2025-12-23T13:39:34.573Z
2022-07-12,2022,7,61183262,Battery,captis_pulse,buderim,residential,74.52,24.84,69.0,1.89,3,2025-12-23T13:39:34.573Z
2022-07-13,2022,7,61183262,Pulse1,captis_pulse,buderim,residential,0.0,0.0,0.0,0.0,23,2025-12-23T13:39:34.573Z
2022-07-13,2022,7,61183262,Pulse1_Total,captis_pulse,buderim,residential,506.0,23.0,23.0,23.0,22,2025-12-23T13:39:34.573Z
2022-07-13,2022,7,61183262,DeviceTemperature,captis_pulse,buderim,residential,23.6,23.6,23.6,23.6,1,2025-12-23T13:39:34.573Z
2022-07-12,2022,7,65437759,Pulse1,captis_pulse,maroochydore,residential,180.0,10.0,80.0,0.0,18,2025-12-23T13:39:34.573Z
2022-07-12,2022,7,65437759,DeviceTemperature,captis_pulse,maroochydore,residential,7.4,7.4,7.4,7.4,1,2025-12-23T13:39:34.573Z
2022-07-13,2022,7,65437759,Pulse1,captis_pulse,maroochydore,residential,800.0,30.76923076923077,120.0,0.0,26,2025-12-23T13:39:34.573Z
2022-07-12,2022,7,81985208,Pulse1,captis_pulse,maroochydore,residential,40.0,1.8181818181818181,10.0,0.0,22,2025-12-23T13:39:34.573Z
2022-07-12,2022,7,81985208,DeviceTemperature,captis_pulse,maroochydore,residential,13.69,13.69,13.69,13.69,1,2025-12-23T13:39:34.573Z
2022-07-12,2022,7,81985208,Battery,captis_pulse,maroochydore,residential,73.576,24.525333333333332,68.0,1.936,3,2025-12-23T13:39:34.573Z
2022-07-13,2022,7,81985208,Pulse1,captis_pulse,maroochydore,residential,330.0,13.75,110.0,0.0,24,2025-12-23T13:39:34.573Z
2022-07-12,2022,7,21672871,Pulse1,captis_pulse,buderim,non-residential,57.0,3.3529411764705883,16.0,1.0,17,2025-12-23T13:39:34.573Z
2022-07-12,2022,7,21672871,Battery,captis_pulse,buderim,non-residential,3.63,3.63,3.63,3.63,1,2025-12-23T13:39:34.573Z
2022-07-13,2022,7,21672871,Pulse1,captis_pulse,buderim,non-residential,313.0,13.041666666666666,72.0,0.0,24,2025-12-23T13:39:34.573Z
2022-07-13,2022,7,21672871,DeviceTemperature,captis_pulse,buderim,non-residential,17.7,17.7,17.7,17.7,1,2025-12-23T13:39:34.573Z
2022-07-12,2022,7,281900,Pulse1,captis_pulse,buderim,residential,100.0,5.882352941176471,51.0,0.0,17,2025-12-23T13:39:34.573Z
2022-07-12,2022,7,281900,Pulse1_Total,captis_pulse,buderim,residential,4756408.0,279788.70588235295,279961.0,279741.0,17,2025-12-23T13:39:34.573Z
2022-07-12,2022,7,281900,DeviceTemperature,captis_pulse,buderim,residential,20.48,10.24,13.88,6.6,2,2025-12-23T13:39:34.573Z
2022-07-12,2022,7,281900,Battery,captis_pulse,buderim,residential,67.64,33.82,64.0,3.64,2,2025-12-23T13:39:34.573Z
2022-07-13,2022,7,281900,Pulse1,captis_pulse,buderim,residential,20.0,0.8695652173913043,5.0,0.0,23,2025-12-23T13:39:34.573Z
2022-07-13,2022,7,281900,Pulse1_Total,captis_pulse,buderim,residential,6719937.0,279997.375,280012.0,279981.0,24,2025-12-23T13:39:34.573Z
2022-07-13,2022,7,281900,DeviceTemperature,captis_pulse,buderim,residential,30.0,30.0,30.0,30.0,1,2025-12-23T13:39:34.573Z
2022-07-12,2022,7,311065,Pulse1,captis_pulse,buderim,residential,62.0,3.875,58.0,0.0,16,2025-12-23T13:39:34.573Z
2022-07-12,2022,7,311065,Pulse1_Total,captis_pulse,buderim,residential,3540033.0,221252.0625,221307.0,221234.0,16,2025-12-23T13:39:34.573Z
2022-07-12,2022,7,311065,Battery,captis_pulse,buderim,residential,72.00099999999999,24.00033333333333,66.0,2.371,3,2025-12-23T13:39:34.573Z
2022-07-12,2022,7,311065,DeviceTemperature,captis_pulse,buderim,residential,7.9,7.9,7.9,7.9,1,2025-12-23T13:39:34.573Z
2022-07-13,2022,7,311065,Pulse1,captis_pulse,buderim,residential,12.0,0.5,4.0,0.0,24,2025-12-23T13:39:34.573Z
2022-07-13,2022,7,311065,Pulse1_Total,captis_pulse,buderim,residential,5313475.0,221394.79166666666,221504.0,221307.0,24,2025-12-23T13:39:34.573Z
2022-07-12,2022,7,586352,Pulse1,captis_pulse,kuluin,residential,73.0,4.294117647058823,38.0,0.0,17,2025-12-23T13:39:34.573Z
2022-07-12,2022,7,586352,Pulse1_Total,captis_pulse,kuluin,residential,4707192.0,276893.64705882355,276975.0,276859.0,17,2025-12-23T13:39:34.573Z
2022-07-13,2022,7,586352,Pulse1,captis_pulse,kuluin,residential,87.0,3.3461538461538463,20.0,0.0,26,2025-12-23T13:39:34.573Z
2022-07-13,2022,7,586352,Pulse1_Total,captis_pulse,kuluin,residential,7203380.0,277053.07692307694,277131.0,276976.0,26,2025-12-23T13:39:34.573Z
2022-07-12,2022,7,60380262,Pulse1,captis_pulse,buderim,residential,0.0,0.0,0.0,0.0,19,2025-12-23T13:39:34.573Z
2022-07-12,2022,7,60380262,Pulse1_Total,captis_pulse,buderim,residential,0.0,0.0,0.0,0.0,19,2025-12-23T13:39:34.573Z
2022-07-12,2022,7,60380262,DeviceTemperature,captis_pulse,buderim,residential,9.7,9.7,9.7,9.7,1,2025-12-23T13:39:34.573Z
2022-07-13,2022,7,60380262,Pulse1,captis_pulse,buderim,residential,0.0,0.0,0.0,0.0,28,2025-12-23T13:39:34.573Z
2022-07-13,2022,7,60380262,Pulse1_Total,captis_pulse,buderim,residential,0.0,0.0,0.0,0.0,28,2025-12-23T13:39:34.573Z
2022-07-12,2022,7,67715754,Pulse1,captis_pulse,buderim,residential,44.0,2.588235294117647,21.0,0.0,17,2025-12-23T13:39:34.573Z
2022-07-12,2022,7,67715754,Pulse1_Total,captis_pulse,buderim,residential,952276.0,56016.23529411765,56148.0,55970.0,17,2025-12-23T13:39:34.573Z
2022-07-12,2022,7,67715754,Battery,captis_pulse,buderim,residential,1.729,1.729,1.729,1.729,1,2025-12-23T13:39:34.573Z
2022-07-13,2022,7,67715754,Pulse1,captis_pulse,buderim,residential,112.0,4.3076923076923075,34.0,0.0,26,2025-12-23T13:39:34.573Z
2022-07-13,2022,7,67715754,Pulse1_Total,captis_pulse,buderim,residential,1462032.0,56232.0,56329.0,56150.0,26,2025-12-23T13:39:34.573Z
2022-07-12,2022,7,55775,Pulse1,captis_pulse,maroochydore,residential,0.0,0.0,0.0,0.0,16,2025-12-23T13:39:34.573Z
2022-07-12,2022,7,55775,Pulse1_Total,captis_pulse,maroochydore,residential,2201360.0,137585.0,137585.0,137585.0,16,2025-12-23T13:39:34.573Z
2022-07-12,2022,7,55775,DeviceTemperature,captis_pulse,maroochydore,residential,17.1,17.1,17.1,17.1,1,2025-12-23T13:39:34.573Z
2022-07-13,2022,7,55775,Pulse1,captis_pulse,maroochydore,residential,0.0,0.0,0.0,0.0,24,2025-12-23T13:39:34.573Z
2022-07-13,2022,7,55775,Pulse1_Total,captis_pulse,maroochydore,residential,3302040.0,137585.0,137585.0,137585.0,24,2025-12-23T13:39:34.573Z
2022-07-12,2022,7,64254,Pulse1,captis_pulse,buderim,residential,53.0,3.1176470588235294,19.0,0.0,17,2025-12-23T13:39:34.573Z
2022-07-12,2022,7,64254,Pulse1_Total,captis_pulse,buderim,residential,4951755.0,291279.70588235295,291423.0,291255.0,17,2025-12-23T13:39:34.573Z
2022-07-12,2022,7,64254,DeviceTemperature,captis_pulse,buderim,residential,7.0,7.0,7.0,7.0,1,2025-12-23T13:39:34.573Z
2022-07-13,2022,7,64254,Pulse1,captis_pulse,buderim,residential,72.0,3.0,21.0,0.0,24,2025-12-23T13:39:34.573Z
2022-07-13,2022,7,64254,Pulse1_Total,captis_pulse,buderim,residential,6997291.0,291553.7916666667,291602.0,291431.0,24,2025-12-23T13:39:34.573Z
2022-07-12,2022,7,21268559,Pulse1,captis_pulse,albany creek,non-residential,0.0,0.0,0.0,0.0,18,2025-12-23T13:39:34.573Z
2022-07-12,2022,7,21268559,DeviceTemperature,captis_pulse,albany creek,non-residential,21.68,10.84,14.58,7.1,2,2025-12-23T13:39:34.573Z
2022-07-13,2022,7,21268559,DeviceTemperature,captis_pulse,albany creek,non-residential,31.3,31.3,31.3,31.3,1,2025-12-23T13:39:34.573Z
2022-07-13,2022,7,21268559,Pulse1,captis_pulse,albany creek,non-residential,0.0,0.0,0.0,0.0,24,2025-12-23T13:39:34.573Z
2022-07-12,2022,7,585501,Pulse1,captis_pulse,buderim,residential,18.0,1.125,7.0,0.0,16,2025-12-23T13:39:34.573Z
2022-07-12,2022,7,585501,Pulse1_Total,captis_pulse,buderim,residential,2674480.0,167155.0,167186.0,167141.0,16,2025-12-23T13:39:34.573Z
2022-07-12,2022,7,585501,DeviceTemperature,captis_pulse,buderim,residential,20.86,10.43,13.46,7.4,2,2025-12-23T13:39:34.573Z
2022-07-13,2022,7,585501,Pulse1,captis_pulse,buderim,residential,46.0,1.9166666666666667,12.0,0.0,24,2025-12-23T13:39:34.573Z
2022-07-13,2022,7,585501,Pulse1_Total,captis_pulse,buderim,residential,4013965.0,167248.54166666666,167286.0,167198.0,24,2025-12-23T13:39:34.573Z
2022-07-13,2022,7,585501,DeviceTemperature,captis_pulse,buderim,residential,19.8,19.8,19.8,19.8,1,2025-12-23T13:39:34.573Z
2022-07-12,2022,7,61506145,Pulse1,captis_pulse,buderim,non-residential,21.0,1.2352941176470589,11.0,0.0,17,2025-12-23T13:39:34.573Z
2022-07-12,2022,7,61506145,Pulse1_Total,captis_pulse,buderim,non-residential,563593.0,35224.5625,35259.0,35219.0,16,2025-12-23T13:39:34.573Z
2022-07-12,2022,7,61506145,DeviceTemperature,captis_pulse,buderim,non-residential,12.3,12.3,12.3,12.3,1,2025-12-23T13:39:34.573Z
2022-07-12,2022,7,61506145,Battery,captis_pulse,buderim,non-residential,3.64,3.64,3.64,3.64,1,2025-12-23T13:39:34.573Z
2022-07-13,2022,7,61506145,Pulse1,captis_pulse,buderim,non-residential,128.0,5.565217391304348,67.0,0.0,23,2025-12-23T13:39:34.573Z
2022-07-13,2022,7,61506145,Pulse1_Total,captis_pulse,buderim,non-residential,815433.0,35453.608695652176,35496.0,35357.0,23,2025-12-23T13:39:34.573Z
2022-07-13,2022,7,61506145,DeviceTemperature,captis_pulse,buderim,non-residential,18.6,18.6,18.6,18.6,1,2025-12-23T13:39:34.573Z
2022-07-12,2022,7,65061787,Pulse1,captis_pulse,buderim,residential,310.0,19.375,110.0,0.0,16,2025-12-23T13:39:34.573Z
2022-07-12,2022,7,65061787,DeviceTemperature,captis_pulse,buderim,residential,9.0,9.0,9.0,9.0,1,2025-12-23T13:39:34.573Z
2022-07-13,2022,7,65061787,Pulse1,captis_pulse,buderim,residential,775.0,31.0,90.0,0.0,25,2025-12-23T13:39:34.573Z
2022-07-12,2022,7,100133,Pulse1,captis_pulse,buderim,residential,73.0,4.294117647058823,40.0,0.0,17,2025-12-23T13:39:34.573Z
2022-07-12,2022,7,100133,Pulse1_Total,captis_pulse,buderim,residential,7411516.0,435971.5294117647,436091.0,435855.0,17,2025-12-23T13:39:34.573Z
2022-07-13,2022,7,100133,Pulse1,captis_pulse,buderim,residential,402.0,16.08,108.0,0.0,25,2025-12-23T13:39:34.573Z
2022-07-13,2022,7,100133,Pulse1_Total,captis_pulse,buderim,residential,1.0907505E7,436300.2,436709.0,436092.0,25,2025-12-23T13:39:34.573Z
2022-07-12,2022,7,27713072,Pulse1,captis_pulse,maroochydore,#n/a,500.0,27.77777777777778,100.0,0.0,18,2025-12-23T13:39:34.573Z
2022-07-12,2022,7,27713072,Battery,captis_pulse,maroochydore,#n/a,1.707,1.707,1.707,1.707,1,2025-12-23T13:39:34.573Z
2022-07-12,2022,7,27713072,DeviceTemperature,captis_pulse,maroochydore,#n/a,8.6,8.6,8.6,8.6,1,2025-12-23T13:39:34.573Z
2022-07-13,2022,7,27713072,DeviceTemperature,captis_pulse,maroochydore,#n/a,22.5,22.5,22.5,22.5,1,2025-12-23T13:39:34.573Z
2022-07-13,2022,7,27713072,Pulse1,captis_pulse,maroochydore,#n/a,1100.0,45.833333333333336,100.0,0.0,24,2025-12-23T13:39:34.573Z
2022-07-12,2022,7,583492,Pulse1,captis_pulse,kuluin,residential,16.0,0.9411764705882353,8.0,0.0,17,2025-12-23T13:39:34.573Z
2022-07-12,2022,7,583492,Pulse1_Total,captis_pulse,kuluin,residential,4747054.0,279238.4705882353,279344.0,279204.0,17,2025-12-23T13:39:34.573Z
2022-07-13,2022,7,583492,Pulse1,captis_pulse,kuluin,residential,75.0,3.125,43.0,0.0,24,2025-12-23T13:39:34.573Z
2022-07-13,2022,7,583492,Pulse1_Total,captis_pulse,kuluin,residential,6705149.0,279381.2083333333,279463.0,279344.0,24,2025-12-23T13:39:34.573Z
2022-07-12,2022,7,60193584,Pulse1,captis_pulse,buderim,residential,0.0,0.0,0.0,0.0,15,2025-12-23T13:39:34.573Z
2022-07-12,2022,7,60193584,Pulse1_Total,captis_pulse,buderim,residential,0.0,0.0,0.0,0.0,15,2025-12-23T13:39:34.573Z
2022-07-13,2022,7,60193584,Pulse1,captis_pulse,buderim,residential,0.0,0.0,0.0,0.0,24,2025-12-23T13:39:34.573Z
2022-07-13,2022,7,60193584,Pulse1_Total,captis_pulse,buderim,residential,0.0,0.0,0.0,0.0,23,2025-12-23T13:39:34.573Z
2022-07-13,2022,7,60193584,DeviceTemperature,captis_pulse,buderim,residential,15.5,15.5,15.5,15.5,1,2025-12-23T13:39:34.573Z
2022-07-13,2022,7,60193584,Battery,captis_pulse,buderim,residential,3.63,3.63,3.63,3.63,1,2025-12-23T13:39:34.573Z
2022-07-12,2022,7,61149604,Pulse1,captis_pulse,buderim,residential,0.0,0.0,0.0,0.0,6,2025-12-23T13:39:34.573Z
2022-07-12,2022,7,61149604,Pulse1_Total,captis_pulse,buderim,residential,570264.0,95044.0,95044.0,95044.0,6,2025-12-23T13:39:34.573Z
2022-07-12,2022,7,61234352,Pulse1,captis_pulse,buderim,residential,0.0,0.0,0.0,0.0,17,2025-12-23T13:39:34.573Z
2022-07-12,2022,7,61234352,Pulse1_Total,captis_pulse,buderim,residential,527.0,31.0,31.0,31.0,17,2025-12-23T13:39:34.573Z
2022-07-12,2022,7,61234352,DeviceTemperature,captis_pulse,buderim,residential,7.3,7.3,7.3,7.3,1,2025-12-23T13:39:34.573Z
2022-07-13,2022,7,61234352,Pulse1,captis_pulse,buderim,residential,0.0,0.0,0.0,0.0,25,2025-12-23T13:39:34.573Z
2022-07-13,2022,7,61234352,Pulse1_Total,captis_pulse,buderim,residential,744.0,31.0,31.0,31.0,24,2025-12-23T13:39:34.573Z
2022-07-12,2022,7,64631110,Pulse1,captis_pulse,maroochydore,residential,1320.0,77.6470588235294,230.0,10.0,17,2025-12-23T13:39:34.573Z
2022-07-12,2022,7,64631110,DeviceTemperature,captis_pulse,maroochydore,residential,14.61,14.61,14.61,14.61,1,2025-12-23T13:39:34.573Z
2022-07-12,2022,7,64631110,Battery,captis_pulse,maroochydore,residential,75.269,25.08966666666667,70.0,1.619,3,2025-12-23T13:39:34.573Z
2022-07-13,2022,7,64631110,Pulse1,captis_pulse,maroochydore,residential,1930.0,77.2,200.0,0.0,25,2025-12-23T13:39:34.573Z
2022-07-13,2022,7,64631110,DeviceTemperature,captis_pulse,maroochydore,residential,26.4,26.4,26.4,26.4,1,2025-12-23T13:39:34.573Z
2022-07-12,2022,7,82308,Pulse1,captis_pulse,buderim,residential,67.0,3.9411764705882355,67.0,0.0,17,2025-12-23T13:39:34.573Z
2022-07-12,2022,7,82308,Pulse1_Total,captis_pulse,buderim,residential,5527720.0,325160.0,325229.0,325152.0,17,2025-12-23T13:39:34.573Z
2022-07-12,2022,7,82308,DeviceTemperature,captis_pulse,buderim,residential,22.049999999999997,11.024999999999999,14.45,7.6,2,2025-12-23T13:39:34.573Z
2022-07-12,2022,7,82308,Battery,captis_pulse,buderim,residential,73.486,24.495333333333335,68.0,1.846,3,2025-12-23T13:39:34.573Z
2022-07-13,2022,7,82308,Pulse1,captis_pulse,buderim,residential,6.0,0.25,5.0,0.0,24,2025-12-23T13:39:34.573Z
2022-07-13,2022,7,82308,Pulse1_Total,captis_pulse,buderim,residential,7807906.0,325329.4166666667,325335.0,325326.0,24,2025-12-23T13:39:34.573Z
2022-07-12,2022,7,22609922,Pulse1,captis_pulse,north lakes,non-residential,800.0,50.0,500.0,0.0,16,2025-12-23T13:39:34.573Z
2022-07-12,2022,7,22609922,Battery,captis_pulse,north lakes,non-residential,1.922,1.922,1.922,1.922,1,2025-12-23T13:39:34.573Z
2022-07-12,2022,7,22609922,DeviceTemperature,captis_pulse,north lakes,non-residential,8.1,8.1,8.1,8.1,1,2025-12-23T13:39:34.573Z
2022-07-13,2022,7,22609922,Pulse1,captis_pulse,north lakes,non-residential,1000.0,40.0,300.0,0.0,25,2025-12-23T13:39:34.573Z
2022-07-12,2022,7,273581,Pulse1,captis_pulse,maroochydore,residential,248.0,14.588235294117647,158.0,0.0,17,2025-12-23T13:39:34.573Z
2022-07-12,2022,7,273581,Pulse1_Total,captis_pulse,maroochydore,residential,6305889.0,370934.64705882355,371119.0,370730.0,17,2025-12-23T13:39:34.573Z
2022-07-13,2022,7,273581,Pulse1,captis_pulse,maroochydore,residential,129.0,5.16,45.0,0.0,25,2025-12-23T13:39:34.573Z
2022-07-13,2022,7,273581,Pulse1_Total,captis_pulse,maroochydore,residential,9280994.0,371239.76,371447.0,371119.0,25,2025-12-23T13:39:34.573Z
2022-07-13,2022,7,273581,DeviceTemperature,captis_pulse,maroochydore,residential,14.9,14.9,14.9,14.9,1,2025-12-23T13:39:34.573Z
2022-07-12,2022,7,331010,Pulse1,captis_pulse,buderim,residential,80.0,4.705882352941177,73.0,0.0,17,2025-12-23T13:39:34.573Z
2022-07-12,2022,7,331010,Pulse1_Total,captis_pulse,buderim,residential,7108937.0,418172.76470588235,418434.0,418093.0,17,2025-12-23T13:39:34.573Z
2022-07-12,2022,7,331010,DeviceTemperature,captis_pulse,buderim,residential,13.89,13.89,13.89,13.89,1,2025-12-23T13:39:34.573Z
2022-07-13,2022,7,331010,Pulse1,captis_pulse,buderim,residential,198.0,7.615384615384615,113.0,0.0,26,2025-12-23T13:39:34.573Z
2022-07-13,2022,7,331010,Pulse1_Total,captis_pulse,buderim,residential,1.0880985E7,418499.42307692306,418665.0,418440.0,26,2025-12-23T13:39:34.573Z
2022-07-13,2022,7,331010,DeviceTemperature,captis_pulse,buderim,residential,19.9,19.9,19.9,19.9,1,2025-12-23T13:39:34.573Z
2022-07-12,2022,7,590071,Pulse1,captis_pulse,buderim,residential,58.0,3.411764705882353,52.0,0.0,17,2025-12-23T13:39:34.573Z
2022-07-12,2022,7,590071,Pulse1_Total,captis_pulse,buderim,residential,5747701.0,338100.0588235294,338220.0,338048.0,17,2025-12-23T13:39:34.573Z
2022-07-12,2022,7,590071,Battery,captis_pulse,buderim,residential,1.67,1.67,1.67,1.67,1,2025-12-23T13:39:34.573Z
2022-07-12,2022,7,590071,DeviceTemperature,captis_pulse,buderim,residential,30.299999999999997,15.149999999999999,22.4,7.9,2,2025-12-23T13:39:34.573Z
2022-07-13,2022,7,590071,Pulse1,captis_pulse,buderim,residential,98.0,4.083333333333333,41.0,0.0,24,2025-12-23T13:39:34.573Z
2022-07-13,2022,7,590071,Pulse1_Total,captis_pulse,buderim,residential,8119502.0,338312.5833333333,338388.0,338220.0,24,2025-12-23T13:39:34.573Z
2022-07-12,2022,7,60233046,Pulse1,captis_pulse,buderim,residential,0.0,0.0,0.0,0.0,17,2025-12-23T13:39:34.573Z
2022-07-12,2022,7,60233046,Pulse1_Total,captis_pulse,buderim,residential,0.0,0.0,0.0,0.0,17,2025-12-23T13:39:34.573Z
2022-07-12,2022,7,60233046,Battery,captis_pulse,buderim,residential,3.63,3.63,3.63,3.63,1,2025-12-23T13:39:34.573Z
2022-07-12,2022,7,60233046,DeviceTemperature,captis_pulse,buderim,residential,7.8,7.8,7.8,7.8,1,2025-12-23T13:39:34.573Z
2022-07-13,2022,7,60233046,DeviceTemperature,captis_pulse,buderim,residential,22.7,22.7,22.7,22.7,1,2025-12-23T13:39:34.573Z
2022-07-13,2022,7,60233046,Pulse1,captis_pulse,buderim,residential,0.0,0.0,0.0,0.0,24,2025-12-23T13:39:34.573Z
2022-07-13,2022,7,60233046,Pulse1_Total,captis_pulse,buderim,residential,0.0,0.0,0.0,0.0,24,2025-12-23T13:39:34.573Z
2022-07-12,2022,7,2719,Pulse1,captis_pulse,buderim,residential,33.0,1.9411764705882353,14.0,0.0,17,2025-12-23T13:39:34.573Z
2022-07-12,2022,7,2719,Pulse1_Total,captis_pulse,buderim,residential,4763303.0,280194.29411764705,280254.0,280168.0,17,2025-12-23T13:39:34.573Z
2022-07-12,2022,7,2719,DeviceTemperature,captis_pulse,buderim,residential,14.33,14.33,14.33,14.33,1,2025-12-23T13:39:34.573Z
2022-07-12,2022,7,2719,Battery,captis_pulse,buderim,residential,71.558,23.852666666666668,66.0,1.918,3,2025-12-23T13:39:34.573Z
2022-07-13,2022,7,2719,Pulse1,captis_pulse,buderim,residential,225.0,9.375,78.0,1.0,24,2025-12-23T13:39:34.573Z
2022-07-13,2022,7,2719,Pulse1_Total,captis_pulse,buderim,residential,6732953.0,280539.7083333333,280717.0,280256.0,24,2025-12-23T13:39:34.573Z
2022-07-12,2022,7,60193437,Pulse1,captis_pulse,buderim,residential,0.0,0.0,0.0,0.0,20,2025-12-23T13:39:34.573Z
2022-07-12,2022,7,60193437,Pulse1_Total,captis_pulse,buderim,residential,98600.0,4930.0,4930.0,4930.0,20,2025-12-23T13:39:34.573Z
2022-07-12,2022,7,60193437,DeviceTemperature,captis_pulse,buderim,residential,26.060000000000002,13.030000000000001,14.16,11.9,2,2025-12-23T13:39:34.573Z
2022-07-13,2022,7,60193437,Pulse1,captis_pulse,buderim,residential,0.0,0.0,0.0,0.0,26,2025-12-23T13:39:34.573Z
2022-07-13,2022,7,60193437,Pulse1_Total,captis_pulse,buderim,residential,128180.0,4930.0,4930.0,4930.0,26,2025-12-23T13:39:34.573Z
2022-07-13,2022,7,60193437,DeviceTemperature,captis_pulse,buderim,residential,16.4,16.4,16.4,16.4,1,2025-12-23T13:39:34.573Z
2022-07-12,2022,7,62364325,Pulse1,captis_pulse,buderim,residential,43.0,2.388888888888889,13.0,0.0,18,2025-12-23T13:39:34.573Z
2022-07-12,2022,7,62364325,Pulse1_Total,captis_pulse,buderim,residential,1986542.0,110363.44444444444,110505.0,110299.0,18,2025-12-23T13:39:34.573Z
2022-07-12,2022,7,62364325,Battery,captis_pulse,buderim,residential,74.42699999999999,24.808999999999997,69.0,1.797,3,2025-12-23T13:39:34.573Z
2022-07-13,2022,7,62364325,Pulse1,captis_pulse,buderim,residential,136.0,5.666666666666667,32.0,0.0,24,2025-12-23T13:39:34.573Z
2022-07-13,2022,7,62364325,Pulse1_Total,captis_pulse,buderim,residential,2662265.0,110927.70833333333,111186.0,110655.0,24,2025-12-23T13:39:34.573Z
2022-07-12,2022,7,65061775,Pulse1,captis_pulse,buderim,non-residential,310.0,19.375,80.0,0.0,16,2025-12-23T13:39:34.573Z
2022-07-12,2022,7,65061775,Battery,captis_pulse,buderim,non-residential,71.619,23.873,66.0,1.979,3,2025-12-23T13:39:34.573Z
2022-07-13,2022,7,65061775,Pulse1,captis_pulse,buderim,non-residential,670.0,27.916666666666668,90.0,0.0,24,2025-12-23T13:39:34.573Z
2022-07-13,2022,7,65061775,DeviceTemperature,captis_pulse,buderim,non-residential,15.8,15.8,15.8,15.8,1,2025-12-23T13:39:34.573Z
2022-07-12,2022,7,81966067,Pulse1,captis_pulse,maroochydore,non-residential,0.0,0.0,0.0,0.0,16,2025-12-23T13:39:34.573Z
2022-07-13,2022,7,81966067,Pulse1,captis_pulse,maroochydore,non-residential,0.0,0.0,0.0,0.0,7,2025-12-23T13:39:34.573Z
2022-07-13,2022,7,81966067,Battery,captis_pulse,maroochydore,non-residential,69.64,34.82,66.0,3.64,2,2025-12-23T13:39:34.573Z
2022-07-12,2022,7,22449402,Pulse1,captis_pulse,birtinya,#n/a,11500.0,676.4705882352941,1400.0,0.0,17,2025-12-23T13:39:34.573Z
2022-07-12,2022,7,22449402,Battery,captis_pulse,birtinya,#n/a,3.63,3.63,3.63,3.63,1,2025-12-23T13:39:34.573Z
2022-07-12,2022,7,22449402,DeviceTemperature,captis_pulse,birtinya,#n/a,9.4,9.4,9.4,9.4,1,2025-12-23T13:39:34.573Z
2022-07-13,2022,7,22449402,Pulse1,captis_pulse,birtinya,#n/a,28100.0,1170.8333333333333,2000.0,700.0,24,2025-12-23T13:39:34.573Z
2022-07-13,2022,7,22449402,DeviceTemperature,captis_pulse,birtinya,#n/a,21.1,21.1,21.1,21.1,1,2025-12-23T13:39:34.573Z
2022-07-12,2022,7,27446324,Pulse1,captis_pulse,maroochydore,non-residential,3200.0,160.0,1300.0,0.0,20,2025-12-23T13:39:34.573Z
2022-07-12,2022,7,27446324,DeviceTemperature,captis_pulse,maroochydore,non-residential,22.66,11.33,14.26,8.4,2,2025-12-23T13:39:34.573Z
2022-07-12,2022,7,27446324,Battery,captis_pulse,maroochydore,non-residential,3.64,3.64,3.64,3.64,1,2025-12-23T13:39:34.573Z
2022-07-13,2022,7,27446324,Pulse1,captis_pulse,maroochydore,non-residential,18000.0,750.0,2500.0,0.0,24,2025-12-23T13:39:34.573Z
2022-07-12,2022,7,45135069,Pulse1,captis_pulse,mountain creek,residential,1.0,0.0625,1.0,0.0,16,2025-12-23T13:39:34.573Z
2022-07-12,2022,7,45135069,Pulse1_Total,captis_pulse,mountain creek,residential,879749.0,54984.3125,54985.0,54984.0,16,2025-12-23T13:39:34.573Z
2022-07-12,2022,7,45135069,DeviceTemperature,captis_pulse,mountain creek,residential,5.5,5.5,5.5,5.5,1,2025-12-23T13:39:34.573Z
2022-07-13,2022,7,45135069,Pulse1,captis_pulse,mountain creek,residential,0.0,0.0,0.0,0.0,24,2025-12-23T13:39:34.573Z
2022-07-13,2022,7,45135069,Pulse1_Total,captis_pulse,mountain creek,residential,1319674.0,54986.416666666664,54987.0,54985.0,24,2025-12-23T13:39:34.573Z
2022-07-12,2022,7,59451,Pulse1,captis_pulse,maroochydore,residential,0.0,0.0,0.0,0.0,17,2025-12-23T13:39:34.573Z
2022-07-12,2022,7,59451,Pulse1_Total,captis_pulse,maroochydore,residential,4286499.0,252147.0,252147.0,252147.0,17,2025-12-23T13:39:34.573Z
2022-07-12,2022,7,59451,DeviceTemperature,captis_pulse,maroochydore,residential,16.2,16.2,16.2,16.2,1,2025-12-23T13:39:34.573Z
2022-07-13,2022,7,59451,Pulse1,captis_pulse,maroochydore,residential,0.0,0.0,0.0,0.0,26,2025-12-23T13:39:34.573Z
2022-07-13,2022,7,59451,Pulse1_Total,captis_pulse,maroochydore,residential,6555822.0,252147.0,252147.0,252147.0,26,2025-12-23T13:39:34.573Z
2022-07-12,2022,7,602993,Pulse1,captis_pulse,kuluin,residential,22.0,1.0476190476190477,7.0,0.0,21,2025-12-23T13:39:34.573Z
2022-07-12,2022,7,602993,Pulse1_Total,captis_pulse,kuluin,residential,8944370.0,406562.2727272727,406777.0,406509.0,22,2025-12-23T13:39:34.573Z
2022-07-12,2022,7,602993,Battery,captis_pulse,kuluin,residential,73.229,24.409666666666666,68.0,1.609,3,2025-12-23T13:39:34.573Z
2022-07-12,2022,7,602993,DeviceTemperature,captis_pulse,kuluin,residential,41.5,20.75,34.5,7.0,2,2025-12-23T13:39:34.573Z
2022-07-13,2022,7,602993,Pulse1,captis_pulse,kuluin,residential,129.0,5.608695652173913,42.0,0.0,23,2025-12-23T13:39:34.573Z
2022-07-13,2022,7,602993,Pulse1_Total,captis_pulse,kuluin,residential,9358394.0,406886.6956521739,407079.0,406787.0,23,2025-12-23T13:39:34.573Z
2022-07-12,2022,7,61231936,Pulse1,captis_pulse,buderim,residential,106.0,6.235294117647059,67.0,0.0,17,2025-12-23T13:39:34.573Z
2022-07-12,2022,7,61231936,Pulse1_Total,captis_pulse,buderim,residential,1768874.0,98270.77777777778,98387.0,98249.0,18,2025-12-23T13:39:34.573Z
2022-07-12,2022,7,61231936,Battery,captis_pulse,buderim,residential,3.61,3.61,3.61,3.61,1,2025-12-23T13:39:34.573Z
2022-07-12,2022,7,61231936,DeviceTemperature,captis_pulse,buderim,residential,8.9,8.9,8.9,8.9,1,2025-12-23T13:39:34.573Z
2022-07-13,2022,7,61231936,Pulse1,captis_pulse,buderim,residential,71.0,2.84,43.0,0.0,25,2025-12-23T13:39:34.573Z
2022-07-13,2022,7,61231936,Pulse1_Total,captis_pulse,buderim,residential,2463080.0,98523.2,98632.0,98422.0,25,2025-12-23T13:39:34.573Z
2022-07-13,2022,7,61231936,DeviceTemperature,captis_pulse,buderim,residential,20.2,20.2,20.2,20.2,1,2025-12-23T13:39:34.573Z
2022-07-12,2022,7,61487282,Pulse1,captis_pulse,buderim,residential,0.0,0.0,0.0,0.0,18,2025-12-23T13:39:34.573Z
2022-07-12,2022,7,61487282,Pulse1_Total,captis_pulse,buderim,residential,558.0,31.0,31.0,31.0,18,2025-12-23T13:39:34.573Z
2022-07-12,2022,7,61487282,DeviceTemperature,captis_pulse,buderim,residential,15.86,15.86,15.86,15.86,1,2025-12-23T13:39:34.573Z
2022-07-13,2022,7,61487282,Pulse1,captis_pulse,buderim,residential,0.0,0.0,0.0,0.0,25,2025-12-23T13:39:34.573Z
2022-07-13,2022,7,61487282,Pulse1_Total,captis_pulse,buderim,residential,744.0,31.0,31.0,31.0,24,2025-12-23T13:39:34.573Z
2022-07-12,2022,7,62365672,Pulse1,captis_pulse,buderim,residential,203.0,11.941176470588236,34.0,8.0,17,2025-12-23T13:39:34.573Z
2022-07-12,2022,7,62365672,Pulse1_Total,captis_pulse,buderim,residential,3568126.0,209889.76470588235,210162.0,209689.0,17,2025-12-23T13:39:34.573Z
2022-07-12,2022,7,62365672,DeviceTemperature,captis_pulse,buderim,residential,13.51,13.51,13.51,13.51,1,2025-12-23T13:39:34.573Z
2022-07-13,2022,7,62365672,Pulse1,captis_pulse,buderim,residential,242.0,10.521739130434783,20.0,9.0,23,2025-12-23T13:39:34.573Z
2022-07-13,2022,7,62365672,Pulse1_Total,captis_pulse,buderim,residential,5260702.0,210428.08,210669.0,210208.0,25,2025-12-23T13:39:34.573Z
2022-07-12,2022,7,62309947,Pulse1,captis_pulse,buderim,residential,3.0,0.17647058823529413,1.0,0.0,17,2025-12-23T13:39:34.573Z
2022-07-12,2022,7,62309947,Pulse1_Total,captis_pulse,buderim,residential,528084.0,31063.764705882353,31065.0,31063.0,17,2025-12-23T13:39:34.573Z
2022-07-12,2022,7,62309947,DeviceTemperature,captis_pulse,buderim,residential,16.79,16.79,16.79,16.79,1,2025-12-23T13:39:34.573Z
2022-07-12,2022,7,62309947,Battery,captis_pulse,buderim,residential,75.341,25.113666666666663,67.0,3.63,3,2025-12-23T13:39:34.573Z
2022-07-13,2022,7,62309947,Pulse1,captis_pulse,buderim,residential,4.0,0.16666666666666666,1.0,0.0,24,2025-12-23T13:39:34.573Z
2022-07-13,2022,7,62309947,Pulse1_Total,captis_pulse,buderim,residential,745603.0,31066.791666666668,31069.0,31065.0,24,2025-12-23T13:39:34.573Z
2022-07-13,2022,7,62309947,DeviceTemperature,captis_pulse,buderim,residential,18.8,18.8,18.8,18.8,1,2025-12-23T13:39:34.573Z
2022-07-12,2022,7,100403,Pulse1,captis_pulse,buderim,residential,12.0,0.75,11.0,0.0,16,2025-12-23T13:39:34.573Z
2022-07-12,2022,7,100403,Pulse1_Total,captis_pulse,buderim,residential,1108738.0,69296.125,69305.0,69293.0,16,2025-12-23T13:39:34.573Z
2022-07-12,2022,7,100403,DeviceTemperature,captis_pulse,buderim,residential,19.67,9.835,13.77,5.9,2,2025-12-23T13:39:34.573Z
2022-07-12,2022,7,100403,Battery,captis_pulse,buderim,residential,72.63,36.315,69.0,3.63,2,2025-12-23T13:39:34.573Z
2022-07-13,2022,7,100403,Pulse1,captis_pulse,buderim,residential,18.0,0.782608695652174,10.0,0.0,23,2025-12-23T13:39:34.573Z
2022-07-13,2022,7,100403,Pulse1_Total,captis_pulse,buderim,residential,1594331.0,69318.73913043478,69326.0,69305.0,23,2025-12-23T13:39:34.573Z
2022-07-13,2022,7,100403,DeviceTemperature,captis_pulse,buderim,residential,25.1,25.1,25.1,25.1,1,2025-12-23T13:39:34.573Z
2022-07-12,2022,7,21267301,Pulse1,captis_pulse,albany creek,non-residential,2400.0,141.1764705882353,350.0,90.0,17,2025-12-23T13:39:34.573Z
2022-07-13,2022,7,21267301,Pulse1,captis_pulse,albany creek,non-residential,7030.0,292.9166666666667,880.0,90.0,24,2025-12-23T13:39:34.573Z
2022-07-12,2022,7,46059200,Pulse1,captis_pulse,maroochydore,residential,770.0,42.77777777777778,180.0,0.0,18,2025-12-23T13:39:34.573Z
2022-07-13,2022,7,46059200,Pulse1,captis_pulse,maroochydore,residential,1220.0,50.833333333333336,220.0,10.0,24,2025-12-23T13:39:34.573Z
2022-07-12,2022,7,60193159,Pulse1,captis_pulse,buderim,residential,0.0,0.0,0.0,0.0,17,2025-12-23T13:39:34.573Z
2022-07-12,2022,7,60193159,Pulse1_Total,captis_pulse,buderim,residential,391.0,23.0,23.0,23.0,17,2025-12-23T13:39:34.573Z
2022-07-13,2022,7,60193159,Pulse1,captis_pulse,buderim,residential,0.0,0.0,0.0,0.0,24,2025-12-23T13:39:34.573Z
2022-07-13,2022,7,60193159,Pulse1_Total,captis_pulse,buderim,residential,552.0,23.0,23.0,23.0,24,2025-12-23T13:39:34.573Z
2022-07-12,2022,7,64628265,Pulse1,captis_pulse,maroochydore,residential,120.0,7.0588235294117645,40.0,0.0,17,2025-12-23T13:39:34.573Z
2022-07-12,2022,7,64628265,DeviceTemperature,captis_pulse,maroochydore,residential,13.15,13.15,13.15,13.15,1,2025-12-23T13:39:34.573Z
2022-07-12,2022,7,64628265,Battery,captis_pulse,maroochydore,residential,74.004,24.668000000000003,68.0,2.364,3,2025-12-23T13:39:34.573Z
2022-07-13,2022,7,64628265,Pulse1,captis_pulse,maroochydore,residential,300.0,12.5,50.0,0.0,24,2025-12-23T13:39:34.573Z
2022-07-13,2022,7,64628265,DeviceTemperature,captis_pulse,maroochydore,residential,16.0,16.0,16.0,16.0,1,2025-12-23T13:39:34.573Z
2022-07-12,2022,7,64632471,Pulse1,captis_pulse,buderim,residential,0.0,0.0,0.0,0.0,16,2025-12-23T13:39:34.573Z
2022-07-12,2022,7,64632471,DeviceTemperature,captis_pulse,buderim,residential,48.04,16.013333333333332,16.54,15.6,3,2025-12-23T13:39:34.573Z
2022-07-12,2022,7,64632471,Battery,captis_pulse,buderim,residential,72.64,36.32,69.0,3.64,2,2025-12-23T13:39:34.573Z
2022-07-13,2022,7,64632471,Pulse1,captis_pulse,buderim,residential,0.0,0.0,0.0,0.0,25,2025-12-23T13:39:34.573Z
2022-07-12,2022,7,669,DeviceTemperature,captis_pulse,maroochydore,residential,14.8,14.8,14.8,14.8,1,2025-12-23T13:39:34.573Z
2022-07-13,2022,7,669,DeviceTemperature,captis_pulse,maroochydore,residential,16.5,16.5,16.5,16.5,1,2025-12-23T13:39:34.573Z
2022-07-13,2022,7,669,Battery,captis_pulse,maroochydore,residential,125.61,62.805,122.0,3.61,2,2025-12-23T13:39:34.573Z
2022-07-12,2022,7,21211959,Pulse1,captis_pulse,mountain creek,non-residential,330.0,19.41176470588235,120.0,0.0,17,2025-12-23T13:39:34.573Z
2022-07-12,2022,7,21211959,DeviceTemperature,captis_pulse,mountain creek,non-residential,19.05,9.525,12.85,6.2,2,2025-12-23T13:39:34.573Z
2022-07-12,2022,7,21211959,Battery,captis_pulse,mountain creek,non-residential,3.63,3.63,3.63,3.63,1,2025-12-23T13:39:34.573Z
2022-07-13,2022,7,21211959,Pulse1,captis_pulse,mountain creek,non-residential,550.0,22.0,150.0,0.0,25,2025-12-23T13:39:34.573Z
2022-07-13,2022,7,21211959,DeviceTemperature,captis_pulse,mountain creek,non-residential,21.0,21.0,21.0,21.0,1,2025-12-23T13:39:34.573Z
2022-07-12,2022,7,27446095,Pulse1,captis_pulse,maroochydore,non-residential,0.0,0.0,0.0,0.0,17,2025-12-23T13:39:34.573Z
2022-07-13,2022,7,27446095,Pulse1,captis_pulse,maroochydore,non-residential,0.0,0.0,0.0,0.0,23,2025-12-23T13:39:34.573Z
2022-07-13,2022,7,27446095,DeviceTemperature,captis_pulse,maroochydore,non-residential,28.5,28.5,28.5,28.5,1,2025-12-23T13:39:34.573Z
2022-07-12,2022,7,60380448,Pulse1,captis_pulse,buderim,residential,162.0,9.529411764705882,101.0,0.0,17,2025-12-23T13:39:34.573Z
2022-07-12,2022,7,60380448,Pulse1_Total,captis_pulse,buderim,residential,2087665.0,122803.82352941176,122863.0,122667.0,17,2025-12-23T13:39:34.573Z
2022-07-12,2022,7,60380448,DeviceTemperature,captis_pulse,buderim,residential,15.75,15.75,15.75,15.75,1,2025-12-23T13:39:34.573Z
2022-07-12,2022,7,60380448,Battery,captis_pulse,buderim,residential,70.92099999999999,23.64033333333333,65.0,2.291,3,2025-12-23T13:39:34.573Z
2022-07-13,2022,7,60380448,Pulse1,captis_pulse,buderim,residential,0.0,0.0,0.0,0.0,24,2025-12-23T13:39:34.573Z
2022-07-13,2022,7,60380448,Pulse1_Total,captis_pulse,buderim,residential,2948712.0,122863.0,122863.0,122863.0,24,2025-12-23T13:39:34.573Z
2022-07-12,2022,7,81969254,Pulse1,captis_pulse,buderim,non-residential,134.0,8.375,54.0,0.0,16,2025-12-23T13:39:34.573Z
2022-07-12,2022,7,81969254,Pulse1_Total,captis_pulse,buderim,non-residential,3492870.0,218304.375,218605.0,218262.0,16,2025-12-23T13:39:34.573Z
2022-07-13,2022,7,81969254,Pulse1,captis_pulse,buderim,non-residential,504.0,63.0,93.0,39.0,8,2025-12-23T13:39:34.573Z
2022-07-13,2022,7,81969254,Pulse1_Total,captis_pulse,buderim,non-residential,1752898.0,219112.25,219483.0,218677.0,8,2025-12-23T13:39:34.573Z
2022-07-12,2022,7,8976840,Pulse1,captis_pulse,maroochydore,residential,97.0,5.388888888888889,55.0,0.0,18,2025-12-23T13:39:34.573Z
2022-07-12,2022,7,8976840,Pulse1_Total,captis_pulse,maroochydore,residential,3633431.0,201857.27777777778,201944.0,201824.0,18,2025-12-23T13:39:34.573Z
2022-07-12,2022,7,8976840,Battery,captis_pulse,maroochydore,residential,74.722,24.90733333333333,69.0,2.092,3,2025-12-23T13:39:34.573Z
2022-07-12,2022,7,8976840,DeviceTemperature,captis_pulse,maroochydore,residential,6.9,6.9,6.9,6.9,1,2025-12-23T13:39:34.573Z
2022-07-13,2022,7,8976840,Pulse1,captis_pulse,maroochydore,residential,314.0,12.56,48.0,0.0,25,2025-12-23T13:39:34.573Z
2022-07-13,2022,7,8976840,Pulse1_Total,captis_pulse,maroochydore,residential,5259556.0,202290.61538461538,202423.0,202011.0,26,2025-12-23T13:39:34.573Z
2022-07-12,2022,7,1178690,Pulse1,captis_pulse,maroochydore,residential,118.0,7.375,81.0,0.0,16,2025-12-23T13:39:34.573Z
2022-07-12,2022,7,1178690,Pulse1_Total,captis_pulse,maroochydore,residential,2917461.0,182341.3125,182458.0,182290.0,16,2025-12-23T13:39:34.573Z
2022-07-12,2022,7,1178690,DeviceTemperature,captis_pulse,maroochydore,residential,18.55,18.55,18.55,18.55,1,2025-12-23T13:39:34.573Z
2022-07-12,2022,7,1178690,Battery,captis_pulse,maroochydore,residential,78.418,26.139333333333337,71.0,3.64,3,2025-12-23T13:39:34.573Z
2022-07-13,2022,7,1178690,Pulse1,captis_pulse,maroochydore,residential,104.0,4.333333333333333,41.0,0.0,24,2025-12-23T13:39:34.573Z
2022-07-13,2022,7,1178690,Pulse1_Total,captis_pulse,maroochydore,residential,4197872.0,182516.1739130435,182633.0,182458.0,23,2025-12-23T13:39:34.573Z
2022-07-13,2022,7,1178690,DeviceTemperature,captis_pulse,maroochydore,residential,23.3,23.3,23.3,23.3,1,2025-12-23T13:39:34.573Z
2022-07-12,2022,7,60194181,DeviceTemperature,captis_pulse,buderim,residential,7.5,7.5,7.5,7.5,1,2025-12-23T13:39:34.573Z
2022-07-13,2022,7,60194181,DeviceTemperature,captis_pulse,buderim,residential,11.98,11.98,11.98,11.98,1,2025-12-23T13:39:34.573Z
2022-07-13,2022,7,60194181,Battery,captis_pulse,buderim,residential,3.65,3.65,3.65,3.65,1,2025-12-23T13:39:34.573Z
2022-07-12,2022,7,65438080,Pulse1,captis_pulse,buderim,non-residential,920.0,54.11764705882353,310.0,0.0,17,2025-12-23T13:39:34.573Z
2022-07-12,2022,7,65438080,DeviceTemperature,captis_pulse,buderim,non-residential,20.29,10.145,13.19,7.1,2,2025-12-23T13:39:34.573Z
2022-07-12,2022,7,65438080,Battery,captis_pulse,buderim,non-residential,74.38,24.793333333333333,69.0,1.75,3,2025-12-23T13:39:34.573Z
2022-07-13,2022,7,65438080,Pulse1,captis_pulse,buderim,non-residential,5590.0,223.6,730.0,0.0,25,2025-12-23T13:39:34.573Z
2022-07-12,2022,7,61236077,Pulse1,captis_pulse,buderim,residential,0.0,0.0,0.0,0.0,18,2025-12-23T13:39:34.573Z
2022-07-12,2022,7,61236077,Pulse1_Total,captis_pulse,buderim,residential,558.0,31.0,31.0,31.0,18,2025-12-23T13:39:34.573Z
2022-07-12,2022,7,61236077,DeviceTemperature,captis_pulse,buderim,residential,15.4,15.4,15.4,15.4,1,2025-12-23T13:39:34.573Z
2022-07-12,2022,7,61236077,Battery,captis_pulse,buderim,residential,72.828,24.276,67.0,2.188,3,2025-12-23T13:39:34.573Z
2022-07-13,2022,7,61236077,Pulse1,captis_pulse,buderim,residential,0.0,0.0,0.0,0.0,26,2025-12-23T13:39:34.573Z
2022-07-13,2022,7,61236077,Pulse1_Total,captis_pulse,buderim,residential,775.0,31.0,31.0,31.0,25,2025-12-23T13:39:34.573Z
2022-07-12,2022,7,61276076,Pulse1,captis_pulse,buderim,residential,0.0,0.0,0.0,0.0,17,2025-12-23T13:39:34.573Z
2022-07-12,2022,7,61276076,Pulse1_Total,captis_pulse,buderim,residential,550273.0,32369.0,32369.0,32369.0,17,2025-12-23T13:39:34.573Z
2022-07-12,2022,7,61276076,Battery,captis_pulse,buderim,residential,4.117,4.117,4.117,4.117,1,2025-12-23T13:39:34.573Z
2022-07-13,2022,7,61276076,Pulse1,captis_pulse,buderim,residential,0.0,0.0,0.0,0.0,23,2025-12-23T13:39:34.573Z
2022-07-13,2022,7,61276076,Pulse1_Total,captis_pulse,buderim,residential,744487.0,32369.0,32369.0,32369.0,23,2025-12-23T13:39:34.573Z
2022-07-12,2022,7,64627478,Pulse1,captis_pulse,maroochydore,residential,1320.0,73.33333333333333,390.0,0.0,18,2025-12-23T13:39:34.573Z
2022-07-12,2022,7,64627478,DeviceTemperature,captis_pulse,maroochydore,residential,13.75,13.75,13.75,13.75,1,2025-12-23T13:39:34.573Z
2022-07-12,2022,7,64627478,Battery,captis_pulse,maroochydore,residential,77.551,25.850333333333335,72.0,1.911,3,2025-12-23T13:39:34.573Z
2022-07-13,2022,7,64627478,Pulse1,captis_pulse,maroochydore,residential,1930.0,71.48148148148148,260.0,0.0,27,2025-12-23T13:39:34.573Z
2022-07-13,2022,7,64627478,DeviceTemperature,captis_pulse,maroochydore,residential,16.5,16.5,16.5,16.5,1,2025-12-23T13:39:34.573Z
2022-07-12,2022,7,92395,Pulse1,captis_pulse,buderim,residential,3.0,0.1875,2.0,0.0,16,2025-12-23T13:39:34.573Z
2022-07-12,2022,7,92395,Pulse1_Total,captis_pulse,buderim,residential,9122524.0,570157.75,570207.0,570145.0,16,2025-12-23T13:39:34.573Z
2022-07-12,2022,7,92395,DeviceTemperature,captis_pulse,buderim,residential,6.0,6.0,6.0,6.0,1,2025-12-23T13:39:34.573Z
2022-07-13,2022,7,92395,Pulse1,captis_pulse,buderim,residential,22.0,0.9166666666666666,7.0,0.0,24,2025-12-23T13:39:34.573Z
2022-07-13,2022,7,92395,Pulse1_Total,captis_pulse,buderim,residential,1.3685518E7,570229.9166666666,570255.0,570207.0,24,2025-12-23T13:39:34.573Z
2022-07-12,2022,7,67714898,Pulse1,captis_pulse,buderim,residential,0.0,0.0,0.0,0.0,17,2025-12-23T13:39:34.573Z
2022-07-12,2022,7,67714898,Pulse1_Total,captis_pulse,buderim,residential,714.0,42.0,42.0,42.0,17,2025-12-23T13:39:34.573Z
2022-07-13,2022,7,67714898,Pulse1,captis_pulse,buderim,residential,0.0,0.0,0.0,0.0,26,2025-12-23T13:39:34.573Z
2022-07-13,2022,7,67714898,Pulse1_Total,captis_pulse,buderim,residential,1050.0,42.0,42.0,42.0,25,2025-12-23T13:39:34.573Z
2022-07-12,2022,7,65439124,Pulse1,captis_pulse,maroochydore,residential,6750.0,397.05882352941177,1160.0,30.0,17,2025-12-23T13:39:34.573Z
2022-07-12,2022,7,65439124,DeviceTemperature,captis_pulse,maroochydore,residential,13.100000000000001,6.550000000000001,6.9,6.2,2,2025-12-23T13:39:34.573Z
2022-07-13,2022,7,65439124,Pulse1,captis_pulse,maroochydore,residential,15960.0,665.0,1190.0,300.0,24,2025-12-23T13:39:34.573Z
2022-07-13,2022,7,65439124,DeviceTemperature,captis_pulse,maroochydore,residential,23.3,23.3,23.3,23.3,1,2025-12-23T13:39:34.573Z
2022-07-12,2022,7,81970969,Pulse1,captis_pulse,maroochydore,non-residential,0.0,0.0,0.0,0.0,11,2025-12-23T13:39:34.573Z
2022-07-12,2022,7,81970969,DeviceTemperature,captis_pulse,maroochydore,non-residential,8.9,8.9,8.9,8.9,1,2025-12-23T13:39:34.573Z
2022-07-12,2022,7,1237719,Pulse1,captis_pulse,maroochydore,residential,1.0,0.0625,1.0,0.0,16,2025-12-23T13:39:34.573Z
2022-07-12,2022,7,1237719,Pulse1_Total,captis_pulse,maroochydore,residential,3605901.0,225368.8125,225374.0,225365.0,16,2025-12-23T13:39:34.573Z
2022-07-12,2022,7,1237719,DeviceTemperature,captis_pulse,maroochydore,residential,14.5,14.5,14.5,14.5,1,2025-12-23T13:39:34.573Z
2022-07-13,2022,7,1237719,Pulse1,captis_pulse,maroochydore,residential,11.0,0.4583333333333333,5.0,0.0,24,2025-12-23T13:39:34.573Z
2022-07-13,2022,7,1237719,Pulse1_Total,captis_pulse,maroochydore,residential,5412594.0,225524.75,225611.0,225374.0,24,2025-12-23T13:39:34.573Z
2022-07-12,2022,7,61148154,Pulse1,captis_pulse,buderim,residential,98.0,5.444444444444445,58.0,0.0,18,2025-12-23T13:39:34.573Z
2022-07-12,2022,7,61148154,Pulse1_Total,captis_pulse,buderim,residential,955000.0,53055.555555555555,53150.0,53017.0,18,2025-12-23T13:39:34.573Z
2022-07-12,2022,7,61148154,DeviceTemperature,captis_pulse,buderim,residential,15.16,15.16,15.16,15.16,1,2025-12-23T13:39:34.573Z
2022-07-12,2022,7,61148154,Battery,captis_pulse,buderim,residential,72.517,24.17233333333333,67.0,1.877,3,2025-12-23T13:39:34.573Z
2022-07-13,2022,7,61148154,Pulse1,captis_pulse,buderim,residential,67.0,2.576923076923077,22.0,0.0,26,2025-12-23T13:39:34.573Z
2022-07-13,2022,7,61148154,Pulse1_Total,captis_pulse,buderim,residential,1333719.0,53348.76,53427.0,53150.0,25,2025-12-23T13:39:34.573Z
2022-07-13,2022,7,61148154,DeviceTemperature,captis_pulse,buderim,residential,20.1,20.1,20.1,20.1,1,2025-12-23T13:39:34.573Z
2022-07-12,2022,7,61298826,Pulse1,captis_pulse,buderim,residential,41.0,2.5625,16.0,0.0,16,2025-12-23T13:39:34.573Z
2022-07-12,2022,7,61298826,Pulse1_Total,captis_pulse,buderim,residential,826489.0,51655.5625,52053.0,51582.0,16,2025-12-23T13:39:34.573Z
2022-07-12,2022,7,61298826,DeviceTemperature,captis_pulse,buderim,residential,9.5,9.5,9.5,9.5,1,2025-12-23T13:39:34.573Z
2022-07-12,2022,7,61298826,Battery,captis_pulse,buderim,residential,77.455,25.81833333333333,72.0,1.825,3,2025-12-23T13:39:34.573Z
2022-07-13,2022,7,61298826,Pulse1,captis_pulse,buderim,residential,82.0,3.4166666666666665,52.0,0.0,24,2025-12-23T13:39:34.573Z
2022-07-13,2022,7,61298826,Pulse1_Total,captis_pulse,buderim,residential,1251537.0,52147.375,52177.0,52108.0,24,2025-12-23T13:39:34.573Z
2022-07-13,2022,7,61298826,DeviceTemperature,captis_pulse,buderim,residential,25.0,25.0,25.0,25.0,1,2025-12-23T13:39:34.573Z
2022-07-12,2022,7,1875,Pulse1,captis_pulse,maroochydore,residential,9.0,0.5,3.0,0.0,18,2025-12-23T13:39:34.573Z
2022-07-12,2022,7,1875,Pulse1_Total,captis_pulse,maroochydore,residential,4367871.0,242659.5,242674.0,242653.0,18,2025-12-23T13:39:34.573Z
2022-07-13,2022,7,1875,Pulse1,captis_pulse,maroochydore,residential,60.0,2.5,43.0,0.0,24,2025-12-23T13:39:34.573Z
2022-07-13,2022,7,1875,Pulse1_Total,captis_pulse,maroochydore,residential,5825275.0,242719.79166666666,242814.0,242674.0,24,2025-12-23T13:39:34.573Z
2022-07-12,2022,7,272718,Pulse1,captis_pulse,buderim,residential,35.0,2.3333333333333335,21.0,0.0,15,2025-12-23T13:39:34.573Z
2022-07-12,2022,7,272718,Pulse1_Total,captis_pulse,buderim,residential,5071435.0,338095.6666666667,338222.0,338050.0,15,2025-12-23T13:39:34.573Z
2022-07-12,2022,7,272718,DeviceTemperature,captis_pulse,buderim,residential,13.4,13.4,13.4,13.4,1,2025-12-23T13:39:34.573Z
2022-07-13,2022,7,272718,Pulse1,captis_pulse,buderim,residential,267.0,11.125,67.0,0.0,24,2025-12-23T13:39:34.573Z
2022-07-13,2022,7,272718,Pulse1_Total,captis_pulse,buderim,residential,8122006.0,338416.9166666667,338571.0,338222.0,24,2025-12-23T13:39:34.573Z
2022-07-13,2022,7,272718,DeviceTemperature,captis_pulse,buderim,residential,19.1,19.1,19.1,19.1,1,2025-12-23T13:39:34.573Z
2022-07-12,2022,7,36811364,Pulse1,captis_pulse,mango hill,non-residential,800.0,53.333333333333336,400.0,0.0,15,2025-12-23T13:39:34.573Z
2022-07-12,2022,7,36811364,DeviceTemperature,captis_pulse,mango hill,non-residential,9.0,9.0,9.0,9.0,1,2025-12-23T13:39:34.573Z
2022-07-13,2022,7,36811364,Pulse1,captis_pulse,mango hill,non-residential,4600.0,184.0,600.0,0.0,25,2025-12-23T13:39:34.573Z
2022-07-12,2022,7,81964560,Pulse1,captis_pulse,kuluin,residential,37.0,2.642857142857143,35.0,0.0,14,2025-12-23T13:39:34.573Z
2022-07-12,2022,7,81964560,Pulse1_Total,captis_pulse,kuluin,residential,1665683.0,118977.35714285714,119041.0,118926.0,14,2025-12-23T13:39:34.573Z
2022-07-12,2022,7,81964560,DeviceTemperature,captis_pulse,kuluin,residential,15.7,15.7,15.7,15.7,1,2025-12-23T13:39:34.573Z
2022-07-13,2022,7,81964560,Pulse1,captis_pulse,kuluin,residential,0.0,0.0,0.0,0.0,8,2025-12-23T13:39:34.573Z
2022-07-13,2022,7,81964560,Pulse1_Total,captis_pulse,kuluin,residential,833293.0,119041.85714285714,119042.0,119041.0,7,2025-12-23T13:39:34.573Z
2022-07-12,2022,7,61291346,Pulse1,captis_pulse,buderim,residential,0.0,0.0,0.0,0.0,15,2025-12-23T13:39:34.573Z
2022-07-12,2022,7,61291346,Pulse1_Total,captis_pulse,buderim,residential,435.0,29.0,29.0,29.0,15,2025-12-23T13:39:34.573Z
2022-07-12,2022,7,61291346,DeviceTemperature,captis_pulse,buderim,residential,8.2,8.2,8.2,8.2,1,2025-12-23T13:39:34.573Z
2022-07-13,2022,7,61291346,Pulse1,captis_pulse,buderim,residential,0.0,0.0,0.0,0.0,24,2025-12-23T13:39:34.573Z
2022-07-13,2022,7,61291346,Pulse1_Total,captis_pulse,buderim,residential,667.0,29.0,29.0,29.0,23,2025-12-23T13:39:34.573Z
2022-07-13,2022,7,61291346,DeviceTemperature,captis_pulse,buderim,residential,25.7,25.7,25.7,25.7,1,2025-12-23T13:39:34.573Z
2022-07-12,2022,7,61249239,Pulse1,,,,1233.0,72.52941176470588,486.0,2.0,17,2025-12-23T13:39:34.573Z
2022-07-12,2022,7,61249239,Pulse1_Total,,,,3230993.0,190058.41176470587,192183.0,189140.0,17,2025-12-23T13:39:34.573Z
2022-07-12,2022,7,61249239,DeviceTemperature,,,,14.24,14.24,14.24,14.24,1,2025-12-23T13:39:34.573Z
2022-07-12,2022,7,61249239,Battery,,,,71.63,35.815,68.0,3.63,2,2025-12-23T13:39:34.573Z
2022-07-13,2022,7,61249239,Pulse1,,,,77.0,5.923076923076923,22.0,3.0,13,2025-12-23T13:39:34.573Z
2022-07-13,2022,7,61249239,Pulse1_Total,,,,2499780.0,192290.76923076922,192346.0,192219.0,13,2025-12-23T13:39:34.573Z
2022-07-12,2022,7,10190,Pulse1,captis_pulse,buderim,residential,85.0,5.0,78.0,0.0,17,2025-12-23T13:39:34.573Z
2022-07-12,2022,7,10190,Pulse1_Total,captis_pulse,buderim,residential,3834656.0,225568.0,225643.0,225540.0,17,2025-12-23T13:39:34.573Z
2022-07-13,2022,7,10190,Pulse1,captis_pulse,buderim,residential,209.0,8.36,44.0,0.0,25,2025-12-23T13:39:34.573Z
2022-07-13,2022,7,10190,Pulse1_Total,captis_pulse,buderim,residential,5646946.0,225877.84,226017.0,225682.0,25,2025-12-23T13:39:34.573Z
2022-07-12,2022,7,14171,Pulse1,captis_pulse,buderim,residential,219.0,13.6875,122.0,0.0,16,2025-12-23T13:39:34.573Z
2022-07-12,2022,7,14171,Pulse1_Total,captis_pulse,buderim,residential,4970824.0,310676.5,310890.0,310625.0,16,2025-12-23T13:39:34.573Z
2022-07-12,2022,7,14171,DeviceTemperature,captis_pulse,buderim,residential,20.57,10.285,14.17,6.4,2,2025-12-23T13:39:34.573Z
2022-07-12,2022,7,14171,Battery,captis_pulse,buderim,residential,73.429,24.476333333333333,68.0,1.809,3,2025-12-23T13:39:34.573Z
2022-07-13,2022,7,14171,DeviceTemperature,captis_pulse,buderim,residential,30.8,30.8,30.8,30.8,1,2025-12-23T13:39:34.573Z
2022-07-13,2022,7,14171,Pulse1,captis_pulse,buderim,residential,56.0,2.24,18.0,0.0,25,2025-12-23T13:39:34.573Z
2022-07-13,2022,7,14171,Pulse1_Total,captis_pulse,buderim,residential,7774004.0,310960.16,310997.0,310899.0,25,2025-12-23T13:39:34.573Z
2022-07-12,2022,7,60218272,Pulse1,captis_pulse,buderim,residential,14.0,0.8235294117647058,9.0,0.0,17,2025-12-23T13:39:34.573Z
2022-07-12,2022,7,60218272,Pulse1_Total,captis_pulse,buderim,residential,1100730.0,64748.82352941176,64773.0,64744.0,17,2025-12-23T13:39:34.573Z
2022-07-12,2022,7,60218272,Battery,captis_pulse,buderim,residential,2.399,2.399,2.399,2.399,1,2025-12-23T13:39:34.573Z
2022-07-13,2022,7,60218272,Pulse1,captis_pulse,buderim,residential,102.0,4.25,100.0,0.0,24,2025-12-23T13:39:34.573Z
2022-07-13,2022,7,60218272,Pulse1_Total,captis_pulse,buderim,residential,1558604.0,64941.833333333336,64946.0,64846.0,24,2025-12-23T13:39:34.573Z
2022-07-13,2022,7,60218272,DeviceTemperature,captis_pulse,buderim,residential,18.0,18.0,18.0,18.0,1,2025-12-23T13:39:34.573Z
2022-07-12,2022,7,61290332,Pulse1,captis_pulse,buderim,residential,0.0,0.0,0.0,0.0,14,2025-12-23T13:39:34.573Z
2022-07-12,2022,7,61290332,Pulse1_Total,captis_pulse,buderim,residential,364.0,26.0,26.0,26.0,14,2025-12-23T13:39:34.573Z
2022-07-12,2022,7,61290332,DeviceTemperature,captis_pulse,buderim,residential,21.880000000000003,10.940000000000001,13.48,8.4,2,2025-12-23T13:39:34.573Z
2022-07-12,2022,7,61290332,Battery,captis_pulse,buderim,residential,68.169,22.723,63.0,1.539,3,2025-12-23T13:39:34.573Z
2022-07-13,2022,7,61290332,Pulse1,captis_pulse,buderim,residential,0.0,0.0,0.0,0.0,25,2025-12-23T13:39:34.573Z
2022-07-13,2022,7,61290332,Pulse1_Total,captis_pulse,buderim,residential,650.0,26.0,26.0,26.0,25,2025-12-23T13:39:34.573Z
2022-07-13,2022,7,61290332,DeviceTemperature,captis_pulse,buderim,residential,17.7,17.7,17.7,17.7,1,2025-12-23T13:39:34.573Z
2022-07-12,2022,7,62366640,Pulse1,captis_pulse,buderim,non-residential,0.0,0.0,0.0,0.0,18,2025-12-23T13:39:34.573Z
2022-07-12,2022,7,62366640,Pulse1_Total,captis_pulse,buderim,non-residential,510.0,30.0,30.0,30.0,17,2025-12-23T13:39:34.573Z
2022-07-13,2022,7,62366640,Pulse1,captis_pulse,buderim,non-residential,0.0,0.0,0.0,0.0,23,2025-12-23T13:39:34.573Z
2022-07-13,2022,7,62366640,Pulse1_Total,captis_pulse,buderim,non-residential,690.0,30.0,30.0,30.0,23,2025-12-23T13:39:34.573Z
2022-07-12,2022,7,83008,Pulse1,captis_pulse,buderim,residential,16.0,0.8888888888888888,7.0,0.0,18,2025-12-23T13:39:34.573Z
2022-07-12,2022,7,83008,Pulse1_Total,captis_pulse,buderim,residential,6728634.0,395802.0,395813.0,395787.0,17,2025-12-23T13:39:34.573Z
2022-07-12,2022,7,83008,DeviceTemperature,captis_pulse,buderim,residential,13.66,13.66,13.66,13.66,1,2025-12-23T13:39:34.573Z
2022-07-13,2022,7,83008,Pulse1,captis_pulse,buderim,residential,142.0,5.68,60.0,0.0,25,2025-12-23T13:39:34.573Z
2022-07-13,2022,7,83008,Pulse1_Total,captis_pulse,buderim,residential,1.030537E7,396360.3846153846,396553.0,395823.0,26,2025-12-23T13:39:34.573Z
2022-07-12,2022,7,45121676,Pulse1,captis_pulse,buderim,residential,0.0,0.0,0.0,0.0,16,2025-12-23T13:39:34.573Z
2022-07-12,2022,7,45121676,Pulse1_Total,captis_pulse,buderim,residential,480.0,30.0,30.0,30.0,16,2025-12-23T13:39:34.573Z
2022-07-13,2022,7,45121676,Pulse1,captis_pulse,buderim,residential,0.0,0.0,0.0,0.0,25,2025-12-23T13:39:34.573Z
2022-07-13,2022,7,45121676,Pulse1_Total,captis_pulse,buderim,residential,720.0,30.0,30.0,30.0,24,2025-12-23T13:39:34.573Z
2022-07-13,2022,7,45121676,Battery,captis_pulse,buderim,residential,69.63,34.815,66.0,3.63,2,2025-12-23T13:39:34.573Z
2022-07-12,2022,7,61105858,Pulse1,captis_pulse,buderim,residential,0.0,0.0,0.0,0.0,17,2025-12-23T13:39:34.573Z
2022-07-12,2022,7,61105858,Pulse1_Total,captis_pulse,buderim,residential,561.0,33.0,33.0,33.0,17,2025-12-23T13:39:34.573Z
2022-07-12,2022,7,61105858,DeviceTemperature,captis_pulse,buderim,residential,16.9,16.9,16.9,16.9,1,2025-12-23T13:39:34.573Z
2022-07-12,2022,7,61105858,Battery,captis_pulse,buderim,residential,77.884,25.961333333333332,72.0,2.244,3,2025-12-23T13:39:34.573Z
2022-07-13,2022,7,61105858,Pulse1,captis_pulse,buderim,residential,0.0,0.0,0.0,0.0,24,2025-12-23T13:39:34.573Z
2022-07-13,2022,7,61105858,Pulse1_Total,captis_pulse,buderim,residential,792.0,33.0,33.0,33.0,24,2025-12-23T13:39:34.573Z
2022-07-13,2022,7,61105858,DeviceTemperature,captis_pulse,buderim,residential,18.7,18.7,18.7,18.7,1,2025-12-23T13:39:34.573Z
2022-07-12,2022,7,61247543,Pulse1,captis_pulse,buderim,residential,48.0,3.0,19.0,0.0,16,2025-12-23T13:39:34.573Z
2022-07-12,2022,7,61247543,Pulse1_Total,captis_pulse,buderim,residential,1642765.0,102672.8125,102948.0,102584.0,16,2025-12-23T13:39:34.573Z
2022-07-13,2022,7,61247543,Pulse1,captis_pulse,buderim,residential,142.0,5.916666666666667,34.0,0.0,24,2025-12-23T13:39:34.573Z
2022-07-13,2022,7,61247543,Pulse1_Total,captis_pulse,buderim,residential,2474457.0,103102.375,103207.0,102983.0,24,2025-12-23T13:39:34.573Z
2022-07-13,2022,7,61247543,DeviceTemperature,captis_pulse,buderim,residential,27.0,27.0,27.0,27.0,1,2025-12-23T13:39:34.573Z
2022-07-12,2022,7,292566,Pulse1,captis_pulse,kuluin,residential,92.0,5.411764705882353,63.0,0.0,17,2025-12-23T13:39:34.573Z
2022-07-12,2022,7,292566,Pulse1_Total,captis_pulse,kuluin,residential,2629831.0,154695.9411764706,154798.0,154671.0,17,2025-12-23T13:39:34.573Z
2022-07-12,2022,7,292566,DeviceTemperature,captis_pulse,kuluin,residential,13.42,13.42,13.42,13.42,1,2025-12-23T13:39:34.573Z
2022-07-13,2022,7,292566,Pulse1,captis_pulse,kuluin,residential,135.0,5.625,27.0,0.0,24,2025-12-23T13:39:34.573Z
2022-07-13,2022,7,292566,Pulse1_Total,captis_pulse,kuluin,residential,3718433.0,154934.70833333334,155024.0,154798.0,24,2025-12-23T13:39:34.573Z
2022-07-12,2022,7,576630,Pulse1,captis_pulse,kuluin,residential,73.0,4.5625,52.0,0.0,16,2025-12-23T13:39:34.573Z
2022-07-12,2022,7,576630,Pulse1_Total,captis_pulse,kuluin,residential,3351796.0,209487.25,209567.0,209450.0,16,2025-12-23T13:39:34.573Z
2022-07-12,2022,7,576630,Battery,captis_pulse,kuluin,residential,76.35499999999999,25.451666666666664,71.0,1.725,3,2025-12-23T13:39:34.573Z
2022-07-13,2022,7,576630,Pulse1,captis_pulse,kuluin,residential,28.0,1.1666666666666667,6.0,0.0,24,2025-12-23T13:39:34.573Z
2022-07-13,2022,7,576630,Pulse1_Total,captis_pulse,kuluin,residential,5030332.0,209597.16666666666,209616.0,209569.0,24,2025-12-23T13:39:34.573Z
2022-07-12,2022,7,21892717,Pulse1,captis_pulse,maroochydore,non-residential,80.0,5.714285714285714,32.0,0.0,14,2025-12-23T13:39:34.573Z
2022-07-12,2022,7,21892717,Pulse1_Total,captis_pulse,maroochydore,non-residential,1.3360949E7,954353.5,954509.0,954258.0,14,2025-12-23T13:39:34.573Z
2022-07-13,2022,7,21892717,DeviceTemperature,captis_pulse,maroochydore,non-residential,27.7,27.7,27.7,27.7,1,2025-12-23T13:39:34.573Z
2022-07-13,2022,7,21892717,Pulse1,captis_pulse,maroochydore,non-residential,218.0,8.72,52.0,0.0,25,2025-12-23T13:39:34.573Z
2022-07-13,2022,7,21892717,Pulse1_Total,captis_pulse,maroochydore,non-residential,2.3870573E7,954822.92,954919.0,954536.0,25,2025-12-23T13:39:34.573Z
2022-07-12,2022,7,65063933,Pulse1,captis_pulse,maroochydore,non-residential,3560.0,178.0,595.0,15.0,20,2025-12-23T13:39:34.573Z
2022-07-12,2022,7,65063933,DeviceTemperature,captis_pulse,maroochydore,non-residential,13.25,13.25,13.25,13.25,1,2025-12-23T13:39:34.573Z
2022-07-12,2022,7,65063933,Battery,captis_pulse,maroochydore,non-residential,75.374,25.124666666666666,70.0,1.734,3,2025-12-23T13:39:34.573Z
2022-07-13,2022,7,65063933,Pulse1,captis_pulse,maroochydore,non-residential,4940.0,205.83333333333334,445.0,65.0,24,2025-12-23T13:39:34.573Z
2022-07-12,2022,7,61270989,DeviceTemperature,captis_pulse,buderim,residential,10.4,10.4,10.4,10.4,1,2025-12-23T13:39:34.573Z
2022-07-12,2022,7,64629940,Pulse1,captis_pulse,buderim,residential,0.0,0.0,0.0,0.0,17,2025-12-23T13:39:34.573Z
2022-07-12,2022,7,64629940,Pulse1_Total,captis_pulse,buderim,residential,13090.0,770.0,770.0,770.0,17,2025-12-23T13:39:34.573Z
2022-07-12,2022,7,64629940,DeviceTemperature,captis_pulse,buderim,residential,13.2,13.2,13.2,13.2,1,2025-12-23T13:39:34.573Z
2022-07-13,2022,7,64629940,Pulse1,captis_pulse,buderim,residential,0.0,0.0,0.0,0.0,24,2025-12-23T13:39:34.573Z
2022-07-13,2022,7,64629940,Pulse1_Total,captis_pulse,buderim,residential,17710.0,770.0,770.0,770.0,23,2025-12-23T13:39:34.573Z
2022-07-12,2022,7,305434,Pulse1,captis_pulse,buderim,residential,22.0,1.2941176470588236,20.0,0.0,17,2025-12-23T13:39:34.573Z
2022-07-12,2022,7,305434,Pulse1_Total,captis_pulse,buderim,residential,3858215.0,226953.82352941178,226984.0,226947.0,17,2025-12-23T13:39:34.573Z
2022-07-12,2022,7,305434,Battery,captis_pulse,buderim,residential,73.257,24.419,68.0,1.617,3,2025-12-23T13:39:34.573Z
2022-07-13,2022,7,305434,Pulse1,captis_pulse,buderim,residential,41.0,1.5769230769230769,13.0,0.0,26,2025-12-23T13:39:34.573Z
2022-07-13,2022,7,305434,Pulse1_Total,captis_pulse,buderim,residential,5902875.0,227033.65384615384,227094.0,226986.0,26,2025-12-23T13:39:34.573Z
2022-07-12,2022,7,46358581,Pulse1,captis_pulse,maroochydore,residential,100.0,5.882352941176471,30.0,0.0,17,2025-12-23T13:39:34.573Z
2022-07-12,2022,7,46358581,DeviceTemperature,captis_pulse,maroochydore,residential,15.41,15.41,15.41,15.41,1,2025-12-23T13:39:34.573Z
2022-07-13,2022,7,46358581,Pulse1,captis_pulse,maroochydore,residential,710.0,30.869565217391305,120.0,0.0,23,2025-12-23T13:39:34.573Z
2022-07-12,2022,7,67164,Pulse1,captis_pulse,buderim,residential,21.0,1.3125,12.0,0.0,16,2025-12-23T13:39:34.573Z
2022-07-12,2022,7,67164,Pulse1_Total,captis_pulse,buderim,residential,3908971.0,244310.6875,244345.0,244305.0,16,2025-12-23T13:39:34.573Z
2022-07-13,2022,7,67164,Pulse1,captis_pulse,buderim,residential,146.0,5.84,81.0,0.0,25,2025-12-23T13:39:34.573Z
2022-07-13,2022,7,67164,Pulse1_Total,captis_pulse,buderim,residential,6110757.0,244430.28,244546.0,244345.0,25,2025-12-23T13:39:34.573Z
2022-07-13,2022,7,67164,DeviceTemperature,captis_pulse,buderim,residential,32.67,16.335,18.7,13.97,2,2025-12-23T13:39:34.573Z
2022-07-13,2022,7,67164,Battery,captis_pulse,buderim,residential,68.62,34.31,65.0,3.62,2,2025-12-23T13:39:34.573Z
2022-07-12,2022,7,9338119,Pulse1,captis_pulse,buderim,residential,0.0,0.0,0.0,0.0,16,2025-12-23T13:39:34.573Z
2022-07-12,2022,7,9338119,Pulse1_Total,captis_pulse,buderim,residential,480.0,30.0,30.0,30.0,16,2025-12-23T13:39:34.573Z
2022-07-13,2022,7,9338119,Pulse1,captis_pulse,buderim,residential,0.0,0.0,0.0,0.0,26,2025-12-23T13:39:34.573Z
2022-07-13,2022,7,9338119,Pulse1_Total,captis_pulse,buderim,residential,720.0,30.0,30.0,30.0,24,2025-12-23T13:39:34.573Z
2022-07-13,2022,7,9338119,DeviceTemperature,captis_pulse,buderim,residential,13.63,13.63,13.63,13.63,1,2025-12-23T13:39:34.573Z
2022-07-12,2022,7,349725,Pulse1,captis_pulse,buderim,residential,157.0,8.263157894736842,86.0,0.0,19,2025-12-23T13:39:34.573Z
2022-07-12,2022,7,349725,Pulse1_Total,captis_pulse,buderim,residential,3945331.0,207649.0,207867.0,207590.0,19,2025-12-23T13:39:34.573Z
2022-07-12,2022,7,349725,DeviceTemperature,captis_pulse,buderim,residential,20.09,10.045,13.59,6.5,2,2025-12-23T13:39:34.573Z
2022-07-12,2022,7,349725,Battery,captis_pulse,buderim,residential,70.234,23.41133333333333,65.0,1.604,3,2025-12-23T13:39:34.573Z
2022-07-13,2022,7,349725,Pulse1,captis_pulse,buderim,residential,34.0,1.4166666666666667,11.0,0.0,24,2025-12-23T13:39:34.573Z
2022-07-13,2022,7,349725,Pulse1_Total,captis_pulse,buderim,residential,4993581.0,208065.875,208111.0,207867.0,24,2025-12-23T13:39:34.573Z
2022-07-13,2022,7,349725,DeviceTemperature,captis_pulse,buderim,residential,35.0,35.0,35.0,35.0,1,2025-12-23T13:39:34.573Z
2022-07-12,2022,7,589914,Pulse1,captis_pulse,buderim,residential,119.0,5.666666666666667,73.0,0.0,21,2025-12-23T13:39:34.573Z
2022-07-12,2022,7,589914,Pulse1_Total,captis_pulse,buderim,residential,8121038.0,386716.09523809527,386938.0,386680.0,21,2025-12-23T13:39:34.573Z
2022-07-12,2022,7,589914,DeviceTemperature,captis_pulse,buderim,residential,8.5,8.5,8.5,8.5,1,2025-12-23T13:39:34.573Z
2022-07-13,2022,7,589914,DeviceTemperature,captis_pulse,buderim,residential,30.5,30.5,30.5,30.5,1,2025-12-23T13:39:34.573Z
2022-07-13,2022,7,589914,Pulse1,captis_pulse,buderim,residential,159.0,6.625,54.0,0.0,24,2025-12-23T13:39:34.573Z
2022-07-13,2022,7,589914,Pulse1_Total,captis_pulse,buderim,residential,9294128.0,387255.3333333333,387380.0,386944.0,24,2025-12-23T13:39:34.573Z
2022-07-12,2022,7,60444340,Pulse1,captis_pulse,buderim,residential,0.0,0.0,0.0,0.0,8,2025-12-23T13:39:34.573Z
2022-07-12,2022,7,60444340,Pulse1_Total,captis_pulse,buderim,residential,353968.0,44246.0,44246.0,44246.0,8,2025-12-23T13:39:34.573Z
2022-07-12,2022,7,65438069,Pulse1,captis_pulse,maroochydore,non-residential,2000.0,111.11111111111111,500.0,0.0,18,2025-12-23T13:39:34.573Z
2022-07-12,2022,7,65438069,DeviceTemperature,captis_pulse,maroochydore,non-residential,27.41,13.705,15.81,11.6,2,2025-12-23T13:39:34.573Z
2022-07-12,2022,7,65438069,Battery,captis_pulse,maroochydore,non-residential,69.64,34.82,66.0,3.64,2,2025-12-23T13:39:34.573Z
2022-07-13,2022,7,65438069,Pulse1,captis_pulse,maroochydore,non-residential,7800.0,325.0,600.0,0.0,24,2025-12-23T13:39:34.573Z
2022-07-12,2022,7,69959,Pulse1,captis_pulse,kuluin,residential,32.0,1.7777777777777777,30.0,0.0,18,2025-12-23T13:39:34.573Z
2022-07-12,2022,7,69959,Pulse1_Total,captis_pulse,kuluin,residential,4163545.0,231308.05555555556,231360.0,231293.0,18,2025-12-23T13:39:34.573Z
2022-07-12,2022,7,69959,DeviceTemperature,captis_pulse,kuluin,residential,6.6,6.6,6.6,6.6,1,2025-12-23T13:39:34.573Z
2022-07-13,2022,7,69959,Pulse1,captis_pulse,kuluin,residential,152.0,6.333333333333333,58.0,0.0,24,2025-12-23T13:39:34.573Z
2022-07-13,2022,7,69959,Pulse1_Total,captis_pulse,kuluin,residential,5555401.0,231475.04166666666,231613.0,231360.0,24,2025-12-23T13:39:34.573Z
2022-07-13,2022,7,69959,DeviceTemperature,captis_pulse,kuluin,residential,23.7,23.7,23.7,23.7,1,2025-12-23T13:39:34.573Z
2022-07-12,2022,7,1660522,Pulse1,captis_pulse,maroochydore,residential,34.0,2.0,20.0,0.0,17,2025-12-23T13:39:34.573Z
2022-07-12,2022,7,1660522,Pulse1_Total,captis_pulse,maroochydore,residential,1905088.0,112064.0,112153.0,112050.0,17,2025-12-23T13:39:34.573Z
2022-07-13,2022,7,1660522,Pulse1,captis_pulse,maroochydore,residential,64.0,2.56,22.0,0.0,25,2025-12-23T13:39:34.573Z
2022-07-13,2022,7,1660522,Pulse1_Total,captis_pulse,maroochydore,residential,2808125.0,112325.0,112450.0,112189.0,25,2025-12-23T13:39:34.573Z
2022-07-13,2022,7,1660522,DeviceTemperature,captis_pulse,maroochydore,residential,20.6,20.6,20.6,20.6,1,2025-12-23T13:39:34.573Z
2022-07-12,2022,7,257640,Pulse1,captis_pulse,maroochydore,residential,47.0,2.611111111111111,14.0,0.0,18,2025-12-23T13:39:34.573Z
2022-07-12,2022,7,257640,Pulse1_Total,captis_pulse,maroochydore,residential,2421566.0,134531.44444444444,134608.0,134506.0,18,2025-12-23T13:39:34.573Z
2022-07-12,2022,7,257640,DeviceTemperature,captis_pulse,maroochydore,residential,29.6,14.8,15.3,14.3,2,2025-12-23T13:39:34.573Z
2022-07-13,2022,7,257640,Pulse1,captis_pulse,maroochydore,residential,134.0,5.826086956521739,26.0,0.0,23,2025-12-23T13:39:34.573Z
2022-07-13,2022,7,257640,Pulse1_Total,captis_pulse,maroochydore,residential,3099499.0,134760.8260869565,134857.0,134608.0,23,2025-12-23T13:39:34.573Z
2022-07-13,2022,7,257640,DeviceTemperature,captis_pulse,maroochydore,residential,16.9,16.9,16.9,16.9,1,2025-12-23T13:39:34.573Z
2022-07-12,2022,7,45121593,Pulse1,captis_pulse,mountain creek,residential,56.0,3.111111111111111,34.0,0.0,18,2025-12-23T13:39:34.573Z
2022-07-12,2022,7,45121593,Pulse1_Total,captis_pulse,mountain creek,residential,1679971.0,93331.72222222222,93534.0,93295.0,18,2025-12-23T13:39:34.573Z
2022-07-12,2022,7,45121593,DeviceTemperature,captis_pulse,mountain creek,residential,7.6,7.6,7.6,7.6,1,2025-12-23T13:39:34.573Z
2022-07-13,2022,7,45121593,Pulse1,captis_pulse,mountain creek,residential,145.0,5.178571428571429,48.0,0.0,28,2025-12-23T13:39:34.573Z
2022-07-13,2022,7,45121593,Pulse1_Total,captis_pulse,mountain creek,residential,2620622.0,93593.64285714286,93703.0,93534.0,28,2025-12-23T13:39:34.573Z
2022-07-13,2022,7,45121593,DeviceTemperature,captis_pulse,mountain creek,residential,17.4,17.4,17.4,17.4,1,2025-12-23T13:39:34.573Z
2022-07-12,2022,7,61237814,Pulse1,captis_pulse,buderim,residential,0.0,0.0,0.0,0.0,17,2025-12-23T13:39:34.573Z
2022-07-12,2022,7,61237814,Pulse1_Total,captis_pulse,buderim,residential,425.0,25.0,25.0,25.0,17,2025-12-23T13:39:34.573Z
2022-07-13,2022,7,61237814,Pulse1,captis_pulse,buderim,residential,0.0,0.0,0.0,0.0,24,2025-12-23T13:39:34.573Z
2022-07-13,2022,7,61237814,Pulse1_Total,captis_pulse,buderim,residential,575.0,25.0,25.0,25.0,23,2025-12-23T13:39:34.573Z
2022-07-13,2022,7,61237814,DeviceTemperature,captis_pulse,buderim,residential,17.5,17.5,17.5,17.5,1,2025-12-23T13:39:34.573Z
2022-07-12,2022,7,61901204,Pulse1,captis_pulse,buderim,residential,8.0,0.5,8.0,0.0,16,2025-12-23T13:39:34.573Z
2022-07-12,2022,7,61901204,Pulse1_Total,captis_pulse,buderim,residential,693949.0,43371.8125,43384.0,43368.0,16,2025-12-23T13:39:34.573Z
2022-07-12,2022,7,61901204,DeviceTemperature,captis_pulse,buderim,residential,13.22,13.22,13.22,13.22,1,2025-12-23T13:39:34.573Z
2022-07-12,2022,7,61901204,Battery,captis_pulse,buderim,residential,75.705,25.235,69.0,3.075,3,2025-12-23T13:39:34.573Z
2022-07-13,2022,7,61901204,Pulse1,captis_pulse,buderim,residential,47.0,1.9583333333333333,34.0,0.0,24,2025-12-23T13:39:34.573Z
2022-07-13,2022,7,61901204,Pulse1_Total,captis_pulse,buderim,residential,1041940.0,43414.166666666664,43439.0,43385.0,24,2025-12-23T13:39:34.573Z
2022-07-13,2022,7,61901204,DeviceTemperature,captis_pulse,buderim,residential,29.0,29.0,29.0,29.0,1,2025-12-23T13:39:34.573Z
2022-07-12,2022,7,66218035,Pulse1,captis_pulse,buderim,residential,27.0,1.588235294117647,18.0,0.0,17,2025-12-23T13:39:34.573Z
2022-07-12,2022,7,66218035,Pulse1_Total,captis_pulse,buderim,residential,991720.0,58336.470588235294,58365.0,58327.0,17,2025-12-23T13:39:34.573Z
2022-07-13,2022,7,66218035,Pulse1,captis_pulse,buderim,residential,191.0,7.958333333333333,153.0,0.0,24,2025-12-23T13:39:34.573Z
2022-07-13,2022,7,66218035,Pulse1_Total,captis_pulse,buderim,residential,1462917.0,58516.68,58744.0,58365.0,25,2025-12-23T13:39:34.573Z
2022-07-13,2022,7,66218035,DeviceTemperature,captis_pulse,buderim,residential,19.7,19.7,19.7,19.7,1,2025-12-23T13:39:34.573Z
2022-07-12,2022,7,22039253,Pulse1,captis_pulse,noosaville,non-residential,1750.0,109.375,410.0,30.0,16,2025-12-23T13:39:34.573Z
2022-07-12,2022,7,22039253,DeviceTemperature,captis_pulse,noosaville,non-residential,46.120000000000005,15.373333333333335,20.1,10.9,3,2025-12-23T13:39:34.573Z
2022-07-12,2022,7,22039253,Battery,captis_pulse,noosaville,non-residential,71.335,23.778333333333332,66.0,1.705,3,2025-12-23T13:39:34.573Z
2022-07-13,2022,7,22039253,Pulse1,captis_pulse,noosaville,non-residential,7800.0,325.0,610.0,160.0,24,2025-12-23T13:39:34.573Z
2022-07-12,2022,7,22451070,Pulse1,captis_pulse,mountain creek,non-residential,1000.0,71.42857142857143,200.0,0.0,14,2025-12-23T13:39:34.573Z
2022-07-12,2022,7,22451070,Battery,captis_pulse,mountain creek,non-residential,76.542,25.514,71.0,1.902,3,2025-12-23T13:39:34.573Z
2022-07-13,2022,7,22451070,Pulse1,captis_pulse,mountain creek,non-residential,3700.0,154.16666666666666,500.0,0.0,24,2025-12-23T13:39:34.573Z
2022-07-12,2022,7,60854678,Pulse1,captis_pulse,buderim,residential,330.0,20.625,179.0,0.0,16,2025-12-23T13:39:34.573Z
2022-07-12,2022,7,60854678,Pulse1_Total,captis_pulse,buderim,residential,1117028.0,69814.25,70192.0,69640.0,16,2025-12-23T13:39:34.573Z
2022-07-12,2022,7,60854678,DeviceTemperature,captis_pulse,buderim,residential,23.93,11.965,13.83,10.1,2,2025-12-23T13:39:34.573Z
2022-07-13,2022,7,60854678,Pulse1,captis_pulse,buderim,residential,65.0,2.6,21.0,0.0,25,2025-12-23T13:39:34.573Z
2022-07-13,2022,7,60854678,Pulse1_Total,captis_pulse,buderim,residential,1615676.0,70246.78260869565,70331.0,70192.0,23,2025-12-23T13:39:34.573Z
2022-07-12,2022,7,61287576,Pulse1,captis_pulse,buderim,residential,0.0,0.0,0.0,0.0,18,2025-12-23T13:39:34.573Z
2022-07-12,2022,7,61287576,Pulse1_Total,captis_pulse,buderim,residential,198324.0,11018.0,11018.0,11018.0,18,2025-12-23T13:39:34.573Z
2022-07-12,2022,7,61287576,DeviceTemperature,captis_pulse,buderim,residential,20.060000000000002,10.030000000000001,12.56,7.5,2,2025-12-23T13:39:34.573Z
2022-07-12,2022,7,61287576,Battery,captis_pulse,buderim,residential,3.64,3.64,3.64,3.64,1,2025-12-23T13:39:34.573Z
2022-07-13,2022,7,61287576,Pulse1,captis_pulse,buderim,residential,0.0,0.0,0.0,0.0,24,2025-12-23T13:39:34.573Z
2022-07-13,2022,7,61287576,Pulse1_Total,captis_pulse,buderim,residential,264432.0,11018.0,11018.0,11018.0,24,2025-12-23T13:39:34.573Z
2022-07-12,2022,7,62364130,Pulse1,captis_pulse,buderim,residential,0.0,0.0,0.0,0.0,17,2025-12-23T13:39:34.573Z
2022-07-12,2022,7,62364130,Pulse1_Total,captis_pulse,buderim,residential,544.0,32.0,32.0,32.0,17,2025-12-23T13:39:34.573Z
2022-07-13,2022,7,62364130,Pulse1,captis_pulse,buderim,residential,0.0,0.0,0.0,0.0,24,2025-12-23T13:39:34.573Z
2022-07-13,2022,7,62364130,Pulse1_Total,captis_pulse,buderim,residential,736.0,32.0,32.0,32.0,23,2025-12-23T13:39:34.573Z
2022-07-13,2022,7,62364130,DeviceTemperature,captis_pulse,buderim,residential,21.6,21.6,21.6,21.6,1,2025-12-23T13:39:34.573Z
2022-07-12,2022,7,65089397,Pulse1,captis_pulse,buderim,residential,600.0,35.294117647058826,200.0,0.0,17,2025-12-23T13:39:34.573Z
2022-07-12,2022,7,65089397,DeviceTemperature,captis_pulse,buderim,residential,22.93,11.465,12.73,10.2,2,2025-12-23T13:39:34.573Z
2022-07-12,2022,7,65089397,Battery,captis_pulse,buderim,residential,72.74,24.246666666666666,67.0,2.1,3,2025-12-23T13:39:34.573Z
2022-07-13,2022,7,65089397,Pulse1,captis_pulse,buderim,residential,900.0,36.0,100.0,0.0,25,2025-12-23T13:39:34.573Z
2022-07-13,2022,7,65089397,DeviceTemperature,captis_pulse,buderim,residential,17.9,17.9,17.9,17.9,1,2025-12-23T13:39:34.573Z
2022-07-12,2022,7,46311766,Pulse1,captis_pulse,maroochydore,residential,0.0,0.0,0.0,0.0,17,2025-12-23T13:39:34.573Z
2022-07-12,2022,7,46311766,Pulse1_Total,captis_pulse,maroochydore,residential,3131570.0,184210.0,184210.0,184210.0,17,2025-12-23T13:39:34.573Z
2022-07-12,2022,7,46311766,DeviceTemperature,captis_pulse,maroochydore,residential,9.4,9.4,9.4,9.4,1,2025-12-23T13:39:34.573Z
2022-07-13,2022,7,46311766,Pulse1,captis_pulse,maroochydore,residential,0.0,0.0,0.0,0.0,24,2025-12-23T13:39:34.573Z
2022-07-13,2022,7,46311766,Pulse1_Total,captis_pulse,maroochydore,residential,4421040.0,184210.0,184210.0,184210.0,24,2025-12-23T13:39:34.573Z
2022-07-12,2022,7,65044438,Pulse1,captis_pulse,maroochydore,non-residential,185.0,12.333333333333334,105.0,0.0,15,2025-12-23T13:39:34.573Z
2022-07-13,2022,7,65044438,Pulse1,captis_pulse,maroochydore,non-residential,65.0,8.125,15.0,0.0,8,2025-12-23T13:39:34.573Z
2022-07-13,2022,7,65044438,DeviceTemperature,captis_pulse,maroochydore,non-residential,16.18,16.18,16.18,16.18,1,2025-12-23T13:39:34.573Z
2022-07-12,2022,7,83295,Pulse1,captis_pulse,kuluin,residential,66.0,3.8823529411764706,43.0,0.0,17,2025-12-23T13:39:34.573Z
2022-07-12,2022,7,83295,Pulse1_Total,captis_pulse,kuluin,residential,1679520.0,98795.29411764706,98846.0,98770.0,17,2025-12-23T13:39:34.573Z
2022-07-12,2022,7,83295,DeviceTemperature,captis_pulse,kuluin,residential,20.8,10.4,13.8,7.0,2,2025-12-23T13:39:34.573Z
2022-07-12,2022,7,83295,Battery,captis_pulse,kuluin,residential,73.261,24.420333333333332,68.0,1.631,3,2025-12-23T13:39:34.573Z
2022-07-13,2022,7,83295,Pulse1,captis_pulse,kuluin,residential,29.0,1.2083333333333333,16.0,0.0,24,2025-12-23T13:39:34.573Z
2022-07-13,2022,7,83295,Pulse1_Total,captis_pulse,kuluin,residential,2373412.0,98892.16666666667,98955.0,98850.0,24,2025-12-23T13:39:34.573Z
2022-07-12,2022,7,34600533,Pulse1,captis_pulse,maroochydore,residential,1880.0,110.58823529411765,340.0,20.0,17,2025-12-23T13:39:34.573Z
2022-07-12,2022,7,34600533,DeviceTemperature,captis_pulse,maroochydore,residential,24.89,12.445,15.49,9.4,2,2025-12-23T13:39:34.573Z
2022-07-12,2022,7,34600533,Battery,captis_pulse,maroochydore,residential,72.85199999999999,24.283999999999995,67.0,2.222,3,2025-12-23T13:39:34.573Z
2022-07-13,2022,7,34600533,Pulse1,captis_pulse,maroochydore,residential,4000.0,160.0,310.0,60.0,25,2025-12-23T13:39:34.573Z
2022-07-13,2022,7,34600533,DeviceTemperature,captis_pulse,maroochydore,residential,18.8,18.8,18.8,18.8,1,2025-12-23T13:39:34.573Z
2022-07-12,2022,7,21811469,Pulse1,captis_pulse,peregian springs,non-residential,3530.0,207.64705882352942,400.0,160.0,17,2025-12-23T13:39:34.573Z
2022-07-12,2022,7,21811469,DeviceTemperature,captis_pulse,peregian springs,non-residential,15.35,15.35,15.35,15.35,1,2025-12-23T13:39:34.573Z
2022-07-12,2022,7,21811469,Battery,captis_pulse,peregian springs,non-residential,71.503,23.834333333333333,66.0,1.863,3,2025-12-23T13:39:34.573Z
2022-07-13,2022,7,21811469,Pulse1,captis_pulse,peregian springs,non-residential,6550.0,272.9166666666667,630.0,160.0,24,2025-12-23T13:39:34.573Z
2022-07-13,2022,7,21811469,DeviceTemperature,captis_pulse,peregian springs,non-residential,20.2,20.2,20.2,20.2,1,2025-12-23T13:39:34.573Z
2022-07-12,2022,7,60192805,Pulse1,captis_pulse,buderim,residential,0.0,0.0,0.0,0.0,15,2025-12-23T13:39:34.573Z
2022-07-12,2022,7,60192805,Pulse1_Total,captis_pulse,buderim,residential,1100790.0,73386.0,73386.0,73386.0,15,2025-12-23T13:39:34.573Z
2022-07-13,2022,7,60192805,Pulse1,captis_pulse,buderim,residential,0.0,0.0,0.0,0.0,24,2025-12-23T13:39:34.573Z
2022-07-13,2022,7,60192805,Pulse1_Total,captis_pulse,buderim,residential,1761264.0,73386.0,73386.0,73386.0,24,2025-12-23T13:39:34.573Z
2022-07-12,2022,7,64276723,Pulse1,captis_pulse,buderim,residential,1270.0,79.375,430.0,0.0,16,2025-12-23T13:39:34.573Z
2022-07-12,2022,7,64276723,Battery,captis_pulse,buderim,residential,1.584,1.584,1.584,1.584,1,2025-12-23T13:39:34.573Z
2022-07-13,2022,7,64276723,Pulse1,captis_pulse,buderim,residential,2720.0,118.26086956521739,455.0,0.0,23,2025-12-23T13:39:34.573Z
2022-07-13,2022,7,64276723,DeviceTemperature,captis_pulse,buderim,residential,31.2,31.2,31.2,31.2,1,2025-12-23T13:39:34.573Z
2022-07-12,2022,7,64629951,Pulse1,captis_pulse,maroochydore,residential,320.0,15.238095238095237,80.0,0.0,21,2025-12-23T13:39:34.573Z
2022-07-12,2022,7,64629951,Pulse1_Total,captis_pulse,maroochydore,residential,6750500.0,321452.38095238095,322200.0,321290.0,21,2025-12-23T13:39:34.573Z
2022-07-13,2022,7,64629951,Pulse1,captis_pulse,maroochydore,residential,550.0,22.0,120.0,0.0,25,2025-12-23T13:39:34.573Z
2022-07-13,2022,7,64629951,Pulse1_Total,captis_pulse,maroochydore,residential,8072150.0,322886.0,323660.0,322430.0,25,2025-12-23T13:39:34.573Z
2022-07-12,2022,7,81964579,Pulse1,captis_pulse,maroochydore,residential,0.0,0.0,0.0,0.0,15,2025-12-23T13:39:34.573Z
2022-07-13,2022,7,81964579,Pulse1,captis_pulse,maroochydore,residential,50.0,6.25,15.0,0.0,8,2025-12-23T13:39:34.573Z
2022-07-12,2022,7,81974833,Pulse1,captis_pulse,maroochydore,residential,700.0,43.75,220.0,0.0,16,2025-12-23T13:39:34.573Z
2022-07-12,2022,7,81974833,DeviceTemperature,captis_pulse,maroochydore,residential,10.6,10.6,10.6,10.6,1,2025-12-23T13:39:34.573Z
2022-07-13,2022,7,81974833,Pulse1,captis_pulse,maroochydore,residential,230.0,46.0,70.0,30.0,5,2025-12-23T13:39:34.573Z
2022-07-13,2022,7,81974833,DeviceTemperature,captis_pulse,maroochydore,residential,13.12,13.12,13.12,13.12,1,2025-12-23T13:39:34.573Z
2022-07-13,2022,7,81974833,Battery,captis_pulse,maroochydore,residential,70.64,35.32,67.0,3.64,2,2025-12-23T13:39:34.573Z
2022-07-12,2022,7,9343438,Pulse1,captis_pulse,maroochydore,residential,95.0,5.588235294117647,77.0,0.0,17,2025-12-23T13:39:34.573Z
2022-07-12,2022,7,9343438,Pulse1_Total,captis_pulse,maroochydore,residential,1509122.0,88771.88235294117,88965.0,88732.0,17,2025-12-23T13:39:34.573Z
2022-07-12,2022,7,9343438,DeviceTemperature,captis_pulse,maroochydore,residential,5.9,5.9,5.9,5.9,1,2025-12-23T13:39:34.573Z
2022-07-13,2022,7,9343438,Pulse1,captis_pulse,maroochydore,residential,54.0,2.25,13.0,0.0,24,2025-12-23T13:39:34.573Z
2022-07-13,2022,7,9343438,Pulse1_Total,captis_pulse,maroochydore,residential,2136630.0,89026.25,89085.0,88977.0,24,2025-12-23T13:39:34.573Z
2022-07-13,2022,7,61557862,DeviceTemperature,,,,14.85,14.85,14.85,14.85,1,2025-12-23T13:39:34.573Z
2022-07-13,2022,7,61557862,Battery,,,,45.64,22.82,42.0,3.64,2,2025-12-23T13:39:34.573Z
2022-07-12,2022,7,21214993,Pulse1,captis_pulse,mountain creek,non-residential,2100.0,123.52941176470588,580.0,0.0,17,2025-12-23T13:39:34.573Z
2022-07-12,2022,7,21214993,DeviceTemperature,captis_pulse,mountain creek,non-residential,8.3,8.3,8.3,8.3,1,2025-12-23T13:39:34.573Z
2022-07-13,2022,7,21214993,Pulse1,captis_pulse,mountain creek,non-residential,2800.0,121.73913043478261,360.0,10.0,23,2025-12-23T13:39:34.573Z
2022-07-12,2022,7,21672805,Pulse1,captis_pulse,buderim,non-residential,0.0,0.0,0.0,0.0,18,2025-12-23T13:39:34.573Z
2022-07-12,2022,7,21672805,DeviceTemperature,captis_pulse,buderim,non-residential,15.44,15.44,15.44,15.44,1,2025-12-23T13:39:34.573Z
2022-07-13,2022,7,21672805,Pulse1,captis_pulse,buderim,non-residential,0.0,0.0,0.0,0.0,23,2025-12-23T13:39:34.573Z
2022-07-12,2022,7,279744,Pulse1,captis_pulse,buderim,residential,16.0,0.8888888888888888,2.0,0.0,18,2025-12-23T13:39:34.573Z
2022-07-12,2022,7,279744,Pulse1_Total,captis_pulse,buderim,residential,2040406.0,113355.88888888889,113388.0,113338.0,18,2025-12-23T13:39:34.573Z
2022-07-12,2022,7,279744,DeviceTemperature,captis_pulse,buderim,residential,6.8,6.8,6.8,6.8,1,2025-12-23T13:39:34.573Z
2022-07-13,2022,7,279744,Pulse1,captis_pulse,buderim,residential,36.0,1.565217391304348,11.0,0.0,23,2025-12-23T13:39:34.573Z
2022-07-13,2022,7,279744,Pulse1_Total,captis_pulse,buderim,residential,2608730.0,113423.04347826086,113460.0,113389.0,23,2025-12-23T13:39:34.573Z
2022-07-12,2022,7,292072,Pulse1,captis_pulse,buderim,residential,319.0,21.266666666666666,101.0,7.0,15,2025-12-23T13:39:34.573Z
2022-07-12,2022,7,292072,Pulse1_Total,captis_pulse,buderim,residential,4973512.0,331567.4666666667,332042.0,331375.0,15,2025-12-23T13:39:34.573Z
2022-07-12,2022,7,292072,DeviceTemperature,captis_pulse,buderim,residential,23.049999999999997,11.524999999999999,14.45,8.6,2,2025-12-23T13:39:34.573Z
2022-07-12,2022,7,292072,Battery,captis_pulse,buderim,residential,69.431,23.143666666666665,64.0,1.791,3,2025-12-23T13:39:34.573Z
2022-07-13,2022,7,292072,Pulse1,captis_pulse,buderim,residential,296.0,11.384615384615385,54.0,7.0,26,2025-12-23T13:39:34.573Z
2022-07-13,2022,7,292072,Pulse1_Total,captis_pulse,buderim,residential,8643144.0,332428.6153846154,332685.0,332185.0,26,2025-12-23T13:39:34.573Z
2022-07-13,2022,7,292072,DeviceTemperature,captis_pulse,buderim,residential,30.1,30.1,30.1,30.1,1,2025-12-23T13:39:34.573Z
2022-07-12,2022,7,61199412,Pulse1,captis_pulse,buderim,residential,0.0,0.0,0.0,0.0,17,2025-12-23T13:39:34.573Z
2022-07-12,2022,7,61199412,Pulse1_Total,captis_pulse,buderim,residential,629.0,37.0,37.0,37.0,17,2025-12-23T13:39:34.573Z
2022-07-12,2022,7,61199412,Battery,captis_pulse,buderim,residential,3.64,3.64,3.64,3.64,1,2025-12-23T13:39:34.573Z
2022-07-13,2022,7,61199412,DeviceTemperature,captis_pulse,buderim,residential,15.9,15.9,15.9,15.9,1,2025-12-23T13:39:34.573Z
2022-07-13,2022,7,61199412,Pulse1,captis_pulse,buderim,residential,0.0,0.0,0.0,0.0,25,2025-12-23T13:39:34.573Z
2022-07-13,2022,7,61199412,Pulse1_Total,captis_pulse,buderim,residential,888.0,37.0,37.0,37.0,24,2025-12-23T13:39:34.573Z
2022-07-12,2022,7,612731,Pulse1,captis_pulse,kuluin,residential,11.0,0.6470588235294118,10.0,0.0,17,2025-12-23T13:39:34.573Z
2022-07-12,2022,7,612731,Pulse1_Total,captis_pulse,kuluin,residential,3801036.0,223590.35294117648,223652.0,223571.0,17,2025-12-23T13:39:34.573Z
2022-07-12,2022,7,612731,Battery,captis_pulse,kuluin,residential,67.63,33.815,64.0,3.63,2,2025-12-23T13:39:34.573Z
2022-07-13,2022,7,612731,Pulse1,captis_pulse,kuluin,residential,38.0,1.6521739130434783,24.0,0.0,23,2025-12-23T13:39:34.573Z
2022-07-13,2022,7,612731,Pulse1_Total,captis_pulse,kuluin,residential,5145154.0,223702.34782608695,223736.0,223656.0,23,2025-12-23T13:39:34.573Z
2022-07-13,2022,7,612731,DeviceTemperature,captis_pulse,kuluin,residential,20.0,20.0,20.0,20.0,1,2025-12-23T13:39:34.573Z
2022-07-12,2022,7,9354863,Pulse1,captis_pulse,maroochydore,residential,67.0,3.9411764705882355,48.0,0.0,17,2025-12-23T13:39:34.573Z
2022-07-12,2022,7,9354863,Pulse1_Total,captis_pulse,maroochydore,residential,4953521.0,291383.5882352941,291466.0,291286.0,17,2025-12-23T13:39:34.573Z
2022-07-12,2022,7,9354863,DeviceTemperature,captis_pulse,maroochydore,residential,22.16,11.08,14.26,7.9,2,2025-12-23T13:39:34.573Z
2022-07-13,2022,7,9354863,Pulse1,captis_pulse,maroochydore,residential,284.0,12.347826086956522,93.0,0.0,23,2025-12-23T13:39:34.573Z
2022-07-13,2022,7,9354863,Pulse1_Total,captis_pulse,maroochydore,residential,6713205.0,291878.47826086957,291991.0,291515.0,23,2025-12-23T13:39:34.573Z
2022-07-12,2022,7,96372,Pulse1,captis_pulse,buderim,residential,2.0,0.11764705882352941,2.0,0.0,17,2025-12-23T13:39:34.573Z
2022-07-12,2022,7,96372,Pulse1_Total,captis_pulse,buderim,residential,2601819.0,153048.17647058822,153115.0,153033.0,17,2025-12-23T13:39:34.573Z
2022-07-12,2022,7,96372,DeviceTemperature,captis_pulse,buderim,residential,19.919999999999998,9.959999999999999,13.62,6.3,2,2025-12-23T13:39:34.573Z
2022-07-12,2022,7,96372,Battery,captis_pulse,buderim,residential,75.497,25.165666666666667,70.0,1.877,3,2025-12-23T13:39:34.573Z
2022-07-13,2022,7,96372,Pulse1,captis_pulse,buderim,residential,1.0,0.04,1.0,0.0,25,2025-12-23T13:39:34.573Z
2022-07-13,2022,7,96372,Pulse1_Total,captis_pulse,buderim,residential,3827881.0,153115.24,153116.0,153115.0,25,2025-12-23T13:39:34.573Z
2022-07-12,2022,7,10575,Pulse1,captis_pulse,buderim,residential,95.0,5.588235294117647,68.0,0.0,17,2025-12-23T13:39:34.573Z
2022-07-12,2022,7,10575,Pulse1_Total,captis_pulse,buderim,residential,5108917.0,300524.5294117647,300670.0,300424.0,17,2025-12-23T13:39:34.573Z
2022-07-12,2022,7,10575,DeviceTemperature,captis_pulse,buderim,residential,21.59,10.795,14.09,7.5,2,2025-12-23T13:39:34.573Z
2022-07-12,2022,7,10575,Battery,captis_pulse,buderim,residential,72.37100000000001,24.12366666666667,67.0,1.751,3,2025-12-23T13:39:34.573Z
2022-07-13,2022,7,10575,Pulse1,captis_pulse,buderim,residential,226.0,9.416666666666666,78.0,0.0,24,2025-12-23T13:39:34.573Z
2022-07-13,2022,7,10575,Pulse1_Total,captis_pulse,buderim,residential,7222309.0,300929.5416666667,301174.0,300684.0,24,2025-12-23T13:39:34.573Z
2022-07-12,2022,7,1651160,Pulse1,captis_pulse,maroochydore,residential,12.0,0.7058823529411765,8.0,0.0,17,2025-12-23T13:39:34.573Z
2022-07-12,2022,7,1651160,Pulse1_Total,captis_pulse,maroochydore,residential,2305982.0,135646.0,135729.0,135634.0,17,2025-12-23T13:39:34.573Z
2022-07-12,2022,7,1651160,DeviceTemperature,captis_pulse,maroochydore,residential,32.19,16.095,17.59,14.6,2,2025-12-23T13:39:34.573Z
2022-07-12,2022,7,1651160,Battery,captis_pulse,maroochydore,residential,2.121,2.121,2.121,2.121,1,2025-12-23T13:39:34.573Z
2022-07-13,2022,7,1651160,Pulse1,captis_pulse,maroochydore,residential,31.0,1.2916666666666667,17.0,0.0,24,2025-12-23T13:39:34.573Z
2022-07-13,2022,7,1651160,Pulse1_Total,captis_pulse,maroochydore,residential,3259635.0,135818.125,135848.0,135795.0,24,2025-12-23T13:39:34.573Z
2022-07-12,2022,7,22607088,Pulse1,captis_pulse,north lakes,non-residential,0.0,0.0,0.0,0.0,17,2025-12-23T13:39:34.573Z
2022-07-12,2022,7,22607088,DeviceTemperature,captis_pulse,north lakes,non-residential,13.06,13.06,13.06,13.06,1,2025-12-23T13:39:34.573Z
2022-07-12,2022,7,22607088,Battery,captis_pulse,north lakes,non-residential,76.63,38.315,73.0,3.63,2,2025-12-23T13:39:34.573Z
2022-07-13,2022,7,22607088,Pulse1,captis_pulse,north lakes,non-residential,0.0,0.0,0.0,0.0,25,2025-12-23T13:39:34.573Z
2022-07-13,2022,7,22607088,DeviceTemperature,captis_pulse,north lakes,non-residential,16.1,16.1,16.1,16.1,1,2025-12-23T13:39:34.573Z
2022-07-12,2022,7,61624387,Pulse1,captis_pulse,buderim,residential,17.0,0.8095238095238095,9.0,0.0,21,2025-12-23T13:39:34.573Z
2022-07-12,2022,7,61624387,Pulse1_Total,captis_pulse,buderim,residential,1863059.0,88717.09523809524,88766.0,88689.0,21,2025-12-23T13:39:34.573Z
2022-07-12,2022,7,61624387,DeviceTemperature,captis_pulse,buderim,residential,12.88,12.88,12.88,12.88,1,2025-12-23T13:39:34.573Z
2022-07-12,2022,7,61624387,Battery,captis_pulse,buderim,residential,3.63,3.63,3.63,3.63,1,2025-12-23T13:39:34.573Z
2022-07-13,2022,7,61624387,Pulse1,captis_pulse,buderim,residential,254.0,10.583333333333334,109.0,0.0,24,2025-12-23T13:39:34.573Z
2022-07-13,2022,7,61624387,Pulse1_Total,captis_pulse,buderim,residential,2135003.0,88958.45833333333,89184.0,88826.0,24,2025-12-23T13:39:34.573Z
2022-07-12,2022,7,64628075,Pulse1,captis_pulse,maroochydore,residential,330.0,20.625,80.0,0.0,16,2025-12-23T13:39:34.573Z
2022-07-12,2022,7,64628075,DeviceTemperature,captis_pulse,maroochydore,residential,13.38,13.38,13.38,13.38,1,2025-12-23T13:39:34.573Z
2022-07-12,2022,7,64628075,Battery,captis_pulse,maroochydore,residential,72.285,24.095,67.0,1.645,3,2025-12-23T13:39:34.573Z
2022-07-13,2022,7,64628075,Pulse1,captis_pulse,maroochydore,residential,640.0,26.666666666666668,110.0,0.0,24,2025-12-23T13:39:34.573Z
2022-07-12,2022,7,64628311,Pulse1,captis_pulse,maroochydore,residential,280.0,17.5,90.0,0.0,16,2025-12-23T13:39:34.573Z
2022-07-13,2022,7,64628311,Pulse1,captis_pulse,maroochydore,residential,1060.0,44.166666666666664,130.0,0.0,24,2025-12-23T13:39:34.573Z
2022-07-12,2022,7,81968505,Pulse1,captis_pulse,maroochydore,residential,155.0,8.157894736842104,60.0,0.0,19,2025-12-23T13:39:34.573Z
2022-07-12,2022,7,81968505,Pulse1_Total,captis_pulse,maroochydore,residential,1.7669341E7,929965.3157894737,930444.0,929774.0,19,2025-12-23T13:39:34.573Z
2022-07-13,2022,7,81968505,Pulse1,captis_pulse,maroochydore,residential,110.0,12.222222222222221,45.0,0.0,9,2025-12-23T13:39:34.573Z
2022-07-13,2022,7,81968505,Pulse1_Total,captis_pulse,maroochydore,residential,8376771.0,930752.3333333334,930799.0,930594.0,9,2025-12-23T13:39:34.573Z
2022-07-13,2022,7,81968505,DeviceTemperature,captis_pulse,maroochydore,residential,31.6,31.6,31.6,31.6,1,2025-12-23T13:39:34.573Z
2022-07-12,2022,7,64629962,Pulse1,,,,0.0,0.0,0.0,0.0,16,2025-12-23T13:39:34.573Z
2022-07-12,2022,7,64629962,DeviceTemperature,,,,8.0,8.0,8.0,8.0,1,2025-12-23T13:39:34.573Z
2022-07-13,2022,7,64629962,Pulse1,,,,0.0,0.0,0.0,0.0,1,2025-12-23T13:39:34.573Z
2022-07-12,2022,7,61643063,Pulse1,captis_pulse,buderim,residential,0.0,0.0,0.0,0.0,17,2025-12-23T13:39:34.573Z
2022-07-12,2022,7,61643063,Pulse1_Total,captis_pulse,buderim,residential,459.0,27.0,27.0,27.0,17,2025-12-23T13:39:34.573Z
2022-07-12,2022,7,61643063,DeviceTemperature,captis_pulse,buderim,residential,42.120000000000005,14.040000000000001,21.1,8.3,3,2025-12-23T13:39:34.573Z
2022-07-12,2022,7,61643063,Battery,captis_pulse,buderim,residential,3.63,3.63,3.63,3.63,1,2025-12-23T13:39:34.573Z
2022-07-13,2022,7,61643063,Pulse1,captis_pulse,buderim,residential,0.0,0.0,0.0,0.0,24,2025-12-23T13:39:34.573Z
2022-07-13,2022,7,61643063,Pulse1_Total,captis_pulse,buderim,residential,648.0,27.0,27.0,27.0,24,2025-12-23T13:39:34.573Z
2022-07-12,2022,7,81968801,Pulse1,captis_pulse,maroochydore,residential,315.0,19.6875,110.0,0.0,16,2025-12-23T13:39:34.573Z
2022-07-13,2022,7,81968801,Pulse1,captis_pulse,maroochydore,residential,10.0,10.0,10.0,10.0,1,2025-12-23T13:39:34.573Z
2022-07-12,2022,7,272043,Pulse1,captis_pulse,kuluin,residential,15.0,0.8333333333333334,8.0,0.0,18,2025-12-23T13:39:34.573Z
2022-07-12,2022,7,272043,Pulse1_Total,captis_pulse,kuluin,residential,3449813.0,191656.27777777778,191684.0,191637.0,18,2025-12-23T13:39:34.573Z
2022-07-12,2022,7,272043,DeviceTemperature,captis_pulse,kuluin,residential,20.37,10.185,13.57,6.8,2,2025-12-23T13:39:34.573Z
2022-07-13,2022,7,272043,Pulse1,captis_pulse,kuluin,residential,173.0,7.521739130434782,65.0,0.0,23,2025-12-23T13:39:34.573Z
2022-07-13,2022,7,272043,Pulse1_Total,captis_pulse,kuluin,residential,4410398.0,191756.4347826087,191902.0,191684.0,23,2025-12-23T13:39:34.573Z
2022-07-12,2022,7,46059164,Pulse1,captis_pulse,maroochydore,residential,4650.0,244.73684210526315,1780.0,0.0,19,2025-12-23T13:39:34.573Z
2022-07-12,2022,7,46059164,DeviceTemperature,captis_pulse,maroochydore,residential,10.7,10.7,10.7,10.7,1,2025-12-23T13:39:34.573Z
2022-07-13,2022,7,46059164,Pulse1,captis_pulse,maroochydore,residential,8830.0,315.35714285714283,1580.0,0.0,28,2025-12-23T13:39:34.573Z
2022-07-13,2022,7,46059164,DeviceTemperature,captis_pulse,maroochydore,residential,18.3,18.3,18.3,18.3,1,2025-12-23T13:39:34.573Z
2022-07-12,2022,7,65085588,Pulse1,captis_pulse,maroochydore,residential,70.0,8.75,30.0,0.0,8,2025-12-23T13:39:34.573Z
2022-07-12,2022,7,65085588,DeviceTemperature,captis_pulse,maroochydore,residential,15.1,15.1,15.1,15.1,1,2025-12-23T13:39:34.573Z
2022-07-12,2022,7,99872,Pulse1,captis_pulse,buderim,residential,74.0,4.625,46.0,0.0,16,2025-12-23T13:39:34.573Z
2022-07-12,2022,7,99872,Pulse1_Total,captis_pulse,buderim,residential,5101252.0,318828.25,318909.0,318780.0,16,2025-12-23T13:39:34.573Z
2022-07-12,2022,7,99872,DeviceTemperature,captis_pulse,buderim,residential,9.1,9.1,9.1,9.1,1,2025-12-23T13:39:34.573Z
2022-07-13,2022,7,99872,Pulse1,captis_pulse,buderim,residential,103.0,4.478260869565218,27.0,0.0,23,2025-12-23T13:39:34.573Z
2022-07-13,2022,7,99872,Pulse1_Total,captis_pulse,buderim,residential,7338142.0,319049.652173913,319281.0,318909.0,23,2025-12-23T13:39:34.573Z
2022-07-12,2022,7,308305,Pulse1,captis_pulse,buderim,residential,40.0,2.5,9.0,0.0,16,2025-12-23T13:39:34.573Z
2022-07-12,2022,7,308305,Pulse1_Total,captis_pulse,buderim,residential,4982108.0,311381.75,311482.0,311323.0,16,2025-12-23T13:39:34.573Z
2022-07-12,2022,7,308305,Battery,captis_pulse,buderim,residential,73.44999999999999,24.48333333333333,68.0,1.82,3,2025-12-23T13:39:34.573Z
2022-07-12,2022,7,308305,DeviceTemperature,captis_pulse,buderim,residential,8.0,8.0,8.0,8.0,1,2025-12-23T13:39:34.573Z
2022-07-13,2022,7,308305,DeviceTemperature,captis_pulse,buderim,residential,30.8,30.8,30.8,30.8,1,2025-12-23T13:39:34.573Z
2022-07-13,2022,7,308305,Pulse1,captis_pulse,buderim,residential,190.0,8.26086956521739,56.0,0.0,23,2025-12-23T13:39:34.573Z
2022-07-13,2022,7,308305,Pulse1_Total,captis_pulse,buderim,residential,7168512.0,311674.4347826087,311918.0,311483.0,23,2025-12-23T13:39:34.573Z
2022-07-12,2022,7,60223867,Pulse1,captis_pulse,buderim,residential,56.0,3.111111111111111,27.0,0.0,18,2025-12-23T13:39:34.573Z
2022-07-12,2022,7,60223867,Pulse1_Total,captis_pulse,buderim,residential,1247016.0,69278.66666666667,69438.0,69258.0,18,2025-12-23T13:39:34.573Z
2022-07-12,2022,7,60223867,DeviceTemperature,captis_pulse,buderim,residential,20.46,10.23,12.86,7.6,2,2025-12-23T13:39:34.573Z
2022-07-12,2022,7,60223867,Battery,captis_pulse,buderim,residential,3.62,3.62,3.62,3.62,1,2025-12-23T13:39:34.573Z
2022-07-13,2022,7,60223867,Pulse1,captis_pulse,buderim,residential,142.0,5.461538461538462,44.0,0.0,26,2025-12-23T13:39:34.573Z
2022-07-13,2022,7,60223867,Pulse1_Total,captis_pulse,buderim,residential,1809432.0,69593.53846153847,69728.0,69440.0,26,2025-12-23T13:39:34.573Z
2022-07-12,2022,7,62318329,Pulse1,captis_pulse,buderim,residential,27.0,1.588235294117647,13.0,0.0,17,2025-12-23T13:39:34.573Z
2022-07-12,2022,7,62318329,Pulse1_Total,captis_pulse,buderim,residential,1048726.0,61689.76470588235,61721.0,61673.0,17,2025-12-23T13:39:34.573Z
2022-07-12,2022,7,62318329,DeviceTemperature,captis_pulse,buderim,residential,22.66,11.33,13.36,9.3,2,2025-12-23T13:39:34.573Z
2022-07-12,2022,7,62318329,Battery,captis_pulse,buderim,residential,3.64,3.64,3.64,3.64,1,2025-12-23T13:39:34.573Z
2022-07-13,2022,7,62318329,Pulse1,captis_pulse,buderim,residential,124.0,5.166666666666667,41.0,0.0,24,2025-12-23T13:39:34.573Z
2022-07-13,2022,7,62318329,Pulse1_Total,captis_pulse,buderim,residential,1484541.0,61855.875,61906.0,61729.0,24,2025-12-23T13:39:34.573Z
2022-07-12,2022,7,66217787,Pulse1,captis_pulse,buderim,residential,0.0,0.0,0.0,0.0,17,2025-12-23T13:39:34.573Z
2022-07-12,2022,7,66217787,Pulse1_Total,captis_pulse,buderim,residential,714.0,42.0,42.0,42.0,17,2025-12-23T13:39:34.573Z
2022-07-12,2022,7,66217787,DeviceTemperature,captis_pulse,buderim,residential,17.27,17.27,17.27,17.27,1,2025-12-23T13:39:34.573Z
2022-07-12,2022,7,66217787,Battery,captis_pulse,buderim,residential,71.61500000000001,23.87166666666667,66.0,1.965,3,2025-12-23T13:39:34.573Z
2022-07-13,2022,7,66217787,Pulse1,captis_pulse,buderim,residential,0.0,0.0,0.0,0.0,24,2025-12-23T13:39:34.573Z
2022-07-13,2022,7,66217787,Pulse1_Total,captis_pulse,buderim,residential,966.0,42.0,42.0,42.0,23,2025-12-23T13:39:34.573Z
2022-07-13,2022,7,66217787,DeviceTemperature,captis_pulse,buderim,residential,25.0,25.0,25.0,25.0,1,2025-12-23T13:39:34.573Z
2022-07-12,2022,7,8988517,Pulse1,captis_pulse,maroochydore,residential,53.0,3.3125,30.0,0.0,16,2025-12-23T13:39:34.573Z
2022-07-12,2022,7,8988517,Pulse1_Total,captis_pulse,maroochydore,residential,4004833.0,250302.0625,250589.0,250247.0,16,2025-12-23T13:39:34.573Z
2022-07-12,2022,7,8988517,DeviceTemperature,captis_pulse,maroochydore,residential,13.86,13.86,13.86,13.86,1,2025-12-23T13:39:34.573Z
2022-07-12,2022,7,8988517,Battery,captis_pulse,maroochydore,residential,73.708,24.569333333333333,68.0,2.088,3,2025-12-23T13:39:34.573Z
2022-07-13,2022,7,8988517,Pulse1,captis_pulse,maroochydore,residential,159.0,6.36,106.0,0.0,25,2025-12-23T13:39:34.573Z
2022-07-13,2022,7,8988517,Pulse1_Total,captis_pulse,maroochydore,residential,6267359.0,250694.36,250834.0,250589.0,25,2025-12-23T13:39:34.573Z
2022-07-13,2022,7,8988517,DeviceTemperature,captis_pulse,maroochydore,residential,20.4,20.4,20.4,20.4,1,2025-12-23T13:39:34.573Z
2022-07-12,2022,7,2506,Pulse1,captis_pulse,buderim,residential,181.0,10.055555555555555,97.0,0.0,18,2025-12-23T13:39:34.573Z
2022-07-12,2022,7,2506,Pulse1_Total,captis_pulse,buderim,residential,9657804.0,536544.6666666666,536841.0,536452.0,18,2025-12-23T13:39:34.573Z
2022-07-12,2022,7,2506,DeviceTemperature,captis_pulse,buderim,residential,8.4,8.4,8.4,8.4,1,2025-12-23T13:39:34.573Z
2022-07-13,2022,7,2506,Pulse1,captis_pulse,buderim,residential,37.0,1.48,12.0,0.0,25,2025-12-23T13:39:34.573Z
2022-07-13,2022,7,2506,Pulse1_Total,captis_pulse,buderim,residential,1.3422229E7,536889.16,536914.0,536858.0,25,2025-12-23T13:39:34.573Z
2022-07-13,2022,7,2506,DeviceTemperature,captis_pulse,buderim,residential,36.2,36.2,36.2,36.2,1,2025-12-23T13:39:34.573Z
2022-07-12,2022,7,737572,Pulse1,captis_pulse,buderim,residential,77.0,4.529411764705882,43.0,0.0,17,2025-12-23T13:39:34.573Z
2022-07-12,2022,7,737572,Pulse1_Total,captis_pulse,buderim,residential,1.1972224E7,704248.4705882353,704384.0,704190.0,17,2025-12-23T13:39:34.573Z
2022-07-12,2022,7,737572,Battery,captis_pulse,buderim,residential,74.411,24.80366666666667,69.0,1.791,3,2025-12-23T13:39:34.573Z
2022-07-12,2022,7,737572,DeviceTemperature,captis_pulse,buderim,residential,10.1,10.1,10.1,10.1,1,2025-12-23T13:39:34.573Z
2022-07-13,2022,7,737572,Pulse1,captis_pulse,buderim,residential,160.0,6.666666666666667,69.0,0.0,24,2025-12-23T13:39:34.573Z
2022-07-13,2022,7,737572,Pulse1_Total,captis_pulse,buderim,residential,1.6908403E7,704516.7916666666,704572.0,704410.0,24,2025-12-23T13:39:34.573Z
2022-07-13,2022,7,737572,DeviceTemperature,captis_pulse,buderim,residential,26.8,26.8,26.8,26.8,1,2025-12-23T13:39:34.573Z
2022-07-12,2022,7,47323239,Pulse1,,,,4570.0,253.88888888888889,950.0,10.0,18,2025-12-23T13:39:34.573Z
2022-07-12,2022,7,47323239,DeviceTemperature,,,,13.81,13.81,13.81,13.81,1,2025-12-23T13:39:34.573Z
2022-07-12,2022,7,47323239,Battery,,,,75.715,25.238333333333333,70.0,2.075,3,2025-12-23T13:39:34.573Z
2022-07-13,2022,7,47323239,Pulse1,,,,11530.0,411.7857142857143,710.0,100.0,28,2025-12-23T13:39:34.573Z
2022-07-13,2022,7,47323239,DeviceTemperature,,,,21.3,21.3,21.3,21.3,1,2025-12-23T13:39:34.573Z
2022-07-12,2022,7,66218034,Pulse1,captis_pulse,buderim,residential,0.0,0.0,0.0,0.0,18,2025-12-23T13:39:34.573Z
2022-07-12,2022,7,66218034,Pulse1_Total,captis_pulse,buderim,residential,612.0,34.0,34.0,34.0,18,2025-12-23T13:39:34.573Z
2022-07-12,2022,7,66218034,DeviceTemperature,captis_pulse,buderim,residential,14.7,14.7,14.7,14.7,1,2025-12-23T13:39:34.573Z
2022-07-13,2022,7,66218034,Pulse1,captis_pulse,buderim,residential,0.0,0.0,0.0,0.0,24,2025-12-23T13:39:34.573Z
2022-07-13,2022,7,66218034,Pulse1_Total,captis_pulse,buderim,residential,816.0,34.0,34.0,34.0,24,2025-12-23T13:39:34.573Z
2022-07-12,2022,7,8978099,Pulse1,captis_pulse,maroochydore,residential,64.0,4.0,48.0,0.0,16,2025-12-23T13:39:34.573Z
2022-07-12,2022,7,8978099,Pulse1_Total,captis_pulse,maroochydore,residential,3827695.0,239230.9375,239291.0,239202.0,16,2025-12-23T13:39:34.573Z
2022-07-13,2022,7,8978099,Pulse1,captis_pulse,maroochydore,residential,148.0,5.92,94.0,0.0,25,2025-12-23T13:39:34.573Z
2022-07-13,2022,7,8978099,Pulse1_Total,captis_pulse,maroochydore,residential,5744743.0,239364.29166666666,239498.0,239292.0,24,2025-12-23T13:39:34.573Z
2022-07-12,2022,7,21264757,Pulse1,captis_pulse,samford village,non-residential,0.0,0.0,0.0,0.0,17,2025-12-23T13:39:34.573Z
2022-07-12,2022,7,21264757,Pulse1_Total,captis_pulse,samford village,non-residential,8728599.0,513447.0,513447.0,513447.0,17,2025-12-23T13:39:34.573Z
2022-07-13,2022,7,21264757,Pulse1,captis_pulse,samford village,non-residential,0.0,0.0,0.0,0.0,25,2025-12-23T13:39:34.573Z
2022-07-13,2022,7,21264757,Pulse1_Total,captis_pulse,samford village,non-residential,1.2836175E7,513447.0,513447.0,513447.0,25,2025-12-23T13:39:34.573Z
2022-07-12,2022,7,22368481,Pulse1,captis_pulse,beerwah,non-residential,630.0,35.0,183.0,0.0,18,2025-12-23T13:39:34.573Z
2022-07-12,2022,7,22368481,DeviceTemperature,captis_pulse,beerwah,non-residential,13.04,13.04,13.04,13.04,1,2025-12-23T13:39:34.573Z
2022-07-13,2022,7,22368481,Pulse1,captis_pulse,beerwah,non-residential,1098.0,47.73913043478261,134.0,1.0,23,2025-12-23T13:39:34.573Z
2022-07-13,2022,7,22368481,DeviceTemperature,captis_pulse,beerwah,non-residential,21.7,21.7,21.7,21.7,1,2025-12-23T13:39:34.573Z
2022-07-12,2022,7,2894693,Pulse1,captis_pulse,maroochydore,residential,0.0,0.0,0.0,0.0,17,2025-12-23T13:39:34.573Z
2022-07-12,2022,7,2894693,Pulse1_Total,captis_pulse,maroochydore,residential,1679804.0,98812.0,98812.0,98812.0,17,2025-12-23T13:39:34.573Z
2022-07-12,2022,7,2894693,DeviceTemperature,captis_pulse,maroochydore,residential,14.56,14.56,14.56,14.56,1,2025-12-23T13:39:34.573Z
2022-07-12,2022,7,2894693,Battery,captis_pulse,maroochydore,residential,74.509,24.836333333333332,69.0,1.889,3,2025-12-23T13:39:34.573Z
2022-07-13,2022,7,2894693,Pulse1,captis_pulse,maroochydore,residential,170.0,7.083333333333333,85.0,0.0,24,2025-12-23T13:39:34.573Z
2022-07-13,2022,7,2894693,Pulse1_Total,captis_pulse,maroochydore,residential,2373271.0,98886.29166666667,99008.0,98812.0,24,2025-12-23T13:39:34.573Z
2022-07-12,2022,7,299643,Pulse1,captis_pulse,buderim,residential,35.0,2.1875,19.0,0.0,16,2025-12-23T13:39:34.573Z
2022-07-12,2022,7,299643,Pulse1_Total,captis_pulse,buderim,residential,2150216.0,134388.5,134420.0,134370.0,16,2025-12-23T13:39:34.573Z
2022-07-12,2022,7,299643,Battery,captis_pulse,buderim,residential,78.45599999999999,26.151999999999997,73.0,1.826,3,2025-12-23T13:39:34.573Z
2022-07-12,2022,7,299643,DeviceTemperature,captis_pulse,buderim,residential,7.3,7.3,7.3,7.3,1,2025-12-23T13:39:34.573Z
2022-07-13,2022,7,299643,Pulse1,captis_pulse,buderim,residential,68.0,2.72,17.0,0.0,25,2025-12-23T13:39:34.573Z
2022-07-13,2022,7,299643,Pulse1_Total,captis_pulse,buderim,residential,3362442.0,134497.68,134580.0,134441.0,25,2025-12-23T13:39:34.573Z
2022-07-13,2022,7,299643,DeviceTemperature,captis_pulse,buderim,residential,27.0,27.0,27.0,27.0,1,2025-12-23T13:39:34.573Z
2022-07-12,2022,7,61207791,Pulse1,captis_pulse,buderim,residential,0.0,0.0,0.0,0.0,17,2025-12-23T13:39:34.573Z
2022-07-12,2022,7,61207791,Pulse1_Total,captis_pulse,buderim,residential,561.0,33.0,33.0,33.0,17,2025-12-23T13:39:34.573Z
2022-07-13,2022,7,61207791,Pulse1,captis_pulse,buderim,residential,0.0,0.0,0.0,0.0,26,2025-12-23T13:39:34.573Z
2022-07-13,2022,7,61207791,Pulse1_Total,captis_pulse,buderim,residential,858.0,33.0,33.0,33.0,26,2025-12-23T13:39:34.573Z
2022-07-12,2022,7,66214272,Pulse1,captis_pulse,buderim,residential,0.0,0.0,0.0,0.0,17,2025-12-23T13:39:34.573Z
2022-07-12,2022,7,66214272,Pulse1_Total,captis_pulse,buderim,residential,561.0,33.0,33.0,33.0,17,2025-12-23T13:39:34.573Z
2022-07-12,2022,7,66214272,DeviceTemperature,captis_pulse,buderim,residential,12.6,12.6,12.6,12.6,1,2025-12-23T13:39:34.573Z
2022-07-12,2022,7,66214272,Battery,captis_pulse,buderim,residential,3.64,3.64,3.64,3.64,1,2025-12-23T13:39:34.573Z
2022-07-13,2022,7,66214272,Pulse1,captis_pulse,buderim,residential,0.0,0.0,0.0,0.0,25,2025-12-23T13:39:34.573Z
2022-07-13,2022,7,66214272,Pulse1_Total,captis_pulse,buderim,residential,792.0,33.0,33.0,33.0,24,2025-12-23T13:39:34.573Z
2022-07-12,2022,7,586813,Pulse1,captis_pulse,kuluin,residential,179.0,9.944444444444445,65.0,0.0,18,2025-12-23T13:39:34.573Z
2022-07-12,2022,7,586813,Pulse1_Total,captis_pulse,kuluin,residential,1.2109055E7,672725.2777777778,673162.0,672648.0,18,2025-12-23T13:39:34.573Z
2022-07-12,2022,7,586813,DeviceTemperature,captis_pulse,kuluin,residential,22.57,11.285,13.77,8.8,2,2025-12-23T13:39:34.573Z
2022-07-13,2022,7,586813,Pulse1,captis_pulse,kuluin,residential,77.0,3.347826086956522,34.0,0.0,23,2025-12-23T13:39:34.573Z
2022-07-13,2022,7,586813,Pulse1_Total,captis_pulse,kuluin,residential,1.548927E7,673446.5217391305,673502.0,673409.0,23,2025-12-23T13:39:34.573Z
2022-07-12,2022,7,61232805,Pulse1,captis_pulse,buderim,residential,0.0,0.0,0.0,0.0,17,2025-12-23T13:39:34.573Z
2022-07-12,2022,7,61232805,Pulse1_Total,captis_pulse,buderim,residential,391.0,23.0,23.0,23.0,17,2025-12-23T13:39:34.573Z
2022-07-12,2022,7,61232805,DeviceTemperature,captis_pulse,buderim,residential,23.869999999999997,11.934999999999999,13.37,10.5,2,2025-12-23T13:39:34.573Z
2022-07-12,2022,7,61232805,Battery,captis_pulse,buderim,residential,69.706,23.235333333333333,64.0,2.086,3,2025-12-23T13:39:34.573Z
2022-07-13,2022,7,61232805,Pulse1,captis_pulse,buderim,residential,0.0,0.0,0.0,0.0,24,2025-12-23T13:39:34.573Z
2022-07-13,2022,7,61232805,Pulse1_Total,captis_pulse,buderim,residential,529.0,23.0,23.0,23.0,23,2025-12-23T13:39:34.573Z
2022-07-12,2022,7,8984150,Pulse1,captis_pulse,maroochydore,residential,132.0,7.333333333333333,52.0,0.0,18,2025-12-23T13:39:34.573Z
2022-07-12,2022,7,8984150,Pulse1_Total,captis_pulse,maroochydore,residential,1263865.0,70214.72222222222,70459.0,70145.0,18,2025-12-23T13:39:34.573Z
2022-07-12,2022,7,8984150,Battery,captis_pulse,maroochydore,residential,1.904,1.904,1.904,1.904,1,2025-12-23T13:39:34.573Z
2022-07-12,2022,7,8984150,DeviceTemperature,captis_pulse,maroochydore,residential,7.2,7.2,7.2,7.2,1,2025-12-23T13:39:34.573Z
2022-07-13,2022,7,8984150,Pulse1,captis_pulse,maroochydore,residential,57.0,2.375,12.0,0.0,24,2025-12-23T13:39:34.573Z
2022-07-13,2022,7,8984150,Pulse1_Total,captis_pulse,maroochydore,residential,1624909.0,70648.21739130435,70786.0,70544.0,23,2025-12-23T13:39:34.573Z
2022-07-12,2022,7,66204030,Pulse1,captis_pulse,buderim,residential,33.0,1.9411764705882353,24.0,0.0,17,2025-12-23T13:39:34.573Z
2022-07-12,2022,7,66204030,Pulse1_Total,captis_pulse,buderim,residential,404377.0,23786.882352941175,23843.0,23774.0,17,2025-12-23T13:39:34.573Z
2022-07-12,2022,7,66204030,Battery,captis_pulse,buderim,residential,74.86800000000001,24.956000000000003,69.0,2.248,3,2025-12-23T13:39:34.573Z
2022-07-12,2022,7,66204030,DeviceTemperature,captis_pulse,buderim,residential,9.8,9.8,9.8,9.8,1,2025-12-23T13:39:34.573Z
2022-07-13,2022,7,66204030,Pulse1,captis_pulse,buderim,residential,11.0,0.4583333333333333,5.0,0.0,24,2025-12-23T13:39:34.573Z
2022-07-13,2022,7,66204030,Pulse1_Total,captis_pulse,buderim,residential,572569.0,23857.041666666668,23871.0,23843.0,24,2025-12-23T13:39:34.573Z
2022-07-13,2022,7,66204030,DeviceTemperature,captis_pulse,buderim,residential,23.2,23.2,23.2,23.2,1,2025-12-23T13:39:34.573Z
2022-07-12,2022,7,96746,Pulse1,captis_pulse,kuluin,residential,91.0,5.6875,47.0,0.0,16,2025-12-23T13:39:34.573Z
2022-07-12,2022,7,96746,Pulse1_Total,captis_pulse,kuluin,residential,3122339.0,195146.1875,195231.0,195113.0,16,2025-12-23T13:39:34.573Z
2022-07-12,2022,7,96746,DeviceTemperature,captis_pulse,kuluin,residential,13.87,13.87,13.87,13.87,1,2025-12-23T13:39:34.573Z
2022-07-12,2022,7,96746,Battery,captis_pulse,kuluin,residential,72.22999999999999,24.076666666666664,67.0,1.6,3,2025-12-23T13:39:34.573Z
2022-07-13,2022,7,96746,Pulse1,captis_pulse,kuluin,residential,1.0,0.038461538461538464,1.0,0.0,26,2025-12-23T13:39:34.573Z
2022-07-13,2022,7,96746,Pulse1_Total,captis_pulse,kuluin,residential,4880996.0,195239.84,195242.0,195233.0,25,2025-12-23T13:39:34.573Z
2022-07-12,2022,7,46054017,Pulse1,captis_pulse,maroochydore,residential,410.0,27.333333333333332,180.0,0.0,15,2025-12-23T13:39:34.573Z
2022-07-12,2022,7,46054017,DeviceTemperature,captis_pulse,maroochydore,residential,22.92,11.46,14.42,8.5,2,2025-12-23T13:39:34.573Z
2022-07-12,2022,7,46054017,Battery,captis_pulse,maroochydore,residential,72.36,24.12,67.0,1.72,3,2025-12-23T13:39:34.573Z
2022-07-13,2022,7,46054017,Pulse1,captis_pulse,maroochydore,residential,1760.0,67.6923076923077,280.0,0.0,26,2025-12-23T13:39:34.573Z
2022-07-13,2022,7,46054017,DeviceTemperature,captis_pulse,maroochydore,residential,33.7,33.7,33.7,33.7,1,2025-12-23T13:39:34.573Z
2022-07-12,2022,7,471,Pulse1,captis_pulse,maroochydore,residential,13.0,0.6190476190476191,10.0,0.0,21,2025-12-23T13:39:34.573Z
2022-07-12,2022,7,471,Pulse1_Total,captis_pulse,maroochydore,residential,8305496.0,395499.8095238095,395559.0,395475.0,21,2025-12-23T13:39:34.573Z
2022-07-12,2022,7,471,Battery,captis_pulse,maroochydore,residential,74.604,24.868,69.0,1.974,3,2025-12-23T13:39:34.573Z
2022-07-12,2022,7,471,DeviceTemperature,captis_pulse,maroochydore,residential,7.2,7.2,7.2,7.2,1,2025-12-23T13:39:34.573Z
2022-07-13,2022,7,471,DeviceTemperature,captis_pulse,maroochydore,residential,37.8,37.8,37.8,37.8,1,2025-12-23T13:39:34.573Z
2022-07-13,2022,7,471,Pulse1,captis_pulse,maroochydore,residential,136.0,5.666666666666667,94.0,0.0,24,2025-12-23T13:39:34.573Z
2022-07-13,2022,7,471,Pulse1_Total,captis_pulse,maroochydore,residential,9495738.0,395655.75,395755.0,395559.0,24,2025-12-23T13:39:34.573Z
2022-07-12,2022,7,568024,Pulse1,captis_pulse,buderim,residential,125.0,5.9523809523809526,87.0,0.0,21,2025-12-23T13:39:34.573Z
2022-07-12,2022,7,568024,Pulse1_Total,captis_pulse,buderim,residential,9633753.0,458750.14285714284,458933.0,458685.0,21,2025-12-23T13:39:34.573Z
2022-07-13,2022,7,568024,Pulse1,captis_pulse,buderim,residential,149.0,6.478260869565218,80.0,0.0,23,2025-12-23T13:39:34.573Z
2022-07-13,2022,7,568024,Pulse1_Total,captis_pulse,buderim,residential,1.0559769E7,459120.39130434784,459300.0,458938.0,23,2025-12-23T13:39:34.573Z
2022-07-13,2022,7,568024,DeviceTemperature,captis_pulse,buderim,residential,31.3,31.3,31.3,31.3,1,2025-12-23T13:39:34.573Z
2022-07-12,2022,7,60467334,Pulse1,captis_pulse,buderim,residential,14.0,0.8235294117647058,6.0,0.0,17,2025-12-23T13:39:34.573Z
2022-07-12,2022,7,60467334,Pulse1_Total,captis_pulse,buderim,residential,403424.0,23730.823529411766,23747.0,23723.0,17,2025-12-23T13:39:34.573Z
2022-07-13,2022,7,60467334,Pulse1,captis_pulse,buderim,residential,47.0,1.88,18.0,0.0,25,2025-12-23T13:39:34.573Z
2022-07-13,2022,7,60467334,Pulse1_Total,captis_pulse,buderim,residential,594835.0,23793.4,23851.0,23761.0,25,2025-12-23T13:39:34.573Z
2022-07-12,2022,7,62367444,Pulse1,captis_pulse,buderim,residential,20.0,1.1111111111111112,9.0,0.0,18,2025-12-23T13:39:34.573Z
2022-07-12,2022,7,62367444,Pulse1_Total,captis_pulse,buderim,residential,511792.0,28432.88888888889,28452.0,28417.0,18,2025-12-23T13:39:34.573Z
2022-07-12,2022,7,62367444,Battery,captis_pulse,buderim,residential,77.771,25.923666666666666,70.0,3.63,3,2025-12-23T13:39:34.573Z
2022-07-13,2022,7,62367444,Pulse1,captis_pulse,buderim,residential,42.0,1.75,21.0,0.0,24,2025-12-23T13:39:34.573Z
2022-07-13,2022,7,62367444,Pulse1_Total,captis_pulse,buderim,residential,655175.0,28485.869565217392,28527.0,28465.0,23,2025-12-23T13:39:34.573Z
2022-07-12,2022,7,65064231,Pulse1,captis_pulse,buderim,non-residential,5.0,0.2777777777777778,5.0,0.0,18,2025-12-23T13:39:34.573Z
2022-07-13,2022,7,65064231,Pulse1,captis_pulse,buderim,non-residential,315.0,13.125,60.0,0.0,24,2025-12-23T13:39:34.573Z
2022-07-13,2022,7,65064231,DeviceTemperature,captis_pulse,buderim,non-residential,23.3,23.3,23.3,23.3,1,2025-12-23T13:39:34.573Z
2022-07-12,2022,7,338415,Pulse1,captis_pulse,buderim,residential,40.0,2.2222222222222223,16.0,0.0,18,2025-12-23T13:39:34.573Z
2022-07-12,2022,7,338415,Pulse1_Total,captis_pulse,buderim,residential,4220673.0,234481.83333333334,234629.0,234430.0,18,2025-12-23T13:39:34.573Z
2022-07-12,2022,7,338415,Battery,captis_pulse,buderim,residential,1.812,1.812,1.812,1.812,1,2025-12-23T13:39:34.573Z
2022-07-12,2022,7,338415,DeviceTemperature,captis_pulse,buderim,residential,7.3,7.3,7.3,7.3,1,2025-12-23T13:39:34.573Z
2022-07-13,2022,7,338415,Pulse1,captis_pulse,buderim,residential,86.0,3.5833333333333335,57.0,0.0,24,2025-12-23T13:39:34.573Z
2022-07-13,2022,7,338415,Pulse1_Total,captis_pulse,buderim,residential,5634275.0,234761.45833333334,234821.0,234672.0,24,2025-12-23T13:39:34.573Z
2022-07-12,2022,7,64628312,Pulse1,captis_pulse,maroochydore,residential,570.0,28.5,140.0,0.0,20,2025-12-23T13:39:34.573Z
2022-07-12,2022,7,64628312,DeviceTemperature,captis_pulse,maroochydore,residential,20.5,10.25,13.3,7.2,2,2025-12-23T13:39:34.573Z
2022-07-13,2022,7,64628312,Pulse1,captis_pulse,maroochydore,residential,1630.0,65.2,210.0,0.0,25,2025-12-23T13:39:34.573Z
2022-07-12,2022,7,61144934,Pulse1,captis_pulse,buderim,residential,129.0,7.166666666666667,65.0,0.0,18,2025-12-23T13:39:34.573Z
2022-07-12,2022,7,61144934,Pulse1_Total,captis_pulse,buderim,residential,1764721.0,98040.05555555556,98214.0,98005.0,18,2025-12-23T13:39:34.573Z
2022-07-13,2022,7,61144934,Pulse1,captis_pulse,buderim,residential,146.0,5.407407407407407,60.0,0.0,27,2025-12-23T13:39:34.573Z
2022-07-13,2022,7,61144934,Pulse1_Total,captis_pulse,buderim,residential,2555915.0,98304.42307692308,98447.0,98243.0,26,2025-12-23T13:39:34.573Z
2022-07-12,2022,7,9329977,Pulse1,captis_pulse,maroochydore,residential,84.0,4.0,38.0,0.0,21,2025-12-23T13:39:34.573Z
2022-07-12,2022,7,9329977,Pulse1_Total,captis_pulse,maroochydore,residential,6591887.0,313899.38095238095,314072.0,313816.0,21,2025-12-23T13:39:34.573Z
2022-07-12,2022,7,9329977,Battery,captis_pulse,maroochydore,residential,78.442,26.147333333333332,73.0,1.812,3,2025-12-23T13:39:34.573Z
2022-07-13,2022,7,9329977,Pulse1,captis_pulse,maroochydore,residential,128.0,4.923076923076923,70.0,0.0,26,2025-12-23T13:39:34.573Z
2022-07-13,2022,7,9329977,Pulse1_Total,captis_pulse,maroochydore,residential,8166857.0,314109.8846153846,314245.0,314075.0,26,2025-12-23T13:39:34.573Z
2022-07-13,2022,7,9329977,DeviceTemperature,captis_pulse,maroochydore,residential,31.7,31.7,31.7,31.7,1,2025-12-23T13:39:34.573Z
2022-07-12,2022,7,32981848,Pulse1,captis_pulse,maroochydore,non-residential,1600.0,94.11764705882354,500.0,0.0,17,2025-12-23T13:39:34.573Z
2022-07-12,2022,7,32981848,DeviceTemperature,captis_pulse,maroochydore,non-residential,13.3,13.3,13.3,13.3,1,2025-12-23T13:39:34.573Z
2022-07-13,2022,7,32981848,Pulse1,captis_pulse,maroochydore,non-residential,1700.0,70.83333333333333,200.0,0.0,24,2025-12-23T13:39:34.573Z
2022-07-12,2022,7,61144935,Pulse1,captis_pulse,buderim,residential,65.0,3.823529411764706,29.0,0.0,17,2025-12-23T13:39:34.573Z
2022-07-12,2022,7,61144935,Pulse1_Total,captis_pulse,buderim,residential,1462401.0,86023.58823529411,86150.0,85974.0,17,2025-12-23T13:39:34.573Z
2022-07-12,2022,7,61144935,Battery,captis_pulse,buderim,residential,73.027,24.342333333333332,67.0,2.397,3,2025-12-23T13:39:34.573Z
2022-07-13,2022,7,61144935,Pulse1,captis_pulse,buderim,residential,327.0,14.217391304347826,171.0,0.0,23,2025-12-23T13:39:34.573Z
2022-07-13,2022,7,61144935,Pulse1_Total,captis_pulse,buderim,residential,1901852.0,86447.81818181818,86669.0,86185.0,22,2025-12-23T13:39:34.573Z
2022-07-12,2022,7,61568397,Pulse1,captis_pulse,buderim,residential,3.0,0.15789473684210525,1.0,0.0,19,2025-12-23T13:39:34.573Z
2022-07-12,2022,7,61568397,Pulse1_Total,captis_pulse,buderim,residential,325453.0,17129.105263157893,17134.0,17128.0,19,2025-12-23T13:39:34.573Z
2022-07-12,2022,7,61568397,DeviceTemperature,captis_pulse,buderim,residential,27.72,13.86,14.72,13.0,2,2025-12-23T13:39:34.573Z
2022-07-12,2022,7,61568397,Battery,captis_pulse,buderim,residential,58.699,19.566333333333333,52.0,3.059,3,2025-12-23T13:39:34.573Z
2022-07-13,2022,7,61568397,Pulse1,captis_pulse,buderim,residential,20.0,0.7142857142857143,11.0,0.0,28,2025-12-23T13:39:34.573Z
2022-07-13,2022,7,61568397,Pulse1_Total,captis_pulse,buderim,residential,480037.0,17144.178571428572,17210.0,17134.0,28,2025-12-23T13:39:34.573Z
2022-07-13,2022,7,61568397,DeviceTemperature,captis_pulse,buderim,residential,15.0,15.0,15.0,15.0,1,2025-12-23T13:39:34.573Z
2022-07-12,2022,7,73103,Pulse1,captis_pulse,buderim,residential,0.0,0.0,0.0,0.0,17,2025-12-23T13:39:34.573Z
2022-07-12,2022,7,73103,Pulse1_Total,captis_pulse,buderim,residential,4352869.0,256051.11764705883,256052.0,256051.0,17,2025-12-23T13:39:34.573Z
2022-07-13,2022,7,73103,DeviceTemperature,captis_pulse,buderim,residential,18.1,18.1,18.1,18.1,1,2025-12-23T13:39:34.573Z
2022-07-13,2022,7,73103,Pulse1,captis_pulse,buderim,residential,0.0,0.0,0.0,0.0,24,2025-12-23T13:39:34.573Z
2022-07-13,2022,7,73103,Pulse1_Total,captis_pulse,buderim,residential,6145293.0,256053.875,256055.0,256052.0,24,2025-12-23T13:39:34.573Z
2022-07-12,2022,7,61162518,Pulse1,captis_pulse,buderim,residential,0.0,0.0,0.0,0.0,15,2025-12-23T13:39:34.573Z
2022-07-12,2022,7,61162518,Pulse1_Total,captis_pulse,buderim,residential,570.0,38.0,38.0,38.0,15,2025-12-23T13:39:34.573Z
2022-07-12,2022,7,61162518,Battery,captis_pulse,buderim,residential,1.927,1.927,1.927,1.927,1,2025-12-23T13:39:34.573Z
2022-07-13,2022,7,61162518,Pulse1,captis_pulse,buderim,residential,0.0,0.0,0.0,0.0,25,2025-12-23T13:39:34.573Z
2022-07-13,2022,7,61162518,Pulse1_Total,captis_pulse,buderim,residential,950.0,38.0,38.0,38.0,25,2025-12-23T13:39:34.573Z
2022-07-12,2022,7,64631099,Pulse1,captis_pulse,maroochydore,residential,0.0,0.0,0.0,0.0,17,2025-12-23T13:39:34.573Z
2022-07-12,2022,7,64631099,DeviceTemperature,captis_pulse,maroochydore,residential,14.5,14.5,14.5,14.5,1,2025-12-23T13:39:34.573Z
2022-07-13,2022,7,64631099,Pulse1,captis_pulse,maroochydore,residential,0.0,0.0,0.0,0.0,24,2025-12-23T13:39:34.573Z
2022-07-12,2022,7,286914,Pulse1,captis_pulse,buderim,residential,25.0,1.4705882352941178,15.0,0.0,17,2025-12-23T13:39:34.573Z
2022-07-12,2022,7,286914,Pulse1_Total,captis_pulse,buderim,residential,1478982.0,86998.94117647059,87031.0,86990.0,17,2025-12-23T13:39:34.573Z
2022-07-12,2022,7,286914,DeviceTemperature,captis_pulse,buderim,residential,22.24,11.12,14.54,7.7,2,2025-12-23T13:39:34.573Z
2022-07-12,2022,7,286914,Battery,captis_pulse,buderim,residential,73.298,24.432666666666666,68.0,1.658,3,2025-12-23T13:39:34.573Z
2022-07-13,2022,7,286914,Pulse1,captis_pulse,buderim,residential,121.0,5.041666666666667,59.0,0.0,24,2025-12-23T13:39:34.573Z
2022-07-13,2022,7,286914,Pulse1_Total,captis_pulse,buderim,residential,2091623.0,87150.95833333333,87195.0,87031.0,24,2025-12-23T13:39:34.573Z
2022-07-13,2022,7,286914,DeviceTemperature,captis_pulse,buderim,residential,29.3,29.3,29.3,29.3,1,2025-12-23T13:39:34.573Z
2022-07-12,2022,7,34593438,Pulse1,captis_pulse,maroochydore,non-residential,900.0,52.94117647058823,340.0,0.0,17,2025-12-23T13:39:34.573Z
2022-07-12,2022,7,34593438,Pulse1_Total,captis_pulse,maroochydore,non-residential,4297490.0,252793.5294117647,253380.0,252330.0,17,2025-12-23T13:39:34.573Z
2022-07-12,2022,7,34593438,DeviceTemperature,captis_pulse,maroochydore,non-residential,15.77,15.77,15.77,15.77,1,2025-12-23T13:39:34.573Z
2022-07-13,2022,7,34593438,Pulse1,captis_pulse,maroochydore,non-residential,140.0,6.086956521739131,60.0,0.0,23,2025-12-23T13:39:34.573Z
2022-07-13,2022,7,34593438,Pulse1_Total,captis_pulse,maroochydore,non-residential,5833540.0,253632.1739130435,253730.0,253410.0,23,2025-12-23T13:39:34.573Z
2022-07-12,2022,7,52530,Pulse1,captis_pulse,maroochydore,residential,47.0,2.764705882352941,18.0,0.0,17,2025-12-23T13:39:34.573Z
2022-07-12,2022,7,52530,Pulse1_Total,captis_pulse,maroochydore,residential,3833108.0,225476.9411764706,225575.0,225453.0,17,2025-12-23T13:39:34.573Z
2022-07-12,2022,7,52530,DeviceTemperature,captis_pulse,maroochydore,residential,16.64,16.64,16.64,16.64,1,2025-12-23T13:39:34.573Z
2022-07-13,2022,7,52530,Pulse1,captis_pulse,maroochydore,residential,201.0,8.375,76.0,0.0,24,2025-12-23T13:39:34.573Z
2022-07-13,2022,7,52530,Pulse1_Total,captis_pulse,maroochydore,residential,5418845.0,225785.20833333334,225949.0,225584.0,24,2025-12-23T13:39:34.573Z
2022-07-12,2022,7,598512,Pulse1,captis_pulse,buderim,residential,129.0,7.588235294117647,87.0,0.0,17,2025-12-23T13:39:34.573Z
2022-07-12,2022,7,598512,Pulse1_Total,captis_pulse,buderim,residential,5877461.0,345733.0,346091.0,345619.0,17,2025-12-23T13:39:34.573Z
2022-07-12,2022,7,598512,DeviceTemperature,captis_pulse,buderim,residential,31.07,15.535,16.67,14.4,2,2025-12-23T13:39:34.573Z
2022-07-13,2022,7,598512,Pulse1,captis_pulse,buderim,residential,76.0,3.3043478260869565,34.0,0.0,23,2025-12-23T13:39:34.573Z
2022-07-13,2022,7,598512,Pulse1_Total,captis_pulse,buderim,residential,7961184.0,346138.4347826087,346203.0,346091.0,23,2025-12-23T13:39:34.573Z
2022-07-13,2022,7,598512,DeviceTemperature,captis_pulse,buderim,residential,17.4,17.4,17.4,17.4,1,2025-12-23T13:39:34.573Z
2022-07-12,2022,7,61160187,Pulse1,captis_pulse,buderim,residential,39.0,2.6,13.0,0.0,15,2025-12-23T13:39:34.573Z
2022-07-12,2022,7,61160187,Pulse1_Total,captis_pulse,buderim,residential,459251.0,30616.733333333334,30663.0,30582.0,15,2025-12-23T13:39:34.573Z
2022-07-13,2022,7,61160187,Pulse1,captis_pulse,buderim,residential,18.0,0.782608695652174,10.0,0.0,23,2025-12-23T13:39:34.573Z
2022-07-13,2022,7,61160187,Pulse1_Total,captis_pulse,buderim,residential,706147.0,30702.043478260868,30728.0,30663.0,23,2025-12-23T13:39:34.573Z
2022-07-12,2022,7,61659557,Pulse1,captis_pulse,buderim,residential,0.0,0.0,0.0,0.0,14,2025-12-23T13:39:34.573Z
2022-07-12,2022,7,61659557,Pulse1_Total,captis_pulse,buderim,residential,525.0,35.0,35.0,35.0,15,2025-12-23T13:39:34.573Z
2022-07-12,2022,7,61659557,DeviceTemperature,captis_pulse,buderim,residential,7.3,7.3,7.3,7.3,1,2025-12-23T13:39:34.573Z
2022-07-13,2022,7,61659557,Pulse1,captis_pulse,buderim,residential,0.0,0.0,0.0,0.0,25,2025-12-23T13:39:34.573Z
2022-07-13,2022,7,61659557,Pulse1_Total,captis_pulse,buderim,residential,875.0,35.0,35.0,35.0,25,2025-12-23T13:39:34.573Z
2022-07-13,2022,7,61659557,DeviceTemperature,captis_pulse,buderim,residential,33.5,33.5,33.5,33.5,1,2025-12-23T13:39:34.573Z
2022-07-12,2022,7,102788,Pulse1,captis_pulse,maroochydore,residential,0.0,0.0,0.0,0.0,16,2025-12-23T13:39:34.573Z
2022-07-12,2022,7,102788,Pulse1_Total,captis_pulse,maroochydore,residential,2457576.0,153598.5,153724.0,153579.0,16,2025-12-23T13:39:34.573Z
2022-07-13,2022,7,102788,Pulse1,captis_pulse,maroochydore,residential,0.0,0.0,0.0,0.0,11,2025-12-23T13:39:34.573Z
2022-07-13,2022,7,102788,Pulse1_Total,captis_pulse,maroochydore,residential,1691036.0,153730.54545454544,153740.0,153724.0,11,2025-12-23T13:39:34.573Z
2022-07-13,2022,7,102788,DeviceTemperature,captis_pulse,maroochydore,residential,32.53,16.265,16.7,15.83,2,2025-12-23T13:39:34.573Z
2022-07-13,2022,7,102788,Battery,captis_pulse,maroochydore,residential,72.62,36.31,69.0,3.62,2,2025-12-23T13:39:34.573Z
2022-07-12,2022,7,593842,Pulse1,captis_pulse,buderim,residential,100.0,5.882352941176471,45.0,0.0,17,2025-12-23T13:39:34.573Z
2022-07-12,2022,7,593842,Pulse1_Total,captis_pulse,buderim,residential,5301360.0,311844.70588235295,311993.0,311802.0,17,2025-12-23T13:39:34.573Z
2022-07-12,2022,7,593842,DeviceTemperature,captis_pulse,buderim,residential,7.9,7.9,7.9,7.9,1,2025-12-23T13:39:34.573Z
2022-07-13,2022,7,593842,Pulse1,captis_pulse,buderim,residential,120.0,5.217391304347826,31.0,0.0,23,2025-12-23T13:39:34.573Z
2022-07-13,2022,7,593842,Pulse1_Total,captis_pulse,buderim,residential,7182630.0,312288.26086956525,312433.0,312071.0,23,2025-12-23T13:39:34.573Z
2022-07-13,2022,7,593842,DeviceTemperature,captis_pulse,buderim,residential,17.6,17.6,17.6,17.6,1,2025-12-23T13:39:34.573Z
2022-07-12,2022,7,48280853,Pulse1,,,,940.0,52.22222222222222,230.0,0.0,18,2025-12-23T13:39:34.573Z
2022-07-13,2022,7,48280853,Pulse1,,,,1590.0,56.785714285714285,200.0,0.0,28,2025-12-23T13:39:34.573Z
2022-07-12,2022,7,601105,Pulse1,captis_pulse,buderim,residential,806.0,50.375,367.0,0.0,16,2025-12-23T13:39:34.573Z
2022-07-12,2022,7,601105,DeviceTemperature,captis_pulse,buderim,residential,21.689999999999998,10.844999999999999,13.29,8.4,2,2025-12-23T13:39:34.573Z
2022-07-13,2022,7,601105,Pulse1,captis_pulse,buderim,residential,65.0,2.7083333333333335,43.0,0.0,24,2025-12-23T13:39:34.573Z
2022-07-12,2022,7,60192913,Pulse1,captis_pulse,buderim,residential,0.0,0.0,0.0,0.0,16,2025-12-23T13:39:34.573Z
2022-07-12,2022,7,60192913,Pulse1_Total,captis_pulse,buderim,residential,0.0,0.0,0.0,0.0,16,2025-12-23T13:39:34.573Z
2022-07-12,2022,7,60192913,DeviceTemperature,captis_pulse,buderim,residential,24.68,12.34,14.18,10.5,2,2025-12-23T13:39:34.573Z
2022-07-12,2022,7,60192913,Battery,captis_pulse,buderim,residential,75.60499999999999,25.201666666666664,70.0,1.975,3,2025-12-23T13:39:34.573Z
2022-07-13,2022,7,60192913,Pulse1,captis_pulse,buderim,residential,0.0,0.0,0.0,0.0,24,2025-12-23T13:39:34.573Z
2022-07-13,2022,7,60192913,Pulse1_Total,captis_pulse,buderim,residential,0.0,0.0,0.0,0.0,23,2025-12-23T13:39:34.573Z
2022-07-13,2022,7,60192913,DeviceTemperature,captis_pulse,buderim,residential,17.2,17.2,17.2,17.2,1,2025-12-23T13:39:34.573Z
2022-07-12,2022,7,65063509,Pulse1,captis_pulse,kuluin,residential,1185.0,62.36842105263158,183.0,1.0,19,2025-12-23T13:39:34.573Z
2022-07-12,2022,7,65063509,DeviceTemperature,captis_pulse,kuluin,residential,7.7,7.7,7.7,7.7,1,2025-12-23T13:39:34.573Z
2022-07-13,2022,7,65063509,Pulse1,captis_pulse,kuluin,residential,665.0,95.0,113.0,81.0,7,2025-12-23T13:39:34.573Z
2022-07-13,2022,7,65063509,DeviceTemperature,captis_pulse,kuluin,residential,12.13,12.13,12.13,12.13,1,2025-12-23T13:39:34.573Z
2022-07-13,2022,7,65063509,Battery,captis_pulse,kuluin,residential,76.64,38.32,73.0,3.64,2,2025-12-23T13:39:34.573Z
2022-07-12,2022,7,65437836,Pulse1,captis_pulse,buderim,residential,810.0,50.625,310.0,0.0,16,2025-12-23T13:39:34.573Z
2022-07-12,2022,7,65437836,DeviceTemperature,captis_pulse,buderim,residential,31.89,10.63,13.09,9.3,3,2025-12-23T13:39:34.573Z
2022-07-12,2022,7,65437836,Battery,captis_pulse,buderim,residential,72.329,24.109666666666666,66.0,2.699,3,2025-12-23T13:39:34.573Z
2022-07-13,2022,7,65437836,Pulse1,captis_pulse,buderim,residential,2490.0,103.75,490.0,0.0,24,2025-12-23T13:39:34.573Z
2022-07-13,2022,7,65437836,DeviceTemperature,captis_pulse,buderim,residential,22.0,22.0,22.0,22.0,1,2025-12-23T13:39:34.573Z
2022-07-12,2022,7,21266970,Pulse1,captis_pulse,ferny hills,non-residential,520.0,24.761904761904763,140.0,0.0,21,2025-12-23T13:39:34.573Z
2022-07-12,2022,7,21266970,DeviceTemperature,captis_pulse,ferny hills,non-residential,8.3,8.3,8.3,8.3,1,2025-12-23T13:39:34.573Z
2022-07-13,2022,7,21266970,Pulse1,captis_pulse,ferny hills,non-residential,2600.0,104.0,350.0,10.0,25,2025-12-23T13:39:34.573Z
2022-07-12,2022,7,514161,Pulse1,captis_pulse,buderim,residential,0.0,0.0,0.0,0.0,17,2025-12-23T13:39:34.573Z
2022-07-12,2022,7,514161,Pulse1_Total,captis_pulse,buderim,residential,2972892.0,174876.0,174876.0,174876.0,17,2025-12-23T13:39:34.573Z
2022-07-12,2022,7,514161,Battery,captis_pulse,buderim,residential,75.26,25.08666666666667,70.0,1.65,3,2025-12-23T13:39:34.573Z
2022-07-13,2022,7,514161,Pulse1,captis_pulse,buderim,residential,0.0,0.0,0.0,0.0,24,2025-12-23T13:39:34.573Z
2022-07-13,2022,7,514161,Pulse1_Total,captis_pulse,buderim,residential,4197024.0,174876.0,174876.0,174876.0,24,2025-12-23T13:39:34.573Z
2022-07-12,2022,7,61158881,Pulse1,captis_pulse,buderim,residential,17.0,0.9444444444444444,15.0,0.0,18,2025-12-23T13:39:34.573Z
2022-07-12,2022,7,61158881,Pulse1_Total,captis_pulse,buderim,residential,531370.0,29520.555555555555,29552.0,29516.0,18,2025-12-23T13:39:34.573Z
2022-07-12,2022,7,61158881,DeviceTemperature,captis_pulse,buderim,residential,14.03,14.03,14.03,14.03,1,2025-12-23T13:39:34.573Z
2022-07-12,2022,7,61158881,Battery,captis_pulse,buderim,residential,66.76899999999999,22.25633333333333,61.0,2.139,3,2025-12-23T13:39:34.573Z
2022-07-13,2022,7,61158881,Pulse1,captis_pulse,buderim,residential,81.0,2.892857142857143,37.0,0.0,28,2025-12-23T13:39:34.573Z
2022-07-13,2022,7,61158881,Pulse1_Total,captis_pulse,buderim,residential,832979.0,29749.25,29782.0,29637.0,28,2025-12-23T13:39:34.573Z
2022-07-13,2022,7,61158881,DeviceTemperature,captis_pulse,buderim,residential,17.0,17.0,17.0,17.0,1,2025-12-23T13:39:34.573Z
2022-07-12,2022,7,81985221,Pulse1,captis_pulse,buderim,residential,380.0,34.54545454545455,160.0,0.0,11,2025-12-23T13:39:34.573Z
2022-07-12,2022,7,81985221,DeviceTemperature,captis_pulse,buderim,residential,11.9,11.9,11.9,11.9,1,2025-12-23T13:39:34.573Z
2022-07-13,2022,7,81985221,Pulse1,captis_pulse,buderim,residential,2970.0,123.75,560.0,20.0,24,2025-12-23T13:39:34.573Z
2022-07-12,2022,7,9345751,Pulse1,captis_pulse,maroochydore,residential,128.0,7.529411764705882,115.0,0.0,17,2025-12-23T13:39:34.573Z
2022-07-12,2022,7,9345751,Pulse1_Total,captis_pulse,maroochydore,residential,1807958.0,106350.4705882353,106496.0,106226.0,17,2025-12-23T13:39:34.573Z
2022-07-12,2022,7,9345751,Battery,captis_pulse,maroochydore,residential,73.72699999999999,24.575666666666663,68.0,2.207,3,2025-12-23T13:39:34.573Z
2022-07-12,2022,7,9345751,DeviceTemperature,captis_pulse,maroochydore,residential,7.2,7.2,7.2,7.2,1,2025-12-23T13:39:34.573Z
2022-07-13,2022,7,9345751,Pulse1,captis_pulse,maroochydore,residential,246.0,9.84,103.0,0.0,25,2025-12-23T13:39:34.573Z
2022-07-13,2022,7,9345751,Pulse1_Total,captis_pulse,maroochydore,residential,2665423.0,106616.92,106813.0,106497.0,25,2025-12-23T13:39:34.573Z
2022-07-12,2022,7,60218178,Pulse1,captis_pulse,buderim,residential,0.0,0.0,0.0,0.0,16,2025-12-23T13:39:34.573Z
2022-07-12,2022,7,60218178,Pulse1_Total,captis_pulse,buderim,residential,0.0,0.0,0.0,0.0,15,2025-12-23T13:39:34.573Z
2022-07-13,2022,7,60218178,Pulse1,captis_pulse,buderim,residential,0.0,0.0,0.0,0.0,3,2025-12-23T13:39:34.573Z
2022-07-13,2022,7,60218178,Pulse1_Total,captis_pulse,buderim,residential,0.0,0.0,0.0,0.0,3,2025-12-23T13:39:34.573Z
2022-07-13,2022,7,60218178,DeviceTemperature,captis_pulse,buderim,residential,40.260000000000005,20.130000000000003,25.8,14.46,2,2025-12-23T13:39:34.573Z
2022-07-13,2022,7,60218178,Battery,captis_pulse,buderim,residential,73.62,36.81,70.0,3.62,2,2025-12-23T13:39:34.573Z
2022-07-12,2022,7,62305818,Pulse1,captis_pulse,buderim,residential,0.0,0.0,0.0,0.0,18,2025-12-23T13:39:34.573Z
2022-07-12,2022,7,62305818,Pulse1_Total,captis_pulse,buderim,residential,576.0,32.0,32.0,32.0,18,2025-12-23T13:39:34.573Z
2022-07-12,2022,7,62305818,DeviceTemperature,captis_pulse,buderim,residential,7.7,7.7,7.7,7.7,1,2025-12-23T13:39:34.573Z
2022-07-13,2022,7,62305818,Pulse1,captis_pulse,buderim,residential,0.0,0.0,0.0,0.0,28,2025-12-23T13:39:34.573Z
2022-07-13,2022,7,62305818,Pulse1_Total,captis_pulse,buderim,residential,896.0,32.0,32.0,32.0,28,2025-12-23T13:39:34.573Z
2022-07-13,2022,7,62305818,DeviceTemperature,captis_pulse,buderim,residential,16.0,16.0,16.0,16.0,1,2025-12-23T13:39:34.573Z
2022-07-12,2022,7,21967995,Pulse1,captis_pulse,mountain creek,non-residential,1140.0,71.25,260.0,20.0,16,2025-12-23T13:39:34.573Z
2022-07-12,2022,7,21967995,DeviceTemperature,captis_pulse,mountain creek,non-residential,14.87,14.87,14.87,14.87,1,2025-12-23T13:39:34.573Z
2022-07-12,2022,7,21967995,Battery,captis_pulse,mountain creek,non-residential,71.425,23.808333333333334,66.0,1.795,3,2025-12-23T13:39:34.573Z
2022-07-13,2022,7,21967995,Pulse1,captis_pulse,mountain creek,non-residential,3440.0,132.30769230769232,430.0,20.0,26,2025-12-23T13:39:34.573Z
2022-07-12,2022,7,46055393,Pulse1,captis_pulse,maroochydore,residential,930.0,51.666666666666664,200.0,0.0,18,2025-12-23T13:39:34.573Z
2022-07-12,2022,7,46055393,DeviceTemperature,captis_pulse,maroochydore,residential,14.92,14.92,14.92,14.92,1,2025-12-23T13:39:34.573Z
2022-07-13,2022,7,46055393,Pulse1,captis_pulse,maroochydore,residential,2700.0,112.5,320.0,40.0,24,2025-12-23T13:39:34.573Z
2022-07-12,2022,7,60995980,Pulse1,captis_pulse,buderim,residential,0.0,0.0,0.0,0.0,14,2025-12-23T13:39:34.573Z
2022-07-12,2022,7,60995980,Pulse1_Total,captis_pulse,buderim,residential,462.0,33.0,33.0,33.0,14,2025-12-23T13:39:34.573Z
2022-07-12,2022,7,60995980,DeviceTemperature,captis_pulse,buderim,residential,14.1,14.1,14.1,14.1,1,2025-12-23T13:39:34.573Z
2022-07-12,2022,7,60995980,Battery,captis_pulse,buderim,residential,69.794,23.264666666666667,64.0,2.164,3,2025-12-23T13:39:34.573Z
2022-07-13,2022,7,60995980,Pulse1,captis_pulse,buderim,residential,0.0,0.0,0.0,0.0,24,2025-12-23T13:39:34.573Z
2022-07-13,2022,7,60995980,Pulse1_Total,captis_pulse,buderim,residential,759.0,33.0,33.0,33.0,23,2025-12-23T13:39:34.573Z
2022-07-12,2022,7,65099811,Pulse1,captis_pulse,maroochydore,residential,1000.0,45.45454545454545,300.0,0.0,22,2025-12-23T13:39:34.573Z
2022-07-12,2022,7,65099811,DeviceTemperature,captis_pulse,maroochydore,residential,15.19,15.19,15.19,15.19,1,2025-12-23T13:39:34.573Z
2022-07-12,2022,7,65099811,Battery,captis_pulse,maroochydore,residential,70.437,23.479,65.0,1.797,3,2025-12-23T13:39:34.573Z
2022-07-13,2022,7,65099811,Pulse1,captis_pulse,maroochydore,residential,1700.0,68.0,200.0,0.0,25,2025-12-23T13:39:34.573Z
2022-07-13,2022,7,65099811,DeviceTemperature,captis_pulse,maroochydore,residential,33.0,33.0,33.0,33.0,1,2025-12-23T13:39:34.573Z
2022-07-12,2022,7,61164548,Pulse1,,,,0.0,0.0,0.0,0.0,14,2025-12-23T13:39:34.573Z
2022-07-12,2022,7,61164548,Pulse1_Total,,,,392.0,28.0,28.0,28.0,14,2025-12-23T13:39:34.573Z
2022-07-12,2022,7,61164548,DeviceTemperature,,,,11.9,11.9,11.9,11.9,1,2025-12-23T13:39:34.573Z
2022-07-13,2022,7,61164548,Pulse1,,,,0.0,0.0,0.0,0.0,14,2025-12-23T13:39:34.573Z
2022-07-13,2022,7,61164548,Pulse1_Total,,,,392.0,28.0,28.0,28.0,14,2025-12-23T13:39:34.573Z
2022-07-13,2022,7,61164548,DeviceTemperature,,,,15.32,15.32,15.32,15.32,1,2025-12-23T13:39:34.573Z
2022-07-13,2022,7,61164548,Battery,,,,3.64,3.64,3.64,3.64,1,2025-12-23T13:39:34.573Z
2022-07-12,2022,7,2266,Pulse1,captis_pulse,maroochydore,residential,5.0,0.35714285714285715,4.0,0.0,14,2025-12-23T13:39:34.573Z
2022-07-12,2022,7,2266,Pulse1_Total,captis_pulse,maroochydore,residential,2212591.0,158042.2142857143,158048.0,158035.0,14,2025-12-23T13:39:34.573Z
2022-07-13,2022,7,2266,Pulse1,captis_pulse,maroochydore,residential,28.0,1.12,11.0,0.0,25,2025-12-23T13:39:34.573Z
2022-07-13,2022,7,2266,Pulse1_Total,captis_pulse,maroochydore,residential,3793669.0,158069.54166666666,158092.0,158058.0,24,2025-12-23T13:39:34.573Z
2022-07-12,2022,7,53973,Pulse1,captis_pulse,buderim,residential,120.0,6.315789473684211,94.0,0.0,19,2025-12-23T13:39:34.573Z
2022-07-12,2022,7,53973,Pulse1_Total,captis_pulse,buderim,residential,7316080.0,385056.84210526315,385162.0,385010.0,19,2025-12-23T13:39:34.573Z
2022-07-12,2022,7,53973,DeviceTemperature,captis_pulse,buderim,residential,8.0,8.0,8.0,8.0,1,2025-12-23T13:39:34.573Z
2022-07-13,2022,7,53973,Pulse1,captis_pulse,buderim,residential,170.0,6.071428571428571,92.0,0.0,28,2025-12-23T13:39:34.573Z
2022-07-13,2022,7,53973,Pulse1_Total,captis_pulse,buderim,residential,1.0788174E7,385291.9285714286,385497.0,385164.0,28,2025-12-23T13:39:34.573Z
2022-07-13,2022,7,53973,DeviceTemperature,captis_pulse,buderim,residential,19.5,19.5,19.5,19.5,1,2025-12-23T13:39:34.573Z
2022-07-12,2022,7,61144932,Pulse1,captis_pulse,buderim,residential,44.0,2.4444444444444446,28.0,0.0,18,2025-12-23T13:39:34.573Z
2022-07-12,2022,7,61144932,Pulse1_Total,captis_pulse,buderim,residential,234603.0,13033.5,13072.0,13000.0,18,2025-12-23T13:39:34.573Z
2022-07-12,2022,7,61144932,Battery,captis_pulse,buderim,residential,3.166,3.166,3.166,3.166,1,2025-12-23T13:39:34.573Z
2022-07-13,2022,7,61144932,Pulse1,captis_pulse,buderim,residential,0.0,0.0,0.0,0.0,23,2025-12-23T13:39:34.573Z
2022-07-13,2022,7,61144932,Pulse1_Total,captis_pulse,buderim,residential,300656.0,13072.0,13072.0,13072.0,23,2025-12-23T13:39:34.573Z
2022-07-12,2022,7,81965985,Pulse1,captis_pulse,maroochydore,non-residential,315.0,19.6875,65.0,0.0,16,2025-12-23T13:39:34.573Z
2022-07-13,2022,7,81965985,Pulse1,captis_pulse,maroochydore,non-residential,185.0,61.666666666666664,150.0,10.0,3,2025-12-23T13:39:34.573Z
2022-07-12,2022,7,81968651,Pulse1,captis_pulse,maroochydore,residential,270.0,16.875,65.0,0.0,16,2025-12-23T13:39:34.573Z
2022-07-12,2022,7,81968651,DeviceTemperature,captis_pulse,maroochydore,residential,22.8,22.8,22.8,22.8,1,2025-12-23T13:39:34.573Z
2022-07-13,2022,7,81968651,Pulse1,captis_pulse,maroochydore,residential,35.0,35.0,35.0,35.0,1,2025-12-23T13:39:34.573Z
2022-07-12,2022,7,81970993,Pulse1,captis_pulse,maroochydore,non-residential,40.0,3.076923076923077,15.0,0.0,13,2025-12-23T13:39:34.573Z
2022-07-12,2022,7,81970993,DeviceTemperature,captis_pulse,maroochydore,non-residential,22.36,11.18,13.76,8.6,2,2025-12-23T13:39:34.573Z
2022-07-13,2022,7,81970993,Pulse1,captis_pulse,maroochydore,non-residential,10.0,2.0,5.0,0.0,5,2025-12-23T13:39:34.573Z
2022-07-12,2022,7,9025556,Pulse1,captis_pulse,maroochydore,residential,44.0,2.588235294117647,20.0,0.0,17,2025-12-23T13:39:34.573Z
2022-07-12,2022,7,9025556,Pulse1_Total,captis_pulse,maroochydore,residential,2739706.0,161159.17647058822,161199.0,161133.0,17,2025-12-23T13:39:34.573Z
2022-07-13,2022,7,9025556,Pulse1,captis_pulse,maroochydore,residential,247.0,10.291666666666666,81.0,0.0,24,2025-12-23T13:39:34.573Z
2022-07-13,2022,7,9025556,Pulse1_Total,captis_pulse,maroochydore,residential,4036628.0,161465.12,161632.0,161199.0,25,2025-12-23T13:39:34.573Z
2022-07-12,2022,7,9026565,Pulse1,captis_pulse,maroochydore,residential,0.0,0.0,0.0,0.0,6,2025-12-23T13:39:34.573Z
2022-07-12,2022,7,9026565,Pulse1_Total,captis_pulse,maroochydore,residential,588207.0,98034.5,98037.0,98034.0,6,2025-12-23T13:39:34.573Z
2022-07-12,2022,7,36829279,Pulse1,captis_pulse,morayfield,non-residential,925.0,54.411764705882355,230.0,0.0,17,2025-12-23T13:39:34.573Z
2022-07-13,2022,7,36829279,Pulse1,captis_pulse,morayfield,non-residential,3960.0,172.17391304347825,575.0,0.0,23,2025-12-23T13:39:34.573Z
2022-07-13,2022,7,36829279,DeviceTemperature,captis_pulse,morayfield,non-residential,21.3,21.3,21.3,21.3,1,2025-12-23T13:39:34.573Z
2022-07-12,2022,7,65438040,Pulse1,captis_pulse,maroochydore,non-residential,200.0,11.764705882352942,20.0,10.0,17,2025-12-23T13:39:34.573Z
2022-07-12,2022,7,65438040,DeviceTemperature,captis_pulse,maroochydore,non-residential,15.29,15.29,15.29,15.29,1,2025-12-23T13:39:34.573Z
2022-07-12,2022,7,65438040,Battery,captis_pulse,maroochydore,non-residential,69.43900000000001,23.146333333333335,64.0,1.799,3,2025-12-23T13:39:34.573Z
2022-07-13,2022,7,65438040,Pulse1,captis_pulse,maroochydore,non-residential,330.0,13.75,30.0,10.0,24,2025-12-23T13:39:34.573Z
2022-07-13,2022,7,65438040,DeviceTemperature,captis_pulse,maroochydore,non-residential,19.7,19.7,19.7,19.7,1,2025-12-23T13:39:34.573Z
2022-07-12,2022,7,46055576,Pulse1,captis_pulse,maroochydore,residential,1450.0,90.625,320.0,10.0,16,2025-12-23T13:39:34.573Z
2022-07-12,2022,7,46055576,Battery,captis_pulse,maroochydore,residential,74.534,24.84466666666667,68.0,2.894,3,2025-12-23T13:39:34.573Z
2022-07-13,2022,7,46055576,Pulse1,captis_pulse,maroochydore,residential,2430.0,105.65217391304348,240.0,40.0,23,2025-12-23T13:39:34.573Z
2022-07-12,2022,7,65063955,Pulse1,captis_pulse,maroochydore,residential,10.0,0.5882352941176471,10.0,0.0,17,2025-12-23T13:39:34.573Z
2022-07-12,2022,7,65063955,DeviceTemperature,captis_pulse,maroochydore,residential,12.82,12.82,12.82,12.82,1,2025-12-23T13:39:34.573Z
2022-07-12,2022,7,65063955,Battery,captis_pulse,maroochydore,residential,74.269,24.756333333333334,69.0,1.629,3,2025-12-23T13:39:34.573Z
2022-07-13,2022,7,65063955,Pulse1,captis_pulse,maroochydore,residential,55.0,2.2916666666666665,20.0,0.0,24,2025-12-23T13:39:34.573Z
2022-07-12,2022,7,45136724,Pulse1,captis_pulse,mountain creek,residential,48.0,2.823529411764706,22.0,0.0,17,2025-12-23T13:39:34.573Z
2022-07-12,2022,7,45136724,Pulse1_Total,captis_pulse,mountain creek,residential,1170012.0,68824.23529411765,68868.0,68800.0,17,2025-12-23T13:39:34.573Z
2022-07-12,2022,7,45136724,DeviceTemperature,captis_pulse,mountain creek,residential,13.33,13.33,13.33,13.33,1,2025-12-23T13:39:34.573Z
2022-07-13,2022,7,45136724,Pulse1,captis_pulse,mountain creek,residential,142.0,5.68,56.0,0.0,25,2025-12-23T13:39:34.573Z
2022-07-13,2022,7,45136724,Pulse1_Total,captis_pulse,mountain creek,residential,1724291.0,68971.64,69105.0,68870.0,25,2025-12-23T13:39:34.573Z
2022-07-12,2022,7,61185644,Pulse1,captis_pulse,buderim,residential,27.0,1.588235294117647,16.0,0.0,17,2025-12-23T13:39:34.573Z
2022-07-12,2022,7,61185644,Pulse1_Total,captis_pulse,buderim,residential,468859.0,27579.941176470587,27614.0,27566.0,17,2025-12-23T13:39:34.573Z
2022-07-12,2022,7,61185644,DeviceTemperature,captis_pulse,buderim,residential,10.5,10.5,10.5,10.5,1,2025-12-23T13:39:34.573Z
2022-07-13,2022,7,61185644,Pulse1,captis_pulse,buderim,residential,41.0,1.7826086956521738,14.0,0.0,23,2025-12-23T13:39:34.573Z
2022-07-13,2022,7,61185644,Pulse1_Total,captis_pulse,buderim,residential,636343.0,27667.08695652174,27716.0,27614.0,23,2025-12-23T13:39:34.573Z
2022-07-13,2022,7,61185644,DeviceTemperature,captis_pulse,buderim,residential,19.1,19.1,19.1,19.1,1,2025-12-23T13:39:34.573Z
2022-07-12,2022,7,61362056,Pulse1,captis_pulse,buderim,residential,0.0,0.0,0.0,0.0,16,2025-12-23T13:39:34.573Z
2022-07-12,2022,7,61362056,Pulse1_Total,captis_pulse,buderim,residential,560.0,35.0,35.0,35.0,16,2025-12-23T13:39:34.573Z
2022-07-12,2022,7,61362056,DeviceTemperature,captis_pulse,buderim,residential,21.23,10.615,12.73,8.5,2,2025-12-23T13:39:34.573Z
2022-07-12,2022,7,61362056,Battery,captis_pulse,buderim,residential,73.439,24.479666666666663,68.0,1.809,3,2025-12-23T13:39:34.573Z
2022-07-13,2022,7,61362056,Pulse1,captis_pulse,buderim,residential,0.0,0.0,0.0,0.0,25,2025-12-23T13:39:34.573Z
2022-07-13,2022,7,61362056,Pulse1_Total,captis_pulse,buderim,residential,875.0,35.0,35.0,35.0,25,2025-12-23T13:39:34.573Z
2022-07-12,2022,7,65090111,Pulse1,captis_pulse,buderim,residential,610.0,38.125,190.0,0.0,16,2025-12-23T13:39:34.573Z
2022-07-12,2022,7,65090111,Battery,captis_pulse,buderim,residential,72.737,24.245666666666665,66.0,3.107,3,2025-12-23T13:39:34.573Z
2022-07-13,2022,7,65090111,Pulse1,captis_pulse,buderim,residential,880.0,38.26086956521739,170.0,0.0,23,2025-12-23T13:39:34.573Z
2022-07-12,2022,7,45134455,Pulse1,captis_pulse,mountain creek,residential,21.0,1.3125,14.0,0.0,16,2025-12-23T13:39:34.573Z
2022-07-12,2022,7,45134455,Pulse1_Total,captis_pulse,mountain creek,residential,1129236.0,70577.25,70593.0,70568.0,16,2025-12-23T13:39:34.573Z
2022-07-12,2022,7,45134455,DeviceTemperature,captis_pulse,mountain creek,residential,13.62,13.62,13.62,13.62,1,2025-12-23T13:39:34.573Z
2022-07-12,2022,7,45134455,Battery,captis_pulse,mountain creek,residential,73.253,24.417666666666666,68.0,1.613,3,2025-12-23T13:39:34.573Z
2022-07-13,2022,7,45134455,DeviceTemperature,captis_pulse,mountain creek,residential,31.9,31.9,31.9,31.9,1,2025-12-23T13:39:34.573Z
2022-07-13,2022,7,45134455,Pulse1,captis_pulse,mountain creek,residential,114.0,4.75,55.0,0.0,24,2025-12-23T13:39:34.573Z
2022-07-13,2022,7,45134455,Pulse1_Total,captis_pulse,mountain creek,residential,1695739.0,70655.79166666667,70774.0,70599.0,24,2025-12-23T13:39:34.573Z
2022-07-12,2022,7,61562256,Pulse1,captis_pulse,buderim,residential,86.0,4.095238095238095,14.0,1.0,21,2025-12-23T13:39:34.573Z
2022-07-12,2022,7,61562256,Pulse1_Total,captis_pulse,buderim,residential,2774676.0,132127.42857142858,132271.0,132054.0,21,2025-12-23T13:39:34.573Z
2022-07-12,2022,7,61562256,Battery,captis_pulse,buderim,residential,3.64,3.64,3.64,3.64,1,2025-12-23T13:39:34.573Z
2022-07-13,2022,7,61562256,Pulse1,captis_pulse,buderim,residential,230.0,8.846153846153847,61.0,1.0,26,2025-12-23T13:39:34.573Z
2022-07-13,2022,7,61562256,Pulse1_Total,captis_pulse,buderim,residential,3446107.0,132542.57692307694,132688.0,132326.0,26,2025-12-23T13:39:34.573Z
2022-07-12,2022,7,81967965,Pulse1,captis_pulse,maroochydore,non-residential,345.0,21.5625,50.0,15.0,16,2025-12-23T13:39:34.573Z
2022-07-13,2022,7,81967965,Pulse1,captis_pulse,maroochydore,non-residential,80.0,40.0,45.0,35.0,2,2025-12-23T13:39:34.573Z
2022-07-13,2022,7,81967965,Battery,captis_pulse,maroochydore,non-residential,71.66,35.83,68.0,3.66,2,2025-12-23T13:39:34.573Z
2022-07-12,2022,7,21264412,Pulse1,captis_pulse,samford village,non-residential,0.0,0.0,0.0,0.0,17,2025-12-23T13:39:34.573Z
2022-07-12,2022,7,21264412,DeviceTemperature,captis_pulse,samford village,non-residential,13.27,13.27,13.27,13.27,1,2025-12-23T13:39:34.573Z
2022-07-12,2022,7,21264412,Battery,captis_pulse,samford village,non-residential,3.63,3.63,3.63,3.63,1,2025-12-23T13:39:34.573Z
2022-07-13,2022,7,21264412,Pulse1,captis_pulse,samford village,non-residential,200.0,8.0,100.0,0.0,25,2025-12-23T13:39:34.573Z
2022-07-12,2022,7,22047528,Pulse1,captis_pulse,kuluin,non-residential,105.0,6.5625,10.0,5.0,16,2025-12-23T13:39:34.573Z
2022-07-12,2022,7,22047528,DeviceTemperature,captis_pulse,kuluin,non-residential,15.9,15.9,15.9,15.9,1,2025-12-23T13:39:34.573Z
2022-07-13,2022,7,22047528,Pulse1,captis_pulse,kuluin,non-residential,300.0,12.0,35.0,5.0,25,2025-12-23T13:39:34.573Z
2022-07-12,2022,7,61202339,Pulse1,captis_pulse,buderim,residential,6.0,0.3333333333333333,3.0,0.0,18,2025-12-23T13:39:34.573Z
2022-07-12,2022,7,61202339,Pulse1_Total,captis_pulse,buderim,residential,76068.0,4226.0,4235.0,4223.0,18,2025-12-23T13:39:34.573Z
2022-07-12,2022,7,61202339,Battery,captis_pulse,buderim,residential,3.62,3.62,3.62,3.62,1,2025-12-23T13:39:34.573Z
2022-07-12,2022,7,61202339,DeviceTemperature,captis_pulse,buderim,residential,9.1,9.1,9.1,9.1,1,2025-12-23T13:39:34.573Z
2022-07-13,2022,7,61202339,Pulse1,captis_pulse,buderim,residential,8.0,0.3076923076923077,2.0,0.0,26,2025-12-23T13:39:34.573Z
2022-07-13,2022,7,61202339,Pulse1_Total,captis_pulse,buderim,residential,106044.0,4241.76,4247.0,4237.0,25,2025-12-23T13:39:34.573Z
2022-07-12,2022,7,10305475,Pulse1,captis_pulse,buderim,residential,0.0,0.0,0.0,0.0,18,2025-12-23T13:39:34.573Z
2022-07-12,2022,7,10305475,Pulse1_Total,captis_pulse,buderim,residential,558.0,31.0,31.0,31.0,18,2025-12-23T13:39:34.573Z
2022-07-12,2022,7,10305475,Battery,captis_pulse,buderim,residential,75.54599999999999,25.182,70.0,1.916,3,2025-12-23T13:39:34.573Z
2022-07-13,2022,7,10305475,Pulse1,captis_pulse,buderim,residential,0.0,0.0,0.0,0.0,26,2025-12-23T13:39:34.573Z
2022-07-13,2022,7,10305475,Pulse1_Total,captis_pulse,buderim,residential,775.0,31.0,31.0,31.0,25,2025-12-23T13:39:34.573Z
2022-07-13,2022,7,10305475,DeviceTemperature,captis_pulse,buderim,residential,16.4,16.4,16.4,16.4,1,2025-12-23T13:39:34.573Z
2022-07-12,2022,7,1662496,Pulse1,captis_pulse,buderim,residential,27.0,1.588235294117647,15.0,0.0,17,2025-12-23T13:39:34.573Z
2022-07-12,2022,7,1662496,Pulse1_Total,captis_pulse,buderim,residential,5016323.0,295077.82352941175,295111.0,295069.0,17,2025-12-23T13:39:34.573Z
2022-07-12,2022,7,1662496,DeviceTemperature,captis_pulse,buderim,residential,13.67,13.67,13.67,13.67,1,2025-12-23T13:39:34.573Z
2022-07-12,2022,7,1662496,Battery,captis_pulse,buderim,residential,73.62,36.81,70.0,3.62,2,2025-12-23T13:39:34.573Z
2022-07-13,2022,7,1662496,Pulse1,captis_pulse,buderim,residential,29.0,1.16,9.0,0.0,25,2025-12-23T13:39:34.573Z
2022-07-13,2022,7,1662496,Pulse1_Total,captis_pulse,buderim,residential,7378789.0,295151.56,295189.0,295111.0,25,2025-12-23T13:39:34.573Z
2022-07-13,2022,7,1662496,DeviceTemperature,captis_pulse,buderim,residential,17.6,17.6,17.6,17.6,1,2025-12-23T13:39:34.573Z
2022-07-12,2022,7,61165097,Pulse1,captis_pulse,buderim,residential,0.0,0.0,0.0,0.0,16,2025-12-23T13:39:34.573Z
2022-07-12,2022,7,61165097,Pulse1_Total,captis_pulse,buderim,residential,896.0,56.0,56.0,56.0,16,2025-12-23T13:39:34.573Z
2022-07-12,2022,7,61165097,DeviceTemperature,captis_pulse,buderim,residential,16.299999999999997,8.149999999999999,8.7,7.6,2,2025-12-23T13:39:34.573Z
2022-07-13,2022,7,61165097,Pulse1,captis_pulse,buderim,residential,0.0,0.0,0.0,0.0,24,2025-12-23T13:39:34.573Z
2022-07-13,2022,7,61165097,Pulse1_Total,captis_pulse,buderim,residential,1344.0,56.0,56.0,56.0,24,2025-12-23T13:39:34.573Z
2022-07-12,2022,7,61202032,Pulse1,captis_pulse,buderim,residential,112.0,7.0,97.0,0.0,16,2025-12-23T13:39:34.573Z
2022-07-12,2022,7,61202032,Pulse1_Total,captis_pulse,buderim,residential,1752962.0,109560.125,109753.0,109501.0,16,2025-12-23T13:39:34.573Z
2022-07-12,2022,7,61202032,DeviceTemperature,captis_pulse,buderim,residential,31.490000000000002,10.496666666666668,13.69,8.0,3,2025-12-23T13:39:34.573Z
2022-07-13,2022,7,61202032,Pulse1,captis_pulse,buderim,residential,104.0,4.333333333333333,22.0,0.0,24,2025-12-23T13:39:34.573Z
2022-07-13,2022,7,61202032,Pulse1_Total,captis_pulse,buderim,residential,2639808.0,109992.0,110134.0,109754.0,24,2025-12-23T13:39:34.573Z
2022-07-13,2022,7,61202032,DeviceTemperature,captis_pulse,buderim,residential,38.6,38.6,38.6,38.6,1,2025-12-23T13:39:34.573Z
2022-07-12,2022,7,52622,Pulse1,captis_pulse,maroochydore,residential,18.0,1.0588235294117647,8.0,0.0,17,2025-12-23T13:39:34.573Z
2022-07-12,2022,7,52622,Pulse1_Total,captis_pulse,maroochydore,residential,4944276.0,290839.76470588235,290852.0,290830.0,17,2025-12-23T13:39:34.573Z
2022-07-12,2022,7,52622,DeviceTemperature,captis_pulse,maroochydore,residential,33.8,16.9,17.8,16.0,2,2025-12-23T13:39:34.573Z
2022-07-13,2022,7,52622,Pulse1,captis_pulse,maroochydore,residential,134.0,7.444444444444445,65.0,0.0,18,2025-12-23T13:39:34.573Z
2022-07-13,2022,7,52622,Pulse1_Total,captis_pulse,maroochydore,residential,5236879.0,290937.72222222225,291012.0,290852.0,18,2025-12-23T13:39:34.573Z
2022-07-12,2022,7,60407325,Pulse1,captis_pulse,buderim,residential,125.0,7.352941176470588,64.0,0.0,17,2025-12-23T13:39:34.573Z
2022-07-12,2022,7,60407325,Pulse1_Total,captis_pulse,buderim,residential,1961352.0,115373.64705882352,115586.0,115334.0,17,2025-12-23T13:39:34.573Z
2022-07-12,2022,7,60407325,DeviceTemperature,captis_pulse,buderim,residential,13.17,13.17,13.17,13.17,1,2025-12-23T13:39:34.573Z
2022-07-13,2022,7,60407325,Pulse1,captis_pulse,buderim,residential,165.0,6.875,105.0,0.0,24,2025-12-23T13:39:34.573Z
2022-07-13,2022,7,60407325,Pulse1_Total,captis_pulse,buderim,residential,2776311.0,115679.625,115836.0,115596.0,24,2025-12-23T13:39:34.573Z
2022-07-13,2022,7,60407325,DeviceTemperature,captis_pulse,buderim,residential,16.8,16.8,16.8,16.8,1,2025-12-23T13:39:34.573Z
2022-07-12,2022,7,81970767,Pulse1,captis_pulse,maroochydore,non-residential,0.0,0.0,0.0,0.0,12,2025-12-23T13:39:34.573Z
2022-07-12,2022,7,81970767,DeviceTemperature,captis_pulse,maroochydore,non-residential,8.4,8.4,8.4,8.4,1,2025-12-23T13:39:34.573Z
2022-07-12,2022,7,1462392,Pulse1,captis_pulse,buderim,residential,19.0,1.1875,9.0,0.0,16,2025-12-23T13:39:34.573Z
2022-07-12,2022,7,1462392,Pulse1_Total,captis_pulse,buderim,residential,3913456.0,244591.0,244637.0,244573.0,16,2025-12-23T13:39:34.573Z
2022-07-12,2022,7,1462392,DeviceTemperature,captis_pulse,buderim,residential,16.03,16.03,16.03,16.03,1,2025-12-23T13:39:34.573Z
2022-07-13,2022,7,1462392,Pulse1,captis_pulse,buderim,residential,54.0,2.25,13.0,0.0,24,2025-12-23T13:39:34.573Z
2022-07-13,2022,7,1462392,Pulse1_Total,captis_pulse,buderim,residential,5873615.0,244733.95833333334,244804.0,244638.0,24,2025-12-23T13:39:34.573Z
2022-07-12,2022,7,81964738,Pulse1,captis_pulse,maroochydore,residential,14.0,0.875,6.0,0.0,16,2025-12-23T13:39:34.573Z
2022-07-12,2022,7,81964738,Pulse1_Total,captis_pulse,maroochydore,residential,3228448.0,201778.0,201816.0,201768.0,16,2025-12-23T13:39:34.573Z
2022-07-12,2022,7,81964738,DeviceTemperature,captis_pulse,maroochydore,residential,16.5,16.5,16.5,16.5,1,2025-12-23T13:39:34.573Z
2022-07-13,2022,7,81964738,Pulse1,captis_pulse,maroochydore,residential,18.0,6.0,9.0,1.0,3,2025-12-23T13:39:34.573Z
2022-07-13,2022,7,81964738,Pulse1_Total,captis_pulse,maroochydore,residential,605745.0,201915.0,201953.0,201842.0,3,2025-12-23T13:39:34.573Z
2022-07-13,2022,7,81964738,DeviceTemperature,captis_pulse,maroochydore,residential,18.08,18.08,18.08,18.08,1,2025-12-23T13:39:34.573Z
2022-07-13,2022,7,81964738,Battery,captis_pulse,maroochydore,residential,89.64,44.82,86.0,3.64,2,2025-12-23T13:39:34.573Z
2022-07-12,2022,7,22368070,Pulse1,captis_pulse,beerwah,non-residential,0.0,0.0,0.0,0.0,17,2025-12-23T13:39:34.573Z
2022-07-12,2022,7,22368070,Pulse1_Total,captis_pulse,beerwah,non-residential,61676.0,3628.0,3628.0,3628.0,17,2025-12-23T13:39:34.573Z
2022-07-13,2022,7,22368070,Pulse1,captis_pulse,beerwah,non-residential,0.0,0.0,0.0,0.0,22,2025-12-23T13:39:34.573Z
2022-07-13,2022,7,22368070,Pulse1_Total,captis_pulse,beerwah,non-residential,79816.0,3628.0,3628.0,3628.0,22,2025-12-23T13:39:34.573Z
2022-07-12,2022,7,2528,Pulse1,captis_pulse,maroochydore,residential,217.0,12.764705882352942,63.0,0.0,17,2025-12-23T13:39:34.573Z
2022-07-12,2022,7,2528,Pulse1_Total,captis_pulse,maroochydore,residential,4411238.0,259484.58823529413,259711.0,259428.0,17,2025-12-23T13:39:34.573Z
2022-07-12,2022,7,2528,Battery,captis_pulse,maroochydore,residential,72.309,24.102999999999998,66.0,2.699,3,2025-12-23T13:39:34.573Z
2022-07-13,2022,7,2528,Pulse1,captis_pulse,maroochydore,residential,77.0,2.9615384615384617,40.0,0.0,26,2025-12-23T13:39:34.573Z
2022-07-13,2022,7,2528,Pulse1_Total,captis_pulse,maroochydore,residential,6755102.0,259811.61538461538,259914.0,259718.0,26,2025-12-23T13:39:34.573Z
2022-07-12,2022,7,322270,Pulse1,captis_pulse,buderim,residential,95.0,5.588235294117647,49.0,0.0,17,2025-12-23T13:39:34.573Z
2022-07-12,2022,7,322270,Pulse1_Total,captis_pulse,buderim,residential,9596211.0,564483.0,564571.0,564450.0,17,2025-12-23T13:39:34.573Z
2022-07-12,2022,7,322270,DeviceTemperature,captis_pulse,buderim,residential,7.0,7.0,7.0,7.0,1,2025-12-23T13:39:34.573Z
2022-07-13,2022,7,322270,Pulse1,captis_pulse,buderim,residential,349.0,14.541666666666666,142.0,0.0,24,2025-12-23T13:39:34.573Z
2022-07-13,2022,7,322270,Pulse1_Total,captis_pulse,buderim,residential,1.3558464E7,564936.0,565163.0,564597.0,24,2025-12-23T13:39:34.573Z
2022-07-12,2022,7,61207508,Pulse1,captis_pulse,buderim,residential,4.0,0.23529411764705882,2.0,0.0,17,2025-12-23T13:39:34.573Z
2022-07-12,2022,7,61207508,Pulse1_Total,captis_pulse,buderim,residential,1877216.0,110424.4705882353,110531.0,110351.0,17,2025-12-23T13:39:34.573Z
2022-07-12,2022,7,61207508,DeviceTemperature,captis_pulse,buderim,residential,13.22,13.22,13.22,13.22,1,2025-12-23T13:39:34.573Z
2022-07-12,2022,7,61207508,Battery,captis_pulse,buderim,residential,3.63,3.63,3.63,3.63,1,2025-12-23T13:39:34.573Z
2022-07-13,2022,7,61207508,Pulse1,captis_pulse,buderim,residential,213.0,8.875,90.0,0.0,24,2025-12-23T13:39:34.573Z
2022-07-13,2022,7,61207508,Pulse1_Total,captis_pulse,buderim,residential,2662074.0,110919.75,111157.0,110644.0,24,2025-12-23T13:39:34.573Z
2022-07-13,2022,7,61216932,DeviceTemperature,captis_pulse,buderim,residential,15.2,15.2,15.2,15.2,1,2025-12-23T13:39:34.573Z
2022-07-13,2022,7,61216932,Battery,captis_pulse,buderim,residential,42.64,21.32,39.0,3.64,2,2025-12-23T13:39:34.573Z
2022-07-12,2022,7,9354732,Pulse1,captis_pulse,maroochydore,residential,7.0,0.4117647058823529,6.0,0.0,17,2025-12-23T13:39:34.573Z
2022-07-12,2022,7,9354732,Pulse1_Total,captis_pulse,maroochydore,residential,3150780.0,185340.0,185348.0,185335.0,17,2025-12-23T13:39:34.573Z
2022-07-12,2022,7,9354732,DeviceTemperature,captis_pulse,maroochydore,residential,13.4,13.4,13.4,13.4,1,2025-12-23T13:39:34.573Z
2022-07-13,2022,7,9354732,Pulse1,captis_pulse,maroochydore,residential,90.0,3.75,73.0,0.0,24,2025-12-23T13:39:34.573Z
2022-07-13,2022,7,9354732,Pulse1_Total,captis_pulse,maroochydore,residential,4448745.0,185364.375,185456.0,185348.0,24,2025-12-23T13:39:34.573Z
2022-07-12,2022,7,61246975,Pulse1,captis_pulse,buderim,residential,0.0,0.0,0.0,0.0,16,2025-12-23T13:39:34.573Z
2022-07-12,2022,7,61246975,Pulse1_Total,captis_pulse,buderim,residential,560.0,35.0,35.0,35.0,16,2025-12-23T13:39:34.573Z
2022-07-12,2022,7,61246975,DeviceTemperature,captis_pulse,buderim,residential,32.47,10.823333333333332,13.47,8.3,3,2025-12-23T13:39:34.573Z
2022-07-12,2022,7,61246975,Battery,captis_pulse,buderim,residential,71.958,23.986,65.0,3.338,3,2025-12-23T13:39:34.573Z
2022-07-13,2022,7,61246975,Pulse1,captis_pulse,buderim,residential,0.0,0.0,0.0,0.0,24,2025-12-23T13:39:34.573Z
2022-07-13,2022,7,61246975,Pulse1_Total,captis_pulse,buderim,residential,840.0,35.0,35.0,35.0,24,2025-12-23T13:39:34.573Z
2022-07-13,2022,7,61246975,DeviceTemperature,captis_pulse,buderim,residential,23.1,23.1,23.1,23.1,1,2025-12-23T13:39:34.573Z
2022-07-12,2022,7,64628114,Pulse1,captis_pulse,maroochydore,residential,560.0,32.94117647058823,150.0,0.0,17,2025-12-23T13:39:34.573Z
2022-07-12,2022,7,64628114,DeviceTemperature,captis_pulse,maroochydore,residential,13.26,13.26,13.26,13.26,1,2025-12-23T13:39:34.573Z
2022-07-12,2022,7,64628114,Battery,captis_pulse,maroochydore,residential,66.089,22.029666666666667,61.0,1.459,3,2025-12-23T13:39:34.573Z
2022-07-13,2022,7,64628114,Pulse1,captis_pulse,maroochydore,residential,1190.0,49.583333333333336,130.0,0.0,24,2025-12-23T13:39:34.573Z
2022-07-13,2022,7,64628114,DeviceTemperature,captis_pulse,maroochydore,residential,18.3,18.3,18.3,18.3,1,2025-12-23T13:39:34.573Z
2022-07-12,2022,7,65065602,Pulse1,captis_pulse,buderim,non-residential,10.0,0.5882352941176471,10.0,0.0,17,2025-12-23T13:39:34.573Z
2022-07-12,2022,7,65065602,DeviceTemperature,captis_pulse,buderim,non-residential,19.0,9.5,9.7,9.3,2,2025-12-23T13:39:34.573Z
2022-07-13,2022,7,65065602,Pulse1,captis_pulse,buderim,non-residential,150.0,6.25,150.0,0.0,24,2025-12-23T13:39:34.573Z
2022-07-13,2022,7,65065602,DeviceTemperature,captis_pulse,buderim,non-residential,17.0,17.0,17.0,17.0,1,2025-12-23T13:39:34.573Z
2022-07-12,2022,7,65440583,Pulse1,captis_pulse,maroochydore,residential,880.0,48.888888888888886,220.0,0.0,18,2025-12-23T13:39:34.573Z
2022-07-12,2022,7,65440583,DeviceTemperature,captis_pulse,maroochydore,residential,7.9,7.9,7.9,7.9,1,2025-12-23T13:39:34.573Z
2022-07-13,2022,7,65440583,Pulse1,captis_pulse,maroochydore,residential,2520.0,90.0,270.0,10.0,28,2025-12-23T13:39:34.573Z
2022-07-13,2022,7,65440583,DeviceTemperature,captis_pulse,maroochydore,residential,26.2,26.2,26.2,26.2,1,2025-12-23T13:39:34.573Z
2022-07-12,2022,7,21401432,Pulse1,,,,0.0,0.0,0.0,0.0,16,2025-12-23T13:39:34.573Z
2022-07-12,2022,7,21401432,Pulse1_Total,,,,1.52852E7,955325.0,955325.0,955325.0,16,2025-12-23T13:39:34.573Z
2022-07-13,2022,7,21401432,Battery,,,,3.64,3.64,3.64,3.64,1,2025-12-23T13:39:34.573Z
2022-07-12,2022,7,602079,Pulse1,captis_pulse,buderim,residential,5.0,0.625,5.0,0.0,8,2025-12-23T13:39:34.573Z
2022-07-12,2022,7,602079,Pulse1_Total,captis_pulse,buderim,residential,2274099.0,284262.375,284263.0,284258.0,8,2025-12-23T13:39:34.573Z
2022-07-12,2022,7,60225555,Pulse1,captis_pulse,buderim,residential,0.0,0.0,0.0,0.0,17,2025-12-23T13:39:34.573Z
2022-07-12,2022,7,60225555,Pulse1_Total,captis_pulse,buderim,residential,0.0,0.0,0.0,0.0,17,2025-12-23T13:39:34.573Z
2022-07-12,2022,7,60225555,DeviceTemperature,captis_pulse,buderim,residential,13.25,13.25,13.25,13.25,1,2025-12-23T13:39:34.573Z
2022-07-12,2022,7,60225555,Battery,captis_pulse,buderim,residential,71.64,35.82,68.0,3.64,2,2025-12-23T13:39:34.573Z
2022-07-13,2022,7,60225555,Pulse1,captis_pulse,buderim,residential,0.0,0.0,0.0,0.0,24,2025-12-23T13:39:34.573Z
2022-07-13,2022,7,60225555,Pulse1_Total,captis_pulse,buderim,residential,0.0,0.0,0.0,0.0,23,2025-12-23T13:39:34.573Z
2022-07-12,2022,7,21672424,Pulse1,captis_pulse,buderim,non-residential,30.0,1.6666666666666667,15.0,0.0,18,2025-12-23T13:39:34.573Z
2022-07-12,2022,7,21672424,DeviceTemperature,captis_pulse,buderim,non-residential,15.06,15.06,15.06,15.06,1,2025-12-23T13:39:34.573Z
2022-07-12,2022,7,21672424,Battery,captis_pulse,buderim,non-residential,3.64,3.64,3.64,3.64,1,2025-12-23T13:39:34.573Z
2022-07-13,2022,7,21672424,Pulse1,captis_pulse,buderim,non-residential,30.0,1.2,15.0,0.0,25,2025-12-23T13:39:34.573Z
2022-07-12,2022,7,2184,Pulse1,captis_pulse,buderim,residential,204.0,12.0,59.0,0.0,17,2025-12-23T13:39:34.573Z
2022-07-12,2022,7,2184,Pulse1_Total,captis_pulse,buderim,residential,6991054.0,411238.4705882353,411420.0,411165.0,17,2025-12-23T13:39:34.573Z
2022-07-12,2022,7,2184,Battery,captis_pulse,buderim,residential,71.63,35.815,68.0,3.63,2,2025-12-23T13:39:34.573Z
2022-07-13,2022,7,2184,Pulse1,captis_pulse,buderim,residential,155.0,6.458333333333333,80.0,0.0,24,2025-12-23T13:39:34.573Z
2022-07-13,2022,7,2184,Pulse1_Total,captis_pulse,buderim,residential,9878588.0,411607.8333333333,411841.0,411457.0,24,2025-12-23T13:39:34.573Z
2022-07-12,2022,7,81968463,Pulse1,captis_pulse,maroochydore,non-residential,15.0,0.9375,5.0,0.0,16,2025-12-23T13:39:34.573Z
2022-07-12,2022,7,81968463,DeviceTemperature,captis_pulse,maroochydore,non-residential,8.1,8.1,8.1,8.1,1,2025-12-23T13:39:34.573Z
2022-07-13,2022,7,81968463,Pulse1,captis_pulse,maroochydore,non-residential,100.0,20.0,55.0,0.0,5,2025-12-23T13:39:34.573Z
2022-07-13,2022,7,81968463,DeviceTemperature,captis_pulse,maroochydore,non-residential,12.75,12.75,12.75,12.75,1,2025-12-23T13:39:34.573Z
2022-07-13,2022,7,81968463,Battery,captis_pulse,maroochydore,non-residential,75.64,37.82,72.0,3.64,2,2025-12-23T13:39:34.573Z
2022-07-12,2022,7,61217313,Pulse1,,,,0.0,0.0,0.0,0.0,17,2025-12-23T13:39:34.573Z
2022-07-12,2022,7,61217313,Pulse1_Total,,,,493.0,29.0,29.0,29.0,17,2025-12-23T13:39:34.573Z
2022-07-12,2022,7,61217313,DeviceTemperature,,,,15.73,15.73,15.73,15.73,1,2025-12-23T13:39:34.573Z
2022-07-12,2022,7,61217313,Battery,,,,69.82900000000001,23.276333333333337,64.0,2.189,3,2025-12-23T13:39:34.573Z
2022-07-13,2022,7,61217313,Pulse1,,,,0.0,0.0,0.0,0.0,24,2025-12-23T13:39:34.573Z
2022-07-13,2022,7,61217313,Pulse1_Total,,,,696.0,29.0,29.0,29.0,24,2025-12-23T13:39:34.573Z
2022-07-12,2022,7,127319,Pulse1,captis_pulse,buderim,residential,19.0,1.1176470588235294,13.0,0.0,17,2025-12-23T13:39:34.573Z
2022-07-12,2022,7,127319,Pulse1_Total,captis_pulse,buderim,residential,4855498.0,285617.5294117647,285652.0,285606.0,17,2025-12-23T13:39:34.573Z
2022-07-12,2022,7,127319,Battery,captis_pulse,buderim,residential,72.62,36.31,69.0,3.62,2,2025-12-23T13:39:34.573Z
2022-07-12,2022,7,127319,DeviceTemperature,captis_pulse,buderim,residential,5.5,5.5,5.5,5.5,1,2025-12-23T13:39:34.573Z
2022-07-13,2022,7,127319,Pulse1,captis_pulse,buderim,residential,45.0,1.875,19.0,0.0,24,2025-12-23T13:39:34.573Z
2022-07-13,2022,7,127319,Pulse1_Total,captis_pulse,buderim,residential,6856983.0,285707.625,285773.0,285672.0,24,2025-12-23T13:39:34.573Z
2022-07-13,2022,7,127319,DeviceTemperature,captis_pulse,buderim,residential,19.4,19.4,19.4,19.4,1,2025-12-23T13:39:34.573Z
2022-07-12,2022,7,1592969,Pulse1,captis_pulse,maroochydore,residential,73.0,4.294117647058823,48.0,0.0,17,2025-12-23T13:39:34.573Z
2022-07-12,2022,7,1592969,Pulse1_Total,captis_pulse,maroochydore,residential,3686436.0,216849.17647058822,216932.0,216815.0,17,2025-12-23T13:39:34.573Z
2022-07-12,2022,7,1592969,Battery,captis_pulse,maroochydore,residential,73.855,24.618333333333336,68.0,2.235,3,2025-12-23T13:39:34.573Z
2022-07-13,2022,7,1592969,Pulse1,captis_pulse,maroochydore,residential,117.0,4.875,59.0,0.0,24,2025-12-23T13:39:34.573Z
2022-07-13,2022,7,1592969,Pulse1_Total,captis_pulse,maroochydore,residential,5209053.0,217043.875,217161.0,216932.0,24,2025-12-23T13:39:34.573Z
2022-07-12,2022,7,22040241,Pulse1,captis_pulse,cooroy,non-residential,110.0,6.875,60.0,0.0,16,2025-12-23T13:39:34.573Z
2022-07-12,2022,7,22040241,Battery,captis_pulse,cooroy,non-residential,75.655,25.218333333333334,70.0,2.025,3,2025-12-23T13:39:34.573Z
2022-07-12,2022,7,22040241,DeviceTemperature,captis_pulse,cooroy,non-residential,9.5,9.5,9.5,9.5,1,2025-12-23T13:39:34.573Z
2022-07-13,2022,7,22040241,Pulse1,captis_pulse,cooroy,non-residential,1230.0,55.90909090909091,240.0,0.0,22,2025-12-23T13:39:34.573Z
2022-07-12,2022,7,334171,Pulse1,captis_pulse,buderim,residential,52.0,3.0588235294117645,47.0,0.0,17,2025-12-23T13:39:34.573Z
2022-07-12,2022,7,334171,Pulse1_Total,captis_pulse,buderim,residential,5625955.0,330938.5294117647,331021.0,330917.0,17,2025-12-23T13:39:34.573Z
2022-07-12,2022,7,334171,DeviceTemperature,captis_pulse,buderim,residential,14.51,14.51,14.51,14.51,1,2025-12-23T13:39:34.573Z
2022-07-12,2022,7,334171,Battery,captis_pulse,buderim,residential,76.298,25.432666666666666,71.0,1.658,3,2025-12-23T13:39:34.573Z
2022-07-13,2022,7,334171,Pulse1,captis_pulse,buderim,residential,33.0,1.375,7.0,0.0,24,2025-12-23T13:39:34.573Z
2022-07-13,2022,7,334171,Pulse1_Total,captis_pulse,buderim,residential,7945741.0,331072.5416666667,331098.0,331030.0,24,2025-12-23T13:39:34.573Z
2022-07-13,2022,7,334171,DeviceTemperature,captis_pulse,buderim,residential,24.8,24.8,24.8,24.8,1,2025-12-23T13:39:34.573Z
2022-07-12,2022,7,61285491,Pulse1,captis_pulse,buderim,residential,9.0,0.5625,7.0,0.0,16,2025-12-23T13:39:34.573Z
2022-07-12,2022,7,61285491,Pulse1_Total,captis_pulse,buderim,residential,681054.0,42565.875,42592.0,42557.0,16,2025-12-23T13:39:34.573Z
2022-07-12,2022,7,61285491,DeviceTemperature,captis_pulse,buderim,residential,7.6,7.6,7.6,7.6,1,2025-12-23T13:39:34.573Z
2022-07-13,2022,7,61285491,Pulse1,captis_pulse,buderim,residential,98.0,3.92,55.0,0.0,25,2025-12-23T13:39:34.573Z
2022-07-13,2022,7,61285491,Pulse1_Total,captis_pulse,buderim,residential,1066243.0,42649.72,42739.0,42592.0,25,2025-12-23T13:39:34.573Z
2022-07-13,2022,7,61285491,DeviceTemperature,captis_pulse,buderim,residential,16.7,16.7,16.7,16.7,1,2025-12-23T13:39:34.573Z
2022-07-12,2022,7,62366133,Pulse1,captis_pulse,buderim,residential,68.0,4.0,30.0,0.0,17,2025-12-23T13:39:34.573Z
2022-07-12,2022,7,62366133,Pulse1_Total,captis_pulse,buderim,residential,1027544.0,60443.76470588235,60544.0,60402.0,17,2025-12-23T13:39:34.573Z
2022-07-12,2022,7,62366133,DeviceTemperature,captis_pulse,buderim,residential,28.439999999999998,14.219999999999999,15.54,12.9,2,2025-12-23T13:39:34.573Z
2022-07-12,2022,7,62366133,Battery,captis_pulse,buderim,residential,3.64,3.64,3.64,3.64,1,2025-12-23T13:39:34.573Z
2022-07-13,2022,7,62366133,Pulse1,captis_pulse,buderim,residential,164.0,6.833333333333333,76.0,0.0,24,2025-12-23T13:39:34.573Z
2022-07-13,2022,7,62366133,Pulse1_Total,captis_pulse,buderim,residential,1456853.0,60702.208333333336,60873.0,60563.0,24,2025-12-23T13:39:34.573Z
2022-07-12,2022,7,27446203,Pulse1,captis_pulse,maroochydore,non-residential,0.0,0.0,0.0,0.0,17,2025-12-23T13:39:34.573Z
2022-07-12,2022,7,27446203,DeviceTemperature,captis_pulse,maroochydore,non-residential,17.1,17.1,17.1,17.1,1,2025-12-23T13:39:34.573Z
2022-07-13,2022,7,27446203,Pulse1,captis_pulse,maroochydore,non-residential,0.0,0.0,0.0,0.0,24,2025-12-23T13:39:34.573Z
2022-07-13,2022,7,27446203,DeviceTemperature,captis_pulse,maroochydore,non-residential,18.8,18.8,18.8,18.8,1,2025-12-23T13:39:34.573Z
2022-07-12,2022,7,46054952,Pulse1,captis_pulse,buderim,residential,3180.0,176.66666666666666,870.0,0.0,18,2025-12-23T13:39:34.573Z
2022-07-12,2022,7,46054952,DeviceTemperature,captis_pulse,buderim,residential,14.84,14.84,14.84,14.84,1,2025-12-23T13:39:34.573Z
2022-07-12,2022,7,46054952,Battery,captis_pulse,buderim,residential,76.501,25.500333333333334,71.0,1.861,3,2025-12-23T13:39:34.573Z
2022-07-13,2022,7,46054952,Pulse1,captis_pulse,buderim,residential,7220.0,277.6923076923077,1100.0,0.0,26,2025-12-23T13:39:34.573Z
2022-07-12,2022,7,62366513,Pulse1,captis_pulse,buderim,residential,52.0,3.0588235294117645,46.0,0.0,17,2025-12-23T13:39:34.573Z
2022-07-12,2022,7,62366513,Pulse1_Total,captis_pulse,buderim,residential,445272.0,26192.470588235294,26252.0,26173.0,17,2025-12-23T13:39:34.573Z
2022-07-12,2022,7,62366513,DeviceTemperature,captis_pulse,buderim,residential,15.31,15.31,15.31,15.31,1,2025-12-23T13:39:34.573Z
2022-07-12,2022,7,62366513,Battery,captis_pulse,buderim,residential,3.62,3.62,3.62,3.62,1,2025-12-23T13:39:34.573Z
2022-07-13,2022,7,62366513,Pulse1,captis_pulse,buderim,residential,16.0,0.6666666666666666,8.0,0.0,24,2025-12-23T13:39:34.573Z
2022-07-13,2022,7,62366513,Pulse1_Total,captis_pulse,buderim,residential,630596.0,26274.833333333332,26310.0,26252.0,24,2025-12-23T13:39:34.573Z
2022-07-12,2022,7,65063934,Pulse1,captis_pulse,maroochydore,non-residential,500.0,29.41176470588235,200.0,0.0,17,2025-12-23T13:39:34.573Z
2022-07-12,2022,7,65063934,Pulse1_Total,captis_pulse,maroochydore,non-residential,5408000.0,318117.64705882355,318600.0,318000.0,17,2025-12-23T13:39:34.573Z
2022-07-12,2022,7,65063934,DeviceTemperature,captis_pulse,maroochydore,non-residential,13.42,13.42,13.42,13.42,1,2025-12-23T13:39:34.573Z
2022-07-12,2022,7,65063934,Battery,captis_pulse,maroochydore,non-residential,82.577,27.525666666666666,77.0,1.937,3,2025-12-23T13:39:34.573Z
2022-07-13,2022,7,65063934,Pulse1,captis_pulse,maroochydore,non-residential,100.0,4.166666666666667,100.0,0.0,24,2025-12-23T13:39:34.573Z
2022-07-13,2022,7,65063934,Pulse1_Total,captis_pulse,maroochydore,non-residential,7649800.0,318741.6666666667,318800.0,318700.0,24,2025-12-23T13:39:34.573Z
2022-07-12,2022,7,81502431,Pulse1,captis_pulse,kuluin,residential,0.0,0.0,0.0,0.0,16,2025-12-23T13:39:34.573Z
2022-07-12,2022,7,81502431,Pulse1_Total,captis_pulse,kuluin,residential,1016320.0,63520.0,63520.0,63520.0,16,2025-12-23T13:39:34.573Z
2022-07-13,2022,7,81502431,Pulse1,captis_pulse,kuluin,residential,0.0,0.0,0.0,0.0,1,2025-12-23T13:39:34.573Z
2022-07-13,2022,7,81502431,Pulse1_Total,captis_pulse,kuluin,residential,63520.0,63520.0,63520.0,63520.0,1,2025-12-23T13:39:34.573Z
2022-07-12,2022,7,25163796,Pulse1,captis_pulse,maroochydore,non-residential,245.0,13.61111111111111,50.0,5.0,18,2025-12-23T13:39:34.573Z
2022-07-12,2022,7,25163796,DeviceTemperature,captis_pulse,maroochydore,non-residential,33.95,16.975,17.0,16.95,2,2025-12-23T13:39:34.573Z
2022-07-13,2022,7,25163796,Pulse1,captis_pulse,maroochydore,non-residential,1055.0,62.05882352941177,195.0,5.0,17,2025-12-23T13:39:34.573Z
2022-07-12,2022,7,60252149,Pulse1,captis_pulse,buderim,residential,0.0,0.0,0.0,0.0,18,2025-12-23T13:39:34.573Z
2022-07-12,2022,7,60252149,Pulse1_Total,captis_pulse,buderim,residential,0.0,0.0,0.0,0.0,17,2025-12-23T13:39:34.573Z
2022-07-12,2022,7,60252149,DeviceTemperature,captis_pulse,buderim,residential,9.0,9.0,9.0,9.0,1,2025-12-23T13:39:34.573Z
2022-07-13,2022,7,60252149,Pulse1,captis_pulse,buderim,residential,0.0,0.0,0.0,0.0,26,2025-12-23T13:39:34.573Z
2022-07-13,2022,7,60252149,Pulse1_Total,captis_pulse,buderim,residential,0.0,0.0,0.0,0.0,25,2025-12-23T13:39:34.573Z
2022-07-12,2022,7,22048504,Pulse1,captis_pulse,kuluin,non-residential,5.0,0.3125,5.0,0.0,16,2025-12-23T13:39:34.573Z
2022-07-12,2022,7,22048504,Pulse1_Total,captis_pulse,kuluin,non-residential,1.4450415E7,963361.0,963370.0,963360.0,15,2025-12-23T13:39:34.573Z
2022-07-12,2022,7,22048504,DeviceTemperature,captis_pulse,kuluin,non-residential,27.5,13.75,13.9,13.6,2,2025-12-23T13:39:34.573Z
2022-07-12,2022,7,22048504,Battery,captis_pulse,kuluin,non-residential,74.472,24.823999999999998,69.0,1.842,3,2025-12-23T13:39:34.573Z
2022-07-13,2022,7,22048504,Pulse1,captis_pulse,kuluin,non-residential,145.0,6.304347826086956,85.0,0.0,23,2025-12-23T13:39:34.573Z
2022-07-13,2022,7,22048504,Pulse1_Total,captis_pulse,kuluin,non-residential,2.2162025E7,963566.304347826,963605.0,963380.0,23,2025-12-23T13:39:34.573Z
2022-07-12,2022,7,61276713,Pulse1,captis_pulse,buderim,residential,0.0,0.0,0.0,0.0,17,2025-12-23T13:39:34.573Z
2022-07-12,2022,7,61276713,Pulse1_Total,captis_pulse,buderim,residential,612.0,36.0,36.0,36.0,17,2025-12-23T13:39:34.573Z
2022-07-12,2022,7,61276713,DeviceTemperature,captis_pulse,buderim,residential,9.5,9.5,9.5,9.5,1,2025-12-23T13:39:34.573Z
2022-07-13,2022,7,61276713,Pulse1,captis_pulse,buderim,residential,0.0,0.0,0.0,0.0,26,2025-12-23T13:39:34.573Z
2022-07-13,2022,7,61276713,Pulse1_Total,captis_pulse,buderim,residential,900.0,36.0,36.0,36.0,25,2025-12-23T13:39:34.573Z
2022-07-13,2022,7,61276713,DeviceTemperature,captis_pulse,buderim,residential,16.8,16.8,16.8,16.8,1,2025-12-23T13:39:34.573Z
2022-07-12,2022,7,8863,Pulse1,captis_pulse,buderim,residential,64.0,3.764705882352941,34.0,0.0,17,2025-12-23T13:39:34.573Z
2022-07-12,2022,7,8863,Pulse1_Total,captis_pulse,buderim,residential,4178689.0,245805.23529411765,245944.0,245763.0,17,2025-12-23T13:39:34.573Z
2022-07-12,2022,7,8863,DeviceTemperature,captis_pulse,buderim,residential,13.34,13.34,13.34,13.34,1,2025-12-23T13:39:34.573Z
2022-07-13,2022,7,8863,Pulse1,captis_pulse,buderim,residential,281.0,10.807692307692308,122.0,0.0,26,2025-12-23T13:39:34.573Z
2022-07-13,2022,7,8863,Pulse1_Total,captis_pulse,buderim,residential,6397384.0,246053.23076923078,246301.0,245944.0,26,2025-12-23T13:39:34.573Z
2022-07-13,2022,7,8863,DeviceTemperature,captis_pulse,buderim,residential,28.4,28.4,28.4,28.4,1,2025-12-23T13:39:34.573Z
2022-07-12,2022,7,577462,Pulse1,captis_pulse,buderim,residential,84.0,4.666666666666667,18.0,1.0,18,2025-12-23T13:39:34.573Z
2022-07-12,2022,7,577462,Pulse1_Total,captis_pulse,buderim,residential,1.0792475E7,599581.9444444445,599660.0,599528.0,18,2025-12-23T13:39:34.573Z
2022-07-12,2022,7,577462,DeviceTemperature,captis_pulse,buderim,residential,8.0,8.0,8.0,8.0,1,2025-12-23T13:39:34.573Z
2022-07-13,2022,7,577462,Pulse1,captis_pulse,buderim,residential,472.0,20.52173913043478,118.0,2.0,23,2025-12-23T13:39:34.573Z
2022-07-13,2022,7,577462,Pulse1_Total,captis_pulse,buderim,residential,1.3804124E7,600179.304347826,600547.0,599820.0,23,2025-12-23T13:39:34.573Z
2022-07-12,2022,7,66212018,Pulse1,captis_pulse,buderim,residential,0.0,0.0,0.0,0.0,17,2025-12-23T13:39:34.573Z
2022-07-12,2022,7,66212018,Pulse1_Total,captis_pulse,buderim,residential,510.0,30.0,30.0,30.0,17,2025-12-23T13:39:34.573Z
2022-07-12,2022,7,66212018,DeviceTemperature,captis_pulse,buderim,residential,8.5,8.5,8.5,8.5,1,2025-12-23T13:39:34.573Z
2022-07-13,2022,7,66212018,DeviceTemperature,captis_pulse,buderim,residential,30.1,30.1,30.1,30.1,1,2025-12-23T13:39:34.573Z
2022-07-13,2022,7,66212018,Pulse1,captis_pulse,buderim,residential,0.0,0.0,0.0,0.0,24,2025-12-23T13:39:34.573Z
2022-07-13,2022,7,66212018,Pulse1_Total,captis_pulse,buderim,residential,690.0,30.0,30.0,30.0,23,2025-12-23T13:39:34.573Z
2022-07-12,2022,7,21674201,Pulse1,captis_pulse,buderim,non-residential,330.0,19.41176470588235,70.0,0.0,17,2025-12-23T13:39:34.573Z
2022-07-12,2022,7,21674201,DeviceTemperature,captis_pulse,buderim,non-residential,10.9,10.9,10.9,10.9,1,2025-12-23T13:39:34.573Z
2022-07-13,2022,7,21674201,Pulse1,captis_pulse,buderim,non-residential,590.0,25.652173913043477,130.0,0.0,23,2025-12-23T13:39:34.573Z
2022-07-13,2022,7,21674201,DeviceTemperature,captis_pulse,buderim,non-residential,20.7,20.7,20.7,20.7,1,2025-12-23T13:39:34.573Z
2022-07-12,2022,7,60584922,Pulse1,captis_pulse,buderim,residential,0.0,0.0,0.0,0.0,18,2025-12-23T13:39:34.573Z
2022-07-12,2022,7,60584922,Pulse1_Total,captis_pulse,buderim,residential,630.0,35.0,35.0,35.0,18,2025-12-23T13:39:34.573Z
2022-07-12,2022,7,60584922,DeviceTemperature,captis_pulse,buderim,residential,12.9,12.9,12.9,12.9,1,2025-12-23T13:39:34.573Z
2022-07-13,2022,7,60584922,Pulse1,captis_pulse,buderim,residential,0.0,0.0,0.0,0.0,26,2025-12-23T13:39:34.573Z
2022-07-13,2022,7,60584922,Pulse1_Total,captis_pulse,buderim,residential,910.0,35.0,35.0,35.0,26,2025-12-23T13:39:34.573Z
2022-07-12,2022,7,61201153,Pulse1,captis_pulse,buderim,residential,58.0,3.411764705882353,25.0,0.0,17,2025-12-23T13:39:34.573Z
2022-07-12,2022,7,61201153,Pulse1_Total,captis_pulse,buderim,residential,1413261.0,83133.0,83278.0,83069.0,17,2025-12-23T13:39:34.573Z
2022-07-12,2022,7,61201153,DeviceTemperature,captis_pulse,buderim,residential,24.72,12.36,14.42,10.3,2,2025-12-23T13:39:34.573Z
2022-07-12,2022,7,61201153,Battery,captis_pulse,buderim,residential,71.425,23.808333333333334,66.0,1.795,3,2025-12-23T13:39:34.573Z
2022-07-13,2022,7,61201153,Pulse1,captis_pulse,buderim,residential,273.0,10.5,57.0,0.0,26,2025-12-23T13:39:34.573Z
2022-07-13,2022,7,61201153,Pulse1_Total,captis_pulse,buderim,residential,2170865.0,83494.80769230769,83763.0,83309.0,26,2025-12-23T13:39:34.573Z
2022-07-12,2022,7,62364343,Pulse1,captis_pulse,buderim,residential,105.0,6.176470588235294,66.0,0.0,17,2025-12-23T13:39:34.573Z
2022-07-12,2022,7,62364343,Pulse1_Total,captis_pulse,buderim,residential,1805563.0,106209.58823529411,106457.0,106135.0,17,2025-12-23T13:39:34.573Z
2022-07-12,2022,7,62364343,DeviceTemperature,captis_pulse,buderim,residential,31.4,31.4,31.4,31.4,1,2025-12-23T13:39:34.573Z
2022-07-13,2022,7,62364343,Pulse1,captis_pulse,buderim,residential,201.0,8.04,34.0,0.0,25,2025-12-23T13:39:34.573Z
2022-07-13,2022,7,62364343,Pulse1_Total,captis_pulse,buderim,residential,2675221.0,107008.84,107161.0,106778.0,25,2025-12-23T13:39:34.573Z
2022-07-12,2022,7,28491013,Pulse1,captis_pulse,maroochydore,residential,2600.0,162.5,500.0,0.0,16,2025-12-23T13:39:34.573Z
2022-07-12,2022,7,28491013,Battery,captis_pulse,maroochydore,residential,68.437,22.81233333333333,63.0,1.797,3,2025-12-23T13:39:34.573Z
2022-07-12,2022,7,28491013,DeviceTemperature,captis_pulse,maroochydore,residential,12.2,12.2,12.2,12.2,1,2025-12-23T13:39:34.573Z
2022-07-13,2022,7,28491013,Pulse1,captis_pulse,maroochydore,residential,3300.0,137.5,300.0,0.0,24,2025-12-23T13:39:34.573Z
2022-07-13,2022,7,28491013,DeviceTemperature,captis_pulse,maroochydore,residential,19.2,19.2,19.2,19.2,1,2025-12-23T13:39:34.573Z
2022-07-12,2022,7,2995,Pulse1,captis_pulse,buderim,residential,32.0,1.8823529411764706,12.0,0.0,17,2025-12-23T13:39:34.573Z
2022-07-12,2022,7,2995,Pulse1_Total,captis_pulse,buderim,residential,7358673.0,432863.1176470588,433093.0,432748.0,17,2025-12-23T13:39:34.573Z
2022-07-12,2022,7,2995,DeviceTemperature,captis_pulse,buderim,residential,9.1,9.1,9.1,9.1,1,2025-12-23T13:39:34.573Z
2022-07-13,2022,7,2995,Pulse1,captis_pulse,buderim,residential,111.0,4.625,72.0,0.0,24,2025-12-23T13:39:34.573Z
2022-07-13,2022,7,2995,Pulse1_Total,captis_pulse,buderim,residential,1.0395909E7,433162.875,433255.0,433097.0,24,2025-12-23T13:39:34.573Z
2022-07-12,2022,7,61163496,Pulse1,captis_pulse,buderim,residential,0.0,0.0,0.0,0.0,17,2025-12-23T13:39:34.573Z
2022-07-12,2022,7,61163496,Pulse1_Total,captis_pulse,buderim,residential,948857.0,55815.117647058825,55816.0,55815.0,17,2025-12-23T13:39:34.573Z
2022-07-13,2022,7,61163496,Pulse1,captis_pulse,buderim,residential,0.0,0.0,0.0,0.0,25,2025-12-23T13:39:34.573Z
2022-07-13,2022,7,61163496,Pulse1_Total,captis_pulse,buderim,residential,1395400.0,55816.0,55816.0,55816.0,25,2025-12-23T13:39:34.573Z
2022-07-13,2022,7,61163496,DeviceTemperature,captis_pulse,buderim,residential,31.8,31.8,31.8,31.8,1,2025-12-23T13:39:34.573Z
2022-07-12,2022,7,61160093,Pulse1,captis_pulse,buderim,residential,0.0,0.0,0.0,0.0,19,2025-12-23T13:39:34.573Z
2022-07-12,2022,7,61160093,Pulse1_Total,captis_pulse,buderim,residential,722.0,38.0,38.0,38.0,19,2025-12-23T13:39:34.573Z
2022-07-12,2022,7,61160093,DeviceTemperature,captis_pulse,buderim,residential,13.12,13.12,13.12,13.12,1,2025-12-23T13:39:34.573Z
2022-07-12,2022,7,61160093,Battery,captis_pulse,buderim,residential,54.765,18.255,49.0,2.135,3,2025-12-23T13:39:34.573Z
2022-07-13,2022,7,61160093,DeviceTemperature,captis_pulse,buderim,residential,28.5,28.5,28.5,28.5,1,2025-12-23T13:39:34.573Z
2022-07-13,2022,7,61160093,Pulse1,captis_pulse,buderim,residential,0.0,0.0,0.0,0.0,27,2025-12-23T13:39:34.573Z
2022-07-13,2022,7,61160093,Pulse1_Total,captis_pulse,buderim,residential,1026.0,38.0,38.0,38.0,27,2025-12-23T13:39:34.573Z
2022-07-12,2022,7,61220996,Pulse1,captis_pulse,buderim,residential,62.0,3.875,30.0,0.0,16,2025-12-23T13:39:34.573Z
2022-07-12,2022,7,61220996,Pulse1_Total,captis_pulse,buderim,residential,1164686.0,72792.875,73017.0,72745.0,16,2025-12-23T13:39:34.573Z
2022-07-12,2022,7,61220996,DeviceTemperature,captis_pulse,buderim,residential,25.060000000000002,12.530000000000001,13.76,11.3,2,2025-12-23T13:39:34.573Z
2022-07-13,2022,7,61220996,Pulse1,captis_pulse,buderim,residential,74.0,2.96,27.0,0.0,25,2025-12-23T13:39:34.573Z
2022-07-13,2022,7,61220996,Pulse1_Total,captis_pulse,buderim,residential,1827326.0,73093.04,73187.0,73017.0,25,2025-12-23T13:39:34.573Z
2022-07-13,2022,7,61220996,DeviceTemperature,captis_pulse,buderim,residential,15.4,15.4,15.4,15.4,1,2025-12-23T13:39:34.573Z
2022-07-12,2022,7,61233966,Pulse1,captis_pulse,buderim,residential,96.0,5.052631578947368,66.0,0.0,19,2025-12-23T13:39:34.573Z
2022-07-12,2022,7,61233966,Pulse1_Total,captis_pulse,buderim,residential,1153533.0,60712.26315789474,60909.0,60647.0,19,2025-12-23T13:39:34.573Z
2022-07-12,2022,7,61233966,DeviceTemperature,captis_pulse,buderim,residential,18.8,9.4,12.5,6.3,2,2025-12-23T13:39:34.573Z
2022-07-12,2022,7,61233966,Battery,captis_pulse,buderim,residential,70.425,23.474999999999998,65.0,1.785,3,2025-12-23T13:39:34.573Z
2022-07-13,2022,7,61233966,Pulse1,captis_pulse,buderim,residential,160.0,5.714285714285714,62.0,0.0,28,2025-12-23T13:39:34.573Z
2022-07-13,2022,7,61233966,Pulse1_Total,captis_pulse,buderim,residential,1707369.0,60977.46428571428,61154.0,60913.0,28,2025-12-23T13:39:34.573Z
2022-07-13,2022,7,61233966,DeviceTemperature,captis_pulse,buderim,residential,32.5,32.5,32.5,32.5,1,2025-12-23T13:39:34.573Z
2022-07-12,2022,7,61319259,Pulse1,captis_pulse,buderim,residential,0.0,0.0,0.0,0.0,17,2025-12-23T13:39:34.573Z
2022-07-12,2022,7,61319259,Pulse1_Total,captis_pulse,buderim,residential,578.0,34.0,34.0,34.0,17,2025-12-23T13:39:34.573Z
2022-07-12,2022,7,61319259,DeviceTemperature,captis_pulse,buderim,residential,7.5,7.5,7.5,7.5,1,2025-12-23T13:39:34.573Z
2022-07-13,2022,7,61319259,Pulse1,captis_pulse,buderim,residential,0.0,0.0,0.0,0.0,24,2025-12-23T13:39:34.573Z
2022-07-13,2022,7,61319259,Pulse1_Total,captis_pulse,buderim,residential,782.0,34.0,34.0,34.0,23,2025-12-23T13:39:34.573Z
2022-07-12,2022,7,64628071,Pulse1,captis_pulse,maroochydore,residential,490.0,27.22222222222222,130.0,0.0,18,2025-12-23T13:39:34.573Z
2022-07-12,2022,7,64628071,Battery,captis_pulse,maroochydore,residential,1.691,1.691,1.691,1.691,1,2025-12-23T13:39:34.573Z
2022-07-13,2022,7,64628071,Pulse1,captis_pulse,maroochydore,residential,1240.0,49.6,220.0,0.0,25,2025-12-23T13:39:34.573Z
2022-07-12,2022,7,60192856,Pulse1,captis_pulse,buderim,residential,0.0,0.0,0.0,0.0,17,2025-12-23T13:39:34.573Z
2022-07-12,2022,7,60192856,Pulse1_Total,captis_pulse,buderim,residential,0.0,0.0,0.0,0.0,17,2025-12-23T13:39:34.573Z
2022-07-12,2022,7,60192856,DeviceTemperature,captis_pulse,buderim,residential,23.490000000000002,11.745000000000001,13.49,10.0,2,2025-12-23T13:39:34.573Z
2022-07-12,2022,7,60192856,Battery,captis_pulse,buderim,residential,3.63,3.63,3.63,3.63,1,2025-12-23T13:39:34.573Z
2022-07-13,2022,7,60192856,Pulse1,captis_pulse,buderim,residential,0.0,0.0,0.0,0.0,26,2025-12-23T13:39:34.573Z
2022-07-13,2022,7,60192856,Pulse1_Total,captis_pulse,buderim,residential,0.0,0.0,0.0,0.0,25,2025-12-23T13:39:34.573Z
2022-07-13,2022,7,60192856,DeviceTemperature,captis_pulse,buderim,residential,19.2,19.2,19.2,19.2,1,2025-12-23T13:39:34.573Z
2022-07-12,2022,7,60623798,DeviceTemperature,captis_pulse,buderim,residential,9.3,9.3,9.3,9.3,1,2025-12-23T13:39:34.573Z
2022-07-13,2022,7,60623798,DeviceTemperature,captis_pulse,buderim,residential,20.7,20.7,20.7,20.7,1,2025-12-23T13:39:34.573Z
2022-07-12,2022,7,61223017,Pulse1,captis_pulse,buderim,residential,0.0,0.0,0.0,0.0,15,2025-12-23T13:39:34.573Z
2022-07-12,2022,7,61223017,Pulse1_Total,captis_pulse,buderim,residential,480.0,32.0,32.0,32.0,15,2025-12-23T13:39:34.573Z
2022-07-13,2022,7,61223017,Pulse1,captis_pulse,buderim,residential,0.0,0.0,0.0,0.0,24,2025-12-23T13:39:34.573Z
2022-07-13,2022,7,61223017,Pulse1_Total,captis_pulse,buderim,residential,736.0,32.0,32.0,32.0,23,2025-12-23T13:39:34.573Z
2022-07-13,2022,7,61223017,DeviceTemperature,captis_pulse,buderim,residential,28.4,28.4,28.4,28.4,1,2025-12-23T13:39:34.573Z
2022-07-12,2022,7,8981839,Pulse1,captis_pulse,maroochydore,residential,227.0,10.80952380952381,73.0,4.0,21,2025-12-23T13:39:34.573Z
2022-07-12,2022,7,8981839,Pulse1_Total,captis_pulse,maroochydore,residential,7892321.0,375824.8095238095,376051.0,375717.0,21,2025-12-23T13:39:34.573Z
2022-07-12,2022,7,8981839,DeviceTemperature,captis_pulse,maroochydore,residential,6.2,6.2,6.2,6.2,1,2025-12-23T13:39:34.573Z
2022-07-13,2022,7,8981839,Pulse1,captis_pulse,maroochydore,residential,169.0,7.041666666666667,19.0,4.0,24,2025-12-23T13:39:34.573Z
2022-07-13,2022,7,8981839,Pulse1_Total,captis_pulse,maroochydore,residential,9033039.0,376376.625,376537.0,376120.0,24,2025-12-23T13:39:34.573Z
2022-07-13,2022,7,8981839,DeviceTemperature,captis_pulse,maroochydore,residential,28.4,28.4,28.4,28.4,1,2025-12-23T13:39:34.573Z
2022-07-12,2022,7,28488051,Pulse1,captis_pulse,maroochydore,non-residential,2372.0,169.42857142857142,284.0,105.0,14,2025-12-23T13:39:34.573Z
2022-07-12,2022,7,28488051,DeviceTemperature,captis_pulse,maroochydore,non-residential,33.2,16.6,24.8,8.4,2,2025-12-23T13:39:34.573Z
2022-07-13,2022,7,28488051,Pulse1,captis_pulse,maroochydore,non-residential,4096.0,163.84,292.0,68.0,25,2025-12-23T13:39:34.573Z
2022-07-13,2022,7,28488051,DeviceTemperature,captis_pulse,maroochydore,non-residential,15.93,15.93,15.93,15.93,1,2025-12-23T13:39:34.573Z
2022-07-12,2022,7,60380381,Pulse1,captis_pulse,buderim,residential,18.0,1.0588235294117647,13.0,0.0,17,2025-12-23T13:39:34.573Z
2022-07-12,2022,7,60380381,Pulse1_Total,captis_pulse,buderim,residential,358540.0,21090.58823529412,21109.0,21088.0,17,2025-12-23T13:39:34.573Z
2022-07-13,2022,7,60380381,Pulse1,captis_pulse,buderim,residential,60.0,2.5,30.0,0.0,24,2025-12-23T13:39:34.573Z
2022-07-13,2022,7,60380381,Pulse1_Total,captis_pulse,buderim,residential,508327.0,21180.291666666668,21219.0,21116.0,24,2025-12-23T13:39:34.573Z
2022-07-13,2022,7,60380381,DeviceTemperature,captis_pulse,buderim,residential,15.6,15.6,15.6,15.6,1,2025-12-23T13:39:34.573Z
2022-07-12,2022,7,64631122,Pulse1,captis_pulse,maroochydore,residential,1110.0,65.29411764705883,280.0,0.0,17,2025-12-23T13:39:34.573Z
2022-07-12,2022,7,64631122,DeviceTemperature,captis_pulse,maroochydore,residential,9.3,9.3,9.3,9.3,1,2025-12-23T13:39:34.573Z
2022-07-13,2022,7,64631122,Pulse1,captis_pulse,maroochydore,residential,1730.0,72.08333333333333,250.0,10.0,24,2025-12-23T13:39:34.573Z
2022-07-13,2022,7,64631122,DeviceTemperature,captis_pulse,maroochydore,residential,17.4,17.4,17.4,17.4,1,2025-12-23T13:39:34.573Z
2022-07-12,2022,7,65088496,Pulse1,captis_pulse,buderim,residential,600.0,35.294117647058826,200.0,0.0,17,2025-12-23T13:39:34.573Z
2022-07-12,2022,7,65088496,DeviceTemperature,captis_pulse,buderim,residential,22.5,11.25,13.2,9.3,2,2025-12-23T13:39:34.573Z
2022-07-12,2022,7,65088496,Battery,captis_pulse,buderim,residential,71.63,35.815,68.0,3.63,2,2025-12-23T13:39:34.573Z
2022-07-13,2022,7,65088496,Pulse1,captis_pulse,buderim,residential,1400.0,56.0,200.0,0.0,25,2025-12-23T13:39:34.573Z
2022-07-13,2022,7,65088496,DeviceTemperature,captis_pulse,buderim,residential,19.3,19.3,19.3,19.3,1,2025-12-23T13:39:34.573Z
2022-07-12,2022,7,2364,Pulse1,captis_pulse,buderim,residential,69.0,4.0588235294117645,39.0,0.0,17,2025-12-23T13:39:34.573Z
2022-07-12,2022,7,2364,Pulse1_Total,captis_pulse,buderim,residential,6270345.0,368843.82352941175,368942.0,368831.0,17,2025-12-23T13:39:34.573Z
2022-07-12,2022,7,2364,DeviceTemperature,captis_pulse,buderim,residential,13.7,13.7,13.7,13.7,1,2025-12-23T13:39:34.573Z
2022-07-12,2022,7,2364,Battery,captis_pulse,buderim,residential,72.63,36.315,69.0,3.63,2,2025-12-23T13:39:34.573Z
2022-07-13,2022,7,2364,Pulse1,captis_pulse,buderim,residential,106.0,4.416666666666667,66.0,0.0,24,2025-12-23T13:39:34.573Z
2022-07-13,2022,7,2364,Pulse1_Total,captis_pulse,buderim,residential,8860815.0,369200.625,369275.0,369067.0,24,2025-12-23T13:39:34.573Z
2022-07-12,2022,7,29297,Pulse1,captis_pulse,maroochydore,residential,81.0,4.764705882352941,59.0,0.0,17,2025-12-23T13:39:34.573Z
2022-07-12,2022,7,29297,Pulse1_Total,captis_pulse,maroochydore,residential,3606228.0,212131.0588235294,212167.0,212059.0,17,2025-12-23T13:39:34.573Z
2022-07-13,2022,7,29297,DeviceTemperature,captis_pulse,maroochydore,residential,38.9,38.9,38.9,38.9,1,2025-12-23T13:39:34.573Z
2022-07-13,2022,7,29297,Pulse1,captis_pulse,maroochydore,residential,87.0,3.48,61.0,0.0,25,2025-12-23T13:39:34.573Z
2022-07-13,2022,7,29297,Pulse1_Total,captis_pulse,maroochydore,residential,5304910.0,212196.4,212274.0,212167.0,25,2025-12-23T13:39:34.573Z
2022-07-12,2022,7,46053341,Pulse1,captis_pulse,maroochydore,residential,1110.0,61.666666666666664,190.0,0.0,18,2025-12-23T13:39:34.573Z
2022-07-13,2022,7,46053341,Pulse1,captis_pulse,maroochydore,residential,2170.0,90.41666666666667,260.0,20.0,24,2025-12-23T13:39:34.573Z
2022-07-12,2022,7,61145337,Pulse1,captis_pulse,buderim,residential,0.0,0.0,0.0,0.0,17,2025-12-23T13:39:34.573Z
2022-07-12,2022,7,61145337,Pulse1_Total,captis_pulse,buderim,residential,595.0,35.0,35.0,35.0,17,2025-12-23T13:39:34.573Z
2022-07-12,2022,7,61145337,DeviceTemperature,captis_pulse,buderim,residential,27.59,13.795,14.89,12.7,2,2025-12-23T13:39:34.573Z
2022-07-12,2022,7,61145337,Battery,captis_pulse,buderim,residential,3.64,3.64,3.64,3.64,1,2025-12-23T13:39:34.573Z
2022-07-13,2022,7,61145337,Pulse1,captis_pulse,buderim,residential,0.0,0.0,0.0,0.0,24,2025-12-23T13:39:34.573Z
2022-07-13,2022,7,61145337,Pulse1_Total,captis_pulse,buderim,residential,840.0,35.0,35.0,35.0,24,2025-12-23T13:39:34.573Z
2022-07-12,2022,7,69408279,Pulse1,captis_pulse,buderim,residential,28.0,2.0,28.0,0.0,14,2025-12-23T13:39:34.573Z
2022-07-12,2022,7,69408279,Pulse1_Total,captis_pulse,buderim,residential,647671.0,46262.21428571428,46294.0,46250.0,14,2025-12-23T13:39:34.573Z
2022-07-12,2022,7,69408279,DeviceTemperature,captis_pulse,buderim,residential,9.1,9.1,9.1,9.1,1,2025-12-23T13:39:34.573Z
2022-07-13,2022,7,69408279,Pulse1,captis_pulse,buderim,residential,0.0,0.0,0.0,0.0,9,2025-12-23T13:39:34.573Z
2022-07-13,2022,7,69408279,Pulse1_Total,captis_pulse,buderim,residential,416668.0,46296.444444444445,46310.0,46294.0,9,2025-12-23T13:39:34.573Z
2022-07-13,2022,7,69408279,Battery,captis_pulse,buderim,residential,3.64,3.64,3.64,3.64,1,2025-12-23T13:39:34.573Z
2022-07-13,2022,7,731394,DeviceTemperature,captis_pulse,maroochydore,residential,15.55,15.55,15.55,15.55,1,2025-12-23T13:39:34.573Z
2022-07-13,2022,7,731394,Battery,captis_pulse,maroochydore,residential,117.61,58.805,114.0,3.61,2,2025-12-23T13:39:34.573Z
2022-07-12,2022,7,8983790,Pulse1,captis_pulse,maroochydore,residential,0.0,0.0,0.0,0.0,7,2025-12-23T13:39:34.573Z
2022-07-12,2022,7,8983790,Pulse1_Total,captis_pulse,maroochydore,residential,552524.0,78932.0,78932.0,78932.0,7,2025-12-23T13:39:34.573Z
2022-07-12,2022,7,8983790,DeviceTemperature,captis_pulse,maroochydore,residential,14.53,14.53,14.53,14.53,1,2025-12-23T13:39:34.573Z
2022-07-12,2022,7,48281097,Pulse1,captis_pulse,maroochydore,non-residential,2340.0,130.0,510.0,20.0,18,2025-12-23T13:39:34.573Z
2022-07-13,2022,7,48281097,Pulse1,captis_pulse,maroochydore,non-residential,10260.0,366.42857142857144,620.0,120.0,28,2025-12-23T13:39:34.573Z
2022-07-13,2022,7,48281097,DeviceTemperature,captis_pulse,maroochydore,non-residential,15.6,15.6,15.6,15.6,1,2025-12-23T13:39:34.573Z
2022-07-12,2022,7,60259739,Pulse1,captis_pulse,buderim,residential,0.0,0.0,0.0,0.0,6,2025-12-23T13:39:34.573Z
2022-07-12,2022,7,60259739,Pulse1_Total,captis_pulse,buderim,residential,0.0,0.0,0.0,0.0,6,2025-12-23T13:39:34.573Z
2022-07-12,2022,7,60259739,DeviceTemperature,captis_pulse,buderim,residential,11.1,11.1,11.1,11.1,1,2025-12-23T13:39:34.573Z
2022-07-12,2022,7,61940444,Pulse1,captis_pulse,buderim,residential,107.0,6.294117647058823,75.0,0.0,17,2025-12-23T13:39:34.573Z
2022-07-12,2022,7,61940444,Pulse1_Total,captis_pulse,buderim,residential,2154471.0,126733.58823529411,126895.0,126680.0,17,2025-12-23T13:39:34.573Z
2022-07-13,2022,7,61940444,Pulse1,captis_pulse,buderim,residential,660.0,26.4,104.0,0.0,25,2025-12-23T13:39:34.573Z
2022-07-13,2022,7,61940444,Pulse1_Total,captis_pulse,buderim,residential,3200641.0,128025.64,128498.0,127054.0,25,2025-12-23T13:39:34.573Z
2022-07-12,2022,7,65088475,Pulse1,captis_pulse,buderim,residential,0.0,0.0,0.0,0.0,18,2025-12-23T13:39:34.573Z
2022-07-13,2022,7,65088475,Pulse1,captis_pulse,buderim,residential,0.0,0.0,0.0,0.0,26,2025-12-23T13:39:34.573Z
2022-07-13,2022,7,65088475,DeviceTemperature,captis_pulse,buderim,residential,22.2,22.2,22.2,22.2,1,2025-12-23T13:39:34.573Z
2022-07-12,2022,7,71270,Pulse1,captis_pulse,kuluin,residential,129.0,8.0625,54.0,0.0,16,2025-12-23T13:39:34.573Z
2022-07-12,2022,7,71270,Pulse1_Total,captis_pulse,kuluin,residential,6301156.0,393822.25,393996.0,393760.0,16,2025-12-23T13:39:34.573Z
2022-07-12,2022,7,71270,DeviceTemperature,captis_pulse,kuluin,residential,7.4,7.4,7.4,7.4,1,2025-12-23T13:39:34.573Z
2022-07-13,2022,7,71270,Pulse1,captis_pulse,kuluin,residential,86.0,3.5833333333333335,28.0,0.0,24,2025-12-23T13:39:34.573Z
2022-07-13,2022,7,71270,Pulse1_Total,captis_pulse,kuluin,residential,9459709.0,394154.5416666667,394349.0,393996.0,24,2025-12-23T13:39:34.573Z
2022-07-12,2022,7,77617,Pulse1,captis_pulse,buderim,residential,182.0,9.578947368421053,32.0,6.0,19,2025-12-23T13:39:34.573Z
2022-07-12,2022,7,77617,Pulse1_Total,captis_pulse,buderim,residential,1.5901106E7,836900.3157894737,837252.0,836737.0,19,2025-12-23T13:39:34.573Z
2022-07-12,2022,7,77617,DeviceTemperature,captis_pulse,buderim,residential,7.9,7.9,7.9,7.9,1,2025-12-23T13:39:34.573Z
2022-07-12,2022,7,77617,Battery,captis_pulse,buderim,residential,71.263,23.754333333333335,66.0,1.613,3,2025-12-23T13:39:34.573Z
2022-07-13,2022,7,77617,Pulse1,captis_pulse,buderim,residential,391.0,17.0,61.0,7.0,23,2025-12-23T13:39:34.573Z
2022-07-13,2022,7,77617,Pulse1_Total,captis_pulse,buderim,residential,1.9268539E7,837762.5652173914,838181.0,837406.0,23,2025-12-23T13:39:34.573Z
2022-07-13,2022,7,77617,DeviceTemperature,captis_pulse,buderim,residential,35.3,35.3,35.3,35.3,1,2025-12-23T13:39:34.573Z
2022-07-12,2022,7,61150108,Pulse1,captis_pulse,buderim,residential,56.0,3.5,50.0,0.0,16,2025-12-23T13:39:34.573Z
2022-07-12,2022,7,61150108,Pulse1_Total,captis_pulse,buderim,residential,613217.0,38326.0625,38432.0,38301.0,16,2025-12-23T13:39:34.573Z
2022-07-12,2022,7,61150108,Battery,captis_pulse,buderim,residential,76.497,25.499,71.0,1.867,3,2025-12-23T13:39:34.573Z
2022-07-13,2022,7,61150108,Pulse1,captis_pulse,buderim,residential,39.0,1.6956521739130435,14.0,0.0,23,2025-12-23T13:39:34.573Z
2022-07-13,2022,7,61150108,Pulse1_Total,captis_pulse,buderim,residential,923853.0,38493.875,38539.0,38443.0,24,2025-12-23T13:39:34.573Z
2022-07-13,2022,7,61150108,DeviceTemperature,captis_pulse,buderim,residential,24.2,24.2,24.2,24.2,1,2025-12-23T13:39:34.573Z
2022-07-12,2022,7,97600,Pulse1,captis_pulse,buderim,residential,23.0,1.2777777777777777,11.0,0.0,18,2025-12-23T13:39:34.573Z
2022-07-12,2022,7,97600,Pulse1_Total,captis_pulse,buderim,residential,3685530.0,204751.66666666666,204832.0,204709.0,18,2025-12-23T13:39:34.573Z
2022-07-12,2022,7,97600,Battery,captis_pulse,buderim,residential,70.415,23.471666666666668,65.0,1.795,3,2025-12-23T13:39:34.573Z
2022-07-13,2022,7,97600,Pulse1,captis_pulse,buderim,residential,38.0,1.5833333333333333,10.0,0.0,24,2025-12-23T13:39:34.573Z
2022-07-13,2022,7,97600,Pulse1_Total,captis_pulse,buderim,residential,4916992.0,204874.66666666666,204922.0,204839.0,24,2025-12-23T13:39:34.573Z
2022-07-12,2022,7,409,Pulse1,captis_pulse,maroochydore,residential,0.0,0.0,0.0,0.0,17,2025-12-23T13:39:34.573Z
2022-07-12,2022,7,409,Pulse1_Total,captis_pulse,maroochydore,residential,1994763.0,117339.0,117339.0,117339.0,17,2025-12-23T13:39:34.573Z
2022-07-12,2022,7,409,DeviceTemperature,captis_pulse,maroochydore,residential,32.68,16.34,17.58,15.1,2,2025-12-23T13:39:34.573Z
2022-07-12,2022,7,409,Battery,captis_pulse,maroochydore,residential,80.52,40.26,77.0,3.52,2,2025-12-23T13:39:34.573Z
2022-07-13,2022,7,409,Pulse1,captis_pulse,maroochydore,residential,0.0,0.0,0.0,0.0,23,2025-12-23T13:39:34.573Z
2022-07-13,2022,7,409,Pulse1_Total,captis_pulse,maroochydore,residential,2698797.0,117339.0,117339.0,117339.0,23,2025-12-23T13:39:34.573Z
2022-07-13,2022,7,409,DeviceTemperature,captis_pulse,maroochydore,residential,22.0,22.0,22.0,22.0,1,2025-12-23T13:39:34.573Z
2022-07-12,2022,7,81970809,Pulse1,captis_pulse,maroochydore,residential,320.0,29.09090909090909,175.0,0.0,11,2025-12-23T13:39:34.573Z
2022-07-12,2022,7,81970809,DeviceTemperature,captis_pulse,maroochydore,residential,13.72,13.72,13.72,13.72,1,2025-12-23T13:39:34.573Z
2022-07-12,2022,7,81970809,Battery,captis_pulse,maroochydore,residential,114.63,57.315,111.0,3.63,2,2025-12-23T13:39:34.573Z
2022-07-12,2022,7,5487,Pulse1,captis_pulse,buderim,residential,120.0,7.0588235294117645,103.0,0.0,17,2025-12-23T13:39:34.573Z
2022-07-12,2022,7,5487,Pulse1_Total,captis_pulse,buderim,residential,1.0121591E7,595387.7058823529,595489.0,595320.0,17,2025-12-23T13:39:34.573Z
2022-07-12,2022,7,5487,Battery,captis_pulse,buderim,residential,74.44200000000001,24.814000000000004,69.0,1.822,3,2025-12-23T13:39:34.573Z
2022-07-13,2022,7,5487,Pulse1,captis_pulse,buderim,residential,122.0,5.304347826086956,40.0,0.0,23,2025-12-23T13:39:34.573Z
2022-07-13,2022,7,5487,Pulse1_Total,captis_pulse,buderim,residential,1.3699229E7,595618.6521739131,595765.0,595489.0,23,2025-12-23T13:39:34.573Z
2022-07-12,2022,7,62367105,Pulse1,captis_pulse,buderim,residential,60.0,4.285714285714286,55.0,0.0,14,2025-12-23T13:39:34.573Z
2022-07-12,2022,7,62367105,Pulse1_Total,captis_pulse,buderim,residential,527562.0,37683.0,37725.0,37657.0,14,2025-12-23T13:39:34.573Z
2022-07-12,2022,7,62367105,DeviceTemperature,captis_pulse,buderim,residential,15.63,15.63,15.63,15.63,1,2025-12-23T13:39:34.573Z
2022-07-12,2022,7,62367105,Battery,captis_pulse,buderim,residential,74.488,24.829333333333334,69.0,1.848,3,2025-12-23T13:39:34.573Z
2022-07-13,2022,7,62367105,Pulse1,captis_pulse,buderim,residential,0.0,0.0,0.0,0.0,24,2025-12-23T13:39:34.573Z
2022-07-13,2022,7,62367105,Pulse1_Total,captis_pulse,buderim,residential,905452.0,37727.166666666664,37732.0,37725.0,24,2025-12-23T13:39:34.573Z
2022-07-13,2022,7,62367105,DeviceTemperature,captis_pulse,buderim,residential,17.1,17.1,17.1,17.1,1,2025-12-23T13:39:34.573Z
2022-07-12,2022,7,63407,Pulse1,captis_pulse,buderim,residential,27.0,1.6875,16.0,0.0,16,2025-12-23T13:39:34.573Z
2022-07-12,2022,7,63407,Pulse1_Total,captis_pulse,buderim,residential,6667504.0,416719.0,416751.0,416693.0,16,2025-12-23T13:39:34.573Z
2022-07-12,2022,7,63407,DeviceTemperature,captis_pulse,buderim,residential,13.68,13.68,13.68,13.68,1,2025-12-23T13:39:34.573Z
2022-07-12,2022,7,63407,Battery,captis_pulse,buderim,residential,72.51100000000001,24.170333333333335,67.0,1.891,3,2025-12-23T13:39:34.573Z
2022-07-13,2022,7,63407,Pulse1,captis_pulse,buderim,residential,72.0,2.769230769230769,16.0,0.0,26,2025-12-23T13:39:34.573Z
2022-07-13,2022,7,63407,Pulse1_Total,captis_pulse,buderim,residential,1.0838312E7,416858.1538461539,416913.0,416770.0,26,2025-12-23T13:39:34.573Z
2022-07-12,2022,7,81984256,Pulse1,captis_pulse,maroochydore,residential,110.0,6.875,35.0,0.0,16,2025-12-23T13:39:34.573Z
2022-07-13,2022,7,81984256,Pulse1,captis_pulse,maroochydore,residential,20.0,5.0,10.0,0.0,4,2025-12-23T13:39:34.573Z
2022-07-13,2022,7,81984256,DeviceTemperature,captis_pulse,maroochydore,residential,13.95,13.95,13.95,13.95,1,2025-12-23T13:39:34.573Z
2022-07-13,2022,7,81984256,Battery,captis_pulse,maroochydore,residential,72.64,36.32,69.0,3.64,2,2025-12-23T13:39:34.573Z
2022-07-12,2022,7,324588,Pulse1,captis_pulse,buderim,residential,28.0,1.6470588235294117,23.0,0.0,17,2025-12-23T13:39:34.573Z
2022-07-12,2022,7,324588,Pulse1_Total,captis_pulse,buderim,residential,6759449.0,397614.64705882355,397714.0,397567.0,17,2025-12-23T13:39:34.573Z
2022-07-12,2022,7,324588,DeviceTemperature,captis_pulse,buderim,residential,13.75,13.75,13.75,13.75,1,2025-12-23T13:39:34.573Z
2022-07-12,2022,7,324588,Battery,captis_pulse,buderim,residential,69.63,34.815,66.0,3.63,2,2025-12-23T13:39:34.573Z
2022-07-13,2022,7,324588,Pulse1,captis_pulse,buderim,residential,215.0,8.6,52.0,0.0,25,2025-12-23T13:39:34.573Z
2022-07-13,2022,7,324588,Pulse1_Total,captis_pulse,buderim,residential,9944984.0,397799.36,397984.0,397714.0,25,2025-12-23T13:39:34.573Z
2022-07-13,2022,7,324588,DeviceTemperature,captis_pulse,buderim,residential,18.1,18.1,18.1,18.1,1,2025-12-23T13:39:34.573Z
2022-07-12,2022,7,21892943,Pulse1,captis_pulse,maroochydore,non-residential,0.0,0.0,0.0,0.0,15,2025-12-23T13:39:34.573Z
2022-07-12,2022,7,21892943,Pulse1_Total,captis_pulse,maroochydore,non-residential,127680.0,9120.0,9120.0,9120.0,14,2025-12-23T13:39:34.573Z
2022-07-12,2022,7,21892943,DeviceTemperature,captis_pulse,maroochydore,non-residential,25.05,12.525,15.15,9.9,2,2025-12-23T13:39:34.573Z
2022-07-12,2022,7,21892943,Battery,captis_pulse,maroochydore,non-residential,73.80499999999999,24.601666666666663,68.0,2.175,3,2025-12-23T13:39:34.573Z
2022-07-13,2022,7,21892943,Pulse1,captis_pulse,maroochydore,non-residential,0.0,0.0,0.0,0.0,24,2025-12-23T13:39:34.573Z
2022-07-13,2022,7,21892943,Pulse1_Total,captis_pulse,maroochydore,non-residential,209760.0,9120.0,9120.0,9120.0,23,2025-12-23T13:39:34.573Z
2022-07-13,2022,7,21892943,DeviceTemperature,captis_pulse,maroochydore,non-residential,18.6,18.6,18.6,18.6,1,2025-12-23T13:39:34.573Z
2022-07-13,2022,7,46054963,DeviceTemperature,captis_pulse,buderim,residential,14.3,14.3,14.3,14.3,1,2025-12-23T13:39:34.573Z
2022-07-13,2022,7,46054963,Battery,captis_pulse,buderim,residential,56.64,28.32,53.0,3.64,2,2025-12-23T13:39:34.573Z
2022-07-12,2022,7,46056359,DeviceTemperature,captis_pulse,maroochydore,residential,8.7,8.7,8.7,8.7,1,2025-12-23T13:39:34.573Z
2022-07-12,2022,7,60255447,Pulse1,captis_pulse,buderim,residential,179.0,10.529411764705882,68.0,6.0,17,2025-12-23T13:39:34.573Z
2022-07-12,2022,7,60255447,Pulse1_Total,captis_pulse,buderim,residential,934020.0,54942.35294117647,55192.0,54815.0,17,2025-12-23T13:39:34.573Z
2022-07-12,2022,7,60255447,Battery,captis_pulse,buderim,residential,7.24,3.62,3.62,3.62,2,2025-12-23T13:39:34.573Z
2022-07-12,2022,7,60255447,DeviceTemperature,captis_pulse,buderim,residential,9.8,9.8,9.8,9.8,1,2025-12-23T13:39:34.573Z
2022-07-13,2022,7,60255447,Pulse1,captis_pulse,buderim,residential,209.0,8.038461538461538,36.0,6.0,26,2025-12-23T13:39:34.573Z
2022-07-13,2022,7,60255447,Pulse1_Total,captis_pulse,buderim,residential,1441816.0,55454.46153846154,55629.0,55204.0,26,2025-12-23T13:39:34.573Z
2022-07-12,2022,7,9130,Pulse1,captis_pulse,buderim,residential,306.0,17.0,103.0,3.0,18,2025-12-23T13:39:34.573Z
2022-07-12,2022,7,9130,Pulse1_Total,captis_pulse,buderim,residential,9316860.0,517603.3333333333,517903.0,517483.0,18,2025-12-23T13:39:34.573Z
2022-07-12,2022,7,9130,DeviceTemperature,captis_pulse,buderim,residential,20.45,10.225,13.95,6.5,2,2025-12-23T13:39:34.573Z
2022-07-12,2022,7,9130,Battery,captis_pulse,buderim,residential,79.60000000000001,26.533333333333335,74.0,1.98,3,2025-12-23T13:39:34.573Z
2022-07-13,2022,7,9130,Pulse1,captis_pulse,buderim,residential,372.0,14.307692307692308,80.0,3.0,26,2025-12-23T13:39:34.573Z
2022-07-13,2022,7,9130,Pulse1_Total,captis_pulse,buderim,residential,1.347177E7,518145.0,518425.0,517942.0,26,2025-12-23T13:39:34.573Z
2022-07-12,2022,7,9394112,Pulse1,captis_pulse,kuluin,residential,0.0,0.0,0.0,0.0,16,2025-12-23T13:39:34.573Z
2022-07-12,2022,7,9394112,Pulse1_Total,captis_pulse,kuluin,residential,4746368.0,296648.0,296648.0,296648.0,16,2025-12-23T13:39:34.573Z
2022-07-12,2022,7,9394112,DeviceTemperature,captis_pulse,kuluin,residential,19.2,9.6,13.4,5.8,2,2025-12-23T13:39:34.573Z
2022-07-13,2022,7,9394112,Pulse1,captis_pulse,kuluin,residential,3.0,0.12,2.0,0.0,25,2025-12-23T13:39:34.573Z
2022-07-13,2022,7,9394112,Pulse1_Total,captis_pulse,kuluin,residential,7416231.0,296649.24,296651.0,296648.0,25,2025-12-23T13:39:34.573Z
2022-07-13,2022,7,9394112,DeviceTemperature,captis_pulse,kuluin,residential,31.0,31.0,31.0,31.0,1,2025-12-23T13:39:34.573Z
2022-07-12,2022,7,21675518,Pulse1,captis_pulse,buderim,non-residential,0.0,0.0,0.0,0.0,17,2025-12-23T13:39:34.573Z
2022-07-12,2022,7,21675518,Battery,captis_pulse,buderim,non-residential,73.32300000000001,24.441000000000003,68.0,1.703,3,2025-12-23T13:39:34.573Z
2022-07-12,2022,7,21675518,DeviceTemperature,captis_pulse,buderim,non-residential,10.7,10.7,10.7,10.7,1,2025-12-23T13:39:34.573Z
2022-07-13,2022,7,21675518,Pulse1,captis_pulse,buderim,non-residential,0.0,0.0,0.0,0.0,26,2025-12-23T13:39:34.573Z
2022-07-12,2022,7,22046387,Pulse1,captis_pulse,kuluin,non-residential,280.0,16.470588235294116,110.0,0.0,17,2025-12-23T13:39:34.573Z
2022-07-12,2022,7,22046387,DeviceTemperature,captis_pulse,kuluin,non-residential,25.33,12.665,14.93,10.4,2,2025-12-23T13:39:34.573Z
2022-07-12,2022,7,22046387,Battery,captis_pulse,kuluin,non-residential,72.931,24.310333333333332,66.0,3.301,3,2025-12-23T13:39:34.573Z
2022-07-13,2022,7,22046387,Pulse1,captis_pulse,kuluin,non-residential,2610.0,100.38461538461539,340.0,0.0,26,2025-12-23T13:39:34.573Z
2022-07-12,2022,7,62690591,Pulse1,captis_pulse,buderim,residential,630.0,37.05882352941177,200.0,0.0,17,2025-12-23T13:39:34.573Z
2022-07-12,2022,7,62690591,DeviceTemperature,captis_pulse,buderim,residential,12.6,12.6,12.6,12.6,1,2025-12-23T13:39:34.573Z
2022-07-12,2022,7,62690591,Battery,captis_pulse,buderim,residential,73.63,36.815,70.0,3.63,2,2025-12-23T13:39:34.573Z
2022-07-13,2022,7,62690591,Pulse1,captis_pulse,buderim,residential,920.0,38.333333333333336,140.0,0.0,24,2025-12-23T13:39:34.573Z
2022-07-12,2022,7,61214573,Pulse1,captis_pulse,buderim,residential,0.0,0.0,0.0,0.0,17,2025-12-23T13:39:34.573Z
2022-07-12,2022,7,61214573,Pulse1_Total,captis_pulse,buderim,residential,79730.0,4690.0,4690.0,4690.0,17,2025-12-23T13:39:34.573Z
2022-07-12,2022,7,61214573,Battery,captis_pulse,buderim,residential,3.64,3.64,3.64,3.64,1,2025-12-23T13:39:34.573Z
2022-07-13,2022,7,61214573,Pulse1,captis_pulse,buderim,residential,8.0,0.3333333333333333,2.0,0.0,24,2025-12-23T13:39:34.573Z
2022-07-13,2022,7,61214573,Pulse1_Total,captis_pulse,buderim,residential,108072.0,4698.782608695652,4704.0,4690.0,23,2025-12-23T13:39:34.573Z
2022-07-12,2022,7,62358722,Pulse1,captis_pulse,buderim,residential,0.0,0.0,0.0,0.0,17,2025-12-23T13:39:34.573Z
2022-07-12,2022,7,62358722,Pulse1_Total,captis_pulse,buderim,residential,799.0,47.0,47.0,47.0,17,2025-12-23T13:39:34.573Z
2022-07-13,2022,7,62358722,Pulse1,captis_pulse,buderim,residential,0.0,0.0,0.0,0.0,25,2025-12-23T13:39:34.573Z
2022-07-13,2022,7,62358722,Pulse1_Total,captis_pulse,buderim,residential,1128.0,47.0,47.0,47.0,24,2025-12-23T13:39:34.573Z
2022-07-12,2022,7,65084735,Pulse1,captis_pulse,maroochydore,residential,3000.0,230.76923076923077,600.0,0.0,13,2025-12-23T13:39:34.573Z
2022-07-12,2022,7,65084735,DeviceTemperature,captis_pulse,maroochydore,residential,10.5,10.5,10.5,10.5,1,2025-12-23T13:39:34.573Z
2022-07-13,2022,7,65084735,Pulse1,captis_pulse,maroochydore,residential,3300.0,235.71428571428572,400.0,100.0,14,2025-12-23T13:39:34.573Z
2022-07-13,2022,7,65084735,DeviceTemperature,captis_pulse,maroochydore,residential,29.8,29.8,29.8,29.8,1,2025-12-23T13:39:34.573Z
2022-07-12,2022,7,66042,Pulse1,captis_pulse,buderim,residential,100.0,5.882352941176471,30.0,0.0,17,2025-12-23T13:39:34.573Z
2022-07-12,2022,7,66042,Pulse1_Total,captis_pulse,buderim,residential,4827648.0,283979.29411764705,284117.0,283900.0,17,2025-12-23T13:39:34.573Z
2022-07-12,2022,7,66042,DeviceTemperature,captis_pulse,buderim,residential,13.81,13.81,13.81,13.81,1,2025-12-23T13:39:34.573Z
2022-07-12,2022,7,66042,Battery,captis_pulse,buderim,residential,71.52600000000001,23.842000000000002,66.0,1.906,3,2025-12-23T13:39:34.573Z
2022-07-13,2022,7,66042,Pulse1,captis_pulse,buderim,residential,101.0,4.208333333333333,61.0,0.0,24,2025-12-23T13:39:34.573Z
2022-07-13,2022,7,66042,Pulse1_Total,captis_pulse,buderim,residential,6820416.0,284184.0,284274.0,284121.0,24,2025-12-23T13:39:34.573Z
2022-07-12,2022,7,67715163,Pulse1,captis_pulse,buderim,residential,0.0,0.0,0.0,0.0,17,2025-12-23T13:39:34.573Z
2022-07-12,2022,7,67715163,Pulse1_Total,captis_pulse,buderim,residential,629.0,37.0,37.0,37.0,17,2025-12-23T13:39:34.573Z
2022-07-12,2022,7,67715163,Battery,captis_pulse,buderim,residential,3.63,3.63,3.63,3.63,1,2025-12-23T13:39:34.573Z
2022-07-13,2022,7,67715163,Pulse1,captis_pulse,buderim,residential,0.0,0.0,0.0,0.0,24,2025-12-23T13:39:34.573Z
2022-07-13,2022,7,67715163,Pulse1_Total,captis_pulse,buderim,residential,851.0,37.0,37.0,37.0,23,2025-12-23T13:39:34.573Z
2022-07-13,2022,7,67715163,DeviceTemperature,captis_pulse,buderim,residential,24.0,24.0,24.0,24.0,1,2025-12-23T13:39:34.573Z
2022-07-12,2022,7,88144457,Pulse1,captis_pulse,maroochydore,residential,77.0,6.416666666666667,77.0,0.0,12,2025-12-23T13:39:34.573Z
2022-07-12,2022,7,88144457,Pulse1_Total,captis_pulse,maroochydore,residential,1236251.0,103020.91666666667,103091.0,103007.0,12,2025-12-23T13:39:34.573Z
2022-07-12,2022,7,88144457,DeviceTemperature,captis_pulse,maroochydore,residential,14.4,14.4,14.4,14.4,1,2025-12-23T13:39:34.573Z
2022-07-12,2022,7,13917,Pulse1,captis_pulse,buderim,residential,98.0,5.157894736842105,73.0,0.0,19,2025-12-23T13:39:34.573Z
2022-07-12,2022,7,13917,Pulse1_Total,captis_pulse,buderim,residential,4377232.0,230380.63157894736,230574.0,230350.0,19,2025-12-23T13:39:34.573Z
2022-07-12,2022,7,13917,Battery,captis_pulse,buderim,residential,80.893,26.964333333333332,68.0,3.62,3,2025-12-23T13:39:34.573Z
2022-07-12,2022,7,13917,DeviceTemperature,captis_pulse,buderim,residential,6.6,6.6,6.6,6.6,1,2025-12-23T13:39:34.573Z
2022-07-13,2022,7,13917,Pulse1,captis_pulse,buderim,residential,26.0,1.1304347826086956,12.0,0.0,23,2025-12-23T13:39:34.573Z
2022-07-13,2022,7,13917,Pulse1_Total,captis_pulse,buderim,residential,5534500.0,230604.16666666666,230622.0,230581.0,24,2025-12-23T13:39:34.573Z
2022-07-13,2022,7,13917,DeviceTemperature,captis_pulse,buderim,residential,34.9,34.9,34.9,34.9,1,2025-12-23T13:39:34.573Z
2022-07-12,2022,7,2298,Pulse1,captis_pulse,buderim,residential,27.0,1.588235294117647,23.0,0.0,17,2025-12-23T13:39:34.573Z
2022-07-12,2022,7,2298,Pulse1_Total,captis_pulse,buderim,residential,6619506.0,389382.70588235295,389610.0,389334.0,17,2025-12-23T13:39:34.573Z
2022-07-12,2022,7,2298,DeviceTemperature,captis_pulse,buderim,residential,14.11,14.11,14.11,14.11,1,2025-12-23T13:39:34.573Z
2022-07-12,2022,7,2298,Battery,captis_pulse,buderim,residential,75.325,25.108333333333334,70.0,1.685,3,2025-12-23T13:39:34.573Z
2022-07-13,2022,7,2298,Pulse1,captis_pulse,buderim,residential,21.0,0.875,8.0,0.0,24,2025-12-23T13:39:34.573Z
2022-07-13,2022,7,2298,Pulse1_Total,captis_pulse,buderim,residential,9351533.0,389647.2083333333,389761.0,389613.0,24,2025-12-23T13:39:34.573Z
2022-07-13,2022,7,2298,DeviceTemperature,captis_pulse,buderim,residential,35.1,35.1,35.1,35.1,1,2025-12-23T13:39:34.573Z
2022-07-12,2022,7,61197902,Pulse1,captis_pulse,buderim,residential,0.0,0.0,0.0,0.0,17,2025-12-23T13:39:34.573Z
2022-07-12,2022,7,61197902,Pulse1_Total,captis_pulse,buderim,residential,43486.0,2558.0,2558.0,2558.0,17,2025-12-23T13:39:34.573Z
2022-07-13,2022,7,61197902,Pulse1,captis_pulse,buderim,residential,0.0,0.0,0.0,0.0,25,2025-12-23T13:39:34.573Z
2022-07-13,2022,7,61197902,Pulse1_Total,captis_pulse,buderim,residential,61392.0,2558.0,2558.0,2558.0,24,2025-12-23T13:39:34.573Z
2022-07-12,2022,7,62518,Pulse1,captis_pulse,buderim,residential,20.0,1.1764705882352942,15.0,0.0,17,2025-12-23T13:39:34.573Z
2022-07-12,2022,7,62518,Pulse1_Total,captis_pulse,buderim,residential,5421350.0,318902.9411764706,318953.0,318886.0,17,2025-12-23T13:39:34.573Z
2022-07-12,2022,7,62518,DeviceTemperature,captis_pulse,buderim,residential,6.7,6.7,6.7,6.7,1,2025-12-23T13:39:34.573Z
2022-07-13,2022,7,62518,Pulse1,captis_pulse,buderim,residential,15.0,0.6,7.0,0.0,25,2025-12-23T13:39:34.573Z
2022-07-13,2022,7,62518,Pulse1_Total,captis_pulse,buderim,residential,7976143.0,319045.72,319069.0,319036.0,25,2025-12-23T13:39:34.573Z
2022-07-13,2022,7,62518,DeviceTemperature,captis_pulse,buderim,residential,29.5,29.5,29.5,29.5,1,2025-12-23T13:39:34.573Z
2022-07-12,2022,7,67716197,Pulse1,captis_pulse,buderim,residential,11.0,0.6470588235294118,5.0,0.0,17,2025-12-23T13:39:34.573Z
2022-07-12,2022,7,67716197,Pulse1_Total,captis_pulse,buderim,residential,505067.0,29709.823529411766,29779.0,29665.0,17,2025-12-23T13:39:34.573Z
2022-07-12,2022,7,67716197,DeviceTemperature,captis_pulse,buderim,residential,15.03,15.03,15.03,15.03,1,2025-12-23T13:39:34.573Z
2022-07-12,2022,7,67716197,Battery,captis_pulse,buderim,residential,74.353,24.784333333333333,69.0,1.713,3,2025-12-23T13:39:34.573Z
2022-07-13,2022,7,67716197,Pulse1,captis_pulse,buderim,residential,160.0,6.666666666666667,62.0,0.0,24,2025-12-23T13:39:34.573Z
2022-07-13,2022,7,67716197,Pulse1_Total,captis_pulse,buderim,residential,717375.0,29890.625,30024.0,29779.0,24,2025-12-23T13:39:34.573Z
2022-07-13,2022,7,67716197,DeviceTemperature,captis_pulse,buderim,residential,17.1,17.1,17.1,17.1,1,2025-12-23T13:39:34.573Z
2022-07-12,2022,7,2255,Pulse1,captis_pulse,maroochydore,residential,5.0,0.3333333333333333,4.0,0.0,15,2025-12-23T13:39:34.573Z
2022-07-12,2022,7,2255,Pulse1_Total,captis_pulse,maroochydore,residential,1998866.0,133257.73333333334,133289.0,133247.0,15,2025-12-23T13:39:34.573Z
2022-07-13,2022,7,2255,Pulse1,captis_pulse,maroochydore,residential,45.0,1.8,19.0,0.0,25,2025-12-23T13:39:34.573Z
2022-07-13,2022,7,2255,Pulse1_Total,captis_pulse,maroochydore,residential,3333723.0,133348.92,133404.0,133289.0,25,2025-12-23T13:39:34.573Z
2022-07-12,2022,7,254312,Pulse1,captis_pulse,buderim,residential,4.0,0.23529411764705882,4.0,0.0,17,2025-12-23T13:39:34.573Z
2022-07-12,2022,7,254312,Pulse1_Total,captis_pulse,buderim,residential,1062255.0,62485.58823529412,62493.0,62484.0,17,2025-12-23T13:39:34.573Z
2022-07-12,2022,7,254312,DeviceTemperature,captis_pulse,buderim,residential,13.49,13.49,13.49,13.49,1,2025-12-23T13:39:34.573Z
2022-07-12,2022,7,254312,Battery,captis_pulse,buderim,residential,71.721,23.907,66.0,2.101,3,2025-12-23T13:39:34.573Z
2022-07-13,2022,7,254312,Pulse1,captis_pulse,buderim,residential,58.0,2.32,24.0,0.0,25,2025-12-23T13:39:34.573Z
2022-07-13,2022,7,254312,Pulse1_Total,captis_pulse,buderim,residential,1563445.0,62537.8,62619.0,62493.0,25,2025-12-23T13:39:34.573Z
2022-07-12,2022,7,362,Pulse1,captis_pulse,maroochydore,residential,0.0,0.0,0.0,0.0,17,2025-12-23T13:39:34.573Z
2022-07-12,2022,7,362,Pulse1_Total,captis_pulse,maroochydore,residential,4387258.0,258074.0,258074.0,258074.0,17,2025-12-23T13:39:34.573Z
2022-07-12,2022,7,362,DeviceTemperature,captis_pulse,maroochydore,residential,20.86,10.43,13.86,7.0,2,2025-12-23T13:39:34.573Z
2022-07-13,2022,7,362,Pulse1,captis_pulse,maroochydore,residential,83.0,3.1923076923076925,19.0,0.0,26,2025-12-23T13:39:34.573Z
2022-07-13,2022,7,362,Pulse1_Total,captis_pulse,maroochydore,residential,6711970.0,258152.6923076923,258223.0,258074.0,26,2025-12-23T13:39:34.573Z
2022-07-13,2022,7,362,DeviceTemperature,captis_pulse,maroochydore,residential,25.8,25.8,25.8,25.8,1,2025-12-23T13:39:34.573Z
2022-07-12,2022,7,60193546,Pulse1,captis_pulse,buderim,residential,147.0,6.681818181818182,55.0,0.0,22,2025-12-23T13:39:34.573Z
2022-07-12,2022,7,60193546,Pulse1_Total,captis_pulse,buderim,residential,1975716.0,89805.27272727272,90083.0,89747.0,22,2025-12-23T13:39:34.573Z
2022-07-12,2022,7,60193546,DeviceTemperature,captis_pulse,buderim,residential,8.6,8.6,8.6,8.6,1,2025-12-23T13:39:34.573Z
2022-07-13,2022,7,60193546,Pulse1,captis_pulse,buderim,residential,172.0,7.166666666666667,75.0,0.0,24,2025-12-23T13:39:34.573Z
2022-07-13,2022,7,60193546,Pulse1_Total,captis_pulse,buderim,residential,2080374.0,90451.04347826086,90667.0,90108.0,23,2025-12-23T13:39:34.573Z
2022-07-12,2022,7,65089609,Pulse1,captis_pulse,buderim,residential,400.0,22.22222222222222,100.0,0.0,18,2025-12-23T13:39:34.573Z
2022-07-12,2022,7,65089609,DeviceTemperature,captis_pulse,buderim,residential,10.3,10.3,10.3,10.3,1,2025-12-23T13:39:34.573Z
2022-07-13,2022,7,65089609,Pulse1,captis_pulse,buderim,residential,1500.0,57.69230769230769,300.0,0.0,26,2025-12-23T13:39:34.573Z
2022-07-13,2022,7,65089609,DeviceTemperature,captis_pulse,buderim,residential,17.4,17.4,17.4,17.4,1,2025-12-23T13:39:34.573Z
2022-07-12,2022,7,62367216,Pulse1,,,,0.0,0.0,0.0,0.0,16,2025-12-23T13:39:34.573Z
2022-07-12,2022,7,62367216,Pulse1_Total,,,,624.0,39.0,39.0,39.0,16,2025-12-23T13:39:34.573Z
2022-07-12,2022,7,62367216,DeviceTemperature,,,,42.2,21.1,29.5,12.7,2,2025-12-23T13:39:34.573Z
2022-07-13,2022,7,62367216,Pulse1,,,,0.0,0.0,0.0,0.0,1,2025-12-23T13:39:34.573Z
2022-07-13,2022,7,62367216,Pulse1_Total,,,,39.0,39.0,39.0,39.0,1,2025-12-23T13:39:34.573Z
2022-07-12,2022,7,328163,Pulse1,captis_pulse,maroochydore,residential,36.0,2.1176470588235294,30.0,0.0,17,2025-12-23T13:39:34.573Z
2022-07-12,2022,7,328163,Pulse1_Total,captis_pulse,maroochydore,residential,3337393.0,196317.23529411765,196502.0,196277.0,17,2025-12-23T13:39:34.573Z
2022-07-12,2022,7,328163,DeviceTemperature,captis_pulse,maroochydore,residential,16.01,16.01,16.01,16.01,1,2025-12-23T13:39:34.573Z
2022-07-12,2022,7,328163,Battery,captis_pulse,maroochydore,residential,69.917,23.305666666666667,64.0,2.307,3,2025-12-23T13:39:34.573Z
2022-07-13,2022,7,328163,Pulse1,captis_pulse,maroochydore,residential,46.0,1.9166666666666667,20.0,0.0,24,2025-12-23T13:39:34.573Z
2022-07-13,2022,7,328163,Pulse1_Total,captis_pulse,maroochydore,residential,4717288.0,196553.66666666666,196582.0,196513.0,24,2025-12-23T13:39:34.573Z
2022-07-12,2022,7,46054987,Pulse1,captis_pulse,buderim,residential,200.0,12.5,60.0,0.0,16,2025-12-23T13:39:34.573Z
2022-07-12,2022,7,46054987,DeviceTemperature,captis_pulse,buderim,residential,9.6,9.6,9.6,9.6,1,2025-12-23T13:39:34.573Z
2022-07-13,2022,7,46054987,Pulse1,captis_pulse,buderim,residential,460.0,19.166666666666668,170.0,0.0,24,2025-12-23T13:39:34.573Z
2022-07-12,2022,7,60398128,Pulse1,captis_pulse,buderim,residential,4.0,0.23529411764705882,2.0,0.0,17,2025-12-23T13:39:34.573Z
2022-07-12,2022,7,60398128,Pulse1_Total,captis_pulse,buderim,residential,1414854.0,83226.70588235294,83357.0,83194.0,17,2025-12-23T13:39:34.573Z
2022-07-12,2022,7,60398128,DeviceTemperature,captis_pulse,buderim,residential,15.8,15.8,15.8,15.8,1,2025-12-23T13:39:34.573Z
2022-07-13,2022,7,60398128,Pulse1,captis_pulse,buderim,residential,70.0,2.9166666666666665,48.0,0.0,24,2025-12-23T13:39:34.573Z
2022-07-13,2022,7,60398128,Pulse1_Total,captis_pulse,buderim,residential,2001528.0,83397.0,83513.0,83358.0,24,2025-12-23T13:39:34.573Z
2022-07-12,2022,7,61217696,Pulse1,captis_pulse,buderim,residential,2.0,0.11764705882352941,1.0,0.0,17,2025-12-23T13:39:34.573Z
2022-07-12,2022,7,61217696,Pulse1_Total,captis_pulse,buderim,residential,175461.0,10321.235294117647,10326.0,10319.0,17,2025-12-23T13:39:34.573Z
2022-07-12,2022,7,61217696,Battery,captis_pulse,buderim,residential,92.97,23.2425,63.0,2.34,4,2025-12-23T13:39:34.573Z
2022-07-12,2022,7,61217696,DeviceTemperature,captis_pulse,buderim,residential,8.1,8.1,8.1,8.1,1,2025-12-23T13:39:34.573Z
2022-07-13,2022,7,61217696,Pulse1,captis_pulse,buderim,residential,4.0,0.15384615384615385,3.0,0.0,26,2025-12-23T13:39:34.573Z
2022-07-13,2022,7,61217696,Pulse1_Total,captis_pulse,buderim,residential,268519.0,10327.653846153846,10331.0,10326.0,26,2025-12-23T13:39:34.573Z
2022-07-12,2022,7,46351277,Pulse1,captis_pulse,maroochydore,residential,340.0,20.0,80.0,0.0,17,2025-12-23T13:39:34.573Z
2022-07-12,2022,7,46351277,Pulse1_Total,captis_pulse,maroochydore,residential,1.542772E7,907512.9411764706,908010.0,907280.0,17,2025-12-23T13:39:34.573Z
2022-07-12,2022,7,46351277,Battery,captis_pulse,maroochydore,residential,69.72,23.24,64.0,2.08,3,2025-12-23T13:39:34.573Z
2022-07-13,2022,7,46351277,Pulse1,captis_pulse,maroochydore,residential,460.0,19.166666666666668,110.0,0.0,24,2025-12-23T13:39:34.573Z
2022-07-13,2022,7,46351277,Pulse1_Total,captis_pulse,maroochydore,residential,2.090519E7,908921.304347826,909220.0,908460.0,23,2025-12-23T13:39:34.573Z
2022-07-13,2022,7,61076403,DeviceTemperature,captis_pulse,buderim,residential,14.81,14.81,14.81,14.81,1,2025-12-23T13:39:34.573Z
2022-07-13,2022,7,61076403,Battery,captis_pulse,buderim,residential,50.64,25.32,47.0,3.64,2,2025-12-23T13:39:34.573Z
2022-07-12,2022,7,61276086,Pulse1,captis_pulse,buderim,residential,27.0,1.5,24.0,0.0,18,2025-12-23T13:39:34.573Z
2022-07-12,2022,7,61276086,Pulse1_Total,captis_pulse,buderim,residential,419201.0,23288.944444444445,23356.0,23270.0,18,2025-12-23T13:39:34.573Z
2022-07-12,2022,7,61276086,Battery,captis_pulse,buderim,residential,71.053,23.68433333333333,64.0,3.413,3,2025-12-23T13:39:34.573Z
2022-07-13,2022,7,61276086,Pulse1,captis_pulse,buderim,residential,14.0,0.5384615384615384,6.0,0.0,26,2025-12-23T13:39:34.573Z
2022-07-13,2022,7,61276086,Pulse1_Total,captis_pulse,buderim,residential,608146.0,23390.23076923077,23443.0,23356.0,26,2025-12-23T13:39:34.573Z
2022-07-13,2022,7,61276086,DeviceTemperature,captis_pulse,buderim,residential,19.8,19.8,19.8,19.8,1,2025-12-23T13:39:34.573Z
2022-07-12,2022,7,8980581,Pulse1,captis_pulse,maroochydore,residential,78.0,4.333333333333333,35.0,0.0,18,2025-12-23T13:39:34.573Z
2022-07-12,2022,7,8980581,Pulse1_Total,captis_pulse,maroochydore,residential,4129048.0,229391.55555555556,229501.0,229343.0,18,2025-12-23T13:39:34.573Z
2022-07-12,2022,7,8980581,Battery,captis_pulse,maroochydore,residential,2.81,2.81,2.81,2.81,1,2025-12-23T13:39:34.573Z
2022-07-12,2022,7,8980581,DeviceTemperature,captis_pulse,maroochydore,residential,6.8,6.8,6.8,6.8,1,2025-12-23T13:39:34.573Z
2022-07-13,2022,7,8980581,Pulse1,captis_pulse,maroochydore,residential,495.0,19.03846153846154,114.0,0.0,26,2025-12-23T13:39:34.573Z
2022-07-13,2022,7,8980581,Pulse1_Total,captis_pulse,maroochydore,residential,5979731.0,229989.65384615384,230282.0,229511.0,26,2025-12-23T13:39:34.573Z
2022-07-12,2022,7,93930,Pulse1,captis_pulse,buderim,residential,22.0,1.2941176470588236,9.0,0.0,17,2025-12-23T13:39:34.573Z
2022-07-12,2022,7,93930,Pulse1_Total,captis_pulse,buderim,residential,1667279.0,98075.23529411765,98170.0,98049.0,17,2025-12-23T13:39:34.573Z
2022-07-12,2022,7,93930,DeviceTemperature,captis_pulse,buderim,residential,13.9,13.9,13.9,13.9,1,2025-12-23T13:39:34.573Z
2022-07-12,2022,7,93930,Battery,captis_pulse,buderim,residential,75.304,25.101333333333333,69.0,2.684,3,2025-12-23T13:39:34.573Z
2022-07-13,2022,7,93930,Pulse1,captis_pulse,buderim,residential,12.0,0.5,9.0,0.0,24,2025-12-23T13:39:34.573Z
2022-07-13,2022,7,93930,Pulse1_Total,captis_pulse,buderim,residential,2356544.0,98189.33333333333,98197.0,98173.0,24,2025-12-23T13:39:34.573Z
2022-07-13,2022,7,93930,DeviceTemperature,captis_pulse,buderim,residential,19.3,19.3,19.3,19.3,1,2025-12-23T13:39:34.573Z
2022-07-12,2022,7,81970895,DeviceTemperature,,,,23.78,23.78,23.78,23.78,1,2025-12-23T13:39:34.573Z
2022-07-12,2022,7,256476,Pulse1,captis_pulse,maroochydore,residential,0.0,0.0,0.0,0.0,9,2025-12-23T13:39:34.573Z
2022-07-12,2022,7,256476,Pulse1_Total,captis_pulse,maroochydore,residential,1317789.0,146421.0,146421.0,146421.0,9,2025-12-23T13:39:34.573Z
2022-07-12,2022,7,256476,DeviceTemperature,captis_pulse,maroochydore,residential,16.47,16.47,16.47,16.47,1,2025-12-23T13:39:34.573Z
2022-07-12,2022,7,256476,Battery,captis_pulse,maroochydore,residential,74.6,37.3,71.0,3.6,2,2025-12-23T13:39:34.573Z
2022-07-12,2022,7,314254,Pulse1,captis_pulse,buderim,residential,0.0,0.0,0.0,0.0,16,2025-12-23T13:39:34.573Z
2022-07-12,2022,7,314254,Pulse1_Total,captis_pulse,buderim,residential,7526816.0,470426.0,470426.0,470426.0,16,2025-12-23T13:39:34.573Z
2022-07-12,2022,7,314254,DeviceTemperature,captis_pulse,buderim,residential,14.18,14.18,14.18,14.18,1,2025-12-23T13:39:34.573Z
2022-07-13,2022,7,314254,Pulse1,captis_pulse,buderim,residential,0.0,0.0,0.0,0.0,24,2025-12-23T13:39:34.573Z
2022-07-13,2022,7,314254,Pulse1_Total,captis_pulse,buderim,residential,1.1290224E7,470426.0,470426.0,470426.0,24,2025-12-23T13:39:34.573Z
2022-07-12,2022,7,61145685,Pulse1,captis_pulse,buderim,residential,0.0,0.0,0.0,0.0,8,2025-12-23T13:39:34.573Z
2022-07-12,2022,7,61145685,Pulse1_Total,captis_pulse,buderim,residential,272.0,34.0,34.0,34.0,8,2025-12-23T13:39:34.573Z
2022-07-12,2022,7,61562210,Pulse1,captis_pulse,buderim,residential,0.0,0.0,0.0,0.0,17,2025-12-23T13:39:34.573Z
2022-07-12,2022,7,61562210,Pulse1_Total,captis_pulse,buderim,residential,612.0,36.0,36.0,36.0,17,2025-12-23T13:39:34.573Z
2022-07-12,2022,7,61562210,DeviceTemperature,captis_pulse,buderim,residential,14.6,14.6,14.6,14.6,1,2025-12-23T13:39:34.573Z
2022-07-12,2022,7,61562210,Battery,captis_pulse,buderim,residential,70.689,23.563,64.0,3.059,3,2025-12-23T13:39:34.573Z
2022-07-13,2022,7,61562210,Pulse1,captis_pulse,buderim,residential,0.0,0.0,0.0,0.0,26,2025-12-23T13:39:34.573Z
2022-07-13,2022,7,61562210,Pulse1_Total,captis_pulse,buderim,residential,900.0,36.0,36.0,36.0,25,2025-12-23T13:39:34.573Z
2022-07-12,2022,7,48276326,Pulse1,,,,0.0,0.0,0.0,0.0,16,2025-12-23T13:39:34.573Z
2022-07-12,2022,7,48276326,DeviceTemperature,,,,13.38,13.38,13.38,13.38,1,2025-12-23T13:39:34.573Z
2022-07-13,2022,7,48276326,Pulse1,,,,0.0,0.0,0.0,0.0,24,2025-12-23T13:39:34.573Z
2022-07-13,2022,7,48276326,DeviceTemperature,,,,32.2,32.2,32.2,32.2,1,2025-12-23T13:39:34.573Z
2022-07-12,2022,7,1751,Pulse1,captis_pulse,maroochydore,residential,41.0,2.411764705882353,15.0,0.0,17,2025-12-23T13:39:34.573Z
2022-07-12,2022,7,1751,Pulse1_Total,captis_pulse,maroochydore,residential,4477322.0,263371.8823529412,263405.0,263302.0,17,2025-12-23T13:39:34.573Z
2022-07-12,2022,7,1751,DeviceTemperature,captis_pulse,maroochydore,residential,22.15,11.075,14.15,8.0,2,2025-12-23T13:39:34.573Z
2022-07-12,2022,7,1751,Battery,captis_pulse,maroochydore,residential,69.655,23.218333333333334,64.0,2.035,3,2025-12-23T13:39:34.573Z
2022-07-13,2022,7,1751,Pulse1,captis_pulse,maroochydore,residential,80.0,3.3333333333333335,28.0,0.0,24,2025-12-23T13:39:34.573Z
2022-07-13,2022,7,1751,Pulse1_Total,captis_pulse,maroochydore,residential,6325875.0,263578.125,263700.0,263426.0,24,2025-12-23T13:39:34.573Z
2022-07-12,2022,7,66202794,Pulse1,captis_pulse,buderim,residential,2.0,0.125,1.0,0.0,16,2025-12-23T13:39:34.573Z
2022-07-12,2022,7,66202794,Pulse1_Total,captis_pulse,buderim,residential,409751.0,25609.4375,25615.0,25607.0,16,2025-12-23T13:39:34.573Z
2022-07-13,2022,7,66202794,Pulse1,captis_pulse,buderim,residential,26.0,1.0833333333333333,12.0,0.0,24,2025-12-23T13:39:34.573Z
2022-07-13,2022,7,66202794,Pulse1_Total,captis_pulse,buderim,residential,615890.0,25662.083333333332,25705.0,25618.0,24,2025-12-23T13:39:34.573Z
2022-07-13,2022,7,66202794,DeviceTemperature,captis_pulse,buderim,residential,19.6,19.6,19.6,19.6,1,2025-12-23T13:39:34.573Z
2022-07-12,2022,7,76490,Pulse1,captis_pulse,buderim,residential,16.0,0.9411764705882353,6.0,0.0,17,2025-12-23T13:39:34.573Z
2022-07-12,2022,7,76490,Pulse1_Total,captis_pulse,buderim,residential,2112791.0,124281.82352941176,124314.0,124273.0,17,2025-12-23T13:39:34.573Z
2022-07-12,2022,7,76490,DeviceTemperature,captis_pulse,buderim,residential,14.76,14.76,14.76,14.76,1,2025-12-23T13:39:34.573Z
2022-07-12,2022,7,76490,Battery,captis_pulse,buderim,residential,72.19800000000001,24.066000000000003,66.0,2.578,3,2025-12-23T13:39:34.573Z
2022-07-13,2022,7,76490,Pulse1,captis_pulse,buderim,residential,7.0,0.2916666666666667,1.0,0.0,24,2025-12-23T13:39:34.573Z
2022-07-13,2022,7,76490,Pulse1_Total,captis_pulse,buderim,residential,2985719.0,124404.95833333333,124418.0,124321.0,24,2025-12-23T13:39:34.573Z
2022-07-13,2022,7,76490,DeviceTemperature,captis_pulse,buderim,residential,18.9,18.9,18.9,18.9,1,2025-12-23T13:39:34.573Z
2022-07-12,2022,7,81969416,Pulse1,captis_pulse,maroochydore,residential,0.0,0.0,0.0,0.0,15,2025-12-23T13:39:34.573Z
2022-07-12,2022,7,81969416,DeviceTemperature,captis_pulse,maroochydore,residential,10.3,10.3,10.3,10.3,1,2025-12-23T13:39:34.573Z
2022-07-12,2022,7,17649,Pulse1,captis_pulse,buderim,residential,21.0,1.3125,14.0,0.0,16,2025-12-23T13:39:34.573Z
2022-07-12,2022,7,17649,Pulse1_Total,captis_pulse,buderim,residential,4306471.0,269154.4375,269179.0,269146.0,16,2025-12-23T13:39:34.573Z
2022-07-12,2022,7,17649,Battery,captis_pulse,buderim,residential,1.779,1.779,1.779,1.779,1,2025-12-23T13:39:34.573Z
2022-07-12,2022,7,17649,DeviceTemperature,captis_pulse,buderim,residential,4.6,4.6,4.6,4.6,1,2025-12-23T13:39:34.573Z
2022-07-13,2022,7,17649,Pulse1,captis_pulse,buderim,residential,4.0,0.16666666666666666,4.0,0.0,24,2025-12-23T13:39:34.573Z
2022-07-13,2022,7,17649,Pulse1_Total,captis_pulse,buderim,residential,6461302.0,269220.9166666667,269250.0,269179.0,24,2025-12-23T13:39:34.573Z
2022-07-13,2022,7,17649,DeviceTemperature,captis_pulse,buderim,residential,35.0,35.0,35.0,35.0,1,2025-12-23T13:39:34.573Z
2022-07-12,2022,7,48265720,Pulse1,captis_pulse,maroochydore,residential,310.0,17.22222222222222,150.0,0.0,18,2025-12-23T13:39:34.573Z
2022-07-12,2022,7,48265720,DeviceTemperature,captis_pulse,maroochydore,residential,10.3,10.3,10.3,10.3,1,2025-12-23T13:39:34.573Z
2022-07-13,2022,7,48265720,Pulse1,captis_pulse,maroochydore,residential,660.0,28.695652173913043,130.0,0.0,23,2025-12-23T13:39:34.573Z
2022-07-13,2022,7,48265720,DeviceTemperature,captis_pulse,maroochydore,residential,15.8,15.8,15.8,15.8,1,2025-12-23T13:39:34.573Z
2022-07-12,2022,7,60257041,Pulse1,captis_pulse,buderim,residential,133.0,6.65,73.0,0.0,20,2025-12-23T13:39:34.573Z
2022-07-12,2022,7,60257041,Pulse1_Total,captis_pulse,buderim,residential,1888564.0,94428.2,94628.0,94343.0,20,2025-12-23T13:39:34.573Z
2022-07-13,2022,7,60257041,Pulse1,captis_pulse,buderim,residential,241.0,10.041666666666666,60.0,0.0,24,2025-12-23T13:39:34.573Z
2022-07-13,2022,7,60257041,Pulse1_Total,captis_pulse,buderim,residential,2276198.0,94841.58333333333,95032.0,94637.0,24,2025-12-23T13:39:34.573Z
2022-07-13,2022,7,60257041,DeviceTemperature,captis_pulse,buderim,residential,28.2,28.2,28.2,28.2,1,2025-12-23T13:39:34.573Z
2022-07-12,2022,7,21398657,Pulse1,,,,0.0,0.0,0.0,0.0,15,2025-12-23T13:39:34.573Z
2022-07-12,2022,7,21398657,DeviceTemperature,,,,22.2,22.2,22.2,22.2,1,2025-12-23T13:39:34.573Z
2022-07-13,2022,7,21398657,Pulse1,,,,0.0,0.0,0.0,0.0,8,2025-12-23T13:39:34.573Z
2022-07-13,2022,7,21398657,DeviceTemperature,,,,23.39,23.39,23.39,23.39,1,2025-12-23T13:39:34.573Z
2022-07-12,2022,7,61144943,Pulse1,captis_pulse,buderim,residential,13.0,0.7647058823529411,7.0,0.0,17,2025-12-23T13:39:34.573Z
2022-07-12,2022,7,61144943,Pulse1_Total,captis_pulse,buderim,residential,534578.0,33411.125,33524.0,33376.0,16,2025-12-23T13:39:34.573Z
2022-07-12,2022,7,61144943,DeviceTemperature,captis_pulse,buderim,residential,12.76,12.76,12.76,12.76,1,2025-12-23T13:39:34.573Z
2022-07-12,2022,7,61144943,Battery,captis_pulse,buderim,residential,3.64,3.64,3.64,3.64,1,2025-12-23T13:39:34.573Z
2022-07-13,2022,7,61144943,Pulse1,captis_pulse,buderim,residential,68.0,2.6153846153846154,23.0,0.0,26,2025-12-23T13:39:34.573Z
2022-07-13,2022,7,61144943,Pulse1_Total,captis_pulse,buderim,residential,874546.0,33636.38461538462,33704.0,33525.0,26,2025-12-23T13:39:34.573Z
2022-07-12,2022,7,61489954,Pulse1,captis_pulse,buderim,residential,1.0,0.058823529411764705,1.0,0.0,17,2025-12-23T13:39:34.573Z
2022-07-12,2022,7,61489954,Pulse1_Total,captis_pulse,buderim,residential,2516773.0,148045.4705882353,148051.0,148043.0,17,2025-12-23T13:39:34.573Z
2022-07-12,2022,7,61489954,DeviceTemperature,captis_pulse,buderim,residential,28.47,14.235,14.77,13.7,2,2025-12-23T13:39:34.573Z
2022-07-13,2022,7,61489954,Pulse1,captis_pulse,buderim,residential,54.0,2.16,30.0,0.0,25,2025-12-23T13:39:34.573Z
2022-07-13,2022,7,61489954,Pulse1_Total,captis_pulse,buderim,residential,3703064.0,148122.56,148175.0,148052.0,25,2025-12-23T13:39:34.573Z
2022-07-12,2022,7,61614,Pulse1,captis_pulse,buderim,residential,7.0,0.4117647058823529,6.0,0.0,17,2025-12-23T13:39:34.573Z
2022-07-12,2022,7,61614,Pulse1_Total,captis_pulse,buderim,residential,2690379.0,158257.58823529413,158296.0,158238.0,17,2025-12-23T13:39:34.573Z
2022-07-12,2022,7,61614,Battery,captis_pulse,buderim,residential,76.64500000000001,25.548333333333336,71.0,2.025,3,2025-12-23T13:39:34.573Z
2022-07-12,2022,7,61614,DeviceTemperature,captis_pulse,buderim,residential,5.7,5.7,5.7,5.7,1,2025-12-23T13:39:34.573Z
2022-07-13,2022,7,61614,Pulse1,captis_pulse,buderim,residential,93.0,3.875,66.0,0.0,24,2025-12-23T13:39:34.573Z
2022-07-13,2022,7,61614,Pulse1_Total,captis_pulse,buderim,residential,3804643.0,158526.79166666666,158548.0,158474.0,24,2025-12-23T13:39:34.573Z
2022-07-12,2022,7,97884,Pulse1,captis_pulse,buderim,residential,65.0,3.0952380952380953,31.0,0.0,21,2025-12-23T13:39:34.573Z
2022-07-12,2022,7,97884,Pulse1_Total,captis_pulse,buderim,residential,6631116.0,315767.4285714286,315871.0,315729.0,21,2025-12-23T13:39:34.573Z
2022-07-12,2022,7,97884,DeviceTemperature,captis_pulse,buderim,residential,4.6,4.6,4.6,4.6,1,2025-12-23T13:39:34.573Z
2022-07-13,2022,7,97884,DeviceTemperature,captis_pulse,buderim,residential,30.1,30.1,30.1,30.1,1,2025-12-23T13:39:34.573Z
2022-07-13,2022,7,97884,Pulse1,captis_pulse,buderim,residential,102.0,4.25,38.0,0.0,24,2025-12-23T13:39:34.573Z
2022-07-13,2022,7,97884,Pulse1_Total,captis_pulse,buderim,residential,7583930.0,315997.0833333333,316040.0,315875.0,24,2025-12-23T13:39:34.573Z
2022-07-12,2022,7,22368537,Pulse1,captis_pulse,birtinya,#n/a,0.0,0.0,0.0,0.0,17,2025-12-23T13:39:34.573Z
2022-07-12,2022,7,22368537,Pulse1_Total,captis_pulse,birtinya,#n/a,717094.0,42182.0,42182.0,42182.0,17,2025-12-23T13:39:34.573Z
2022-07-12,2022,7,22368537,DeviceTemperature,captis_pulse,birtinya,#n/a,13.43,13.43,13.43,13.43,1,2025-12-23T13:39:34.573Z
2022-07-12,2022,7,22368537,Battery,captis_pulse,birtinya,#n/a,3.64,3.64,3.64,3.64,1,2025-12-23T13:39:34.573Z
2022-07-13,2022,7,22368537,Pulse1,captis_pulse,birtinya,#n/a,0.0,0.0,0.0,0.0,24,2025-12-23T13:39:34.573Z
2022-07-13,2022,7,22368537,Pulse1_Total,captis_pulse,birtinya,#n/a,1012368.0,42182.0,42182.0,42182.0,24,2025-12-23T13:39:34.573Z
2022-07-12,2022,7,594928,Pulse1,captis_pulse,kuluin,residential,126.0,7.411764705882353,68.0,0.0,17,2025-12-23T13:39:34.573Z
2022-07-12,2022,7,594928,Pulse1_Total,captis_pulse,kuluin,residential,4373259.0,257250.5294117647,257484.0,257134.0,17,2025-12-23T13:39:34.573Z
2022-07-12,2022,7,594928,DeviceTemperature,captis_pulse,kuluin,residential,13.71,13.71,13.71,13.71,1,2025-12-23T13:39:34.573Z
2022-07-12,2022,7,594928,Battery,captis_pulse,kuluin,residential,1.623,1.623,1.623,1.623,1,2025-12-23T13:39:34.573Z
2022-07-13,2022,7,594928,Pulse1,captis_pulse,kuluin,residential,43.0,1.8695652173913044,20.0,0.0,23,2025-12-23T13:39:34.573Z
2022-07-13,2022,7,594928,Pulse1_Total,captis_pulse,kuluin,residential,6184584.0,257691.0,257785.0,257484.0,24,2025-12-23T13:39:34.573Z
2022-07-12,2022,7,60218899,Pulse1,captis_pulse,buderim,residential,0.0,0.0,0.0,0.0,8,2025-12-23T13:39:34.573Z
2022-07-12,2022,7,60218899,Pulse1_Total,captis_pulse,buderim,residential,268616.0,33577.0,33577.0,33577.0,8,2025-12-23T13:39:34.573Z
2022-07-12,2022,7,73328,Pulse1,captis_pulse,buderim,residential,96.0,5.647058823529412,85.0,0.0,17,2025-12-23T13:39:34.573Z
2022-07-12,2022,7,73328,Pulse1_Total,captis_pulse,buderim,residential,2706526.0,159207.41176470587,159419.0,159155.0,17,2025-12-23T13:39:34.573Z
2022-07-12,2022,7,73328,DeviceTemperature,captis_pulse,buderim,residential,22.96,11.48,13.96,9.0,2,2025-12-23T13:39:34.573Z
2022-07-12,2022,7,73328,Battery,captis_pulse,buderim,residential,74.269,24.756333333333334,69.0,1.629,3,2025-12-23T13:39:34.573Z
2022-07-13,2022,7,73328,Pulse1,captis_pulse,buderim,residential,16.0,0.6666666666666666,7.0,0.0,24,2025-12-23T13:39:34.573Z
2022-07-13,2022,7,73328,Pulse1_Total,captis_pulse,buderim,residential,3826714.0,159446.41666666666,159465.0,159420.0,24,2025-12-23T13:39:34.573Z
2022-07-13,2022,7,73328,DeviceTemperature,captis_pulse,buderim,residential,17.1,17.1,17.1,17.1,1,2025-12-23T13:39:34.573Z
2022-07-12,2022,7,84674,Pulse1,captis_pulse,buderim,residential,170.0,11.333333333333334,88.0,0.0,15,2025-12-23T13:39:34.573Z
2022-07-12,2022,7,84674,Pulse1_Total,captis_pulse,buderim,residential,4327820.0,288521.3333333333,288720.0,288433.0,15,2025-12-23T13:39:34.573Z
2022-07-12,2022,7,84674,DeviceTemperature,captis_pulse,buderim,residential,23.09,11.545,13.99,9.1,2,2025-12-23T13:39:34.573Z
2022-07-12,2022,7,84674,Battery,captis_pulse,buderim,residential,2.938,2.938,2.938,2.938,1,2025-12-23T13:39:34.573Z
2022-07-13,2022,7,84674,Pulse1,captis_pulse,buderim,residential,168.0,7.0,103.0,0.0,24,2025-12-23T13:39:34.573Z
2022-07-13,2022,7,84674,Pulse1_Total,captis_pulse,buderim,residential,6932257.0,288844.0416666667,288997.0,288732.0,24,2025-12-23T13:39:34.573Z
2022-07-13,2022,7,84674,DeviceTemperature,captis_pulse,buderim,residential,21.1,21.1,21.1,21.1,1,2025-12-23T13:39:34.573Z
2022-07-12,2022,7,9160926,Pulse1,captis_pulse,maroochydore,residential,134.0,6.380952380952381,70.0,0.0,21,2025-12-23T13:39:34.573Z
2022-07-12,2022,7,9160926,Pulse1_Total,captis_pulse,maroochydore,residential,6921776.0,314626.1818181818,314960.0,314526.0,22,2025-12-23T13:39:34.573Z
2022-07-12,2022,7,9160926,DeviceTemperature,captis_pulse,maroochydore,residential,9.8,9.8,9.8,9.8,1,2025-12-23T13:39:34.573Z
2022-07-13,2022,7,9160926,Pulse1,captis_pulse,maroochydore,residential,311.0,12.958333333333334,83.0,0.0,24,2025-12-23T13:39:34.573Z
2022-07-13,2022,7,9160926,Pulse1_Total,captis_pulse,maroochydore,residential,7574137.0,315589.0416666667,315736.0,315226.0,24,2025-12-23T13:39:34.573Z
2022-07-13,2022,7,9160926,DeviceTemperature,captis_pulse,maroochydore,residential,17.0,17.0,17.0,17.0,1,2025-12-23T13:39:34.573Z
2022-07-12,2022,7,13128,Pulse1,captis_pulse,buderim,residential,2.0,0.125,2.0,0.0,16,2025-12-23T13:39:34.573Z
2022-07-12,2022,7,13128,Pulse1_Total,captis_pulse,buderim,residential,565817.0,35363.5625,35366.0,35362.0,16,2025-12-23T13:39:34.573Z
2022-07-12,2022,7,13128,DeviceTemperature,captis_pulse,buderim,residential,13.3,13.3,13.3,13.3,1,2025-12-23T13:39:34.573Z
2022-07-12,2022,7,13128,Battery,captis_pulse,buderim,residential,77.516,25.83866666666667,72.0,1.906,3,2025-12-23T13:39:34.573Z
2022-07-13,2022,7,13128,Pulse1,captis_pulse,buderim,residential,14.0,0.56,8.0,0.0,25,2025-12-23T13:39:34.573Z
2022-07-13,2022,7,13128,Pulse1_Total,captis_pulse,buderim,residential,884925.0,35397.0,35402.0,35386.0,25,2025-12-23T13:39:34.573Z
2022-07-12,2022,7,46054145,Pulse1,captis_pulse,buderim,residential,590.0,39.333333333333336,290.0,0.0,15,2025-12-23T13:39:34.573Z
2022-07-12,2022,7,46054145,DeviceTemperature,captis_pulse,buderim,residential,26.93,13.465,16.33,10.6,2,2025-12-23T13:39:34.573Z
2022-07-12,2022,7,46054145,Battery,captis_pulse,buderim,residential,73.56700000000001,24.522333333333336,68.0,1.927,3,2025-12-23T13:39:34.573Z
2022-07-13,2022,7,46054145,Pulse1,captis_pulse,buderim,residential,1640.0,65.6,260.0,0.0,25,2025-12-23T13:39:34.573Z
2022-07-12,2022,7,61347246,Pulse1,captis_pulse,buderim,residential,52.0,3.0588235294117645,28.0,0.0,17,2025-12-23T13:39:34.573Z
2022-07-12,2022,7,61347246,Pulse1_Total,captis_pulse,buderim,residential,668136.0,39302.117647058825,39375.0,39275.0,17,2025-12-23T13:39:34.573Z
2022-07-12,2022,7,61347246,DeviceTemperature,captis_pulse,buderim,residential,23.0,11.5,12.9,10.1,2,2025-12-23T13:39:34.573Z
2022-07-13,2022,7,61347246,Pulse1,captis_pulse,buderim,residential,51.0,2.217391304347826,35.0,0.0,23,2025-12-23T13:39:34.573Z
2022-07-13,2022,7,61347246,Pulse1_Total,captis_pulse,buderim,residential,906345.0,39406.30434782609,39460.0,39375.0,23,2025-12-23T13:39:34.573Z
2022-07-12,2022,7,720,Pulse1,captis_pulse,maroochydore,non-residential,19.0,1.1176470588235294,15.0,0.0,17,2025-12-23T13:39:34.573Z
2022-07-12,2022,7,720,Pulse1_Total,captis_pulse,maroochydore,non-residential,894044.0,52590.82352941176,52609.0,52586.0,17,2025-12-23T13:39:34.573Z
2022-07-12,2022,7,720,Battery,captis_pulse,maroochydore,non-residential,77.31700000000001,25.772333333333336,72.0,1.697,3,2025-12-23T13:39:34.573Z
2022-07-13,2022,7,720,Pulse1,captis_pulse,maroochydore,non-residential,24.0,1.0,8.0,0.0,24,2025-12-23T13:39:34.573Z
2022-07-13,2022,7,720,Pulse1_Total,captis_pulse,maroochydore,non-residential,1264021.0,52667.541666666664,52684.0,52628.0,24,2025-12-23T13:39:34.573Z
2022-07-12,2022,7,81965965,Pulse1,captis_pulse,maroochydore,#n/a,55.0,3.4375,20.0,0.0,16,2025-12-23T13:39:34.573Z
2022-07-12,2022,7,81965965,DeviceTemperature,captis_pulse,maroochydore,#n/a,7.7,7.7,7.7,7.7,1,2025-12-23T13:39:34.573Z
2022-07-13,2022,7,81965965,Pulse1,captis_pulse,maroochydore,#n/a,55.0,18.333333333333332,25.0,10.0,3,2025-12-23T13:39:34.573Z
2022-07-13,2022,7,81965965,DeviceTemperature,captis_pulse,maroochydore,#n/a,13.71,13.71,13.71,13.71,1,2025-12-23T13:39:34.573Z
2022-07-13,2022,7,81965965,Battery,captis_pulse,maroochydore,#n/a,71.64,35.82,68.0,3.64,2,2025-12-23T13:39:34.573Z
2022-07-12,2022,7,22451667,Pulse1,captis_pulse,mountain creek,non-residential,0.0,0.0,0.0,0.0,16,2025-12-23T13:39:34.573Z
2022-07-12,2022,7,22451667,Pulse1_Total,captis_pulse,mountain creek,non-residential,46580.0,2740.0,2740.0,2740.0,17,2025-12-23T13:39:34.573Z
2022-07-12,2022,7,22451667,Battery,captis_pulse,mountain creek,non-residential,78.719,26.239666666666665,73.0,2.149,3,2025-12-23T13:39:34.573Z
2022-07-12,2022,7,22451667,DeviceTemperature,captis_pulse,mountain creek,non-residential,17.7,17.7,17.7,17.7,1,2025-12-23T13:39:34.573Z
2022-07-13,2022,7,22451667,Pulse1,captis_pulse,mountain creek,non-residential,0.0,0.0,0.0,0.0,23,2025-12-23T13:39:34.573Z
2022-07-13,2022,7,22451667,Pulse1_Total,captis_pulse,mountain creek,non-residential,60280.0,2740.0,2740.0,2740.0,22,2025-12-23T13:39:34.573Z
2022-07-12,2022,7,2659,Pulse1,captis_pulse,buderim,residential,34.0,2.2666666666666666,17.0,0.0,15,2025-12-23T13:39:34.573Z
2022-07-12,2022,7,2659,Pulse1_Total,captis_pulse,buderim,residential,3953011.0,263534.06666666665,263613.0,263490.0,15,2025-12-23T13:39:34.573Z
2022-07-12,2022,7,2659,DeviceTemperature,captis_pulse,buderim,residential,14.79,14.79,14.79,14.79,1,2025-12-23T13:39:34.573Z
2022-07-13,2022,7,2659,Pulse1,captis_pulse,buderim,residential,27.0,1.125,7.0,0.0,24,2025-12-23T13:39:34.573Z
2022-07-13,2022,7,2659,Pulse1_Total,captis_pulse,buderim,residential,6327104.0,263629.3333333333,263651.0,263613.0,24,2025-12-23T13:39:34.573Z
2022-07-12,2022,7,21951243,Pulse1,captis_pulse,caloundra,non-residential,0.0,0.0,0.0,0.0,17,2025-12-23T13:39:34.573Z
2022-07-12,2022,7,21951243,Battery,captis_pulse,caloundra,non-residential,74.319,24.773,69.0,1.679,3,2025-12-23T13:39:34.573Z
2022-07-12,2022,7,21951243,DeviceTemperature,captis_pulse,caloundra,non-residential,8.8,8.8,8.8,8.8,1,2025-12-23T13:39:34.573Z
2022-07-13,2022,7,21951243,Pulse1,captis_pulse,caloundra,non-residential,0.0,0.0,0.0,0.0,24,2025-12-23T13:39:34.573Z
2022-07-12,2022,7,21968336,Pulse1,captis_pulse,mountain creek,non-residential,30.0,1.6666666666666667,20.0,0.0,18,2025-12-23T13:39:34.573Z
2022-07-13,2022,7,21968336,Pulse1,captis_pulse,mountain creek,non-residential,330.0,13.75,90.0,0.0,24,2025-12-23T13:39:34.573Z
2022-07-13,2022,7,21968336,DeviceTemperature,captis_pulse,mountain creek,non-residential,26.6,26.6,26.6,26.6,1,2025-12-23T13:39:34.573Z
2022-07-12,2022,7,256685,Pulse1,captis_pulse,buderim,residential,30.0,1.7647058823529411,17.0,0.0,17,2025-12-23T13:39:34.573Z
2022-07-12,2022,7,256685,Pulse1_Total,captis_pulse,buderim,residential,4294922.0,252642.4705882353,252809.0,252585.0,17,2025-12-23T13:39:34.573Z
2022-07-12,2022,7,256685,DeviceTemperature,captis_pulse,buderim,residential,13.67,13.67,13.67,13.67,1,2025-12-23T13:39:34.573Z
2022-07-12,2022,7,256685,Battery,captis_pulse,buderim,residential,71.411,23.80366666666667,66.0,1.791,3,2025-12-23T13:39:34.573Z
2022-07-13,2022,7,256685,Pulse1,captis_pulse,buderim,residential,153.0,6.375,42.0,0.0,24,2025-12-23T13:39:34.573Z
2022-07-13,2022,7,256685,Pulse1_Total,captis_pulse,buderim,residential,6071270.0,252969.58333333334,253140.0,252817.0,24,2025-12-23T13:39:34.573Z
2022-07-13,2022,7,256685,DeviceTemperature,captis_pulse,buderim,residential,26.4,26.4,26.4,26.4,1,2025-12-23T13:39:34.573Z
2022-07-12,2022,7,257328,Pulse1,captis_pulse,buderim,residential,21.0,1.3125,15.0,0.0,16,2025-12-23T13:39:34.573Z
2022-07-12,2022,7,257328,Pulse1_Total,captis_pulse,buderim,residential,3073395.0,192087.1875,192102.0,192081.0,16,2025-12-23T13:39:34.573Z
2022-07-12,2022,7,257328,Battery,captis_pulse,buderim,residential,72.80799999999999,24.269333333333332,67.0,2.178,3,2025-12-23T13:39:34.573Z
2022-07-12,2022,7,257328,DeviceTemperature,captis_pulse,buderim,residential,8.1,8.1,8.1,8.1,1,2025-12-23T13:39:34.573Z
2022-07-13,2022,7,257328,DeviceTemperature,captis_pulse,buderim,residential,27.9,27.9,27.9,27.9,1,2025-12-23T13:39:34.573Z
2022-07-13,2022,7,257328,Pulse1,captis_pulse,buderim,residential,30.0,1.3043478260869565,7.0,0.0,23,2025-12-23T13:39:34.573Z
2022-07-13,2022,7,257328,Pulse1_Total,captis_pulse,buderim,residential,4614130.0,192255.41666666666,192321.0,192110.0,24,2025-12-23T13:39:34.573Z
2022-07-12,2022,7,46053162,DeviceTemperature,captis_pulse,maroochydore,residential,21.27,10.635,13.87,7.4,2,2025-12-23T13:39:34.573Z
2022-07-12,2022,7,46053162,Battery,captis_pulse,maroochydore,residential,3.65,3.65,3.65,3.65,1,2025-12-23T13:39:34.573Z
2022-07-13,2022,7,46053162,DeviceTemperature,captis_pulse,maroochydore,residential,33.3,33.3,33.3,33.3,1,2025-12-23T13:39:34.573Z
2022-07-12,2022,7,46055038,Pulse1,captis_pulse,buderim,residential,960.0,56.470588235294116,270.0,0.0,17,2025-12-23T13:39:34.573Z
2022-07-12,2022,7,46055038,DeviceTemperature,captis_pulse,buderim,residential,14.35,14.35,14.35,14.35,1,2025-12-23T13:39:34.573Z
2022-07-12,2022,7,46055038,Battery,captis_pulse,buderim,residential,72.496,24.165333333333333,67.0,1.856,3,2025-12-23T13:39:34.573Z
2022-07-13,2022,7,46055038,Pulse1,captis_pulse,buderim,residential,2310.0,96.25,270.0,10.0,24,2025-12-23T13:39:34.573Z
2022-07-12,2022,7,46055410,Pulse1,captis_pulse,griffin,non-residential,0.0,0.0,0.0,0.0,17,2025-12-23T13:39:34.573Z
2022-07-12,2022,7,46055410,DeviceTemperature,captis_pulse,griffin,non-residential,22.14,11.07,14.44,7.7,2,2025-12-23T13:39:34.573Z
2022-07-12,2022,7,46055410,Battery,captis_pulse,griffin,non-residential,74.277,24.759,69.0,1.647,3,2025-12-23T13:39:34.573Z
2022-07-13,2022,7,46055410,Pulse1,captis_pulse,griffin,non-residential,0.0,0.0,0.0,0.0,23,2025-12-23T13:39:34.573Z
2022-07-13,2022,7,46055410,DeviceTemperature,captis_pulse,griffin,non-residential,21.0,21.0,21.0,21.0,1,2025-12-23T13:39:34.573Z
2022-07-12,2022,7,61269702,Pulse1,captis_pulse,buderim,residential,26.0,1.3,2.0,1.0,20,2025-12-23T13:39:34.573Z
2022-07-12,2022,7,61269702,Pulse1_Total,captis_pulse,buderim,residential,454114.0,22705.7,22735.0,22682.0,20,2025-12-23T13:39:34.573Z
2022-07-12,2022,7,61269702,DeviceTemperature,captis_pulse,buderim,residential,12.7,12.7,12.7,12.7,1,2025-12-23T13:39:34.573Z
2022-07-12,2022,7,61269702,Battery,captis_pulse,buderim,residential,3.63,3.63,3.63,3.63,1,2025-12-23T13:39:34.573Z
2022-07-13,2022,7,61269702,Pulse1,captis_pulse,buderim,residential,73.0,2.8076923076923075,29.0,1.0,26,2025-12-23T13:39:34.573Z
2022-07-13,2022,7,61269702,Pulse1_Total,captis_pulse,buderim,residential,593542.0,22828.53846153846,22866.0,22770.0,26,2025-12-23T13:39:34.573Z
2022-07-13,2022,7,61319593,DeviceTemperature,captis_pulse,buderim,residential,14.93,14.93,14.93,14.93,1,2025-12-23T13:39:34.573Z
2022-07-13,2022,7,61319593,Battery,captis_pulse,buderim,residential,3.64,3.64,3.64,3.64,1,2025-12-23T13:39:34.573Z
2022-07-12,2022,7,61559395,Pulse1,captis_pulse,buderim,residential,0.0,0.0,0.0,0.0,17,2025-12-23T13:39:34.573Z
2022-07-12,2022,7,61559395,Pulse1_Total,captis_pulse,buderim,residential,63512.0,3736.0,3736.0,3736.0,17,2025-12-23T13:39:34.573Z
2022-07-12,2022,7,61559395,DeviceTemperature,captis_pulse,buderim,residential,23.189999999999998,11.594999999999999,13.69,9.5,2,2025-12-23T13:39:34.573Z
2022-07-12,2022,7,61559395,Battery,captis_pulse,buderim,residential,70.76299999999999,23.587666666666664,65.0,2.133,3,2025-12-23T13:39:34.573Z
2022-07-13,2022,7,61559395,Pulse1,captis_pulse,buderim,residential,0.0,0.0,0.0,0.0,24,2025-12-23T13:39:34.573Z
2022-07-13,2022,7,61559395,Pulse1_Total,captis_pulse,buderim,residential,85928.0,3736.0,3736.0,3736.0,23,2025-12-23T13:39:34.573Z
2022-07-12,2022,7,26934829,Pulse1,captis_pulse,maroochydore,non-residential,0.0,0.0,0.0,0.0,17,2025-12-23T13:39:34.573Z
2022-07-12,2022,7,26934829,DeviceTemperature,captis_pulse,maroochydore,non-residential,23.22,11.61,14.52,8.7,2,2025-12-23T13:39:34.573Z
2022-07-12,2022,7,26934829,Battery,captis_pulse,maroochydore,non-residential,3.64,3.64,3.64,3.64,1,2025-12-23T13:39:34.573Z
2022-07-13,2022,7,26934829,Pulse1,captis_pulse,maroochydore,non-residential,0.0,0.0,0.0,0.0,24,2025-12-23T13:39:34.573Z
2022-07-13,2022,7,26934829,DeviceTemperature,captis_pulse,maroochydore,non-residential,27.5,27.5,27.5,27.5,1,2025-12-23T13:39:34.573Z
2022-07-12,2022,7,349593,Pulse1,captis_pulse,buderim,residential,262.0,11.391304347826088,127.0,0.0,23,2025-12-23T13:39:34.573Z
2022-07-12,2022,7,349593,Pulse1_Total,captis_pulse,buderim,residential,1.7632707E7,766639.4347826086,766837.0,766392.0,23,2025-12-23T13:39:34.573Z
2022-07-13,2022,7,349593,Pulse1,captis_pulse,buderim,residential,239.0,10.391304347826088,67.0,0.0,23,2025-12-23T13:39:34.573Z
2022-07-13,2022,7,349593,Pulse1_Total,captis_pulse,buderim,residential,1.7643829E7,767123.0,767417.0,766887.0,23,2025-12-23T13:39:34.573Z
2022-07-13,2022,7,349593,DeviceTemperature,captis_pulse,buderim,residential,24.1,24.1,24.1,24.1,1,2025-12-23T13:39:34.573Z
2022-07-12,2022,7,62508176,Pulse1,captis_pulse,buderim,residential,0.0,0.0,0.0,0.0,17,2025-12-23T13:39:34.573Z
2022-07-12,2022,7,62508176,Pulse1_Total,captis_pulse,buderim,residential,192440.0,11320.0,11320.0,11320.0,17,2025-12-23T13:39:34.573Z
2022-07-13,2022,7,62508176,Pulse1,captis_pulse,buderim,residential,3.0,0.125,3.0,0.0,24,2025-12-23T13:39:34.573Z
2022-07-13,2022,7,62508176,Pulse1_Total,captis_pulse,buderim,residential,283456.0,11338.24,11346.0,11320.0,25,2025-12-23T13:39:34.573Z
2022-07-12,2022,7,62358710,Pulse1,captis_pulse,buderim,residential,0.0,0.0,0.0,0.0,3,2025-12-23T13:39:34.573Z
2022-07-12,2022,7,62358710,Pulse1_Total,captis_pulse,buderim,residential,55143.0,18381.0,18381.0,18381.0,3,2025-12-23T13:39:34.573Z
2022-07-12,2022,7,62358710,DeviceTemperature,captis_pulse,buderim,residential,15.21,15.21,15.21,15.21,1,2025-12-23T13:39:34.573Z
2022-07-12,2022,7,61187325,Pulse1,,,,0.0,0.0,0.0,0.0,17,2025-12-23T13:39:34.573Z
2022-07-12,2022,7,61187325,Pulse1_Total,,,,576.0,32.0,32.0,32.0,18,2025-12-23T13:39:34.573Z
2022-07-12,2022,7,61187325,DeviceTemperature,,,,37.43,18.715,21.4,16.03,2,2025-12-23T13:39:34.573Z
2022-07-12,2022,7,61187325,Battery,,,,74.261,24.753666666666664,69.0,1.621,3,2025-12-23T13:39:34.573Z
2022-07-13,2022,7,61187325,Pulse1,,,,0.0,0.0,0.0,0.0,25,2025-12-23T13:39:34.573Z
2022-07-13,2022,7,61187325,Pulse1_Total,,,,768.0,32.0,32.0,32.0,24,2025-12-23T13:39:34.573Z
2022-07-12,2022,7,2408,Pulse1,captis_pulse,buderim,residential,78.0,4.875,46.0,0.0,16,2025-12-23T13:39:34.573Z
2022-07-12,2022,7,2408,Pulse1_Total,captis_pulse,buderim,residential,6581561.0,411347.5625,411417.0,411322.0,16,2025-12-23T13:39:34.573Z
2022-07-12,2022,7,2408,DeviceTemperature,captis_pulse,buderim,residential,13.97,13.97,13.97,13.97,1,2025-12-23T13:39:34.573Z
2022-07-12,2022,7,2408,Battery,captis_pulse,buderim,residential,75.286,25.095333333333333,70.0,1.656,3,2025-12-23T13:39:34.573Z
2022-07-13,2022,7,2408,DeviceTemperature,captis_pulse,buderim,residential,20.4,20.4,20.4,20.4,1,2025-12-23T13:39:34.573Z
2022-07-13,2022,7,2408,Pulse1,captis_pulse,buderim,residential,221.0,9.208333333333334,56.0,0.0,24,2025-12-23T13:39:34.573Z
2022-07-13,2022,7,2408,Pulse1_Total,captis_pulse,buderim,residential,9879514.0,411646.4166666667,411735.0,411443.0,24,2025-12-23T13:39:34.573Z
2022-07-12,2022,7,445,Pulse1,captis_pulse,maroochydore,residential,20.0,1.1111111111111112,10.0,0.0,18,2025-12-23T13:39:34.573Z
2022-07-12,2022,7,445,Pulse1_Total,captis_pulse,maroochydore,residential,5818096.0,323227.55555555556,323347.0,323176.0,18,2025-12-23T13:39:34.573Z
2022-07-12,2022,7,445,DeviceTemperature,captis_pulse,maroochydore,residential,20.689999999999998,10.344999999999999,13.79,6.9,2,2025-12-23T13:39:34.573Z
2022-07-13,2022,7,445,Pulse1,captis_pulse,maroochydore,residential,445.0,18.541666666666668,93.0,0.0,24,2025-12-23T13:39:34.573Z
2022-07-13,2022,7,445,Pulse1_Total,captis_pulse,maroochydore,residential,7763945.0,323497.7083333333,323930.0,323347.0,24,2025-12-23T13:39:34.573Z
2022-07-12,2022,7,62365842,Pulse1,captis_pulse,buderim,residential,80.0,4.705882352941177,29.0,0.0,17,2025-12-23T13:39:34.573Z
2022-07-12,2022,7,62365842,Pulse1_Total,captis_pulse,buderim,residential,892893.0,52523.117647058825,52683.0,52471.0,17,2025-12-23T13:39:34.573Z
2022-07-12,2022,7,62365842,DeviceTemperature,captis_pulse,buderim,residential,12.7,12.7,12.7,12.7,1,2025-12-23T13:39:34.573Z
2022-07-13,2022,7,62365842,Pulse1,captis_pulse,buderim,residential,58.0,2.4166666666666665,20.0,0.0,24,2025-12-23T13:39:34.573Z
2022-07-13,2022,7,62365842,Pulse1_Total,captis_pulse,buderim,residential,1265991.0,52749.625,52788.0,52704.0,24,2025-12-23T13:39:34.573Z
2022-07-12,2022,7,81967337,Pulse1,captis_pulse,maroochydore,residential,160.0,8.88888888888889,65.0,0.0,18,2025-12-23T13:39:34.573Z
2022-07-13,2022,7,81967337,Pulse1,captis_pulse,maroochydore,residential,120.0,15.0,95.0,0.0,8,2025-12-23T13:39:34.573Z
2022-07-13,2022,7,81967337,DeviceTemperature,captis_pulse,maroochydore,residential,14.86,14.86,14.86,14.86,1,2025-12-23T13:39:34.573Z
2022-07-13,2022,7,81967337,Battery,captis_pulse,maroochydore,residential,70.64,35.32,67.0,3.64,2,2025-12-23T13:39:34.573Z
2022-07-12,2022,7,8986179,Pulse1,captis_pulse,maroochydore,residential,2.0,0.11764705882352941,2.0,0.0,17,2025-12-23T13:39:34.573Z
2022-07-12,2022,7,8986179,Pulse1_Total,captis_pulse,maroochydore,residential,1157491.0,68087.70588235294,68118.0,68071.0,17,2025-12-23T13:39:34.573Z
2022-07-12,2022,7,8986179,DeviceTemperature,captis_pulse,maroochydore,residential,5.2,5.2,5.2,5.2,1,2025-12-23T13:39:34.573Z
2022-07-13,2022,7,8986179,DeviceTemperature,captis_pulse,maroochydore,residential,24.7,24.7,24.7,24.7,1,2025-12-23T13:39:34.573Z
2022-07-13,2022,7,8986179,Pulse1,captis_pulse,maroochydore,residential,1.0,0.04,1.0,0.0,25,2025-12-23T13:39:34.573Z
2022-07-13,2022,7,8986179,Pulse1_Total,captis_pulse,maroochydore,residential,1702976.0,68119.04,68121.0,68118.0,25,2025-12-23T13:39:34.573Z
2022-07-12,2022,7,61250840,Pulse1,,,,0.0,0.0,0.0,0.0,14,2025-12-23T13:39:34.573Z
2022-07-12,2022,7,61250840,Pulse1_Total,,,,476.0,34.0,34.0,34.0,14,2025-12-23T13:39:34.573Z
2022-07-13,2022,7,61250840,Pulse1,,,,0.0,0.0,0.0,0.0,13,2025-12-23T13:39:34.573Z
2022-07-13,2022,7,61250840,Pulse1_Total,,,,442.0,34.0,34.0,34.0,13,2025-12-23T13:39:34.573Z
2022-07-13,2022,7,61250840,Battery,,,,3.64,3.64,3.64,3.64,1,2025-12-23T13:39:34.573Z
2022-07-12,2022,7,2517,Pulse1,captis_pulse,buderim,residential,0.0,0.0,0.0,0.0,17,2025-12-23T13:39:34.573Z
2022-07-12,2022,7,2517,Pulse1_Total,captis_pulse,buderim,residential,3767710.0,221630.0,221630.0,221630.0,17,2025-12-23T13:39:34.573Z
2022-07-12,2022,7,2517,Battery,captis_pulse,buderim,residential,79.279,26.426333333333332,74.0,1.699,3,2025-12-23T13:39:34.573Z
2022-07-13,2022,7,2517,Pulse1,captis_pulse,buderim,residential,0.0,0.0,0.0,0.0,24,2025-12-23T13:39:34.573Z
2022-07-13,2022,7,2517,Pulse1_Total,captis_pulse,buderim,residential,5319120.0,221630.0,221630.0,221630.0,24,2025-12-23T13:39:34.573Z
2022-07-12,2022,7,61187518,Pulse1,captis_pulse,buderim,residential,0.0,0.0,0.0,0.0,7,2025-12-23T13:39:34.573Z
2022-07-12,2022,7,61187518,Pulse1_Total,captis_pulse,buderim,residential,146720.0,20960.0,20960.0,20960.0,7,2025-12-23T13:39:34.573Z
2022-07-12,2022,7,61230127,Pulse1,captis_pulse,buderim,residential,11.0,0.5789473684210527,6.0,0.0,19,2025-12-23T13:39:34.573Z
2022-07-12,2022,7,61230127,Pulse1_Total,captis_pulse,buderim,residential,732272.0,38540.63157894737,38570.0,38537.0,19,2025-12-23T13:39:34.573Z
2022-07-12,2022,7,61230127,DeviceTemperature,captis_pulse,buderim,residential,19.759999999999998,9.879999999999999,12.26,7.5,2,2025-12-23T13:39:34.573Z
2022-07-12,2022,7,61230127,Battery,captis_pulse,buderim,residential,3.63,3.63,3.63,3.63,1,2025-12-23T13:39:34.573Z
2022-07-13,2022,7,61230127,Pulse1,captis_pulse,buderim,residential,312.0,12.0,59.0,0.0,26,2025-12-23T13:39:34.573Z
2022-07-13,2022,7,61230127,Pulse1_Total,captis_pulse,buderim,residential,1015603.0,39061.653846153844,39341.0,38598.0,26,2025-12-23T13:39:34.573Z
2022-07-13,2022,7,61230127,DeviceTemperature,captis_pulse,buderim,residential,22.1,22.1,22.1,22.1,1,2025-12-23T13:39:34.573Z
2022-07-12,2022,7,81967364,Pulse1,captis_pulse,maroochydore,residential,110.0,6.875,25.0,0.0,16,2025-12-23T13:39:34.573Z
2022-07-13,2022,7,81967364,Pulse1,captis_pulse,maroochydore,residential,130.0,26.0,60.0,10.0,5,2025-12-23T13:39:34.573Z
2022-07-13,2022,7,81967364,DeviceTemperature,captis_pulse,maroochydore,residential,14.6,14.6,14.6,14.6,1,2025-12-23T13:39:34.573Z
2022-07-13,2022,7,81967364,Battery,captis_pulse,maroochydore,residential,72.64,36.32,69.0,3.64,2,2025-12-23T13:39:34.573Z
2022-07-12,2022,7,22048071,Pulse1,captis_pulse,kuluin,non-residential,0.0,0.0,0.0,0.0,16,2025-12-23T13:39:34.573Z
2022-07-12,2022,7,22048071,Pulse1_Total,captis_pulse,kuluin,non-residential,201280.0,12580.0,12580.0,12580.0,16,2025-12-23T13:39:34.573Z
2022-07-12,2022,7,22048071,DeviceTemperature,captis_pulse,kuluin,non-residential,9.1,9.1,9.1,9.1,1,2025-12-23T13:39:34.573Z
2022-07-13,2022,7,22048071,Pulse1,captis_pulse,kuluin,non-residential,0.0,0.0,0.0,0.0,24,2025-12-23T13:39:34.573Z
2022-07-13,2022,7,22048071,Pulse1_Total,captis_pulse,kuluin,non-residential,301920.0,12580.0,12580.0,12580.0,24,2025-12-23T13:39:34.573Z
2022-07-13,2022,7,22048071,DeviceTemperature,captis_pulse,kuluin,non-residential,27.1,27.1,27.1,27.1,1,2025-12-23T13:39:34.573Z
2022-07-12,2022,7,60223975,Pulse1,captis_pulse,buderim,residential,0.0,0.0,0.0,0.0,17,2025-12-23T13:39:34.573Z
2022-07-12,2022,7,60223975,Pulse1_Total,captis_pulse,buderim,residential,0.0,0.0,0.0,0.0,16,2025-12-23T13:39:34.573Z
2022-07-12,2022,7,60223975,DeviceTemperature,captis_pulse,buderim,residential,12.7,12.7,12.7,12.7,1,2025-12-23T13:39:34.573Z
2022-07-13,2022,7,60223975,Pulse1,captis_pulse,buderim,residential,0.0,0.0,0.0,0.0,24,2025-12-23T13:39:34.573Z
2022-07-13,2022,7,60223975,Pulse1_Total,captis_pulse,buderim,residential,0.0,0.0,0.0,0.0,24,2025-12-23T13:39:34.573Z
2022-07-13,2022,7,60223975,DeviceTemperature,captis_pulse,buderim,residential,17.3,17.3,17.3,17.3,1,2025-12-23T13:39:34.573Z
2022-07-12,2022,7,61185570,Pulse1,captis_pulse,buderim,residential,0.0,0.0,0.0,0.0,15,2025-12-23T13:39:34.573Z
2022-07-12,2022,7,61185570,Pulse1_Total,captis_pulse,buderim,residential,465.0,31.0,31.0,31.0,15,2025-12-23T13:39:34.573Z
2022-07-13,2022,7,61185570,Pulse1,captis_pulse,buderim,residential,0.0,0.0,0.0,0.0,25,2025-12-23T13:39:34.573Z
2022-07-13,2022,7,61185570,Pulse1_Total,captis_pulse,buderim,residential,775.0,31.0,31.0,31.0,25,2025-12-23T13:39:34.573Z
2022-07-13,2022,7,61185570,DeviceTemperature,captis_pulse,buderim,residential,21.5,21.5,21.5,21.5,1,2025-12-23T13:39:34.573Z
2022-07-12,2022,7,61221417,Pulse1,captis_pulse,buderim,residential,72.0,4.8,43.0,0.0,15,2025-12-23T13:39:34.573Z
2022-07-12,2022,7,61221417,Pulse1_Total,captis_pulse,buderim,residential,1154508.0,76967.2,77166.0,76899.0,15,2025-12-23T13:39:34.573Z
2022-07-12,2022,7,61221417,DeviceTemperature,captis_pulse,buderim,residential,14.2,14.2,14.2,14.2,1,2025-12-23T13:39:34.573Z
2022-07-13,2022,7,61221417,Pulse1,captis_pulse,buderim,residential,243.0,10.565217391304348,94.0,0.0,23,2025-12-23T13:39:34.573Z
2022-07-13,2022,7,61221417,Pulse1_Total,captis_pulse,buderim,residential,1779311.0,77361.34782608696,77633.0,77166.0,23,2025-12-23T13:39:34.573Z
2022-07-13,2022,7,61221417,DeviceTemperature,captis_pulse,buderim,residential,16.2,16.2,16.2,16.2,1,2025-12-23T13:39:34.573Z
2022-07-12,2022,7,9349674,Pulse1,captis_pulse,maroochydore,residential,201.0,11.166666666666666,142.0,0.0,18,2025-12-23T13:39:34.573Z
2022-07-12,2022,7,9349674,Pulse1_Total,captis_pulse,maroochydore,residential,5819403.0,323300.1666666667,323419.0,323193.0,18,2025-12-23T13:39:34.573Z
2022-07-12,2022,7,9349674,Battery,captis_pulse,maroochydore,residential,73.39699999999999,24.465666666666664,68.0,1.767,3,2025-12-23T13:39:34.573Z
2022-07-13,2022,7,9349674,Pulse1,captis_pulse,maroochydore,residential,293.0,11.26923076923077,94.0,0.0,26,2025-12-23T13:39:34.573Z
2022-07-13,2022,7,9349674,Pulse1_Total,captis_pulse,maroochydore,residential,8419524.0,323827.8461538461,324145.0,323419.0,26,2025-12-23T13:39:34.573Z
2022-07-12,2022,7,32981288,Pulse1,captis_pulse,maroochydore,non-residential,0.0,0.0,0.0,0.0,18,2025-12-23T13:39:34.573Z
2022-07-12,2022,7,32981288,Pulse1_Total,captis_pulse,maroochydore,non-residential,481680.0,26760.0,26760.0,26760.0,18,2025-12-23T13:39:34.573Z
2022-07-12,2022,7,32981288,Battery,captis_pulse,maroochydore,non-residential,1.762,1.762,1.762,1.762,1,2025-12-23T13:39:34.573Z
2022-07-12,2022,7,32981288,DeviceTemperature,captis_pulse,maroochydore,non-residential,20.9,20.9,20.9,20.9,1,2025-12-23T13:39:34.573Z
2022-07-13,2022,7,32981288,Pulse1,captis_pulse,maroochydore,non-residential,0.0,0.0,0.0,0.0,24,2025-12-23T13:39:34.573Z
2022-07-13,2022,7,32981288,Pulse1_Total,captis_pulse,maroochydore,non-residential,642240.0,26760.0,26760.0,26760.0,24,2025-12-23T13:39:34.573Z
2022-07-13,2022,7,32981288,DeviceTemperature,captis_pulse,maroochydore,non-residential,21.5,21.5,21.5,21.5,1,2025-12-23T13:39:34.573Z
2022-07-12,2022,7,65438060,Pulse1,captis_pulse,buderim,residential,390.0,22.941176470588236,80.0,0.0,17,2025-12-23T13:39:34.573Z
2022-07-12,2022,7,65438060,DeviceTemperature,captis_pulse,buderim,residential,20.81,10.405,12.61,8.2,2,2025-12-23T13:39:34.573Z
2022-07-12,2022,7,65438060,Battery,captis_pulse,buderim,residential,72.62,36.31,69.0,3.62,2,2025-12-23T13:39:34.573Z
2022-07-13,2022,7,65438060,Pulse1,captis_pulse,buderim,residential,1120.0,43.07692307692308,160.0,0.0,26,2025-12-23T13:39:34.573Z
2022-07-12,2022,7,81963465,Pulse1,captis_pulse,kuluin,residential,11.0,0.6875,4.0,0.0,16,2025-12-23T13:39:34.573Z
2022-07-12,2022,7,81963465,Pulse1_Total,captis_pulse,kuluin,residential,6111432.0,381964.5,382014.0,381947.0,16,2025-12-23T13:39:34.573Z
2022-07-13,2022,7,81963465,Pulse1,captis_pulse,kuluin,residential,1.0,1.0,1.0,1.0,1,2025-12-23T13:39:34.573Z
2022-07-13,2022,7,81963465,Pulse1_Total,captis_pulse,kuluin,residential,382015.0,382015.0,382015.0,382015.0,1,2025-12-23T13:39:34.573Z
2022-07-13,2022,7,81963465,DeviceTemperature,captis_pulse,kuluin,residential,15.87,15.87,15.87,15.87,1,2025-12-23T13:39:34.573Z
2022-07-13,2022,7,81963465,Battery,captis_pulse,kuluin,residential,50.66,25.33,47.0,3.66,2,2025-12-23T13:39:34.573Z
2022-07-12,2022,7,82429952,Pulse1,captis_pulse,kuluin,residential,340.0,22.666666666666668,90.0,0.0,15,2025-12-23T13:39:34.573Z
2022-07-12,2022,7,82429952,Pulse1_Total,captis_pulse,kuluin,residential,8273880.0,590991.4285714285,591550.0,590800.0,14,2025-12-23T13:39:34.573Z
2022-07-12,2022,7,82429952,DeviceTemperature,captis_pulse,kuluin,residential,8.7,8.7,8.7,8.7,1,2025-12-23T13:39:34.573Z
2022-07-13,2022,7,82429952,Pulse1,captis_pulse,kuluin,residential,880.0,36.666666666666664,130.0,0.0,24,2025-12-23T13:39:34.573Z
2022-07-13,2022,7,82429952,Pulse1_Total,captis_pulse,kuluin,residential,1.362207E7,592263.9130434783,593120.0,591570.0,23,2025-12-23T13:39:34.573Z
2022-07-12,2022,7,260962,Pulse1,captis_pulse,kuluin,residential,21.0,1.3125,7.0,0.0,16,2025-12-23T13:39:34.573Z
2022-07-12,2022,7,260962,Pulse1_Total,captis_pulse,kuluin,residential,4003814.0,250238.375,250263.0,250229.0,16,2025-12-23T13:39:34.573Z
2022-07-12,2022,7,260962,DeviceTemperature,captis_pulse,kuluin,residential,6.8,6.8,6.8,6.8,1,2025-12-23T13:39:34.573Z
2022-07-13,2022,7,260962,Pulse1,captis_pulse,kuluin,residential,28.0,1.12,5.0,0.0,25,2025-12-23T13:39:34.573Z
2022-07-13,2022,7,260962,Pulse1_Total,captis_pulse,kuluin,residential,6257579.0,250303.16,250324.0,250270.0,25,2025-12-23T13:39:34.573Z
2022-07-13,2022,7,260962,DeviceTemperature,captis_pulse,kuluin,residential,18.9,18.9,18.9,18.9,1,2025-12-23T13:39:34.573Z
2022-07-12,2022,7,61268190,Pulse1,captis_pulse,buderim,residential,10.0,0.625,9.0,0.0,16,2025-12-23T13:39:34.573Z
2022-07-12,2022,7,61268190,Pulse1_Total,captis_pulse,buderim,residential,1132873.0,70804.5625,70865.0,70773.0,16,2025-12-23T13:39:34.573Z
2022-07-12,2022,7,61268190,Battery,captis_pulse,buderim,residential,71.009,23.669666666666668,65.0,2.379,3,2025-12-23T13:39:34.573Z
2022-07-12,2022,7,61268190,DeviceTemperature,captis_pulse,buderim,residential,8.5,8.5,8.5,8.5,1,2025-12-23T13:39:34.573Z
2022-07-13,2022,7,61268190,Pulse1,captis_pulse,buderim,residential,43.0,1.8695652173913044,19.0,0.0,23,2025-12-23T13:39:34.573Z
2022-07-13,2022,7,61268190,Pulse1_Total,captis_pulse,buderim,residential,1631637.0,70940.73913043478,70981.0,70895.0,23,2025-12-23T13:39:34.573Z
2022-07-12,2022,7,296557,Pulse1,captis_pulse,buderim,residential,0.0,0.0,0.0,0.0,16,2025-12-23T13:39:34.573Z
2022-07-12,2022,7,296557,DeviceTemperature,captis_pulse,buderim,residential,15.2,15.2,15.2,15.2,1,2025-12-23T13:39:34.573Z
2022-07-13,2022,7,296557,Pulse1,captis_pulse,buderim,residential,0.0,0.0,0.0,0.0,23,2025-12-23T13:39:34.573Z
2022-07-12,2022,7,61620881,Pulse1,captis_pulse,buderim,non-residential,0.0,0.0,0.0,0.0,17,2025-12-23T13:39:34.573Z
2022-07-12,2022,7,61620881,Pulse1_Total,captis_pulse,buderim,non-residential,782.0,46.0,46.0,46.0,17,2025-12-23T13:39:34.573Z
2022-07-12,2022,7,61620881,DeviceTemperature,captis_pulse,buderim,non-residential,14.2,14.2,14.2,14.2,1,2025-12-23T13:39:34.573Z
2022-07-13,2022,7,61620881,Pulse1,captis_pulse,buderim,non-residential,0.0,0.0,0.0,0.0,24,2025-12-23T13:39:34.573Z
2022-07-13,2022,7,61620881,Pulse1_Total,captis_pulse,buderim,non-residential,1058.0,46.0,46.0,46.0,23,2025-12-23T13:39:34.573Z
2022-07-13,2022,7,61620881,DeviceTemperature,captis_pulse,buderim,non-residential,16.1,16.1,16.1,16.1,1,2025-12-23T13:39:34.573Z
2022-07-12,2022,7,62375107,Pulse1,captis_pulse,buderim,residential,64.0,3.2,5.0,3.0,20,2025-12-23T13:39:34.573Z
2022-07-12,2022,7,62375107,Pulse1_Total,captis_pulse,buderim,residential,2048512.0,102425.6,102563.0,102365.0,20,2025-12-23T13:39:34.573Z
2022-07-12,2022,7,62375107,DeviceTemperature,captis_pulse,buderim,residential,16.75,16.75,16.75,16.75,1,2025-12-23T13:39:34.573Z
2022-07-13,2022,7,62375107,Pulse1,captis_pulse,buderim,residential,163.0,6.791666666666667,47.0,2.0,24,2025-12-23T13:39:34.573Z
2022-07-13,2022,7,62375107,Pulse1_Total,captis_pulse,buderim,residential,2466243.0,102760.125,102968.0,102569.0,24,2025-12-23T13:39:34.573Z
2022-07-13,2022,7,62375107,DeviceTemperature,captis_pulse,buderim,residential,19.5,19.5,19.5,19.5,1,2025-12-23T13:39:34.573Z
2022-07-12,2022,7,9395630,Pulse1,captis_pulse,maroochydore,residential,17.0,2.4285714285714284,17.0,0.0,7,2025-12-23T13:39:34.573Z
2022-07-12,2022,7,9395630,Pulse1_Total,captis_pulse,maroochydore,residential,1225751.0,175107.2857142857,175109.0,175106.0,7,2025-12-23T13:39:34.573Z
2022-07-12,2022,7,591856,Pulse1,captis_pulse,buderim,residential,189.0,11.8125,124.0,0.0,16,2025-12-23T13:39:34.573Z
2022-07-12,2022,7,591856,Pulse1_Total,captis_pulse,buderim,residential,3999974.0,249998.375,250235.0,249935.0,16,2025-12-23T13:39:34.573Z
2022-07-12,2022,7,591856,DeviceTemperature,captis_pulse,buderim,residential,7.0,7.0,7.0,7.0,1,2025-12-23T13:39:34.573Z
2022-07-13,2022,7,591856,Pulse1,captis_pulse,buderim,residential,156.0,6.782608695652174,60.0,0.0,23,2025-12-23T13:39:34.573Z
2022-07-13,2022,7,591856,Pulse1_Total,captis_pulse,buderim,residential,5763475.0,250585.86956521738,250751.0,250333.0,23,2025-12-23T13:39:34.573Z
2022-07-12,2022,7,60596215,Pulse1,captis_pulse,buderim,residential,24.0,1.5,8.0,0.0,16,2025-12-23T13:39:34.573Z
2022-07-12,2022,7,60596215,Pulse1_Total,captis_pulse,buderim,residential,1916564.0,119785.25,119908.0,119743.0,16,2025-12-23T13:39:34.573Z
2022-07-13,2022,7,60596215,Pulse1,captis_pulse,buderim,residential,228.0,9.5,145.0,0.0,24,2025-12-23T13:39:34.573Z
2022-07-13,2022,7,60596215,Pulse1_Total,captis_pulse,buderim,residential,3002749.0,120109.96,120285.0,119918.0,25,2025-12-23T13:39:34.573Z
2022-07-13,2022,7,60596215,DeviceTemperature,captis_pulse,buderim,residential,34.2,34.2,34.2,34.2,1,2025-12-23T13:39:34.573Z
2022-07-12,2022,7,61148634,Pulse1,captis_pulse,buderim,residential,12.0,0.631578947368421,1.0,0.0,19,2025-12-23T13:39:34.573Z
2022-07-12,2022,7,61148634,Pulse1_Total,captis_pulse,buderim,residential,1714016.0,90211.36842105263,90250.0,90195.0,19,2025-12-23T13:39:34.573Z
2022-07-12,2022,7,61148634,Battery,captis_pulse,buderim,residential,71.862,23.953999999999997,65.0,3.232,3,2025-12-23T13:39:34.573Z
2022-07-13,2022,7,61148634,Pulse1,captis_pulse,buderim,residential,252.0,10.5,103.0,0.0,24,2025-12-23T13:39:34.573Z
2022-07-13,2022,7,61148634,Pulse1_Total,captis_pulse,buderim,residential,2168615.0,90358.95833333333,90672.0,90252.0,24,2025-12-23T13:39:34.573Z
2022-07-12,2022,7,284563,Pulse1,captis_pulse,#n/a,#n/a,8.0,0.5714285714285714,8.0,0.0,14,2025-12-23T13:39:34.573Z
2022-07-12,2022,7,284563,Pulse1_Total,captis_pulse,#n/a,#n/a,1764753.0,126053.78571428571,126072.0,126021.0,14,2025-12-23T13:39:34.573Z
2022-07-12,2022,7,284563,Battery,captis_pulse,#n/a,#n/a,69.979,23.326333333333334,64.0,2.349,3,2025-12-23T13:39:34.573Z
2022-07-12,2022,7,284563,DeviceTemperature,captis_pulse,#n/a,#n/a,5.3,5.3,5.3,5.3,1,2025-12-23T13:39:34.573Z
2022-07-13,2022,7,284563,Pulse1,captis_pulse,#n/a,#n/a,31.0,1.2916666666666667,29.0,0.0,24,2025-12-23T13:39:34.573Z
2022-07-13,2022,7,284563,Pulse1_Total,captis_pulse,#n/a,#n/a,3026135.0,126088.95833333333,126107.0,126072.0,24,2025-12-23T13:39:34.573Z
2022-07-12,2022,7,81967154,Pulse1,captis_pulse,maroochydore,residential,280.0,17.5,105.0,0.0,16,2025-12-23T13:39:34.573Z
2022-07-12,2022,7,81967154,DeviceTemperature,captis_pulse,maroochydore,residential,12.2,12.2,12.2,12.2,1,2025-12-23T13:39:34.573Z
2022-07-13,2022,7,81967154,Pulse1,captis_pulse,maroochydore,residential,100.0,33.333333333333336,80.0,5.0,3,2025-12-23T13:39:34.573Z
2022-07-13,2022,7,81967154,DeviceTemperature,captis_pulse,maroochydore,residential,15.73,15.73,15.73,15.73,1,2025-12-23T13:39:34.573Z
2022-07-13,2022,7,81967154,Battery,captis_pulse,maroochydore,residential,73.64,36.82,70.0,3.64,2,2025-12-23T13:39:34.573Z
2022-07-12,2022,7,9649470,Pulse1,captis_pulse,maroochydore,residential,64.0,3.764705882352941,56.0,0.0,17,2025-12-23T13:39:34.573Z
2022-07-12,2022,7,9649470,Pulse1_Total,captis_pulse,maroochydore,residential,3886163.0,228597.82352941178,228671.0,228572.0,17,2025-12-23T13:39:34.573Z
2022-07-13,2022,7,9649470,Pulse1,captis_pulse,maroochydore,residential,156.0,6.5,66.0,0.0,24,2025-12-23T13:39:34.573Z
2022-07-13,2022,7,9649470,Pulse1_Total,captis_pulse,maroochydore,residential,5490767.0,228781.95833333334,228970.0,228671.0,24,2025-12-23T13:39:34.573Z
2022-07-12,2022,7,128691,Pulse1,captis_pulse,maroochydore,residential,10.0,0.5882352941176471,7.0,0.0,17,2025-12-23T13:39:34.573Z
2022-07-12,2022,7,128691,Pulse1_Total,captis_pulse,maroochydore,residential,3157173.0,175398.5,175407.0,175394.0,18,2025-12-23T13:39:34.573Z
2022-07-12,2022,7,128691,DeviceTemperature,captis_pulse,maroochydore,residential,32.739999999999995,16.369999999999997,17.74,15.0,2,2025-12-23T13:39:34.573Z
2022-07-13,2022,7,128691,Pulse1,captis_pulse,maroochydore,residential,69.0,2.875,13.0,0.0,24,2025-12-23T13:39:34.573Z
2022-07-13,2022,7,128691,Pulse1_Total,captis_pulse,maroochydore,residential,4211519.0,175479.95833333334,175597.0,175407.0,24,2025-12-23T13:39:34.573Z
2022-07-13,2022,7,128691,DeviceTemperature,captis_pulse,maroochydore,residential,23.3,23.3,23.3,23.3,1,2025-12-23T13:39:34.573Z
2022-07-12,2022,7,489,Pulse1,captis_pulse,maroochydore,non-residential,30.0,1.7647058823529411,11.0,0.0,17,2025-12-23T13:39:34.573Z
2022-07-12,2022,7,489,Pulse1_Total,captis_pulse,maroochydore,non-residential,9903881.0,582581.2352941176,582625.0,582549.0,17,2025-12-23T13:39:34.573Z
2022-07-12,2022,7,489,DeviceTemperature,captis_pulse,maroochydore,non-residential,17.03,17.03,17.03,17.03,1,2025-12-23T13:39:34.573Z
2022-07-13,2022,7,489,Pulse1,captis_pulse,maroochydore,non-residential,506.0,19.46153846153846,67.0,0.0,26,2025-12-23T13:39:34.573Z
2022-07-13,2022,7,489,Pulse1_Total,captis_pulse,maroochydore,non-residential,1.5159174E7,583045.1538461539,583516.0,582631.0,26,2025-12-23T13:39:34.573Z
2022-07-13,2022,7,489,DeviceTemperature,captis_pulse,maroochydore,non-residential,28.3,28.3,28.3,28.3,1,2025-12-23T13:39:34.573Z
2022-07-12,2022,7,61236482,Pulse1,captis_pulse,buderim,residential,0.0,0.0,0.0,0.0,17,2025-12-23T13:39:34.573Z
2022-07-12,2022,7,61236482,Pulse1_Total,captis_pulse,buderim,residential,425.0,25.0,25.0,25.0,17,2025-12-23T13:39:34.573Z
2022-07-12,2022,7,61236482,DeviceTemperature,captis_pulse,buderim,residential,13.0,13.0,13.0,13.0,1,2025-12-23T13:39:34.573Z
2022-07-12,2022,7,61236482,Battery,captis_pulse,buderim,residential,73.41199999999999,24.470666666666663,68.0,1.782,3,2025-12-23T13:39:34.573Z
2022-07-13,2022,7,61236482,Pulse1,captis_pulse,buderim,residential,0.0,0.0,0.0,0.0,24,2025-12-23T13:39:34.573Z
2022-07-13,2022,7,61236482,Pulse1_Total,captis_pulse,buderim,residential,600.0,25.0,25.0,25.0,24,2025-12-23T13:39:34.573Z
2022-07-12,2022,7,62364347,Pulse1,captis_pulse,buderim,residential,5.0,0.2631578947368421,5.0,0.0,19,2025-12-23T13:39:34.573Z
2022-07-12,2022,7,62364347,Pulse1_Total,captis_pulse,buderim,residential,672377.0,35388.26315789474,35409.0,35386.0,19,2025-12-23T13:39:34.573Z
2022-07-12,2022,7,62364347,DeviceTemperature,captis_pulse,buderim,residential,24.77,12.385,13.77,11.0,2,2025-12-23T13:39:34.573Z
2022-07-13,2022,7,62364347,Pulse1,captis_pulse,buderim,residential,53.0,1.962962962962963,13.0,0.0,27,2025-12-23T13:39:34.573Z
2022-07-13,2022,7,62364347,Pulse1_Total,captis_pulse,buderim,residential,958237.0,35490.25925925926,35519.0,35429.0,27,2025-12-23T13:39:34.573Z
2022-07-12,2022,7,16627,Pulse1,captis_pulse,buderim,residential,59.0,3.1052631578947367,34.0,0.0,19,2025-12-23T13:39:34.573Z
2022-07-12,2022,7,16627,Pulse1_Total,captis_pulse,buderim,residential,6570522.0,365029.0,365111.0,365007.0,18,2025-12-23T13:39:34.573Z
2022-07-12,2022,7,16627,DeviceTemperature,captis_pulse,buderim,residential,21.35,10.675,14.15,7.2,2,2025-12-23T13:39:34.573Z
2022-07-12,2022,7,16627,Battery,captis_pulse,buderim,residential,74.503,24.834333333333333,69.0,1.873,3,2025-12-23T13:39:34.573Z
2022-07-13,2022,7,16627,Pulse1,captis_pulse,buderim,residential,58.0,2.230769230769231,8.0,1.0,26,2025-12-23T13:39:34.573Z
2022-07-13,2022,7,16627,Pulse1_Total,captis_pulse,buderim,residential,9494414.0,365169.76923076925,365221.0,365117.0,26,2025-12-23T13:39:34.573Z
2022-07-12,2022,7,60218000,Pulse1,captis_pulse,buderim,residential,0.0,0.0,0.0,0.0,17,2025-12-23T13:39:34.573Z
2022-07-12,2022,7,60218000,Pulse1_Total,captis_pulse,buderim,residential,0.0,0.0,0.0,0.0,17,2025-12-23T13:39:34.573Z
2022-07-12,2022,7,60218000,DeviceTemperature,captis_pulse,buderim,residential,11.1,11.1,11.1,11.1,1,2025-12-23T13:39:34.573Z
2022-07-13,2022,7,60218000,Pulse1,captis_pulse,buderim,residential,0.0,0.0,0.0,0.0,24,2025-12-23T13:39:34.573Z
2022-07-13,2022,7,60218000,Pulse1_Total,captis_pulse,buderim,residential,0.0,0.0,0.0,0.0,23,2025-12-23T13:39:34.573Z
2022-07-12,2022,7,66218101,Pulse1,captis_pulse,buderim,residential,160.0,7.619047619047619,85.0,0.0,21,2025-12-23T13:39:34.573Z
2022-07-12,2022,7,66218101,Pulse1_Total,captis_pulse,buderim,residential,1596374.0,79818.7,79983.0,79763.0,20,2025-12-23T13:39:34.573Z
2022-07-12,2022,7,66218101,DeviceTemperature,captis_pulse,buderim,residential,10.3,10.3,10.3,10.3,1,2025-12-23T13:39:34.573Z
2022-07-13,2022,7,66218101,Pulse1,captis_pulse,buderim,residential,117.0,4.68,19.0,1.0,25,2025-12-23T13:39:34.573Z
2022-07-13,2022,7,66218101,Pulse1_Total,captis_pulse,buderim,residential,2002956.0,80118.24,80238.0,80042.0,25,2025-12-23T13:39:34.573Z
2022-07-13,2022,7,66218101,DeviceTemperature,captis_pulse,buderim,residential,16.1,16.1,16.1,16.1,1,2025-12-23T13:39:34.573Z
2022-07-12,2022,7,67715903,DeviceTemperature,captis_pulse,buderim,residential,9.6,9.6,9.6,9.6,1,2025-12-23T13:39:34.573Z
2022-07-13,2022,7,67715903,DeviceTemperature,captis_pulse,buderim,residential,27.5,27.5,27.5,27.5,1,2025-12-23T13:39:34.573Z
2022-07-13,2022,7,9013351,DeviceTemperature,captis_pulse,maroochydore,residential,14.09,14.09,14.09,14.09,1,2025-12-23T13:39:34.573Z
2022-07-13,2022,7,9013351,Battery,captis_pulse,maroochydore,residential,58.64,29.32,55.0,3.64,2,2025-12-23T13:39:34.573Z
2022-07-12,2022,7,47604269,Pulse1,,,,470.0,23.5,140.0,0.0,20,2025-12-23T13:39:34.573Z
2022-07-12,2022,7,47604269,DeviceTemperature,,,,15.43,15.43,15.43,15.43,1,2025-12-23T13:39:34.573Z
2022-07-13,2022,7,47604269,Pulse1,,,,850.0,35.416666666666664,140.0,0.0,24,2025-12-23T13:39:34.573Z
2022-07-12,2022,7,342402,Pulse1,captis_pulse,buderim,residential,7.0,0.4117647058823529,6.0,0.0,17,2025-12-23T13:39:34.573Z
2022-07-12,2022,7,342402,Pulse1_Total,captis_pulse,buderim,residential,4151680.0,244216.4705882353,244330.0,244181.0,17,2025-12-23T13:39:34.573Z
2022-07-12,2022,7,342402,DeviceTemperature,captis_pulse,buderim,residential,13.54,13.54,13.54,13.54,1,2025-12-23T13:39:34.573Z
2022-07-13,2022,7,342402,Pulse1,captis_pulse,buderim,residential,113.0,4.52,83.0,0.0,25,2025-12-23T13:39:34.573Z
2022-07-13,2022,7,342402,Pulse1_Total,captis_pulse,buderim,residential,6109582.0,244383.28,244482.0,244334.0,25,2025-12-23T13:39:34.573Z
2022-07-13,2022,7,342402,DeviceTemperature,captis_pulse,buderim,residential,22.2,22.2,22.2,22.2,1,2025-12-23T13:39:34.573Z
2022-07-12,2022,7,61570869,Pulse1,captis_pulse,buderim,residential,0.0,0.0,0.0,0.0,17,2025-12-23T13:39:34.573Z
2022-07-12,2022,7,61570869,Pulse1_Total,captis_pulse,buderim,residential,544.0,32.0,32.0,32.0,17,2025-12-23T13:39:34.573Z
2022-07-12,2022,7,61570869,Battery,captis_pulse,buderim,residential,1.865,1.865,1.865,1.865,1,2025-12-23T13:39:34.573Z
2022-07-12,2022,7,61570869,DeviceTemperature,captis_pulse,buderim,residential,7.7,7.7,7.7,7.7,1,2025-12-23T13:39:34.573Z
2022-07-13,2022,7,61570869,Pulse1,captis_pulse,buderim,residential,0.0,0.0,0.0,0.0,24,2025-12-23T13:39:34.573Z
2022-07-13,2022,7,61570869,Pulse1_Total,captis_pulse,buderim,residential,736.0,32.0,32.0,32.0,23,2025-12-23T13:39:34.573Z
2022-07-13,2022,7,61570869,DeviceTemperature,captis_pulse,buderim,residential,23.9,23.9,23.9,23.9,1,2025-12-23T13:39:34.573Z
2022-07-12,2022,7,66115,Pulse1,captis_pulse,buderim,residential,17.0,1.0,12.0,0.0,17,2025-12-23T13:39:34.573Z
2022-07-12,2022,7,66115,Pulse1_Total,captis_pulse,buderim,residential,4145586.0,243858.0,243879.0,243848.0,17,2025-12-23T13:39:34.573Z
2022-07-13,2022,7,66115,Pulse1,captis_pulse,buderim,residential,302.0,13.130434782608695,116.0,0.0,23,2025-12-23T13:39:34.573Z
2022-07-13,2022,7,66115,Pulse1_Total,captis_pulse,buderim,residential,5614568.0,244111.65217391305,244329.0,243879.0,23,2025-12-23T13:39:34.573Z
2022-07-13,2022,7,66115,DeviceTemperature,captis_pulse,buderim,residential,24.9,24.9,24.9,24.9,1,2025-12-23T13:39:34.573Z
2022-07-12,2022,7,66398,Pulse1,captis_pulse,kuluin,residential,139.0,7.722222222222222,99.0,0.0,18,2025-12-23T13:39:34.573Z
2022-07-12,2022,7,66398,Pulse1_Total,captis_pulse,kuluin,residential,7007192.0,389288.44444444444,389514.0,389230.0,18,2025-12-23T13:39:34.573Z
2022-07-12,2022,7,66398,DeviceTemperature,captis_pulse,kuluin,residential,28.47,14.235,15.67,12.8,2,2025-12-23T13:39:34.573Z
2022-07-12,2022,7,66398,Battery,captis_pulse,kuluin,residential,74.64,37.32,71.0,3.64,2,2025-12-23T13:39:34.573Z
2022-07-13,2022,7,66398,Pulse1,captis_pulse,kuluin,residential,231.0,8.25,87.0,0.0,28,2025-12-23T13:39:34.573Z
2022-07-13,2022,7,66398,Pulse1_Total,captis_pulse,kuluin,residential,1.0912721E7,389740.03571428574,389871.0,389516.0,28,2025-12-23T13:39:34.573Z
2022-07-12,2022,7,45135150,Pulse1,captis_pulse,mountain creek,residential,44.0,2.75,30.0,0.0,16,2025-12-23T13:39:34.573Z
2022-07-12,2022,7,45135150,Pulse1_Total,captis_pulse,mountain creek,residential,1135847.0,70990.4375,71055.0,70962.0,16,2025-12-23T13:39:34.573Z
2022-07-13,2022,7,45135150,Pulse1,captis_pulse,mountain creek,residential,23.0,0.92,8.0,0.0,25,2025-12-23T13:39:34.573Z
2022-07-13,2022,7,45135150,Pulse1_Total,captis_pulse,mountain creek,residential,1776803.0,71072.12,71086.0,71056.0,25,2025-12-23T13:39:34.573Z
2022-07-13,2022,7,45135150,DeviceTemperature,captis_pulse,mountain creek,residential,23.6,23.6,23.6,23.6,1,2025-12-23T13:39:34.573Z
2022-07-12,2022,7,60218952,Pulse1,captis_pulse,buderim,residential,0.0,0.0,0.0,0.0,16,2025-12-23T13:39:34.573Z
2022-07-12,2022,7,60218952,Pulse1_Total,captis_pulse,buderim,residential,283648.0,17728.0,17728.0,17728.0,16,2025-12-23T13:39:34.573Z
2022-07-12,2022,7,60218952,DeviceTemperature,captis_pulse,buderim,residential,13.78,13.78,13.78,13.78,1,2025-12-23T13:39:34.573Z
2022-07-13,2022,7,60218952,Pulse1,captis_pulse,buderim,residential,0.0,0.0,0.0,0.0,24,2025-12-23T13:39:34.573Z
2022-07-13,2022,7,60218952,Pulse1_Total,captis_pulse,buderim,residential,425472.0,17728.0,17728.0,17728.0,24,2025-12-23T13:39:34.573Z
2022-07-12,2022,7,60736179,Pulse1,captis_pulse,buderim,residential,0.0,0.0,0.0,0.0,19,2025-12-23T13:39:34.573Z
2022-07-12,2022,7,60736179,Pulse1_Total,captis_pulse,buderim,residential,666.0,37.0,37.0,37.0,18,2025-12-23T13:39:34.573Z
2022-07-12,2022,7,60736179,DeviceTemperature,captis_pulse,buderim,residential,10.5,10.5,10.5,10.5,1,2025-12-23T13:39:34.573Z
2022-07-13,2022,7,60736179,Pulse1,captis_pulse,buderim,residential,0.0,0.0,0.0,0.0,28,2025-12-23T13:39:34.573Z
2022-07-13,2022,7,60736179,Pulse1_Total,captis_pulse,buderim,residential,1036.0,37.0,37.0,37.0,28,2025-12-23T13:39:34.573Z
2022-07-13,2022,7,60736179,DeviceTemperature,captis_pulse,buderim,residential,15.8,15.8,15.8,15.8,1,2025-12-23T13:39:34.573Z
2022-07-12,2022,7,81971113,Pulse1,captis_pulse,maroochydore,non-residential,30.0,2.5,20.0,0.0,12,2025-12-23T13:39:34.573Z
2022-07-12,2022,7,81971113,Battery,captis_pulse,maroochydore,non-residential,70.64,35.32,67.0,3.64,2,2025-12-23T13:39:34.573Z
2022-07-12,2022,7,60397740,Pulse1,captis_pulse,buderim,residential,0.0,0.0,0.0,0.0,17,2025-12-23T13:39:34.573Z
2022-07-12,2022,7,60397740,Pulse1_Total,captis_pulse,buderim,residential,1066308.0,62724.0,62724.0,62724.0,17,2025-12-23T13:39:34.573Z
2022-07-12,2022,7,60397740,DeviceTemperature,captis_pulse,buderim,residential,6.3,6.3,6.3,6.3,1,2025-12-23T13:39:34.573Z
2022-07-13,2022,7,60397740,Pulse1,captis_pulse,buderim,residential,0.0,0.0,0.0,0.0,24,2025-12-23T13:39:34.573Z
2022-07-13,2022,7,60397740,Pulse1_Total,captis_pulse,buderim,residential,1505376.0,62724.0,62724.0,62724.0,24,2025-12-23T13:39:34.573Z
2022-07-12,2022,7,61182030,Pulse1,captis_pulse,buderim,residential,0.0,0.0,0.0,0.0,17,2025-12-23T13:39:34.573Z
2022-07-12,2022,7,61182030,Pulse1_Total,captis_pulse,buderim,residential,663.0,39.0,39.0,39.0,17,2025-12-23T13:39:34.573Z
2022-07-12,2022,7,61182030,DeviceTemperature,captis_pulse,buderim,residential,24.41,12.205,13.81,10.6,2,2025-12-23T13:39:34.573Z
2022-07-12,2022,7,61182030,Battery,captis_pulse,buderim,residential,70.354,23.451333333333334,65.0,1.724,3,2025-12-23T13:39:34.573Z
2022-07-13,2022,7,61182030,Pulse1,captis_pulse,buderim,residential,0.0,0.0,0.0,0.0,25,2025-12-23T13:39:34.573Z
2022-07-13,2022,7,61182030,Pulse1_Total,captis_pulse,buderim,residential,936.0,39.0,39.0,39.0,24,2025-12-23T13:39:34.573Z
2022-07-12,2022,7,61208077,Pulse1,captis_pulse,buderim,residential,39.0,2.1666666666666665,31.0,0.0,18,2025-12-23T13:39:34.573Z
2022-07-12,2022,7,61208077,Pulse1_Total,captis_pulse,buderim,residential,920307.0,51128.166666666664,51208.0,51098.0,18,2025-12-23T13:39:34.573Z
2022-07-12,2022,7,61208077,DeviceTemperature,captis_pulse,buderim,residential,13.11,13.11,13.11,13.11,1,2025-12-23T13:39:34.573Z
2022-07-12,2022,7,61208077,Battery,captis_pulse,buderim,residential,3.64,3.64,3.64,3.64,1,2025-12-23T13:39:34.573Z
2022-07-13,2022,7,61208077,Pulse1,captis_pulse,buderim,residential,35.0,1.4583333333333333,10.0,0.0,24,2025-12-23T13:39:34.573Z
2022-07-13,2022,7,61208077,Pulse1_Total,captis_pulse,buderim,residential,1229720.0,51238.333333333336,51275.0,51208.0,24,2025-12-23T13:39:34.573Z
2022-07-13,2022,7,61208077,DeviceTemperature,captis_pulse,buderim,residential,24.7,24.7,24.7,24.7,1,2025-12-23T13:39:34.573Z
2022-07-12,2022,7,98257,Pulse1,captis_pulse,buderim,residential,16.0,0.8888888888888888,7.0,0.0,18,2025-12-23T13:39:34.573Z
2022-07-12,2022,7,98257,Pulse1_Total,captis_pulse,buderim,residential,2926423.0,162579.05555555556,162659.0,162548.0,18,2025-12-23T13:39:34.573Z
2022-07-12,2022,7,98257,DeviceTemperature,captis_pulse,buderim,residential,6.3,6.3,6.3,6.3,1,2025-12-23T13:39:34.573Z
2022-07-13,2022,7,98257,DeviceTemperature,captis_pulse,buderim,residential,30.7,30.7,30.7,30.7,1,2025-12-23T13:39:34.573Z
2022-07-13,2022,7,98257,Pulse1,captis_pulse,buderim,residential,10.0,0.43478260869565216,3.0,0.0,23,2025-12-23T13:39:34.573Z
2022-07-13,2022,7,98257,Pulse1_Total,captis_pulse,buderim,residential,3742870.0,162733.47826086957,162772.0,162666.0,23,2025-12-23T13:39:34.573Z
2022-07-12,2022,7,10461,Pulse1,captis_pulse,buderim,residential,24.0,1.411764705882353,9.0,0.0,17,2025-12-23T13:39:34.573Z
2022-07-12,2022,7,10461,Pulse1_Total,captis_pulse,buderim,residential,5295341.0,311490.64705882355,311586.0,311467.0,17,2025-12-23T13:39:34.573Z
2022-07-12,2022,7,10461,Battery,captis_pulse,buderim,residential,85.848,28.616,80.0,2.248,3,2025-12-23T13:39:34.573Z
2022-07-12,2022,7,10461,DeviceTemperature,captis_pulse,buderim,residential,5.8,5.8,5.8,5.8,1,2025-12-23T13:39:34.573Z
2022-07-13,2022,7,10461,Pulse1,captis_pulse,buderim,residential,264.0,11.0,87.0,0.0,24,2025-12-23T13:39:34.573Z
2022-07-13,2022,7,10461,Pulse1_Total,captis_pulse,buderim,residential,7485235.0,311884.7916666667,312024.0,311626.0,24,2025-12-23T13:39:34.573Z
2022-07-13,2022,7,10461,DeviceTemperature,captis_pulse,buderim,residential,28.6,28.6,28.6,28.6,1,2025-12-23T13:39:34.573Z
2022-07-12,2022,7,60192816,Pulse1,captis_pulse,buderim,residential,87.0,5.117647058823529,47.0,0.0,17,2025-12-23T13:39:34.573Z
2022-07-12,2022,7,60192816,Pulse1_Total,captis_pulse,buderim,residential,665172.0,39127.76470588235,39205.0,39099.0,17,2025-12-23T13:39:34.573Z
2022-07-12,2022,7,60192816,DeviceTemperature,captis_pulse,buderim,residential,9.6,9.6,9.6,9.6,1,2025-12-23T13:39:34.573Z
2022-07-13,2022,7,60192816,Pulse1,captis_pulse,buderim,residential,83.0,3.32,44.0,0.0,25,2025-12-23T13:39:34.573Z
2022-07-13,2022,7,60192816,Pulse1_Total,captis_pulse,buderim,residential,981603.0,39264.12,39514.0,39205.0,25,2025-12-23T13:39:34.573Z
2022-07-12,2022,7,316787,Pulse1,captis_pulse,buderim,residential,172.0,10.117647058823529,64.0,0.0,17,2025-12-23T13:39:34.573Z
2022-07-12,2022,7,316787,Pulse1_Total,captis_pulse,buderim,residential,2815034.0,165590.23529411765,165926.0,165519.0,17,2025-12-23T13:39:34.573Z
2022-07-13,2022,7,316787,Pulse1,captis_pulse,buderim,residential,144.0,6.260869565217392,64.0,0.0,23,2025-12-23T13:39:34.573Z
2022-07-13,2022,7,316787,Pulse1_Total,captis_pulse,buderim,residential,3819012.0,166044.0,166183.0,165960.0,23,2025-12-23T13:39:34.573Z
2022-07-13,2022,7,316787,DeviceTemperature,captis_pulse,buderim,residential,27.3,27.3,27.3,27.3,1,2025-12-23T13:39:34.573Z
2022-07-12,2022,7,61215978,Pulse1,captis_pulse,buderim,residential,0.0,0.0,0.0,0.0,17,2025-12-23T13:39:34.573Z
2022-07-12,2022,7,61215978,Pulse1_Total,captis_pulse,buderim,residential,629.0,37.0,37.0,37.0,17,2025-12-23T13:39:34.573Z
2022-07-12,2022,7,61215978,DeviceTemperature,captis_pulse,buderim,residential,11.5,11.5,11.5,11.5,1,2025-12-23T13:39:34.573Z
2022-07-13,2022,7,61215978,Pulse1,captis_pulse,buderim,residential,0.0,0.0,0.0,0.0,24,2025-12-23T13:39:34.573Z
2022-07-13,2022,7,61215978,Pulse1_Total,captis_pulse,buderim,residential,851.0,37.0,37.0,37.0,23,2025-12-23T13:39:34.573Z
2022-07-13,2022,7,61215978,DeviceTemperature,captis_pulse,buderim,residential,20.3,20.3,20.3,20.3,1,2025-12-23T13:39:34.573Z
2022-07-12,2022,7,711585,Pulse1,captis_pulse,buderim,residential,97.0,6.0625,67.0,0.0,16,2025-12-23T13:39:34.573Z
2022-07-12,2022,7,711585,Pulse1_Total,captis_pulse,buderim,residential,4591686.0,286980.375,287077.0,286965.0,16,2025-12-23T13:39:34.573Z
2022-07-12,2022,7,711585,Battery,captis_pulse,buderim,residential,71.782,23.927333333333333,66.0,2.152,3,2025-12-23T13:39:34.573Z
2022-07-13,2022,7,711585,Pulse1,captis_pulse,buderim,residential,52.0,2.260869565217391,9.0,0.0,23,2025-12-23T13:39:34.573Z
2022-07-13,2022,7,711585,Pulse1_Total,captis_pulse,buderim,residential,6604854.0,287167.5652173913,287240.0,287091.0,23,2025-12-23T13:39:34.573Z
2022-07-12,2022,7,2312,Pulse1,captis_pulse,maroochydore,non-residential,16.0,1.0,11.0,0.0,16,2025-12-23T13:39:34.573Z
2022-07-12,2022,7,2312,Pulse1_Total,captis_pulse,maroochydore,non-residential,2699386.0,168711.625,168741.0,168705.0,16,2025-12-23T13:39:34.573Z
2022-07-12,2022,7,2312,DeviceTemperature,captis_pulse,maroochydore,non-residential,9.2,9.2,9.2,9.2,1,2025-12-23T13:39:34.573Z
2022-07-13,2022,7,2312,Pulse1,captis_pulse,maroochydore,non-residential,65.0,2.8260869565217392,14.0,0.0,23,2025-12-23T13:39:34.573Z
2022-07-13,2022,7,2312,Pulse1_Total,captis_pulse,maroochydore,non-residential,3884977.0,168912.04347826086,168964.0,168764.0,23,2025-12-23T13:39:34.573Z
2022-07-12,2022,7,314227,Pulse1,captis_pulse,buderim,residential,60.0,3.75,34.0,0.0,16,2025-12-23T13:39:34.573Z
2022-07-12,2022,7,314227,Pulse1_Total,captis_pulse,buderim,residential,4969700.0,310606.25,310751.0,310565.0,16,2025-12-23T13:39:34.573Z
2022-07-12,2022,7,314227,Battery,captis_pulse,buderim,residential,74.277,24.759,69.0,1.657,3,2025-12-23T13:39:34.573Z
2022-07-13,2022,7,314227,DeviceTemperature,captis_pulse,buderim,residential,18.7,18.7,18.7,18.7,1,2025-12-23T13:39:34.573Z
2022-07-13,2022,7,314227,Pulse1,captis_pulse,buderim,residential,96.0,3.84,39.0,0.0,25,2025-12-23T13:39:34.573Z
2022-07-13,2022,7,314227,Pulse1_Total,captis_pulse,buderim,residential,7771094.0,310843.76,311012.0,310751.0,25,2025-12-23T13:39:34.573Z
2022-07-12,2022,7,60192780,Pulse1,captis_pulse,buderim,residential,30.0,1.6666666666666667,15.0,0.0,18,2025-12-23T13:39:34.573Z
2022-07-12,2022,7,60192780,Pulse1_Total,captis_pulse,buderim,residential,915601.0,50866.72222222222,50910.0,50858.0,18,2025-12-23T13:39:34.573Z
2022-07-12,2022,7,60192780,DeviceTemperature,captis_pulse,buderim,residential,14.27,14.27,14.27,14.27,1,2025-12-23T13:39:34.573Z
2022-07-13,2022,7,60192780,Pulse1,captis_pulse,buderim,residential,123.0,4.392857142857143,51.0,0.0,28,2025-12-23T13:39:34.573Z
2022-07-13,2022,7,60192780,Pulse1_Total,captis_pulse,buderim,residential,1381340.0,51160.74074074074,51214.0,50954.0,27,2025-12-23T13:39:34.573Z
2022-07-13,2022,7,60192780,DeviceTemperature,captis_pulse,buderim,residential,18.1,18.1,18.1,18.1,1,2025-12-23T13:39:34.573Z
2022-07-12,2022,7,61331679,Pulse1,captis_pulse,buderim,residential,0.0,0.0,0.0,0.0,5,2025-12-23T13:39:34.573Z
2022-07-12,2022,7,61331679,Pulse1_Total,captis_pulse,buderim,residential,175.0,35.0,35.0,35.0,5,2025-12-23T13:39:34.573Z
2022-07-12,2022,7,62369873,Pulse1,captis_pulse,buderim,residential,0.0,0.0,0.0,0.0,17,2025-12-23T13:39:34.573Z
2022-07-12,2022,7,62369873,Pulse1_Total,captis_pulse,buderim,residential,9979.0,587.0,587.0,587.0,17,2025-12-23T13:39:34.573Z
2022-07-12,2022,7,62369873,DeviceTemperature,captis_pulse,buderim,residential,13.44,13.44,13.44,13.44,1,2025-12-23T13:39:34.573Z
2022-07-12,2022,7,62369873,Battery,captis_pulse,buderim,residential,70.716,23.572,65.0,2.086,3,2025-12-23T13:39:34.573Z
2022-07-13,2022,7,62369873,Pulse1,captis_pulse,buderim,residential,0.0,0.0,0.0,0.0,24,2025-12-23T13:39:34.573Z
2022-07-13,2022,7,62369873,Pulse1_Total,captis_pulse,buderim,residential,13501.0,587.0,587.0,587.0,23,2025-12-23T13:39:34.573Z
2022-07-12,2022,7,65091948,Pulse1,captis_pulse,maroochydore,non-residential,90.0,5.294117647058823,50.0,0.0,17,2025-12-23T13:39:34.573Z
2022-07-12,2022,7,65091948,DeviceTemperature,captis_pulse,maroochydore,non-residential,24.84,12.42,15.04,9.8,2,2025-12-23T13:39:34.573Z
2022-07-12,2022,7,65091948,Battery,captis_pulse,maroochydore,non-residential,79.673,26.557666666666666,74.0,2.043,3,2025-12-23T13:39:34.573Z
2022-07-13,2022,7,65091948,Pulse1,captis_pulse,maroochydore,non-residential,1140.0,47.5,100.0,20.0,24,2025-12-23T13:39:34.573Z
2022-07-12,2022,7,81967932,Pulse1,captis_pulse,maroochydore,residential,235.0,14.6875,80.0,0.0,16,2025-12-23T13:39:34.573Z
2022-07-13,2022,7,81967932,Pulse1,captis_pulse,maroochydore,residential,405.0,81.0,100.0,55.0,5,2025-12-23T13:39:34.573Z
2022-07-13,2022,7,81967932,DeviceTemperature,captis_pulse,maroochydore,residential,46.14,23.07,31.5,14.64,2,2025-12-23T13:39:34.573Z
2022-07-13,2022,7,81967932,Battery,captis_pulse,maroochydore,residential,73.65,36.825,70.0,3.65,2,2025-12-23T13:39:34.573Z
2022-07-12,2022,7,21955571,Pulse1,captis_pulse,dicky beach,non-residential,50.0,3.3333333333333335,50.0,0.0,15,2025-12-23T13:39:34.573Z
2022-07-12,2022,7,21955571,DeviceTemperature,captis_pulse,dicky beach,non-residential,16.5,16.5,16.5,16.5,1,2025-12-23T13:39:34.573Z
2022-07-13,2022,7,21955571,Pulse1,captis_pulse,dicky beach,non-residential,1110.0,44.4,270.0,0.0,25,2025-12-23T13:39:34.573Z
2022-07-12,2022,7,32981918,Pulse1,captis_pulse,maroochydore,non-residential,1597.0,79.85,246.0,4.0,20,2025-12-23T13:39:34.573Z
2022-07-12,2022,7,32981918,DeviceTemperature,captis_pulse,maroochydore,non-residential,27.85,13.925,16.05,11.8,2,2025-12-23T13:39:34.573Z
2022-07-12,2022,7,32981918,Battery,captis_pulse,maroochydore,non-residential,71.341,23.78033333333333,66.0,1.711,3,2025-12-23T13:39:34.573Z
2022-07-13,2022,7,32981918,DeviceTemperature,captis_pulse,maroochydore,non-residential,27.8,27.8,27.8,27.8,1,2025-12-23T13:39:34.573Z
2022-07-13,2022,7,32981918,Pulse1,captis_pulse,maroochydore,non-residential,2198.0,91.58333333333333,189.0,24.0,24,2025-12-23T13:39:34.573Z
2022-07-12,2022,7,61240458,Pulse1,,,,0.0,0.0,0.0,0.0,16,2025-12-23T13:39:34.573Z
2022-07-12,2022,7,61240458,Pulse1_Total,,,,528.0,33.0,33.0,33.0,16,2025-12-23T13:39:34.573Z
2022-07-12,2022,7,61240458,Battery,,,,73.281,24.427000000000003,68.0,1.641,3,2025-12-23T13:39:34.573Z
2022-07-13,2022,7,61240458,Pulse1,,,,0.0,0.0,0.0,0.0,24,2025-12-23T13:39:34.573Z
2022-07-13,2022,7,61240458,Pulse1_Total,,,,792.0,33.0,33.0,33.0,24,2025-12-23T13:39:34.573Z
2022-07-12,2022,7,271268,Pulse1,captis_pulse,buderim,residential,1.0,0.06666666666666667,1.0,0.0,15,2025-12-23T13:39:34.573Z
2022-07-12,2022,7,271268,Pulse1_Total,captis_pulse,buderim,residential,415385.0,27692.333333333332,27700.0,27690.0,15,2025-12-23T13:39:34.573Z
2022-07-12,2022,7,271268,Battery,captis_pulse,buderim,residential,70.22999999999999,23.409999999999997,65.0,1.6,3,2025-12-23T13:39:34.573Z
2022-07-12,2022,7,271268,DeviceTemperature,captis_pulse,buderim,residential,6.5,6.5,6.5,6.5,1,2025-12-23T13:39:34.573Z
2022-07-13,2022,7,271268,Pulse1,captis_pulse,buderim,residential,10.0,0.43478260869565216,5.0,0.0,23,2025-12-23T13:39:34.573Z
2022-07-13,2022,7,271268,Pulse1_Total,captis_pulse,buderim,residential,637384.0,27712.347826086956,27725.0,27700.0,23,2025-12-23T13:39:34.573Z
2022-07-13,2022,7,271268,DeviceTemperature,captis_pulse,buderim,residential,28.3,28.3,28.3,28.3,1,2025-12-23T13:39:34.573Z
2022-07-12,2022,7,36810104,Pulse1,captis_pulse,redcliffe,non-residential,0.0,0.0,0.0,0.0,16,2025-12-23T13:39:34.573Z
2022-07-12,2022,7,36810104,Pulse1_Total,captis_pulse,redcliffe,non-residential,8077632.0,504852.0,504852.0,504852.0,16,2025-12-23T13:39:34.573Z
2022-07-12,2022,7,36810104,Battery,captis_pulse,redcliffe,non-residential,73.63,24.543333333333333,68.0,2.0,3,2025-12-23T13:39:34.573Z
2022-07-12,2022,7,36810104,DeviceTemperature,captis_pulse,redcliffe,non-residential,10.5,10.5,10.5,10.5,1,2025-12-23T13:39:34.573Z
2022-07-13,2022,7,36810104,Pulse1,captis_pulse,redcliffe,non-residential,0.0,0.0,0.0,0.0,24,2025-12-23T13:39:34.573Z
2022-07-13,2022,7,36810104,Pulse1_Total,captis_pulse,redcliffe,non-residential,1.1611596E7,504852.0,504852.0,504852.0,23,2025-12-23T13:39:34.573Z
2022-07-13,2022,7,36810104,DeviceTemperature,captis_pulse,redcliffe,non-residential,20.9,20.9,20.9,20.9,1,2025-12-23T13:39:34.573Z
2022-07-12,2022,7,511418,Pulse1,captis_pulse,kuluin,residential,0.0,0.0,0.0,0.0,18,2025-12-23T13:39:34.573Z
2022-07-12,2022,7,511418,Pulse1_Total,captis_pulse,kuluin,residential,2203902.0,122439.0,122439.0,122439.0,18,2025-12-23T13:39:34.573Z
2022-07-12,2022,7,511418,DeviceTemperature,captis_pulse,kuluin,residential,16.19,16.19,16.19,16.19,1,2025-12-23T13:39:34.573Z
2022-07-13,2022,7,511418,Pulse1,captis_pulse,kuluin,residential,0.0,0.0,0.0,0.0,24,2025-12-23T13:39:34.573Z
2022-07-13,2022,7,511418,Pulse1_Total,captis_pulse,kuluin,residential,2938536.0,122439.0,122439.0,122439.0,24,2025-12-23T13:39:34.573Z
2022-07-12,2022,7,2112,Pulse1,captis_pulse,maroochydore,residential,365.0,22.8125,146.0,0.0,16,2025-12-23T13:39:34.573Z
2022-07-12,2022,7,2112,Pulse1_Total,captis_pulse,maroochydore,residential,8813562.0,550847.625,551276.0,550745.0,16,2025-12-23T13:39:34.573Z
2022-07-12,2022,7,2112,DeviceTemperature,captis_pulse,maroochydore,residential,14.36,14.36,14.36,14.36,1,2025-12-23T13:39:34.573Z
2022-07-12,2022,7,2112,Battery,captis_pulse,maroochydore,residential,69.607,23.202333333333332,64.0,1.977,3,2025-12-23T13:39:34.573Z
2022-07-13,2022,7,2112,Pulse1,captis_pulse,maroochydore,residential,427.0,17.791666666666668,120.0,0.0,24,2025-12-23T13:39:34.573Z
2022-07-13,2022,7,2112,Pulse1_Total,captis_pulse,maroochydore,residential,1.3240977E7,551707.375,551972.0,551280.0,24,2025-12-23T13:39:34.573Z
2022-07-13,2022,7,2112,DeviceTemperature,captis_pulse,maroochydore,residential,25.8,25.8,25.8,25.8,1,2025-12-23T13:39:34.573Z
2022-07-12,2022,7,21970062,Pulse1,captis_pulse,mountain creek,non-residential,110.0,6.111111111111111,80.0,0.0,18,2025-12-23T13:39:34.573Z
2022-07-13,2022,7,21970062,Pulse1,captis_pulse,mountain creek,non-residential,105.0,4.375,25.0,0.0,24,2025-12-23T13:39:34.573Z
2022-07-13,2022,7,21970062,DeviceTemperature,captis_pulse,mountain creek,non-residential,21.0,21.0,21.0,21.0,1,2025-12-23T13:39:34.573Z
2022-07-12,2022,7,26934770,Pulse1,captis_pulse,maroochydore,non-residential,0.0,0.0,0.0,0.0,17,2025-12-23T13:39:34.573Z
2022-07-12,2022,7,26934770,Pulse1_Total,captis_pulse,maroochydore,non-residential,244460.0,14380.0,14380.0,14380.0,17,2025-12-23T13:39:34.573Z
2022-07-12,2022,7,26934770,DeviceTemperature,captis_pulse,maroochydore,non-residential,14.01,14.01,14.01,14.01,1,2025-12-23T13:39:34.573Z
2022-07-12,2022,7,26934770,Battery,captis_pulse,maroochydore,non-residential,3.64,3.64,3.64,3.64,1,2025-12-23T13:39:34.573Z
2022-07-13,2022,7,26934770,Pulse1,captis_pulse,maroochydore,non-residential,0.0,0.0,0.0,0.0,24,2025-12-23T13:39:34.573Z
2022-07-13,2022,7,26934770,Pulse1_Total,captis_pulse,maroochydore,non-residential,345120.0,14380.0,14380.0,14380.0,24,2025-12-23T13:39:34.573Z
2022-07-13,2022,7,26934770,DeviceTemperature,captis_pulse,maroochydore,non-residential,25.2,25.2,25.2,25.2,1,2025-12-23T13:39:34.573Z
2022-07-12,2022,7,311558,Pulse1,captis_pulse,buderim,residential,162.0,10.125,103.0,3.0,16,2025-12-23T13:39:34.573Z
2022-07-12,2022,7,311558,Pulse1_Total,captis_pulse,buderim,residential,8948337.0,559271.0625,559464.0,559121.0,16,2025-12-23T13:39:34.573Z
2022-07-12,2022,7,311558,Battery,captis_pulse,buderim,residential,73.372,24.457333333333334,68.0,1.732,3,2025-12-23T13:39:34.573Z
2022-07-13,2022,7,311558,Pulse1,captis_pulse,buderim,residential,279.0,11.625,172.0,2.0,24,2025-12-23T13:39:34.573Z
2022-07-13,2022,7,311558,Pulse1_Total,captis_pulse,buderim,residential,1.3431989E7,559666.2083333334,559859.0,559470.0,24,2025-12-23T13:39:34.573Z
2022-07-12,2022,7,45122030,Pulse1,captis_pulse,mountain creek,residential,52.0,2.888888888888889,20.0,0.0,18,2025-12-23T13:39:34.573Z
2022-07-12,2022,7,45122030,Pulse1_Total,captis_pulse,mountain creek,residential,1533678.0,85204.33333333333,85283.0,85183.0,18,2025-12-23T13:39:34.573Z
2022-07-12,2022,7,45122030,DeviceTemperature,captis_pulse,mountain creek,residential,13.39,13.39,13.39,13.39,1,2025-12-23T13:39:34.573Z
2022-07-13,2022,7,45122030,Pulse1,captis_pulse,mountain creek,residential,63.0,2.625,26.0,0.0,24,2025-12-23T13:39:34.573Z
2022-07-13,2022,7,45122030,Pulse1_Total,captis_pulse,mountain creek,residential,2048559.0,85356.625,85436.0,85283.0,24,2025-12-23T13:39:34.573Z
2022-07-12,2022,7,60255908,Pulse1,captis_pulse,buderim,residential,0.0,0.0,0.0,0.0,17,2025-12-23T13:39:34.573Z
2022-07-12,2022,7,60255908,Pulse1_Total,captis_pulse,buderim,residential,0.0,0.0,0.0,0.0,17,2025-12-23T13:39:34.573Z
2022-07-12,2022,7,60255908,Battery,captis_pulse,buderim,residential,3.62,3.62,3.62,3.62,1,2025-12-23T13:39:34.573Z
2022-07-13,2022,7,60255908,Pulse1,captis_pulse,buderim,residential,0.0,0.0,0.0,0.0,28,2025-12-23T13:39:34.573Z
2022-07-13,2022,7,60255908,Pulse1_Total,captis_pulse,buderim,residential,0.0,0.0,0.0,0.0,28,2025-12-23T13:39:34.573Z
2022-07-12,2022,7,60833,Pulse1,captis_pulse,buderim,residential,13.0,0.8666666666666667,4.0,0.0,15,2025-12-23T13:39:34.573Z
2022-07-12,2022,7,60833,Pulse1_Total,captis_pulse,buderim,residential,1177353.0,78490.2,78508.0,78480.0,15,2025-12-23T13:39:34.573Z
2022-07-12,2022,7,60833,Battery,captis_pulse,buderim,residential,74.579,24.859666666666666,69.0,1.949,3,2025-12-23T13:39:34.573Z
2022-07-13,2022,7,60833,Pulse1,captis_pulse,buderim,residential,15.0,0.5769230769230769,1.0,0.0,26,2025-12-23T13:39:34.573Z
2022-07-13,2022,7,60833,Pulse1_Total,captis_pulse,buderim,residential,2041613.0,78523.57692307692,78537.0,78510.0,26,2025-12-23T13:39:34.573Z
2022-07-12,2022,7,62366298,Pulse1,captis_pulse,buderim,residential,14.0,0.7777777777777778,5.0,0.0,18,2025-12-23T13:39:34.573Z
2022-07-12,2022,7,62366298,Pulse1_Total,captis_pulse,buderim,residential,519014.0,28834.11111111111,28865.0,28811.0,18,2025-12-23T13:39:34.573Z
2022-07-13,2022,7,62366298,Pulse1,captis_pulse,buderim,residential,55.0,1.9642857142857142,6.0,0.0,28,2025-12-23T13:39:34.573Z
2022-07-13,2022,7,62366298,Pulse1_Total,captis_pulse,buderim,residential,809354.0,28905.5,28955.0,28866.0,28,2025-12-23T13:39:34.573Z
2022-07-13,2022,7,62366298,DeviceTemperature,captis_pulse,buderim,residential,18.3,18.3,18.3,18.3,1,2025-12-23T13:39:34.573Z
2022-07-12,2022,7,64632488,Pulse1,captis_pulse,maroochydore,residential,660.0,41.25,190.0,0.0,16,2025-12-23T13:39:34.573Z
2022-07-12,2022,7,64632488,DeviceTemperature,captis_pulse,maroochydore,residential,8.1,8.1,8.1,8.1,1,2025-12-23T13:39:34.573Z
2022-07-13,2022,7,64632488,Pulse1,captis_pulse,maroochydore,residential,1080.0,45.0,190.0,0.0,24,2025-12-23T13:39:34.573Z
2022-07-12,2022,7,81969681,Pulse1,captis_pulse,maroochydore,non-residential,280.0,18.666666666666668,280.0,0.0,15,2025-12-23T13:39:34.573Z
2022-07-13,2022,7,81969681,Pulse1,captis_pulse,maroochydore,non-residential,0.0,0.0,0.0,0.0,8,2025-12-23T13:39:34.573Z
2022-07-12,2022,7,2203,Pulse1,captis_pulse,maroochydore,residential,11.0,0.6875,6.0,0.0,16,2025-12-23T13:39:34.573Z
2022-07-12,2022,7,2203,Pulse1_Total,captis_pulse,maroochydore,residential,3176719.0,198544.9375,198567.0,198540.0,16,2025-12-23T13:39:34.573Z
2022-07-12,2022,7,2203,DeviceTemperature,captis_pulse,maroochydore,residential,8.6,8.6,8.6,8.6,1,2025-12-23T13:39:34.573Z
2022-07-13,2022,7,2203,Pulse1,captis_pulse,maroochydore,residential,27.0,1.125,6.0,0.0,24,2025-12-23T13:39:34.573Z
2022-07-13,2022,7,2203,Pulse1_Total,captis_pulse,maroochydore,residential,4767023.0,198625.95833333334,198662.0,198579.0,24,2025-12-23T13:39:34.573Z
2022-07-12,2022,7,293809,Pulse1,captis_pulse,buderim,residential,11.0,0.6470588235294118,5.0,0.0,17,2025-12-23T13:39:34.573Z
2022-07-12,2022,7,293809,Pulse1_Total,captis_pulse,buderim,residential,5237044.0,308061.4117647059,308117.0,308043.0,17,2025-12-23T13:39:34.573Z
2022-07-12,2022,7,293809,DeviceTemperature,captis_pulse,buderim,residential,31.96,15.98,17.56,14.4,2,2025-12-23T13:39:34.573Z
2022-07-13,2022,7,293809,Pulse1,captis_pulse,buderim,residential,222.0,9.652173913043478,120.0,0.0,23,2025-12-23T13:39:34.573Z
2022-07-13,2022,7,293809,Pulse1_Total,captis_pulse,buderim,residential,7088559.0,308198.2173913043,308363.0,308118.0,23,2025-12-23T13:39:34.573Z
2022-07-13,2022,7,293809,DeviceTemperature,captis_pulse,buderim,residential,26.5,26.5,26.5,26.5,1,2025-12-23T13:39:34.573Z
2022-07-12,2022,7,46053342,Pulse1,captis_pulse,buderim,residential,870.0,54.375,170.0,0.0,16,2025-12-23T13:39:34.573Z
2022-07-12,2022,7,46053342,Battery,captis_pulse,buderim,residential,1.74,1.74,1.74,1.74,1,2025-12-23T13:39:34.573Z
2022-07-13,2022,7,46053342,Pulse1,captis_pulse,buderim,residential,950.0,39.583333333333336,150.0,0.0,24,2025-12-23T13:39:34.573Z
2022-07-12,2022,7,60962387,Pulse1,captis_pulse,buderim,residential,0.0,0.0,0.0,0.0,21,2025-12-23T13:39:34.573Z
2022-07-12,2022,7,60962387,Pulse1_Total,captis_pulse,buderim,residential,714.0,34.0,34.0,34.0,21,2025-12-23T13:39:34.573Z
2022-07-12,2022,7,60962387,Battery,captis_pulse,buderim,residential,1.732,1.732,1.732,1.732,1,2025-12-23T13:39:34.573Z
2022-07-13,2022,7,60962387,Pulse1,captis_pulse,buderim,residential,0.0,0.0,0.0,0.0,25,2025-12-23T13:39:34.573Z
2022-07-13,2022,7,60962387,Pulse1_Total,captis_pulse,buderim,residential,816.0,34.0,34.0,34.0,24,2025-12-23T13:39:34.573Z
2022-07-13,2022,7,60962387,DeviceTemperature,captis_pulse,buderim,residential,19.4,19.4,19.4,19.4,1,2025-12-23T13:39:34.573Z
2022-07-12,2022,7,64924,Pulse1,captis_pulse,buderim,residential,40.0,2.2222222222222223,14.0,0.0,18,2025-12-23T13:39:34.573Z
2022-07-12,2022,7,64924,Pulse1_Total,captis_pulse,buderim,residential,4539355.0,252186.38888888888,252383.0,252155.0,18,2025-12-23T13:39:34.573Z
2022-07-12,2022,7,64924,DeviceTemperature,captis_pulse,buderim,residential,7.5,7.5,7.5,7.5,1,2025-12-23T13:39:34.573Z
2022-07-13,2022,7,64924,Pulse1,captis_pulse,buderim,residential,68.0,2.9565217391304346,25.0,0.0,23,2025-12-23T13:39:34.573Z
2022-07-13,2022,7,64924,Pulse1_Total,captis_pulse,buderim,residential,5806365.0,252450.65217391305,252522.0,252384.0,23,2025-12-23T13:39:34.573Z
2022-07-12,2022,7,325277,Pulse1,captis_pulse,maroochydore,residential,0.0,0.0,0.0,0.0,18,2025-12-23T13:39:34.573Z
2022-07-12,2022,7,325277,Pulse1_Total,captis_pulse,maroochydore,residential,3175915.0,176439.72222222222,176440.0,176439.0,18,2025-12-23T13:39:34.573Z
2022-07-12,2022,7,325277,DeviceTemperature,captis_pulse,maroochydore,residential,29.64,14.82,15.84,13.8,2,2025-12-23T13:39:34.573Z
2022-07-13,2022,7,325277,Pulse1,captis_pulse,maroochydore,residential,0.0,0.0,0.0,0.0,23,2025-12-23T13:39:34.573Z
2022-07-13,2022,7,325277,Pulse1_Total,captis_pulse,maroochydore,residential,4058144.0,176441.04347826086,176442.0,176440.0,23,2025-12-23T13:39:34.573Z
2022-07-13,2022,7,325277,DeviceTemperature,captis_pulse,maroochydore,residential,15.6,15.6,15.6,15.6,1,2025-12-23T13:39:34.573Z
2022-07-12,2022,7,285064,Pulse1,captis_pulse,maroochydore,residential,8.0,0.5333333333333333,1.0,0.0,15,2025-12-23T13:39:34.573Z
2022-07-12,2022,7,285064,Pulse1_Total,captis_pulse,maroochydore,residential,513020.0,34201.333333333336,34208.0,34194.0,15,2025-12-23T13:39:34.573Z
2022-07-13,2022,7,285064,Pulse1,captis_pulse,maroochydore,residential,8.0,0.34782608695652173,1.0,0.0,23,2025-12-23T13:39:34.573Z
2022-07-13,2022,7,285064,Pulse1_Total,captis_pulse,maroochydore,residential,787000.0,34217.391304347824,34225.0,34210.0,23,2025-12-23T13:39:34.573Z
2022-07-12,2022,7,310546,Pulse1,captis_pulse,maroochydore,residential,162.0,9.529411764705882,89.0,0.0,17,2025-12-23T13:39:34.573Z
2022-07-12,2022,7,310546,Pulse1_Total,captis_pulse,maroochydore,residential,4758737.0,279925.70588235295,280092.0,279829.0,17,2025-12-23T13:39:34.573Z
2022-07-12,2022,7,310546,DeviceTemperature,captis_pulse,maroochydore,residential,26.79,8.93,13.09,6.6,3,2025-12-23T13:39:34.573Z
2022-07-13,2022,7,310546,Pulse1,captis_pulse,maroochydore,residential,83.0,3.1923076923076925,33.0,0.0,26,2025-12-23T13:39:34.573Z
2022-07-13,2022,7,310546,Pulse1_Total,captis_pulse,maroochydore,residential,7284549.0,280174.96153846156,280282.0,280092.0,26,2025-12-23T13:39:34.573Z
2022-07-12,2022,7,45122395,Pulse1,captis_pulse,mountain creek,residential,214.0,12.588235294117647,54.0,0.0,17,2025-12-23T13:39:34.573Z
2022-07-12,2022,7,45122395,Pulse1_Total,captis_pulse,mountain creek,residential,1689320.0,99371.76470588235,99631.0,99206.0,17,2025-12-23T13:39:34.573Z
2022-07-12,2022,7,45122395,DeviceTemperature,captis_pulse,mountain creek,residential,18.79,9.395,13.09,5.7,2,2025-12-23T13:39:34.573Z
2022-07-13,2022,7,45122395,Pulse1,captis_pulse,mountain creek,residential,58.0,2.4166666666666665,25.0,0.0,24,2025-12-23T13:39:34.573Z
2022-07-13,2022,7,45122395,Pulse1_Total,captis_pulse,mountain creek,residential,2392683.0,99695.125,99727.0,99634.0,24,2025-12-23T13:39:34.573Z
2022-07-12,2022,7,21337815,Pulse1,captis_pulse,burnside,non-residential,2250.0,140.625,260.0,120.0,16,2025-12-23T13:39:34.573Z
2022-07-12,2022,7,21337815,DeviceTemperature,captis_pulse,burnside,non-residential,36.79,18.395,23.8,12.99,2,2025-12-23T13:39:34.573Z
2022-07-12,2022,7,21337815,Battery,captis_pulse,burnside,non-residential,3.64,3.64,3.64,3.64,1,2025-12-23T13:39:34.573Z
2022-07-13,2022,7,21337815,Pulse1,captis_pulse,burnside,non-residential,4580.0,190.83333333333334,370.0,120.0,24,2025-12-23T13:39:34.573Z
2022-07-12,2022,7,60218664,Pulse1,captis_pulse,buderim,residential,0.0,0.0,0.0,0.0,16,2025-12-23T13:39:34.573Z
2022-07-12,2022,7,60218664,Pulse1_Total,captis_pulse,buderim,residential,0.0,0.0,0.0,0.0,16,2025-12-23T13:39:34.573Z
2022-07-12,2022,7,60218664,DeviceTemperature,captis_pulse,buderim,residential,13.82,13.82,13.82,13.82,1,2025-12-23T13:39:34.573Z
2022-07-12,2022,7,60218664,Battery,captis_pulse,buderim,residential,71.591,23.863666666666663,66.0,1.951,3,2025-12-23T13:39:34.573Z
2022-07-13,2022,7,60218664,Pulse1,captis_pulse,buderim,residential,0.0,0.0,0.0,0.0,26,2025-12-23T13:39:34.573Z
2022-07-13,2022,7,60218664,Pulse1_Total,captis_pulse,buderim,residential,0.0,0.0,0.0,0.0,25,2025-12-23T13:39:34.573Z
2022-07-13,2022,7,60218664,DeviceTemperature,captis_pulse,buderim,residential,36.4,36.4,36.4,36.4,1,2025-12-23T13:39:34.573Z
2022-07-12,2022,7,60941626,Pulse1,captis_pulse,buderim,residential,0.0,0.0,0.0,0.0,17,2025-12-23T13:39:34.573Z
2022-07-12,2022,7,60941626,Pulse1_Total,captis_pulse,buderim,residential,189125.0,11125.0,11125.0,11125.0,17,2025-12-23T13:39:34.573Z
2022-07-12,2022,7,60941626,DeviceTemperature,captis_pulse,buderim,residential,16.16,16.16,16.16,16.16,1,2025-12-23T13:39:34.573Z
2022-07-12,2022,7,60941626,Battery,captis_pulse,buderim,residential,72.46,24.153333333333332,67.0,1.82,3,2025-12-23T13:39:34.573Z
2022-07-13,2022,7,60941626,Pulse1,captis_pulse,buderim,residential,0.0,0.0,0.0,0.0,24,2025-12-23T13:39:34.573Z
2022-07-13,2022,7,60941626,Pulse1_Total,captis_pulse,buderim,residential,267000.0,11125.0,11125.0,11125.0,24,2025-12-23T13:39:34.573Z
2022-07-13,2022,7,60941626,DeviceTemperature,captis_pulse,buderim,residential,17.2,17.2,17.2,17.2,1,2025-12-23T13:39:34.573Z
