year,month,meter_id,measurement_type,meter_type,suburb,usage_type,monthly_total,monthly_avg,monthly_max,days_active
2022,7,26934771,Pulse1,captis_pulse,maroochydore,non-residential,3357.0,76.45434782608694,227.0,2
2022,7,64296852,DeviceTemperature,captis_pulse,buderim,non-residential,13.11,13.11,13.11,1
2022,7,67074,Pulse1,captis_pulse,kuluin,residential,183.0,3.7941176470588234,65.0,2
2022,7,67074,Pulse1_Total,captis_pulse,kuluin,residential,2.4541209E7,570697.9208144797,571011.0,2
2022,7,67074,DeviceTemperature,captis_pulse,kuluin,residential,12.79,12.79,12.79,1
2022,7,81964841,Pulse1,captis_pulse,kuluin,residential,51.0,1.59375,49.0,2
2022,7,81964841,Pulse1_Total,captis_pulse,kuluin,residential,3773455.0,222002.1875,222041.0,2
2022,7,81964841,DeviceTemperature,captis_pulse,kuluin,residential,16.6,16.6,16.6,1
2022,7,10272,Pulse1,captis_pulse,buderim,residential,437.0,7.8432539682539675,117.0,2
2022,7,10272,Pulse1_Total,captis_pulse,buderim,residential,1.9322832E7,420027.2281746032,420517.0,2
2022,7,60195138,Pulse1,captis_pulse,buderim,residential,0.0,0.0,0.0,2
2022,7,60195138,Pulse1_Total,captis_pulse,buderim,residential,1140.0,30.0,30.0,2
2022,7,60195138,DeviceTemperature,captis_pulse,buderim,residential,32.9,16.45,20.9,2
2022,7,60195138,Battery,captis_pulse,buderim,residential,3.64,3.64,3.64,1
2022,7,61233611,Pulse1,captis_pulse,buderim,residential,0.0,0.0,0.0,2
2022,7,61233611,Pulse1_Total,captis_pulse,buderim,residential,1344.0,32.0,32.0,2
2022,7,61233611,Battery,captis_pulse,buderim,residential,73.63,36.815,70.0,1
2022,7,65088476,Pulse1,captis_pulse,buderim,residential,900.0,20.384615384615387,90.0,2
2022,7,65088476,DeviceTemperature,captis_pulse,buderim,residential,32.6,16.3,20.2,2
2022,7,65088476,Battery,captis_pulse,buderim,residential,74.57199999999999,24.85733333333333,69.0,1
2022,7,593686,Pulse1,captis_pulse,buderim,residential,218.0,4.953431372549019,48.0,2
2022,7,593686,Pulse1_Total,captis_pulse,buderim,residential,1.1150361E7,271919.4705882353,272233.0,2
2022,7,593686,DeviceTemperature,captis_pulse,buderim,residential,25.2,12.6,16.0,2
2022,7,60192782,Pulse1,captis_pulse,buderim,residential,0.0,0.0,0.0,2
2022,7,60192782,Pulse1_Total,captis_pulse,buderim,residential,0.0,0.0,0.0,2
2022,7,60192782,DeviceTemperature,captis_pulse,buderim,residential,22.6,22.6,22.6,1
2022,7,65059861,Pulse1,captis_pulse,scarborough,residential,1000.0,58.8235294117647,150.0,1
2022,7,65059861,Pulse1_Total,captis_pulse,scarborough,residential,1.5144894E7,890876.1176470588,892312.0,1
2022,7,313802,Pulse1,captis_pulse,buderim,residential,79.0,1.8094629156010231,18.0,2
2022,7,313802,Pulse1_Total,captis_pulse,buderim,residential,1.855954E7,463978.62148337596,464086.0,2
2022,7,313802,DeviceTemperature,captis_pulse,buderim,residential,32.58,16.29,17.9,2
2022,7,61279693,Pulse1,captis_pulse,buderim,residential,0.0,0.0,0.0,2
2022,7,61279693,Pulse1_Total,captis_pulse,buderim,residential,1470.0,35.0,35.0,2
2022,7,61279693,DeviceTemperature,captis_pulse,buderim,residential,33.1,16.55,22.0,2
2022,7,61279693,Battery,captis_pulse,buderim,residential,2.043,2.043,2.043,1
2022,7,61554723,Pulse1,captis_pulse,buderim,residential,0.0,0.0,0.0,2
2022,7,61554723,Pulse1_Total,captis_pulse,buderim,residential,1271.0,31.0,31.0,2
2022,7,61554723,DeviceTemperature,captis_pulse,buderim,residential,31.49,15.745,16.9,2
2022,7,61554723,Battery,captis_pulse,buderim,residential,74.55699999999999,24.85233333333333,66.0,1
2022,7,62293883,Pulse1,captis_pulse,buderim,residential,331.0,8.276960784313726,111.0,2
2022,7,62293883,Pulse1_Total,captis_pulse,buderim,residential,3211874.0,80260.547314578,80635.0,2
2022,7,62293883,DeviceTemperature,captis_pulse,buderim,residential,15.17,15.17,15.17,1
2022,7,62293883,Battery,captis_pulse,buderim,residential,3.64,3.64,3.64,1
2022,7,62312765,Pulse1,captis_pulse,buderim,residential,0.0,0.0,0.0,2
2022,7,62312765,Pulse1_Total,captis_pulse,buderim,residential,1594483.0,37081.0,37081.0,2
2022,7,62312765,DeviceTemperature,captis_pulse,buderim,residential,28.200000000000003,14.100000000000001,18.3,2
2022,7,67715869,Pulse1,captis_pulse,buderim,residential,0.0,0.0,0.0,2
2022,7,67715869,Pulse1_Total,captis_pulse,buderim,residential,1656.0,36.0,36.0,2
2022,7,67715869,DeviceTemperature,captis_pulse,buderim,residential,35.6,35.6,35.6,1
2022,7,81502510,Pulse1,captis_pulse,maroochydore,residential,2510.0,188.59375,235.0,2
2022,7,22604421,Pulse1,captis_pulse,albany creek,non-residential,3680.0,88.84510869565217,340.0,2
2022,7,22604421,DeviceTemperature,captis_pulse,albany creek,non-residential,51.58,19.645,27.0,2
2022,7,22604421,Battery,captis_pulse,albany creek,non-residential,73.892,24.630666666666666,66.0,1
2022,7,46053377,Pulse1,captis_pulse,buderim,non-residential,4000.0,88.54166666666666,360.0,2
2022,7,46053377,DeviceTemperature,captis_pulse,buderim,non-residential,14.21,14.21,14.21,1
2022,7,60916379,DeviceTemperature,captis_pulse,buderim,residential,17.2,17.2,17.2,1
2022,7,60916379,Battery,captis_pulse,buderim,residential,3.63,3.63,3.63,1
2022,7,62365471,Pulse1,captis_pulse,buderim,residential,84.0,1.6988235294117646,37.0,2
2022,7,62365471,Pulse1_Total,captis_pulse,buderim,residential,1161092.0,27636.76705882353,27737.0,2
2022,7,81985117,Pulse1,captis_pulse,maroochydore,non-residential,225.0,15.208333333333332,25.0,2
2022,7,81985117,DeviceTemperature,captis_pulse,maroochydore,non-residential,22.009999999999998,11.004999999999999,13.41,1
2022,7,21675467,Pulse1,captis_pulse,buderim,non-residential,0.0,0.0,0.0,2
2022,7,21675467,DeviceTemperature,captis_pulse,buderim,non-residential,14.2,14.2,14.2,1
2022,7,21675467,Battery,captis_pulse,buderim,non-residential,3.62,3.62,3.62,1
2022,7,61200816,Pulse1,captis_pulse,buderim,residential,100.0,2.16,57.0,2
2022,7,61200816,Pulse1_Total,captis_pulse,buderim,residential,781047.0,19510.286666666667,19703.0,2
2022,7,62365439,Pulse1,captis_pulse,buderim,residential,261.0,6.6431623931623935,97.0,2
2022,7,62365439,Pulse1_Total,captis_pulse,buderim,residential,658025.0,14931.27564102564,15067.0,2
2022,7,62365439,DeviceTemperature,captis_pulse,buderim,residential,42.9,21.45,28.9,2
2022,7,62365439,Battery,captis_pulse,buderim,residential,69.44999999999999,23.149999999999995,64.0,1
2022,7,21947022,Pulse1,captis_pulse,meridan plains,non-residential,160.0,3.4583333333333335,35.0,2
2022,7,21947022,DeviceTemperature,captis_pulse,meridan plains,non-residential,17.48,17.48,17.48,1
2022,7,64630792,Pulse1,captis_pulse,buderim,residential,0.0,0.0,0.0,2
2022,7,9395586,Pulse1,captis_pulse,buderim,residential,612.0,13.364583333333334,134.0,2
2022,7,9395586,Pulse1_Total,captis_pulse,buderim,residential,1.0166275E7,254104.8020833333,254972.0,2
2022,7,9395586,DeviceTemperature,captis_pulse,buderim,residential,47.74,18.635,26.8,2
2022,7,283478,Pulse1,captis_pulse,buderim,residential,254.0,5.978260869565218,119.0,2
2022,7,283478,Pulse1_Total,captis_pulse,buderim,residential,1.6097507E7,412708.02309782605,413109.0,2
2022,7,283478,Battery,captis_pulse,buderim,residential,78.369,26.123,72.0,1
2022,7,283478,DeviceTemperature,captis_pulse,buderim,residential,7.7,7.7,7.7,1
2022,7,61194261,Pulse1,captis_pulse,buderim,residential,129.0,2.6688034188034186,31.0,2
2022,7,61194261,Pulse1_Total,captis_pulse,buderim,residential,2623713.0,59610.97649572649,59861.0,2
2022,7,61194261,DeviceTemperature,captis_pulse,buderim,residential,42.1,21.05,26.6,2
2022,7,65104206,Pulse1,captis_pulse,buderim,residential,1891.0,48.06534090909091,231.0,2
2022,7,65104206,DeviceTemperature,captis_pulse,buderim,residential,26.6,13.3,15.5,1
2022,7,65104206,Battery,captis_pulse,buderim,residential,74.966,24.988666666666663,69.0,1
2022,7,76876,Pulse1,captis_pulse,buderim,residential,189.0,4.327173913043478,79.0,2
2022,7,76876,Pulse1_Total,captis_pulse,buderim,residential,1.5792232E7,358909.27950310556,359145.0,2
2022,7,76876,Battery,captis_pulse,buderim,residential,73.318,24.439333333333334,68.0,1
2022,7,76876,DeviceTemperature,captis_pulse,buderim,residential,30.5,15.25,21.8,2
2022,7,60219035,Pulse1,captis_pulse,buderim,residential,0.0,0.0,0.0,2
2022,7,60219035,Pulse1_Total,captis_pulse,buderim,residential,1848.0,44.0,44.0,2
2022,7,60219035,DeviceTemperature,captis_pulse,buderim,residential,10.2,10.2,10.2,1
2022,7,61184899,Pulse1,captis_pulse,buderim,residential,0.0,0.0,0.0,2
2022,7,61184899,Pulse1_Total,captis_pulse,buderim,residential,326155.0,7585.0,7585.0,2
2022,7,61184899,DeviceTemperature,captis_pulse,buderim,residential,27.7,13.85,18.7,2
2022,7,9338236,Pulse1,captis_pulse,mountain creek,residential,136.0,2.9963235294117645,73.0,2
2022,7,9338236,Pulse1_Total,captis_pulse,mountain creek,residential,3873204.0,94460.10661764705,94635.0,2
2022,7,9338236,Battery,captis_pulse,mountain creek,residential,99.919,33.306333333333335,94.0,1
2022,7,9338236,DeviceTemperature,captis_pulse,mountain creek,residential,19.0,19.0,19.0,1
2022,7,46053995,Pulse1,captis_pulse,griffin,non-residential,3338.0,70.45,269.0,2
2022,7,46053995,DeviceTemperature,captis_pulse,griffin,non-residential,22.64,11.32,14.74,1
2022,7,46053995,Battery,captis_pulse,griffin,non-residential,69.228,23.075999999999997,64.0,1
2022,7,46054156,Pulse1,captis_pulse,maroochydore,residential,14860.0,334.33257918552033,760.0,2
2022,7,46054156,Battery,captis_pulse,maroochydore,residential,3.64,3.64,3.64,1
2022,7,46054156,DeviceTemperature,captis_pulse,maroochydore,residential,9.2,9.2,9.2,1
2022,7,61278924,Pulse1,captis_pulse,buderim,residential,0.0,0.0,0.0,2
2022,7,61278924,Pulse1_Total,captis_pulse,buderim,residential,1260.0,30.0,30.0,2
2022,7,61278924,DeviceTemperature,captis_pulse,buderim,residential,31.56,10.52,12.86,1
2022,7,9027465,Pulse1,captis_pulse,maroochydore,residential,167.0,3.5694444444444446,63.0,2
2022,7,9027465,Pulse1_Total,captis_pulse,maroochydore,residential,9573598.0,227936.86805555556,228161.0,2
2022,7,9027465,DeviceTemperature,captis_pulse,maroochydore,residential,8.1,8.1,8.1,1
2022,7,2138,Pulse1,captis_pulse,maroochydore,residential,77.0,1.648809523809524,31.0,2
2022,7,2138,Pulse1_Total,captis_pulse,maroochydore,residential,1.0805901E7,234906.22537878787,235047.0,2
2022,7,2138,Battery,captis_pulse,maroochydore,residential,73.62,24.540000000000003,68.0,1
2022,7,36290436,Pulse1,captis_pulse,maroochydore,non-residential,80.0,1.6666666666666667,20.0,2
2022,7,36290436,Pulse1_Total,captis_pulse,maroochydore,non-residential,1.448641E7,362147.9411764706,362280.0,2
2022,7,36290436,DeviceTemperature,captis_pulse,maroochydore,non-residential,36.61,18.305,19.1,2
2022,7,36290436,Battery,captis_pulse,maroochydore,non-residential,73.63,36.815,70.0,1
2022,7,46057781,Pulse1,captis_pulse,maroochydore,residential,1840.0,40.34188034188034,200.0,2
2022,7,46057781,DeviceTemperature,captis_pulse,maroochydore,residential,33.2,16.6,23.0,2
2022,7,61145239,Pulse1,captis_pulse,buderim,residential,158.0,3.832107843137255,23.0,2
2022,7,61145239,Pulse1_Total,captis_pulse,buderim,residential,1721801.0,41981.93995098039,42122.0,2
2022,7,61145239,DeviceTemperature,captis_pulse,buderim,residential,13.82,13.82,13.82,1
2022,7,61145239,Battery,captis_pulse,buderim,residential,3.55,3.55,3.55,1
2022,7,61148208,Pulse1,captis_pulse,buderim,residential,632.0,16.338823529411766,133.0,2
2022,7,61148208,Pulse1_Total,captis_pulse,buderim,residential,6270250.0,149231.01411764708,149692.0,2
2022,7,61148208,DeviceTemperature,captis_pulse,buderim,residential,13.4,13.4,13.4,1
2022,7,61148208,Battery,captis_pulse,buderim,residential,80.441,26.813666666666666,75.0,1
2022,7,81968205,Pulse1,captis_pulse,maroochydore,residential,295.0,31.09375,70.0,2
2022,7,81968205,DeviceTemperature,captis_pulse,maroochydore,residential,9.9,9.9,9.9,1
2022,7,82440924,Pulse1,captis_pulse,maroochydore,residential,66.0,1.4375,60.0,2
2022,7,82440924,Pulse1_Total,captis_pulse,maroochydore,residential,4449740.0,114087.66666666666,114274.0,2
2022,7,82440924,DeviceTemperature,captis_pulse,maroochydore,residential,15.81,15.81,15.81,1
2022,7,82440924,Battery,captis_pulse,maroochydore,residential,86.72399999999999,28.907999999999998,81.0,1
2022,7,1664379,Pulse1,captis_pulse,buderim,residential,7.0,0.1590909090909091,4.0,2
2022,7,1664379,Pulse1_Total,captis_pulse,buderim,residential,1.4986173E7,394372.63636363635,394378.0,2
2022,7,1664379,Battery,captis_pulse,buderim,residential,75.606,25.201999999999998,70.0,1
2022,7,1664379,DeviceTemperature,captis_pulse,buderim,residential,12.8,12.8,12.8,1
2022,7,62367082,Pulse1,captis_pulse,buderim,residential,10.0,0.24358974358974358,1.0,2
2022,7,62367082,Pulse1_Total,captis_pulse,buderim,residential,2571472.0,58441.46153846154,58451.0,2
2022,7,62367082,DeviceTemperature,captis_pulse,buderim,residential,30.339999999999996,15.169999999999998,16.9,2
2022,7,62367082,Battery,captis_pulse,buderim,residential,83.39999999999999,27.799999999999997,78.0,1
2022,7,65089621,Pulse1,captis_pulse,buderim,residential,990.0,21.944444444444443,110.0,2
2022,7,311042,Pulse1,captis_pulse,buderim,residential,33.0,0.7058823529411764,12.0,2
2022,7,311042,Pulse1_Total,captis_pulse,buderim,residential,9151813.0,217895.05529411766,217970.0,2
2022,7,311042,DeviceTemperature,captis_pulse,buderim,residential,31.68,15.84,18.3,2
2022,7,34600176,Pulse1,captis_pulse,maroochydore,residential,5800.0,133.18888888888887,310.0,2
2022,7,34600176,Battery,captis_pulse,maroochydore,residential,75.897,25.299000000000003,70.0,1
2022,7,34600176,DeviceTemperature,captis_pulse,maroochydore,residential,10.4,10.4,10.4,1
2022,7,602793,Pulse1,captis_pulse,buderim,residential,119.0,2.667892156862745,48.0,2
2022,7,602793,Pulse1_Total,captis_pulse,buderim,residential,9587938.0,233831.01348039217,233992.0,2
2022,7,602793,DeviceTemperature,captis_pulse,buderim,residential,7.3,7.3,7.3,1
2022,7,64628125,Pulse1,captis_pulse,maroochydore,residential,660.0,16.211764705882352,130.0,2
2022,7,64628125,DeviceTemperature,captis_pulse,maroochydore,residential,8.2,8.2,8.2,1
2022,7,278856,Pulse1,captis_pulse,buderim,residential,413.0,10.139705882352942,120.0,2
2022,7,278856,Pulse1_Total,captis_pulse,buderim,residential,2.2952196E7,559766.0955882353,560370.0,2
2022,7,278856,DeviceTemperature,captis_pulse,buderim,residential,15.299999999999999,7.6499999999999995,9.2,1
2022,7,278856,Battery,captis_pulse,buderim,residential,74.411,24.80366666666667,69.0,1
2022,7,351,Pulse1,captis_pulse,maroochydore,residential,150.0,3.329059829059829,47.0,2
2022,7,351,Pulse1_Total,captis_pulse,maroochydore,residential,2.2484208E7,510994.0,511164.0,2
2022,7,351,Battery,captis_pulse,maroochydore,residential,2.014,2.014,2.014,1
2022,7,351,DeviceTemperature,captis_pulse,maroochydore,residential,6.8,6.8,6.8,1
2022,7,66208658,Pulse1,captis_pulse,buderim,residential,90.0,2.116304347826087,33.0,2
2022,7,66208658,Pulse1_Total,captis_pulse,buderim,residential,1325768.0,30824.48586956522,30981.0,2
2022,7,66208658,DeviceTemperature,captis_pulse,buderim,residential,14.7,14.7,14.7,1
2022,7,66208658,Battery,captis_pulse,buderim,residential,72.351,24.117,67.0,1
2022,7,60194288,Pulse1,captis_pulse,buderim,residential,4.0,0.6666666666666666,1.0,1
2022,7,60194288,Pulse1_Total,captis_pulse,buderim,residential,147138.0,24523.0,24527.0,1
2022,7,60194288,Battery,captis_pulse,buderim,residential,3.63,3.63,3.63,1
2022,7,61183261,Pulse1,captis_pulse,buderim,residential,239.0,5.536764705882353,72.0,2
2022,7,61183261,Pulse1_Total,captis_pulse,buderim,residential,3763757.0,91778.16421568628,92045.0,2
2022,7,61183261,Battery,captis_pulse,buderim,residential,3.62,3.62,3.62,1
2022,7,61183261,DeviceTemperature,captis_pulse,buderim,residential,15.8,15.8,15.8,1
2022,7,61277558,Pulse1,captis_pulse,buderim,residential,130.0,3.4680451127819545,41.0,2
2022,7,61277558,Pulse1_Total,captis_pulse,buderim,residential,1662561.0,47485.48333333334,47683.0,2
2022,7,61277558,DeviceTemperature,captis_pulse,buderim,residential,29.65,14.825,16.0,1
2022,7,61277558,Battery,captis_pulse,buderim,residential,67.63,33.815,64.0,1
2022,7,64280361,Pulse1,captis_pulse,buderim,non-residential,500.0,9.975961538461538,280.0,2
2022,7,64280361,Battery,captis_pulse,buderim,non-residential,75.25,25.083333333333332,70.0,1
2022,7,64634095,Pulse1,captis_pulse,maroochydore,residential,1200.0,26.334841628959275,160.0,2
2022,7,64634095,DeviceTemperature,captis_pulse,maroochydore,residential,13.61,13.61,13.61,1
2022,7,66556974,Pulse1,captis_pulse,buderim,residential,272.0,4.907894736842105,87.0,2
2022,7,66556974,Pulse1_Total,captis_pulse,buderim,residential,3643548.0,77503.56484962406,77833.0,2
2022,7,66556974,DeviceTemperature,captis_pulse,buderim,residential,20.1,10.05,10.3,1
2022,7,81963283,Pulse1,captis_pulse,kuluin,residential,47.0,1.913533834586466,21.0,2
2022,7,81963283,Pulse1_Total,captis_pulse,kuluin,residential,3018022.0,120742.0,120802.0,2
2022,7,81963283,DeviceTemperature,captis_pulse,kuluin,residential,16.62,16.62,16.62,1
2022,7,81963283,Battery,captis_pulse,kuluin,residential,75.64,37.82,72.0,1
2022,7,586484,Pulse1,captis_pulse,kuluin,residential,147.0,3.8958333333333335,55.0,2
2022,7,586484,Pulse1_Total,captis_pulse,kuluin,residential,7498566.0,178527.57638888888,178624.0,2
2022,7,586484,Battery,captis_pulse,kuluin,residential,1.879,1.879,1.879,1
2022,7,9354554,Pulse1,captis_pulse,maroochydore,residential,64.0,1.391304347826087,28.0,2
2022,7,9354554,Pulse1_Total,captis_pulse,maroochydore,residential,5091028.0,130528.59510869565,130688.0,2
2022,7,9354554,DeviceTemperature,captis_pulse,maroochydore,residential,39.99,14.6475,18.6,2
2022,7,9354554,Battery,captis_pulse,maroochydore,residential,74.607,24.869,69.0,1
2022,7,60218168,Pulse1,captis_pulse,buderim,residential,0.0,0.0,0.0,2
2022,7,60218168,Pulse1_Total,captis_pulse,buderim,residential,312.0,13.0,13.0,2
2022,7,60218168,DeviceTemperature,captis_pulse,buderim,residential,26.09,13.045,15.49,2
2022,7,62120103,Pulse1,captis_pulse,buderim,residential,105.0,2.856280193236715,94.0,2
2022,7,62120103,Pulse1_Total,captis_pulse,buderim,residential,913288.0,22815.685421994887,22943.0,2
2022,7,62120103,DeviceTemperature,captis_pulse,buderim,residential,14.18,14.18,14.18,1
2022,7,2702,Pulse1,captis_pulse,buderim,residential,164.0,4.111519607843137,44.0,2
2022,7,2702,Pulse1_Total,captis_pulse,buderim,residential,1.5539693E7,378991.9705882353,379256.0,2
2022,7,2702,DeviceTemperature,captis_pulse,buderim,residential,13.73,13.73,13.73,1
2022,7,62366320,Pulse1,captis_pulse,buderim,residential,124.0,3.1875,45.0,2
2022,7,62366320,Pulse1_Total,captis_pulse,buderim,residential,2358559.0,58949.92708333333,59154.0,2
2022,7,21270260,Pulse1,captis_pulse,lawnton,non-residential,5430.0,121.52777777777779,380.0,2
2022,7,21270260,DeviceTemperature,captis_pulse,lawnton,non-residential,16.5,16.5,16.5,1
2022,7,288781,Pulse1,captis_pulse,buderim,residential,120.0,3.0012077294685993,43.0,2
2022,7,288781,Pulse1_Total,captis_pulse,buderim,residential,5582473.0,136151.9734299517,136275.0,2
2022,7,288781,DeviceTemperature,captis_pulse,buderim,residential,20.53,10.265,14.23,1
2022,7,61223688,Pulse1,captis_pulse,buderim,residential,0.0,0.0,0.0,2
2022,7,61223688,Pulse1_Total,captis_pulse,buderim,residential,1395.0,31.0,31.0,2
2022,7,61569895,Pulse1,captis_pulse,buderim,residential,415.0,8.314102564102564,55.0,2
2022,7,61569895,Pulse1_Total,captis_pulse,buderim,residential,3658504.0,83106.04273504273,83715.0,2
2022,7,61569895,DeviceTemperature,captis_pulse,buderim,residential,55.32,27.66,41.1,2
2022,7,61569895,Battery,captis_pulse,buderim,residential,3.64,3.64,3.64,1
2022,7,64630238,DeviceTemperature,captis_pulse,buderim,non-residential,16.29,16.29,16.29,1
2022,7,64630238,Battery,captis_pulse,buderim,non-residential,96.63,48.315,93.0,1
2022,7,65104452,Pulse1,captis_pulse,maroochydore,residential,10400.0,236.64596273291926,700.0,2
2022,7,65104452,Battery,captis_pulse,maroochydore,residential,1.817,1.817,1.817,1
2022,7,71651,Pulse1,captis_pulse,buderim,residential,1.0,0.020833333333333332,1.0,2
2022,7,71651,Pulse1_Total,captis_pulse,buderim,residential,1.3547051E7,356501.1964285714,356502.0,2
2022,7,71651,Battery,captis_pulse,buderim,residential,72.62,36.31,69.0,1
2022,7,71651,DeviceTemperature,captis_pulse,buderim,residential,7.5,7.5,7.5,1
2022,7,8976644,Pulse1,captis_pulse,maroochydore,residential,0.0,0.0,0.0,1
2022,7,8976644,Pulse1_Total,captis_pulse,maroochydore,residential,1296421.0,185203.0,185203.0,1
2022,7,21951013,Pulse1,captis_pulse,caloundra,non-residential,175.0,4.565217391304348,5.0,2
2022,7,21951013,Pulse1_Total,captis_pulse,caloundra,non-residential,1.379025E7,362881.2608695652,363070.0,2
2022,7,21951013,DeviceTemperature,captis_pulse,caloundra,non-residential,26.0,26.0,26.0,1
2022,7,51718,Pulse1,captis_pulse,maroochydore,residential,174.0,4.166666666666666,43.0,2
2022,7,51718,Pulse1_Total,captis_pulse,maroochydore,residential,6488816.0,162197.0729166667,162403.0,2
2022,7,51718,DeviceTemperature,captis_pulse,maroochydore,residential,30.299999999999997,15.149999999999999,16.9,1
2022,7,574464,Pulse1,captis_pulse,kuluin,residential,160.0,4.59375,49.0,2
2022,7,574464,Pulse1_Total,captis_pulse,kuluin,residential,1.1420864E7,285504.6354166666,285622.0,2
2022,7,574464,DeviceTemperature,captis_pulse,kuluin,residential,14.1,14.1,14.1,1
2022,7,574464,Battery,captis_pulse,kuluin,residential,71.343,23.781000000000002,66.0,1
2022,7,60192786,Pulse1,captis_pulse,buderim,residential,141.0,3.15625,28.0,2
2022,7,60192786,Pulse1_Total,captis_pulse,buderim,residential,2600546.0,66642.60733695651,67012.0,2
2022,7,60192786,DeviceTemperature,captis_pulse,buderim,residential,10.0,10.0,10.0,1
2022,7,64631184,Pulse1,captis_pulse,maroochydore,residential,2380.0,52.44047619047619,240.0,2
2022,7,64631184,DeviceTemperature,captis_pulse,maroochydore,residential,19.5,19.5,19.5,1
2022,7,81964532,Pulse1,captis_pulse,maroochydore,non-residential,70.0,4.375,45.0,1
2022,7,81964532,DeviceTemperature,captis_pulse,maroochydore,non-residential,7.2,7.2,7.2,1
2022,7,315559,Pulse1,captis_pulse,maroochydore,residential,281.0,6.549019607843137,36.0,2
2022,7,315559,Pulse1_Total,captis_pulse,maroochydore,residential,2.0086013E7,489872.6127450981,490204.0,2
2022,7,315559,DeviceTemperature,captis_pulse,maroochydore,residential,21.0,21.0,21.0,1
2022,7,46059127,Pulse1,captis_pulse,maroochydore,residential,1330.0,31.225490196078432,160.0,2
2022,7,46059127,DeviceTemperature,captis_pulse,maroochydore,residential,25.28,12.64,15.18,1
2022,7,46059127,Battery,captis_pulse,maroochydore,residential,72.607,24.202333333333332,67.0,1
2022,7,46059343,Pulse1,captis_pulse,maroochydore,residential,1420.0,35.78005115089514,120.0,2
2022,7,46059343,DeviceTemperature,captis_pulse,maroochydore,residential,18.6,18.6,18.6,1
2022,7,81970859,Pulse1,captis_pulse,buderim,residential,490.0,27.22222222222222,200.0,1
2022,7,2639656,Pulse1,captis_pulse,maroochydore,residential,0.0,0.0,0.0,1
2022,7,2639656,Pulse1_Total,captis_pulse,maroochydore,residential,3822280.0,347480.0,347480.0,1
2022,7,2639656,DeviceTemperature,captis_pulse,maroochydore,residential,15.1,15.1,15.1,1
2022,7,2639656,Battery,captis_pulse,maroochydore,residential,88.51,29.503333333333334,77.0,1
2022,7,591522,Pulse1,captis_pulse,kuluin,residential,354.0,8.28125,60.0,2
2022,7,591522,Pulse1_Total,captis_pulse,kuluin,residential,2.0770468E7,519213.3333333334,519661.0,2
2022,7,591522,DeviceTemperature,captis_pulse,kuluin,residential,37.29,18.645,20.4,2
2022,7,591522,Battery,captis_pulse,kuluin,residential,74.55799999999999,24.852666666666664,69.0,1
2022,7,61137513,Pulse1,captis_pulse,buderim,residential,1.0,0.02,1.0,2
2022,7,61137513,Pulse1_Total,captis_pulse,buderim,residential,12611.0,307.2941176470588,309.0,2
2022,7,61137513,DeviceTemperature,captis_pulse,buderim,residential,44.800000000000004,22.400000000000002,36.2,2
2022,7,61174767,Pulse1,captis_pulse,buderim,residential,0.0,0.0,0.0,2
2022,7,61174767,Pulse1_Total,captis_pulse,buderim,residential,1591.0,37.0,37.0,2
2022,7,61174767,Battery,captis_pulse,buderim,residential,3.64,3.64,3.64,1
2022,7,61174767,DeviceTemperature,captis_pulse,buderim,residential,6.9,6.9,6.9,1
2022,7,63059013,Pulse1,captis_pulse,buderim,residential,0.0,0.0,0.0,2
2022,7,63059013,Pulse1_Total,captis_pulse,buderim,residential,1312.0,32.0,32.0,2
2022,7,9343534,Pulse1,captis_pulse,maroochydore,residential,15.0,0.3409090909090909,11.0,2
2022,7,9343534,Pulse1_Total,captis_pulse,maroochydore,residential,917949.0,19123.113636363636,19133.0,2
2022,7,9343534,Battery,captis_pulse,maroochydore,residential,74.563,24.854333333333333,69.0,1
2022,7,9343534,DeviceTemperature,captis_pulse,maroochydore,residential,5.6,5.6,5.6,1
2022,7,60193498,Pulse1,captis_pulse,buderim,residential,3.0,0.42857142857142855,1.0,1
2022,7,60193498,Pulse1_Total,captis_pulse,buderim,residential,543246.0,77606.57142857143,77608.0,1
2022,7,60193498,DeviceTemperature,captis_pulse,buderim,residential,8.1,8.1,8.1,1
2022,7,60223987,Pulse1,captis_pulse,buderim,residential,278.0,6.049411764705882,73.0,2
2022,7,60223987,Pulse1_Total,captis_pulse,buderim,residential,3039469.0,74093.40931372548,74462.0,2
2022,7,60223987,DeviceTemperature,captis_pulse,buderim,residential,15.2,15.2,15.2,1
2022,7,2385,Pulse1,captis_pulse,buderim,residential,157.0,4.097222222222222,62.0,2
2022,7,2385,Pulse1_Total,captis_pulse,buderim,residential,1.1983606E7,292259.85784313723,292439.0,2
2022,7,2385,DeviceTemperature,captis_pulse,buderim,residential,27.2,13.6,18.7,2
2022,7,258106,Pulse1,captis_pulse,buderim,residential,108.0,2.357707509881423,61.0,2
2022,7,258106,Pulse1_Total,captis_pulse,buderim,residential,1.8327355E7,407272.94960474304,407440.0,2
2022,7,28735904,Pulse1,captis_pulse,maroochydore,residential,708.0,17.28921568627451,65.0,2
2022,7,28735904,Battery,captis_pulse,maroochydore,residential,73.29,24.430000000000003,68.0,1
2022,7,28735904,DeviceTemperature,captis_pulse,maroochydore,residential,9.2,9.2,9.2,1
2022,7,61240528,Pulse1,captis_pulse,buderim,residential,0.0,0.0,0.0,2
2022,7,61240528,Pulse1_Total,captis_pulse,buderim,residential,1518.0,33.0,33.0,2
2022,7,61240528,DeviceTemperature,captis_pulse,buderim,residential,30.009999999999998,15.004999999999999,16.5,2
2022,7,61240528,Battery,captis_pulse,buderim,residential,71.63,35.815,68.0,1
2022,7,64630803,Pulse1,captis_pulse,buderim,residential,0.0,0.0,0.0,2
2022,7,64630803,DeviceTemperature,captis_pulse,buderim,residential,25.79,12.895,13.99,1
2022,7,64630803,Battery,captis_pulse,buderim,residential,75.69999999999999,25.23333333333333,70.0,1
2022,7,2611977,Pulse1,captis_pulse,maroochydore,residential,233.0,6.200767263427109,76.0,2
2022,7,2611977,Pulse1_Total,captis_pulse,maroochydore,residential,1.128318E7,282057.8823529412,282316.0,2
2022,7,307439,Pulse1,captis_pulse,buderim,residential,105.0,2.1816239316239314,39.0,2
2022,7,307439,Pulse1_Total,captis_pulse,buderim,residential,1.3903977E7,315971.9764957265,316321.0,2
2022,7,307439,DeviceTemperature,captis_pulse,buderim,residential,18.5,18.5,18.5,1
2022,7,61163143,DeviceTemperature,captis_pulse,buderim,residential,36.59,18.295,21.1,1
2022,7,61163143,Battery,captis_pulse,buderim,residential,69.63,34.815,66.0,1
2022,7,66202781,Pulse1,captis_pulse,buderim,residential,0.0,0.0,0.0,1
2022,7,66202781,Pulse1_Total,captis_pulse,buderim,residential,144.0,9.0,9.0,1
2022,7,66202781,DeviceTemperature,captis_pulse,buderim,residential,14.07,14.07,14.07,1
2022,7,66202781,Battery,captis_pulse,buderim,residential,54.65,27.325,51.0,1
2022,7,89940,Pulse1,captis_pulse,buderim,residential,1.0,0.02,1.0,2
2022,7,89940,Pulse1_Total,captis_pulse,buderim,residential,1.3904031E7,331048.3,331049.0,2
2022,7,89940,DeviceTemperature,captis_pulse,buderim,residential,7.2,7.2,7.2,1
2022,7,81966008,Pulse1,captis_pulse,caloundra,non-residential,0.0,0.0,0.0,2
2022,7,61246384,Pulse1,captis_pulse,buderim,residential,368.0,7.889705882352941,100.0,2
2022,7,61246384,Pulse1_Total,captis_pulse,buderim,residential,2459444.0,58533.57638888889,58818.0,2
2022,7,61246384,DeviceTemperature,captis_pulse,buderim,residential,7.7,7.7,7.7,1
2022,7,81969310,Pulse1,captis_pulse,maroochydore,non-residential,0.0,0.0,0.0,1
2022,7,81969310,Pulse1_Total,captis_pulse,maroochydore,non-residential,258408.0,14356.0,14356.0,1
2022,7,81969310,DeviceTemperature,captis_pulse,maroochydore,non-residential,13.33,13.33,13.33,1
2022,7,81969310,Battery,captis_pulse,maroochydore,non-residential,81.64,40.82,78.0,1
2022,7,258562,Pulse1,captis_pulse,buderim,residential,210.0,4.583333333333334,89.0,2
2022,7,258562,Pulse1_Total,captis_pulse,buderim,residential,1.039493E7,259857.6770833333,260150.0,2
2022,7,258562,Battery,captis_pulse,buderim,residential,76.68299999999999,25.560999999999996,71.0,1
2022,7,27446212,Pulse1,captis_pulse,maroochydore,residential,0.0,0.0,0.0,2
2022,7,27446212,Pulse1_Total,captis_pulse,maroochydore,residential,2.4372532E7,594452.0,594452.0,2
2022,7,27446212,DeviceTemperature,captis_pulse,maroochydore,residential,50.89,17.5475,19.3,2
2022,7,27446212,Battery,captis_pulse,maroochydore,residential,3.64,3.64,3.64,1
2022,7,60194445,DeviceTemperature,captis_pulse,buderim,residential,23.67,11.835,13.67,2
2022,7,60194445,Battery,captis_pulse,buderim,residential,51.64,25.82,48.0,1
2022,7,66213456,Pulse1,captis_pulse,buderim,residential,0.0,0.0,0.0,2
2022,7,66213456,Pulse1_Total,captis_pulse,buderim,residential,1517.0,37.0,37.0,2
2022,7,66213456,Battery,captis_pulse,buderim,residential,77.461,25.820333333333334,72.0,1
2022,7,66213456,DeviceTemperature,captis_pulse,buderim,residential,43.699999999999996,21.849999999999998,33.8,2
2022,7,66218056,Pulse1,captis_pulse,buderim,residential,0.0,0.0,0.0,2
2022,7,66218056,Pulse1_Total,captis_pulse,buderim,residential,1610.0,35.0,35.0,2
2022,7,66218056,DeviceTemperature,captis_pulse,buderim,residential,19.2,19.2,19.2,1
2022,7,81967206,Pulse1,captis_pulse,maroochydore,residential,190.0,11.857142857142858,35.0,2
2022,7,81967206,DeviceTemperature,captis_pulse,maroochydore,residential,13.77,13.77,13.77,1
2022,7,81967206,Battery,captis_pulse,maroochydore,residential,67.64,33.82,64.0,1
2022,7,81968813,Pulse1,captis_pulse,maroochydore,residential,3820.0,233.125,440.0,2
2022,7,81968813,DeviceTemperature,captis_pulse,maroochydore,residential,22.47,11.235,13.87,2
2022,7,81968813,Battery,captis_pulse,maroochydore,residential,73.64,36.82,70.0,1
2022,7,81970952,Pulse1,captis_pulse,maroochydore,residential,185.0,19.375,50.0,2
2022,7,65102808,Pulse1,captis_pulse,buderim,residential,260.0,7.4754901960784315,120.0,2
2022,7,65102808,Pulse1_Total,captis_pulse,buderim,residential,1.088645E7,265503.3210784313,265620.0,2
2022,7,65102808,Battery,captis_pulse,buderim,residential,68.461,22.820333333333334,63.0,1
2022,7,65102808,DeviceTemperature,captis_pulse,buderim,residential,12.1,12.1,12.1,1
2022,7,61572148,Pulse1,captis_pulse,buderim,residential,43.0,1.1017156862745099,17.0,2
2022,7,61572148,Pulse1_Total,captis_pulse,buderim,residential,1487020.0,36253.86887254902,36353.0,2
2022,7,61572148,Battery,captis_pulse,buderim,residential,3.64,3.64,3.64,1
2022,7,61572148,DeviceTemperature,captis_pulse,buderim,residential,31.3,15.65,22.8,2
2022,7,274703,Pulse1,captis_pulse,kuluin,residential,465.0,10.29656862745098,144.0,2
2022,7,274703,Pulse1_Total,captis_pulse,kuluin,residential,2.1972707E7,535884.1029411764,536347.0,2
2022,7,274703,DeviceTemperature,captis_pulse,kuluin,residential,7.8,7.8,7.8,1
2022,7,47593353,Pulse1,captis_pulse,maroochydore,residential,1590.0,34.64285714285714,120.0,2
2022,7,47593353,DeviceTemperature,captis_pulse,maroochydore,residential,23.13,11.565,13.93,1
2022,7,47593353,Battery,captis_pulse,maroochydore,residential,72.63,36.315,69.0,1
2022,7,602584,Pulse1,captis_pulse,buderim,residential,57.0,1.4578804347826086,12.0,2
2022,7,602584,Pulse1_Total,captis_pulse,buderim,residential,7933365.0,203413.51086956522,203474.0,2
2022,7,602584,DeviceTemperature,captis_pulse,buderim,residential,22.16,11.08,13.96,1
2022,7,602584,Battery,captis_pulse,buderim,residential,72.281,24.093666666666667,67.0,1
2022,7,61204642,Pulse1,captis_pulse,buderim,residential,0.0,0.0,0.0,2
2022,7,61204642,Pulse1_Total,captis_pulse,buderim,residential,1440.0,36.0,36.0,2
2022,7,61204642,Battery,captis_pulse,buderim,residential,3.65,3.65,3.65,1
2022,7,61204642,DeviceTemperature,captis_pulse,buderim,residential,15.4,15.4,15.4,1
2022,7,61237090,Pulse1,captis_pulse,buderim,residential,304.0,7.368055555555555,103.0,2
2022,7,61237090,Pulse1_Total,captis_pulse,buderim,residential,3423970.0,81497.47222222222,81819.0,2
2022,7,61285911,Pulse1,captis_pulse,buderim,residential,0.0,0.0,0.0,2
2022,7,61285911,Pulse1_Total,captis_pulse,buderim,residential,440.0,11.0,11.0,2
2022,7,61285911,DeviceTemperature,captis_pulse,buderim,residential,13.18,13.18,13.18,1
2022,7,61285911,Battery,captis_pulse,buderim,residential,3.65,3.65,3.65,1
2022,7,64630139,Pulse1,captis_pulse,maroochydore,non-residential,60.0,1.25,20.0,2
2022,7,64630139,DeviceTemperature,captis_pulse,maroochydore,non-residential,16.55,16.55,16.55,1
2022,7,64630139,Battery,captis_pulse,maroochydore,non-residential,75.64,37.82,72.0,1
2022,7,66214206,Pulse1,captis_pulse,buderim,residential,71.0,1.5291666666666666,14.0,2
2022,7,66214206,Pulse1_Total,captis_pulse,buderim,residential,1284050.0,32909.004166666666,33030.0,2
2022,7,66214206,DeviceTemperature,captis_pulse,buderim,residential,20.9,10.45,13.2,1
2022,7,832195,DeviceTemperature,captis_pulse,maroochydore,residential,14.4,14.4,14.4,1
2022,7,832195,Battery,captis_pulse,maroochydore,residential,64.55,32.275,61.0,1
2022,7,22038410,Pulse1,captis_pulse,maroochydore,non-residential,6590.0,147.47035573122528,390.0,2
2022,7,22038410,DeviceTemperature,captis_pulse,maroochydore,non-residential,28.200000000000003,14.100000000000001,16.3,2
2022,7,55230,Pulse1,captis_pulse,maroochydore,residential,153.0,3.813725490196078,47.0,2
2022,7,55230,Pulse1_Total,captis_pulse,maroochydore,residential,9756480.0,237941.74877450982,238129.0,2
2022,7,55230,DeviceTemperature,captis_pulse,maroochydore,residential,37.3,18.65,22.1,2
2022,7,587223,Pulse1,captis_pulse,kuluin,residential,188.0,4.70076726342711,13.0,2
2022,7,587223,Pulse1_Total,captis_pulse,kuluin,residential,9404973.0,235107.8094629156,235326.0,2
2022,7,587223,DeviceTemperature,captis_pulse,kuluin,residential,13.6,13.6,13.6,1
2022,7,60423641,Pulse1,captis_pulse,buderim,residential,0.0,0.0,0.0,1
2022,7,60423641,Pulse1_Total,captis_pulse,buderim,residential,558.0,93.0,93.0,1
2022,7,621763,Pulse1,captis_pulse,maroochydore,residential,113.0,2.504166666666667,48.0,2
2022,7,621763,Pulse1_Total,captis_pulse,maroochydore,residential,5333313.0,121205.57916666666,121433.0,2
2022,7,621763,DeviceTemperature,captis_pulse,maroochydore,residential,16.18,16.18,16.18,1
2022,7,621763,Battery,captis_pulse,maroochydore,residential,73.988,24.662666666666667,68.0,1
2022,7,61274116,Pulse1,captis_pulse,buderim,residential,41.0,0.9270833333333334,10.0,2
2022,7,61274116,Pulse1_Total,captis_pulse,buderim,residential,1184007.0,28871.16,28923.0,2
2022,7,61274116,DeviceTemperature,captis_pulse,buderim,residential,10.5,10.5,10.5,1
2022,7,61274116,Battery,captis_pulse,buderim,residential,76.56,25.52,69.0,1
2022,7,81426,Pulse1,captis_pulse,buderim,residential,210.0,5.68542199488491,56.0,2
2022,7,81426,Pulse1_Total,captis_pulse,buderim,residential,2.4492644E7,612296.621483376,612472.0,2
2022,7,81426,DeviceTemperature,captis_pulse,buderim,residential,52.38,17.46,32.2,1
2022,7,62365595,Pulse1,captis_pulse,buderim,residential,226.0,5.944570135746606,59.0,2
2022,7,62365595,Pulse1_Total,captis_pulse,buderim,residential,2181768.0,50718.973981900446,50864.0,2
2022,7,62365595,DeviceTemperature,captis_pulse,buderim,residential,37.1,37.1,37.1,1
2022,7,64632460,Pulse1,captis_pulse,maroochydore,residential,2310.0,54.05555555555556,190.0,2
2022,7,64632460,DeviceTemperature,captis_pulse,maroochydore,residential,29.39,14.695,15.1,2
2022,7,64632460,Battery,captis_pulse,maroochydore,residential,73.367,24.45566666666667,68.0,1
2022,7,67715036,Pulse1,captis_pulse,buderim,residential,231.0,5.675595238095238,52.0,2
2022,7,67715036,Pulse1_Total,captis_pulse,buderim,residential,2678081.0,70447.13392857142,70722.0,2
2022,7,67715036,DeviceTemperature,captis_pulse,buderim,residential,36.72,13.13,15.8,2
2022,7,67715036,Battery,captis_pulse,buderim,residential,3.63,3.63,3.63,1
2022,7,64295745,Pulse1,captis_pulse,buderim,residential,2070.0,43.06363636363636,200.0,2
2022,7,65065637,Pulse1,captis_pulse,buderim,residential,980.0,22.21813725490196,90.0,2
2022,7,65065637,DeviceTemperature,captis_pulse,buderim,residential,19.52,9.76,12.02,1
2022,7,65065637,Battery,captis_pulse,buderim,residential,76.425,25.474999999999998,71.0,1
2022,7,45122201,Pulse1,captis_pulse,mountain creek,residential,99.0,2.3194444444444446,19.0,2
2022,7,45122201,Pulse1_Total,captis_pulse,mountain creek,residential,5463203.0,133235.56127450982,133472.0,2
2022,7,45122201,Battery,captis_pulse,mountain creek,residential,72.4,24.133333333333336,67.0,1
2022,7,45122201,DeviceTemperature,captis_pulse,mountain creek,residential,5.9,5.9,5.9,1
2022,7,61202132,Pulse1,captis_pulse,buderim,residential,151.0,3.0313765182186234,117.0,2
2022,7,61202132,Pulse1_Total,captis_pulse,buderim,residential,2736701.0,60807.16093117409,60944.0,2
2022,7,61202132,DeviceTemperature,captis_pulse,buderim,residential,14.3,14.3,14.3,1
2022,7,61202132,Battery,captis_pulse,buderim,residential,34.404,11.468000000000002,28.0,1
2022,7,62366180,Pulse1,captis_pulse,buderim,residential,269.0,5.634615384615385,86.0,2
2022,7,62366180,Pulse1_Total,captis_pulse,buderim,residential,4329137.0,92098.41727272727,92362.0,2
2022,7,62366180,DeviceTemperature,captis_pulse,buderim,residential,20.19,10.095,12.89,1
2022,7,62366180,Battery,captis_pulse,buderim,residential,3.64,3.64,3.64,1
2022,7,11344,Pulse1,captis_pulse,buderim,residential,242.0,5.367647058823529,75.0,2
2022,7,11344,Pulse1_Total,captis_pulse,buderim,residential,6472993.0,157855.52328431373,158068.0,2
2022,7,11344,Battery,captis_pulse,buderim,residential,75.44200000000001,25.147333333333336,70.0,1
2022,7,11344,DeviceTemperature,captis_pulse,buderim,residential,23.9,23.9,23.9,1
2022,7,61136989,Pulse1,captis_pulse,buderim,residential,0.0,0.0,0.0,2
2022,7,61136989,Pulse1_Total,captis_pulse,buderim,residential,1480.0,37.0,37.0,2
2022,7,61136989,DeviceTemperature,captis_pulse,buderim,residential,21.03,10.515,12.43,1
2022,7,61136989,Battery,captis_pulse,buderim,residential,3.63,3.63,3.63,1
2022,7,68897,Pulse1,captis_pulse,buderim,residential,89.0,2.3958333333333335,40.0,2
2022,7,68897,Pulse1_Total,captis_pulse,buderim,residential,8997281.0,224917.5833333333,225046.0,2
2022,7,68897,DeviceTemperature,captis_pulse,buderim,residential,42.730000000000004,15.8575,20.7,2
2022,7,68897,Battery,captis_pulse,buderim,residential,73.52,24.506666666666664,68.0,1
2022,7,117719,Pulse1,captis_pulse,buderim,residential,121.0,2.630434782608696,56.0,2
2022,7,117719,Pulse1_Total,captis_pulse,buderim,residential,5734541.0,147034.32744565216,147162.0,2
2022,7,117719,Battery,captis_pulse,buderim,residential,71.282,23.760666666666665,66.0,1
2022,7,117719,DeviceTemperature,captis_pulse,buderim,residential,30.1,30.1,30.1,1
2022,7,458,Pulse1,captis_pulse,maroochydore,residential,101.0,1.9728506787330315,68.0,2
2022,7,458,Pulse1_Total,captis_pulse,maroochydore,residential,6379787.0,148354.04298642534,148443.0,2
2022,7,458,DeviceTemperature,captis_pulse,maroochydore,residential,23.53,11.765,14.63,1
2022,7,458,Battery,captis_pulse,maroochydore,residential,76.561,25.520333333333337,71.0,1
2022,7,64960,Pulse1,captis_pulse,buderim,residential,2.0,0.05024509803921569,1.0,2
2022,7,64960,Pulse1_Total,captis_pulse,buderim,residential,3614745.0,88163.96568627452,88170.0,2
2022,7,64960,Battery,captis_pulse,buderim,residential,71.33699999999999,23.778999999999996,66.0,1
2022,7,21270301,Pulse1,captis_pulse,lawnton,non-residential,410.0,9.399509803921568,90.0,2
2022,7,21270301,DeviceTemperature,captis_pulse,lawnton,non-residential,33.9,33.9,33.9,1
2022,7,281670,Pulse1,captis_pulse,kuluin,residential,178.0,4.033333333333333,13.0,2
2022,7,281670,Pulse1_Total,captis_pulse,kuluin,residential,7056117.0,160356.85,160562.0,2
2022,7,281670,Battery,captis_pulse,kuluin,residential,74.63,37.315,71.0,1
2022,7,281670,DeviceTemperature,captis_pulse,kuluin,residential,39.1,19.55,30.3,2
2022,7,60456726,DeviceTemperature,captis_pulse,buderim,residential,9.5,9.5,9.5,1
2022,7,60456726,Battery,captis_pulse,buderim,residential,3.64,3.64,3.64,1
2022,7,72833,Pulse1,captis_pulse,kuluin,residential,154.0,4.274886877828054,124.0,2
2022,7,72833,Pulse1_Total,captis_pulse,kuluin,residential,7956582.0,184999.5339366516,185395.0,2
2022,7,72833,DeviceTemperature,captis_pulse,kuluin,residential,32.8,16.4,19.2,2
2022,7,27446323,Pulse1,captis_pulse,maroochydore,residential,0.0,0.0,0.0,2
2022,7,27446323,Battery,captis_pulse,maroochydore,residential,3.64,3.64,3.64,1
2022,7,27446323,DeviceTemperature,captis_pulse,maroochydore,residential,19.2,19.2,19.2,1
2022,7,60194007,Pulse1,captis_pulse,buderim,residential,0.0,0.0,0.0,1
2022,7,60194007,Pulse1_Total,captis_pulse,buderim,residential,18340.0,9170.0,9170.0,1
2022,7,60194007,DeviceTemperature,captis_pulse,buderim,residential,43.480000000000004,14.493333333333334,15.48,1
2022,7,60194007,Battery,captis_pulse,buderim,residential,73.073,24.357666666666663,66.0,1
2022,7,65438204,Pulse1,captis_pulse,maroochydore,non-residential,0.0,0.0,0.0,2
2022,7,65438204,Pulse1_Total,captis_pulse,maroochydore,non-residential,2993400.0,74835.0,74835.0,2
2022,7,65438204,Battery,captis_pulse,maroochydore,non-residential,74.365,24.78833333333333,69.0,1
2022,7,9080,Pulse1,captis_pulse,buderim,residential,139.0,2.78125,44.0,2
2022,7,9080,Pulse1_Total,captis_pulse,buderim,residential,6959909.0,165696.13461538462,165960.0,2
2022,7,9080,Battery,captis_pulse,buderim,residential,74.51400000000001,24.838000000000005,69.0,1
2022,7,9080,DeviceTemperature,captis_pulse,buderim,residential,31.1,15.55,25.8,2
2022,7,270417,Pulse1,captis_pulse,buderim,residential,134.0,3.921195652173913,73.0,2
2022,7,270417,Pulse1_Total,captis_pulse,buderim,residential,6175686.0,158346.40760869565,158420.0,2
2022,7,270417,Battery,captis_pulse,buderim,residential,73.333,24.444333333333333,68.0,1
2022,7,270417,DeviceTemperature,captis_pulse,buderim,residential,40.3,20.15,33.3,2
2022,7,46380792,Pulse1,captis_pulse,maroochydore,residential,990.0,25.238095238095237,150.0,2
2022,7,46380792,Battery,captis_pulse,maroochydore,residential,1.885,1.885,1.885,1
2022,7,46380792,DeviceTemperature,captis_pulse,maroochydore,residential,20.4,20.4,20.4,1
2022,7,61144944,Pulse1,captis_pulse,buderim,residential,131.0,2.9583333333333335,35.0,2
2022,7,61144944,Pulse1_Total,captis_pulse,buderim,residential,2429411.0,60711.9375,60978.0,2
2022,7,61144944,DeviceTemperature,captis_pulse,buderim,residential,18.7,18.7,18.7,1
2022,7,73866,Pulse1,captis_pulse,buderim,residential,0.0,0.0,0.0,1
2022,7,73866,Pulse1_Total,captis_pulse,buderim,residential,1493960.0,186745.0,186745.0,1
2022,7,73866,DeviceTemperature,captis_pulse,buderim,residential,37.69,18.845,24.1,2
2022,7,73866,Battery,captis_pulse,buderim,residential,70.62,35.31,67.0,1
2022,7,9202,Pulse1,captis_pulse,buderim,residential,263.0,6.047314578005115,115.0,2
2022,7,9202,Pulse1_Total,captis_pulse,buderim,residential,1.8173383E7,443220.00980392157,443547.0,2
2022,7,9202,Battery,captis_pulse,buderim,residential,76.567,25.522333333333332,71.0,1
2022,7,9202,DeviceTemperature,captis_pulse,buderim,residential,31.9,15.95,22.8,2
2022,7,9394261,Pulse1,captis_pulse,buderim,residential,227.0,4.8625,76.0,2
2022,7,9394261,Pulse1_Total,captis_pulse,buderim,residential,9223315.0,209610.4,209863.0,2
2022,7,46058019,Pulse1,captis_pulse,maroochydore,residential,6410.0,150.45248868778282,500.0,2
2022,7,46058019,DeviceTemperature,captis_pulse,maroochydore,residential,16.08,16.08,16.08,1
2022,7,46058019,Battery,captis_pulse,maroochydore,residential,74.652,24.884,69.0,1
2022,7,60219392,Pulse1,captis_pulse,buderim,residential,0.0,0.0,0.0,2
2022,7,60219392,Pulse1_Total,captis_pulse,buderim,residential,82.0,2.0,2.0,2
2022,7,60219392,DeviceTemperature,captis_pulse,buderim,residential,47.910000000000004,17.8775,23.6,2
2022,7,60219392,Battery,captis_pulse,buderim,residential,71.64999999999999,23.88333333333333,66.0,1
2022,7,81966172,Pulse1,captis_pulse,maroochydore,residential,0.0,0.0,0.0,1
2022,7,81966172,Pulse1_Total,captis_pulse,maroochydore,residential,1.1028688E7,689293.0,689293.0,1
2022,7,81966172,DeviceTemperature,captis_pulse,maroochydore,residential,21.67,10.835,13.77,2
2022,7,81966172,Battery,captis_pulse,maroochydore,residential,71.65,35.825,68.0,1
2022,7,21810494,Pulse1,captis_pulse,peregian springs,non-residential,0.0,0.0,0.0,2
2022,7,21810494,DeviceTemperature,captis_pulse,peregian springs,non-residential,15.64,15.64,15.64,1
2022,7,21810494,Battery,captis_pulse,peregian springs,non-residential,3.59,3.59,3.59,1
2022,7,296099,Pulse1,captis_pulse,kuluin,residential,63.0,1.3541666666666665,13.0,2
2022,7,296099,Pulse1_Total,captis_pulse,kuluin,residential,5075389.0,112783.55952380953,112874.0,2
2022,7,296099,DeviceTemperature,captis_pulse,kuluin,residential,38.93,14.157499999999999,17.7,2
2022,7,61190052,Pulse1,captis_pulse,buderim,residential,0.0,0.0,0.0,1
2022,7,61190052,Pulse1_Total,captis_pulse,buderim,residential,294896.0,42128.0,42128.0,1
2022,7,15527,Pulse1,captis_pulse,buderim,residential,80.0,1.7129411764705884,19.0,2
2022,7,15527,Pulse1_Total,captis_pulse,buderim,residential,5033384.0,119829.28941176471,119955.0,2
2022,7,595395,Pulse1,captis_pulse,kuluin,residential,87.0,2.213554987212276,17.0,2
2022,7,595395,Pulse1_Total,captis_pulse,kuluin,residential,8939565.0,223477.90664961637,223613.0,2
2022,7,595395,DeviceTemperature,captis_pulse,kuluin,residential,15.63,15.63,15.63,1
2022,7,595395,Battery,captis_pulse,kuluin,residential,72.3,24.099999999999998,67.0,1
2022,7,62419764,Pulse1,captis_pulse,buderim,residential,0.0,0.0,0.0,2
2022,7,62419764,Pulse1_Total,captis_pulse,buderim,residential,1309960.0,31950.208333333336,31951.0,2
2022,7,2691,Pulse1,captis_pulse,buderim,residential,355.0,9.43850267379679,103.0,2
2022,7,2691,Pulse1_Total,captis_pulse,buderim,residential,1.9008328E7,475178.4961636829,475563.0,2
2022,7,2691,Battery,captis_pulse,buderim,residential,1.912,1.912,1.912,1
2022,7,2691,DeviceTemperature,captis_pulse,buderim,residential,30.9,30.9,30.9,1
2022,7,273456,Pulse1,captis_pulse,buderim,residential,112.0,3.183333333333333,60.0,2
2022,7,273456,Pulse1_Total,captis_pulse,buderim,residential,1.0586259E7,271428.6375,271552.0,2
2022,7,273456,DeviceTemperature,captis_pulse,buderim,residential,30.3,15.15,23.0,2
2022,7,28489989,Pulse1,captis_pulse,maroochydore,residential,19080.0,462.0,1670.0,2
2022,7,28489989,DeviceTemperature,captis_pulse,maroochydore,residential,30.6,30.6,30.6,1
2022,7,45121196,Pulse1,captis_pulse,mountain creek,residential,90.0,1.9223529411764706,25.0,2
2022,7,45121196,Pulse1_Total,captis_pulse,mountain creek,residential,8114655.0,193192.3,193324.0,2
2022,7,45121196,DeviceTemperature,captis_pulse,mountain creek,residential,13.55,13.55,13.55,1
2022,7,45121196,Battery,captis_pulse,mountain creek,residential,1.713,1.713,1.713,1
2022,7,60483133,Pulse1,captis_pulse,buderim,residential,0.0,0.0,0.0,2
2022,7,60483133,Pulse1_Total,captis_pulse,buderim,residential,900.0,30.0,30.0,2
2022,7,62365839,Pulse1,captis_pulse,buderim,residential,86.0,1.7980769230769231,41.0,2
2022,7,62365839,Pulse1_Total,captis_pulse,buderim,residential,1633921.0,38880.11538461538,38984.0,2
2022,7,62365839,DeviceTemperature,captis_pulse,buderim,residential,13.07,13.07,13.07,1
2022,7,62365839,Battery,captis_pulse,buderim,residential,76.72,25.573333333333334,71.0,1
2022,7,68985066,Pulse1,captis_pulse,buderim,residential,0.0,0.0,0.0,2
2022,7,68985066,Pulse1_Total,captis_pulse,buderim,residential,1365552.0,50576.0,50576.0,2
2022,7,68985066,DeviceTemperature,captis_pulse,buderim,residential,23.18,11.59,12.98,2
2022,7,588695,Pulse1,captis_pulse,buderim,residential,31.0,0.7429667519181586,6.0,2
2022,7,588695,Pulse1_Total,captis_pulse,buderim,residential,4902996.0,122572.35805626598,122620.0,2
2022,7,588695,DeviceTemperature,captis_pulse,buderim,residential,9.7,9.7,9.7,1
2022,7,60449965,Pulse1,captis_pulse,buderim,residential,109.0,2.761904761904762,18.0,2
2022,7,60449965,Pulse1_Total,captis_pulse,buderim,residential,2227062.0,58563.89583333333,58791.0,2
2022,7,60449965,Battery,captis_pulse,buderim,residential,3.64,3.64,3.64,1
2022,7,60563688,Pulse1,captis_pulse,buderim,residential,252.0,5.75,79.0,2
2022,7,60563688,Pulse1_Total,captis_pulse,buderim,residential,2823604.0,72376.39583333334,72665.0,2
2022,7,62362043,Pulse1,captis_pulse,buderim,residential,328.0,6.657142857142857,68.0,2
2022,7,62362043,Pulse1_Total,captis_pulse,buderim,residential,4004981.0,83410.31071428572,83722.0,2
2022,7,62362043,DeviceTemperature,captis_pulse,buderim,residential,27.840000000000003,13.920000000000002,17.1,2
2022,7,62362043,Battery,captis_pulse,buderim,residential,32.196,10.732,26.0,1
2022,7,81969311,Pulse1,captis_pulse,maroochydore,residential,165.0,11.785714285714286,75.0,1
2022,7,81969311,DeviceTemperature,captis_pulse,maroochydore,residential,28.88,14.44,15.68,1
2022,7,81969311,Battery,captis_pulse,maroochydore,residential,72.63,36.315,69.0,1
2022,7,81971053,Pulse1,captis_pulse,maroochydore,non-residential,5.0,0.45454545454545453,5.0,1
2022,7,81971053,DeviceTemperature,captis_pulse,maroochydore,non-residential,14.57,14.57,14.57,1
2022,7,2277,Pulse1,captis_pulse,maroochydore,residential,116.0,2.3936651583710407,36.0,2
2022,7,2277,Pulse1_Total,captis_pulse,maroochydore,residential,9637336.0,224112.97963800904,224243.0,2
2022,7,2277,DeviceTemperature,captis_pulse,maroochydore,residential,26.98,8.993333333333334,13.48,1
2022,7,275819,Pulse1,captis_pulse,buderim,residential,74.0,1.7303921568627452,11.0,2
2022,7,275819,Pulse1_Total,captis_pulse,buderim,residential,6649813.0,166229.3645833333,166356.0,2
2022,7,275819,DeviceTemperature,captis_pulse,buderim,residential,50.66,20.29,30.5,2
2022,7,288542,Pulse1,captis_pulse,kuluin,residential,191.0,4.206521739130435,86.0,2
2022,7,288542,Pulse1_Total,captis_pulse,kuluin,residential,1.4064323E7,351596.57928388746,351885.0,2
2022,7,288542,DeviceTemperature,captis_pulse,kuluin,residential,5.8,5.8,5.8,1
2022,7,37093650,Pulse1,captis_pulse,mountain creek,non-residential,242.0,5.18875,59.0,2
2022,7,37093650,Pulse1_Total,captis_pulse,mountain creek,non-residential,4645352.0,113254.11624999999,113603.0,2
2022,7,37093650,Battery,captis_pulse,mountain creek,non-residential,75.46,25.153333333333332,70.0,1
2022,7,37093650,DeviceTemperature,captis_pulse,mountain creek,non-residential,15.5,15.5,15.5,1
2022,7,61580614,Pulse1,captis_pulse,buderim,residential,0.0,0.0,0.0,2
2022,7,61580614,Pulse1_Total,captis_pulse,buderim,residential,1521.0,39.0,39.0,2
2022,7,61580614,Battery,captis_pulse,buderim,residential,73.595,24.531666666666666,68.0,1
2022,7,61580614,DeviceTemperature,captis_pulse,buderim,residential,30.4,15.2,20.5,2
2022,7,46056632,Pulse1,captis_pulse,maroochydore,residential,1930.0,44.84068627450981,210.0,2
2022,7,46056632,DeviceTemperature,captis_pulse,maroochydore,residential,22.92,11.46,14.02,1
2022,7,46056632,Battery,captis_pulse,maroochydore,residential,73.76899999999999,24.589666666666663,68.0,1
2022,7,61280482,Pulse1,captis_pulse,buderim,residential,230.0,5.609903381642512,39.0,2
2022,7,61280482,Pulse1_Total,captis_pulse,buderim,residential,4931188.0,120259.13526570049,120591.0,2
2022,7,61280482,DeviceTemperature,captis_pulse,buderim,residential,23.36,11.68,13.46,1
2022,7,81963606,Pulse1,captis_pulse,kuluin,residential,24.0,1.21875,8.0,2
2022,7,81963606,Pulse1_Total,captis_pulse,kuluin,residential,3964019.0,233188.09375,233200.0,2
2022,7,81963606,DeviceTemperature,captis_pulse,kuluin,residential,15.0,15.0,15.0,1
2022,7,314767,Pulse1,captis_pulse,buderim,residential,275.0,6.200980392156863,51.0,2
2022,7,314767,Pulse1_Total,captis_pulse,buderim,residential,1.671009E7,407535.162990196,408006.0,2
2022,7,314767,DeviceTemperature,captis_pulse,buderim,residential,48.11,18.9025,27.5,2
2022,7,314767,Battery,captis_pulse,buderim,residential,73.24499999999999,24.414999999999996,68.0,1
2022,7,421,Pulse1,captis_pulse,maroochydore,residential,46.0,0.96875,15.0,2
2022,7,421,Pulse1_Total,captis_pulse,maroochydore,residential,4253632.0,106333.95833333334,106393.0,2
2022,7,421,Battery,captis_pulse,maroochydore,residential,2.017,2.017,2.017,1
2022,7,421,DeviceTemperature,captis_pulse,maroochydore,residential,29.7,29.7,29.7,1
2022,7,46057473,Pulse1,captis_pulse,maroochydore,non-residential,3300.0,91.91176470588235,640.0,2
2022,7,46057473,DeviceTemperature,captis_pulse,maroochydore,non-residential,8.1,8.1,8.1,1
2022,7,63067285,Pulse1,captis_pulse,buderim,residential,16.0,0.3590686274509804,3.0,2
2022,7,63067285,Pulse1_Total,captis_pulse,buderim,residential,1.7311879E7,422239.1997549019,422260.0,2
2022,7,63067285,DeviceTemperature,captis_pulse,buderim,residential,12.77,12.77,12.77,1
2022,7,63067285,Battery,captis_pulse,buderim,residential,3.64,3.64,3.64,1
2022,7,76298,Pulse1,captis_pulse,buderim,residential,148.0,3.5486425339366514,17.0,2
2022,7,76298,Pulse1_Total,captis_pulse,buderim,residential,1.6053048E7,373307.83371040726,373487.0,2
2022,7,76298,DeviceTemperature,captis_pulse,buderim,residential,31.76,15.88,16.96,1
2022,7,10299354,Pulse1,captis_pulse,buderim,residential,0.0,0.0,0.0,2
2022,7,10299354,Pulse1_Total,captis_pulse,buderim,residential,1230.0,30.0,30.0,2
2022,7,10299354,DeviceTemperature,captis_pulse,buderim,residential,31.93,15.965,16.3,2
2022,7,333896,Pulse1,captis_pulse,buderim,residential,327.0,7.1875,70.0,2
2022,7,333896,Pulse1_Total,captis_pulse,buderim,residential,1.7694254E7,421257.93055555556,421774.0,2
2022,7,333896,Battery,captis_pulse,buderim,residential,74.26700000000001,24.75566666666667,69.0,1
2022,7,333896,DeviceTemperature,captis_pulse,buderim,residential,20.9,20.9,20.9,1
2022,7,334680,Pulse1,captis_pulse,buderim,residential,263.0,5.8125,56.0,2
2022,7,334680,Pulse1_Total,captis_pulse,buderim,residential,6063181.0,151550.8958333333,151859.0,2
2022,7,334680,DeviceTemperature,captis_pulse,buderim,residential,33.4,16.7,23.5,2
2022,7,334680,Battery,captis_pulse,buderim,residential,75.368,25.122666666666664,70.0,1
2022,7,60375596,Pulse1,captis_pulse,buderim,residential,0.0,0.0,0.0,1
2022,7,60375596,Pulse1_Total,captis_pulse,buderim,residential,119630.0,17090.0,17090.0,1
2022,7,60380115,Pulse1,captis_pulse,buderim,residential,95.0,2.96875,70.0,2
2022,7,60380115,Pulse1_Total,captis_pulse,buderim,residential,3513073.0,87815.94791666666,87871.0,2
2022,7,60380115,DeviceTemperature,captis_pulse,buderim,residential,19.3,19.3,19.3,1
2022,7,71891,Pulse1,captis_pulse,buderim,residential,198.0,4.938823529411764,55.0,2
2022,7,71891,Pulse1_Total,captis_pulse,buderim,residential,8305052.0,197718.9411764706,197930.0,2
2022,7,71891,Battery,captis_pulse,buderim,residential,1.52,1.52,1.52,1
2022,7,71891,DeviceTemperature,captis_pulse,buderim,residential,6.5,6.5,6.5,1
2022,7,81968489,Pulse1,captis_pulse,maroochydore,residential,260.0,9.84375,110.0,2
2022,7,81968489,DeviceTemperature,captis_pulse,maroochydore,residential,21.43,10.715,12.83,2
2022,7,81968489,Battery,captis_pulse,maroochydore,residential,72.63,36.315,69.0,1
2022,7,13283,Pulse1,captis_pulse,buderim,residential,121.0,3.860119047619048,52.0,2
2022,7,13283,Pulse1_Total,captis_pulse,buderim,residential,1.0833907E7,285082.70535714284,285178.0,2
2022,7,13283,DeviceTemperature,captis_pulse,buderim,residential,57.05,22.1625,31.6,2
2022,7,13283,Battery,captis_pulse,buderim,residential,74.122,24.707333333333334,68.0,1
2022,7,46056338,Pulse1,captis_pulse,griffin,non-residential,3860.0,91.73611111111111,100.0,2
2022,7,46056338,Pulse1_Total,captis_pulse,griffin,non-residential,3.7171714E7,884708.9444444445,889237.0,2
2022,7,46056720,Pulse1,captis_pulse,maroochydore,non-residential,350.0,8.333333333333332,50.0,2
2022,7,46056720,Pulse1_Total,captis_pulse,maroochydore,non-residential,3.4995798E7,897286.3206521738,897702.0,2
2022,7,46056720,DeviceTemperature,captis_pulse,maroochydore,non-residential,24.21,12.105,15.41,1
2022,7,62362145,Pulse1,captis_pulse,buderim,residential,185.0,4.927083333333333,66.0,2
2022,7,62362145,Pulse1_Total,captis_pulse,buderim,residential,1891880.0,47271.20833333333,47469.0,2
2022,7,62362145,DeviceTemperature,captis_pulse,buderim,residential,46.129999999999995,23.064999999999998,31.7,2
2022,7,62366197,Pulse1,captis_pulse,buderim,residential,127.0,2.8899999999999997,45.0,2
2022,7,62366197,Pulse1_Total,captis_pulse,buderim,residential,905647.0,21048.00888888889,21162.0,2
2022,7,62366197,DeviceTemperature,captis_pulse,buderim,residential,13.23,13.23,13.23,1
2022,7,62366197,Battery,captis_pulse,buderim,residential,71.97,23.99,66.0,1
2022,7,65087778,Pulse1,captis_pulse,buderim,non-residential,990.0,21.166666666666668,250.0,2
2022,7,65087778,DeviceTemperature,captis_pulse,buderim,non-residential,47.34,13.656666666666666,17.3,2
2022,7,65087778,Battery,captis_pulse,buderim,non-residential,71.24,23.746666666666666,66.0,1
2022,7,299418,Pulse1,captis_pulse,buderim,residential,142.0,3.28125,76.0,2
2022,7,299418,Pulse1_Total,captis_pulse,buderim,residential,4565476.0,114129.71875,114253.0,2
2022,7,299418,Battery,captis_pulse,buderim,residential,72.335,24.111666666666665,67.0,1
2022,7,299418,DeviceTemperature,captis_pulse,buderim,residential,9.2,9.2,9.2,1
2022,7,65090110,Pulse1,captis_pulse,buderim,residential,3320.0,75.07608695652175,230.0,2
2022,7,65090110,DeviceTemperature,captis_pulse,buderim,residential,29.03,14.515,16.4,2
2022,7,65090110,Battery,captis_pulse,buderim,residential,78.518,26.172666666666668,73.0,1
2022,7,66208682,Pulse1,captis_pulse,buderim,residential,19.0,0.46675191815856776,7.0,2
2022,7,66208682,Pulse1_Total,captis_pulse,buderim,residential,973697.0,23743.46568627451,23808.0,2
2022,7,66208682,Battery,captis_pulse,buderim,residential,75.457,25.15233333333333,70.0,1
2022,7,1276270,Pulse1,captis_pulse,maroochydore,residential,0.0,0.0,0.0,1
2022,7,1276270,Pulse1_Total,captis_pulse,maroochydore,residential,1446966.0,160774.0,160774.0,1
2022,7,1276270,DeviceTemperature,captis_pulse,maroochydore,residential,14.4,14.4,14.4,1
2022,7,61182091,Pulse1,captis_pulse,buderim,residential,0.0,0.0,0.0,2
2022,7,61182091,Pulse1_Total,captis_pulse,buderim,residential,1280.0,32.0,32.0,2
2022,7,61182091,Battery,captis_pulse,buderim,residential,74.71199999999999,24.903999999999996,69.0,1
2022,7,61182091,DeviceTemperature,captis_pulse,buderim,residential,23.3,23.3,23.3,1
2022,7,61208127,Pulse1,captis_pulse,buderim,residential,0.0,0.0,0.0,2
2022,7,61208127,Pulse1_Total,captis_pulse,buderim,residential,858.0,22.0,22.0,2
2022,7,61208127,DeviceTemperature,captis_pulse,buderim,residential,20.0,10.0,10.7,1
2022,7,61208127,Battery,captis_pulse,buderim,residential,71.958,23.986,66.0,1
2022,7,81970558,Pulse1,captis_pulse,maroochydore,non-residential,390.0,32.5,130.0,1
2022,7,81970558,DeviceTemperature,captis_pulse,maroochydore,non-residential,13.81,13.81,13.81,1
2022,7,81970558,Battery,captis_pulse,maroochydore,non-residential,71.65,35.825,68.0,1
2022,7,307054,Pulse1,captis_pulse,maroochydore,residential,250.0,6.466666666666667,53.0,2
2022,7,307054,Pulse1_Total,captis_pulse,maroochydore,residential,1.2553367E7,339251.64285714284,339522.0,2
2022,7,307054,DeviceTemperature,captis_pulse,maroochydore,residential,49.71,15.285,21.0,2
2022,7,307054,Battery,captis_pulse,maroochydore,residential,71.62,35.81,68.0,1
2022,7,60223976,Pulse1,captis_pulse,buderim,residential,109.0,2.873333333333333,40.0,2
2022,7,60223976,Pulse1_Total,captis_pulse,buderim,residential,4258542.0,106441.72,106556.0,2
2022,7,60223976,DeviceTemperature,captis_pulse,buderim,residential,18.4,18.4,18.4,1
2022,7,733,Pulse1,captis_pulse,maroochydore,residential,204.0,4.864035087719298,80.0,2
2022,7,733,Pulse1_Total,captis_pulse,maroochydore,residential,2.0899041E7,486008.79824561405,486368.0,2
2022,7,61275333,Pulse1,captis_pulse,buderim,residential,0.0,0.0,0.0,2
2022,7,61275333,Pulse1_Total,captis_pulse,buderim,residential,1365.0,35.0,35.0,2
2022,7,9031818,Pulse1,captis_pulse,maroochydore,residential,0.0,0.0,0.0,2
2022,7,9031818,Pulse1_Total,captis_pulse,maroochydore,residential,4365189.0,103933.06,103934.0,2
2022,7,9031818,DeviceTemperature,captis_pulse,maroochydore,residential,26.8,26.8,26.8,1
2022,7,577012,Pulse1,captis_pulse,buderim,residential,110.0,2.8086956521739133,55.0,2
2022,7,577012,Pulse1_Total,captis_pulse,buderim,residential,1.5933318E7,419274.26376811595,419484.0,2
2022,7,577012,Battery,captis_pulse,buderim,residential,72.62,36.31,69.0,1
2022,7,577012,DeviceTemperature,captis_pulse,buderim,residential,22.3,22.3,22.3,1
2022,7,60192876,Pulse1,captis_pulse,buderim,residential,0.0,0.0,0.0,2
2022,7,60192876,Pulse1_Total,captis_pulse,buderim,residential,0.0,0.0,0.0,2
2022,7,60192876,DeviceTemperature,captis_pulse,buderim,residential,13.42,13.42,13.42,1
2022,7,60192876,Battery,captis_pulse,buderim,residential,74.17699999999999,24.725666666666665,67.0,1
2022,7,61144928,Pulse1,captis_pulse,buderim,residential,447.0,9.192460317460318,81.0,2
2022,7,61144928,Pulse1_Total,captis_pulse,buderim,residential,4523732.0,98286.34523809524,98857.0,2
2022,7,61144928,DeviceTemperature,captis_pulse,buderim,residential,9.2,9.2,9.2,1
2022,7,684,Pulse1,captis_pulse,maroochydore,residential,91.0,2.3504901960784315,42.0,2
2022,7,684,Pulse1_Total,captis_pulse,maroochydore,residential,9454087.0,230580.76838235295,230646.0,2
2022,7,684,DeviceTemperature,captis_pulse,maroochydore,residential,7.3,7.3,7.3,1
2022,7,77285,Pulse1,captis_pulse,buderim,residential,173.0,5.104166666666667,81.0,2
2022,7,77285,Pulse1_Total,captis_pulse,buderim,residential,1.3389497E7,326556.81004901964,326740.0,2
2022,7,77285,Battery,captis_pulse,buderim,residential,2.846,2.846,2.846,1
2022,7,77285,DeviceTemperature,captis_pulse,buderim,residential,39.0,39.0,39.0,1
2022,7,22604171,Pulse1,captis_pulse,albany creek,non-residential,515.0,11.822916666666666,90.0,2
2022,7,22604171,Pulse1_Total,captis_pulse,albany creek,non-residential,2.963483E7,759756.0416666667,760465.0,2
2022,7,61235970,Pulse1,captis_pulse,buderim,residential,0.0,0.0,0.0,2
2022,7,61235970,Pulse1_Total,captis_pulse,buderim,residential,1080.0,27.0,27.0,2
2022,7,61235970,DeviceTemperature,captis_pulse,buderim,residential,30.689999999999998,15.344999999999999,16.9,2
2022,7,61235970,Battery,captis_pulse,buderim,residential,72.545,24.18166666666667,67.0,1
2022,7,65438039,Pulse1,captis_pulse,maroochydore,residential,780.0,18.15610859728507,80.0,2
2022,7,294921,Pulse1,captis_pulse,buderim,residential,64.0,1.28,24.0,2
2022,7,294921,Pulse1_Total,captis_pulse,buderim,residential,9419160.0,229725.06,229844.0,2
2022,7,294921,Battery,captis_pulse,buderim,residential,73.324,24.441333333333333,68.0,1
2022,7,60194062,DeviceTemperature,captis_pulse,buderim,residential,37.11,11.4025,16.6,2
2022,7,60194062,Battery,captis_pulse,buderim,residential,67.62,33.81,64.0,1
2022,7,60223933,Pulse1,captis_pulse,buderim,residential,190.0,4.713235294117647,35.0,2
2022,7,60223933,Pulse1_Total,captis_pulse,buderim,residential,3356209.0,81834.88357843137,82057.0,2
2022,7,60223933,DeviceTemperature,captis_pulse,buderim,residential,29.869999999999997,14.934999999999999,16.9,2
2022,7,60223933,Battery,captis_pulse,buderim,residential,3.64,3.64,3.64,1
2022,7,61165823,Pulse1,captis_pulse,buderim,residential,0.0,0.0,0.0,2
2022,7,61165823,Pulse1_Total,captis_pulse,buderim,residential,1287.0,33.0,33.0,2
2022,7,61165823,DeviceTemperature,captis_pulse,buderim,residential,27.7,13.85,14.6,2
2022,7,61572288,Pulse1,captis_pulse,buderim,residential,0.0,0.0,0.0,2
2022,7,61572288,Pulse1_Total,captis_pulse,buderim,residential,1271.0,31.0,31.0,2
2022,7,61572288,DeviceTemperature,captis_pulse,buderim,residential,24.8,24.8,24.8,1
2022,7,69436,Pulse1,captis_pulse,buderim,residential,54.0,1.1875,12.0,2
2022,7,69436,Pulse1_Total,captis_pulse,buderim,residential,8827589.0,220678.9375,220772.0,2
2022,7,69436,DeviceTemperature,captis_pulse,buderim,residential,41.769999999999996,20.884999999999998,27.9,2
2022,7,69436,Battery,captis_pulse,buderim,residential,72.407,24.135666666666665,67.0,1
2022,7,81844,Pulse1,captis_pulse,buderim,residential,103.0,2.4987500000000002,33.0,2
2022,7,81844,Pulse1_Total,captis_pulse,buderim,residential,1.5054638E7,367163.065,367505.0,2
2022,7,81844,Battery,captis_pulse,buderim,residential,77.729,25.909666666666666,71.0,1
2022,7,81844,DeviceTemperature,captis_pulse,buderim,residential,7.5,7.5,7.5,1
2022,7,1792,Pulse1,captis_pulse,maroochydore,residential,334.0,7.720394736842105,118.0,2
2022,7,1792,Pulse1_Total,captis_pulse,maroochydore,residential,1.0028039E7,238739.95995423343,239216.0,2
2022,7,1792,DeviceTemperature,captis_pulse,maroochydore,residential,35.5,17.75,21.1,2
2022,7,1792,Battery,captis_pulse,maroochydore,residential,72.676,24.225333333333335,67.0,1
2022,7,590801,Pulse1,captis_pulse,buderim,residential,281.0,6.508928571428571,131.0,2
2022,7,590801,Pulse1_Total,captis_pulse,buderim,residential,1.2238667E7,322033.2261904762,322430.0,2
2022,7,590801,DeviceTemperature,captis_pulse,buderim,residential,62.66,21.740000000000002,24.3,2
2022,7,590801,Battery,captis_pulse,buderim,residential,79.318,26.439333333333334,74.0,1
2022,7,63076216,Pulse1,captis_pulse,maroochydore,non-residential,0.0,0.0,0.0,2
2022,7,63076216,Pulse1_Total,captis_pulse,maroochydore,non-residential,2.9920917E7,767203.0,767203.0,2
2022,7,63076216,Battery,captis_pulse,maroochydore,non-residential,78.537,26.179000000000002,69.0,1
2022,7,63076216,DeviceTemperature,captis_pulse,maroochydore,non-residential,26.3,13.15,20.0,2
2022,7,64629961,Pulse1,captis_pulse,maroochydore,residential,50.0,1.047008547008547,10.0,2
2022,7,64629961,Pulse1_Total,captis_pulse,maroochydore,residential,2968398.0,67458.90170940172,67512.0,2
2022,7,64629961,DeviceTemperature,captis_pulse,maroochydore,residential,7.1,7.1,7.1,1
2022,7,64629961,Battery,captis_pulse,maroochydore,residential,1.776,1.776,1.776,1
2022,7,65027565,Pulse1,captis_pulse,maroochydore,non-residential,300.0,7.291666666666667,100.0,2
2022,7,65027565,Pulse1_Total,captis_pulse,maroochydore,non-residential,3.51807E7,879456.25,880000.0,2
2022,7,65027565,DeviceTemperature,captis_pulse,maroochydore,non-residential,47.59,16.197499999999998,17.2,2
2022,7,81963294,Pulse1,captis_pulse,maroochydore,residential,350.0,15.446428571428571,85.0,2
2022,7,81969192,Pulse1,captis_pulse,maroochydore,residential,1105.0,85.0,250.0,1
2022,7,22680113,Pulse1,captis_pulse,mountain creek,non-residential,0.0,0.0,0.0,2
2022,7,22680113,Pulse1_Total,captis_pulse,mountain creek,non-residential,263240.0,6581.0,6581.0,2
2022,7,22680113,Battery,captis_pulse,mountain creek,non-residential,68.497,22.832333333333334,63.0,1
2022,7,22680113,DeviceTemperature,captis_pulse,mountain creek,non-residential,8.2,8.2,8.2,1
2022,7,57398,Pulse1,captis_pulse,buderim,residential,115.0,2.3958333333333335,41.0,2
2022,7,57398,Pulse1_Total,captis_pulse,buderim,residential,5724334.0,146770.95833333334,146913.0,2
2022,7,62306620,DeviceTemperature,captis_pulse,buderim,residential,15.68,15.68,15.68,1
2022,7,62306620,Battery,captis_pulse,buderim,residential,54.64,27.32,51.0,1
2022,7,63432272,Pulse1,captis_pulse,maroochydore,residential,2710.0,59.85119047619048,250.0,2
2022,7,63432272,DeviceTemperature,captis_pulse,maroochydore,residential,9.8,9.8,9.8,1
2022,7,68780,Pulse1,captis_pulse,buderim,residential,370.0,9.058333333333334,82.0,2
2022,7,68780,Pulse1_Total,captis_pulse,buderim,residential,1.7507834E7,437672.3020833334,438107.0,2
2022,7,68780,DeviceTemperature,captis_pulse,buderim,residential,14.32,14.32,14.32,1
2022,7,22047833,Pulse1,captis_pulse,birtinya,#n/a,0.0,0.0,0.0,2
2022,7,22047833,Pulse1_Total,captis_pulse,birtinya,#n/a,5494020.0,130810.0,130810.0,2
2022,7,22047833,DeviceTemperature,captis_pulse,birtinya,#n/a,23.3,23.3,23.3,1
2022,7,61217785,Pulse1,captis_pulse,buderim,residential,81.0,2.3541666666666665,49.0,2
2022,7,61217785,Pulse1_Total,captis_pulse,buderim,residential,1374640.0,35227.854619565216,35387.0,2
2022,7,61217785,DeviceTemperature,captis_pulse,buderim,residential,46.36,13.526666666666667,17.4,2
2022,7,61217785,Battery,captis_pulse,buderim,residential,70.80799999999999,23.602666666666664,65.0,1
2022,7,64629928,Pulse1,captis_pulse,buderim,residential,0.0,0.0,0.0,2
2022,7,64629928,Pulse1_Total,captis_pulse,buderim,residential,402825.0,9825.0,9825.0,2
2022,7,65087788,Pulse1,captis_pulse,buderim,residential,2250.0,53.05147058823529,250.0,2
2022,7,65087788,DeviceTemperature,captis_pulse,buderim,residential,12.58,12.58,12.58,1
2022,7,65087788,Battery,captis_pulse,buderim,residential,73.521,24.507,68.0,1
2022,7,61183262,Pulse1,captis_pulse,buderim,residential,0.0,0.0,0.0,2
2022,7,61183262,Pulse1_Total,captis_pulse,buderim,residential,897.0,23.0,23.0,2
2022,7,61183262,DeviceTemperature,captis_pulse,buderim,residential,39.74,19.87,23.6,2
2022,7,61183262,Battery,captis_pulse,buderim,residential,74.52,24.84,69.0,1
2022,7,65437759,Pulse1,captis_pulse,maroochydore,residential,980.0,20.384615384615387,120.0,2
2022,7,65437759,DeviceTemperature,captis_pulse,maroochydore,residential,7.4,7.4,7.4,1
2022,7,81985208,Pulse1,captis_pulse,maroochydore,residential,370.0,7.784090909090909,110.0,2
2022,7,81985208,DeviceTemperature,captis_pulse,maroochydore,residential,13.69,13.69,13.69,1
2022,7,81985208,Battery,captis_pulse,maroochydore,residential,73.576,24.525333333333332,68.0,1
2022,7,21672871,Pulse1,captis_pulse,buderim,non-residential,370.0,8.197303921568627,72.0,2
2022,7,21672871,Battery,captis_pulse,buderim,non-residential,3.63,3.63,3.63,1
2022,7,21672871,DeviceTemperature,captis_pulse,buderim,non-residential,17.7,17.7,17.7,1
2022,7,281900,Pulse1,captis_pulse,buderim,residential,120.0,3.375959079283888,51.0,2
2022,7,281900,Pulse1_Total,captis_pulse,buderim,residential,1.1476345E7,279893.0404411765,280012.0,2
2022,7,281900,DeviceTemperature,captis_pulse,buderim,residential,50.480000000000004,20.12,30.0,2
2022,7,281900,Battery,captis_pulse,buderim,residential,67.64,33.82,64.0,1
2022,7,311065,Pulse1,captis_pulse,buderim,residential,74.0,2.1875,58.0,2
2022,7,311065,Pulse1_Total,captis_pulse,buderim,residential,8853508.0,221323.4270833333,221504.0,2
2022,7,311065,Battery,captis_pulse,buderim,residential,72.00099999999999,24.00033333333333,66.0,1
2022,7,311065,DeviceTemperature,captis_pulse,buderim,residential,7.9,7.9,7.9,1
2022,7,586352,Pulse1,captis_pulse,kuluin,residential,160.0,3.8201357466063346,38.0,2
2022,7,586352,Pulse1_Total,captis_pulse,kuluin,residential,1.1910572E7,276973.36199095024,277131.0,2
2022,7,60380262,Pulse1,captis_pulse,buderim,residential,0.0,0.0,0.0,2
2022,7,60380262,Pulse1_Total,captis_pulse,buderim,residential,0.0,0.0,0.0,2
2022,7,60380262,DeviceTemperature,captis_pulse,buderim,residential,9.7,9.7,9.7,1
2022,7,67715754,Pulse1,captis_pulse,buderim,residential,156.0,3.4479638009049776,34.0,2
2022,7,67715754,Pulse1_Total,captis_pulse,buderim,residential,2414308.0,56124.117647058825,56329.0,2
2022,7,67715754,Battery,captis_pulse,buderim,residential,1.729,1.729,1.729,1
2022,7,55775,Pulse1,captis_pulse,maroochydore,residential,0.0,0.0,0.0,2
2022,7,55775,Pulse1_Total,captis_pulse,maroochydore,residential,5503400.0,137585.0,137585.0,2
2022,7,55775,DeviceTemperature,captis_pulse,maroochydore,residential,17.1,17.1,17.1,1
2022,7,64254,Pulse1,captis_pulse,buderim,residential,125.0,3.0588235294117645,21.0,2
2022,7,64254,Pulse1_Total,captis_pulse,buderim,residential,1.1949046E7,291416.7487745098,291602.0,2
2022,7,64254,DeviceTemperature,captis_pulse,buderim,residential,7.0,7.0,7.0,1
2022,7,21268559,Pulse1,captis_pulse,albany creek,non-residential,0.0,0.0,0.0,2
2022,7,21268559,DeviceTemperature,captis_pulse,albany creek,non-residential,52.980000000000004,21.07,31.3,2
2022,7,585501,Pulse1,captis_pulse,buderim,residential,64.0,1.5208333333333335,12.0,2
2022,7,585501,Pulse1_Total,captis_pulse,buderim,residential,6688445.0,167201.7708333333,167286.0,2
2022,7,585501,DeviceTemperature,captis_pulse,buderim,residential,40.66,15.115,19.8,2
2022,7,61506145,Pulse1,captis_pulse,buderim,non-residential,149.0,3.4002557544757033,67.0,2
2022,7,61506145,Pulse1_Total,captis_pulse,buderim,non-residential,1379026.0,35339.08559782609,35496.0,2
2022,7,61506145,DeviceTemperature,captis_pulse,buderim,non-residential,30.900000000000002,15.450000000000001,18.6,2
2022,7,61506145,Battery,captis_pulse,buderim,non-residential,3.64,3.64,3.64,1
2022,7,65061787,Pulse1,captis_pulse,buderim,residential,1085.0,25.1875,110.0,2
2022,7,65061787,DeviceTemperature,captis_pulse,buderim,residential,9.0,9.0,9.0,1
2022,7,100133,Pulse1,captis_pulse,buderim,residential,475.0,10.18705882352941,108.0,2
2022,7,100133,Pulse1_Total,captis_pulse,buderim,residential,1.8319021E7,436135.8647058824,436709.0,2
2022,7,27713072,Pulse1,captis_pulse,maroochydore,#n/a,1600.0,36.80555555555556,100.0,2
2022,7,27713072,Battery,captis_pulse,maroochydore,#n/a,1.707,1.707,1.707,1
2022,7,27713072,DeviceTemperature,captis_pulse,maroochydore,#n/a,31.1,15.55,22.5,2
2022,7,583492,Pulse1,captis_pulse,kuluin,residential,91.0,2.0330882352941178,43.0,2
2022,7,583492,Pulse1_Total,captis_pulse,kuluin,residential,1.1452203E7,279309.83946078434,279463.0,2
2022,7,60193584,Pulse1,captis_pulse,buderim,residential,0.0,0.0,0.0,2
2022,7,60193584,Pulse1_Total,captis_pulse,buderim,residential,0.0,0.0,0.0,2
2022,7,60193584,DeviceTemperature,captis_pulse,buderim,residential,15.5,15.5,15.5,1
2022,7,60193584,Battery,captis_pulse,buderim,residential,3.63,3.63,3.63,1
2022,7,61149604,Pulse1,captis_pulse,buderim,residential,0.0,0.0,0.0,1
2022,7,61149604,Pulse1_Total,captis_pulse,buderim,residential,570264.0,95044.0,95044.0,1
2022,7,61234352,Pulse1,captis_pulse,buderim,residential,0.0,0.0,0.0,2
2022,7,61234352,Pulse1_Total,captis_pulse,buderim,residential,1271.0,31.0,31.0,2
2022,7,61234352,DeviceTemperature,captis_pulse,buderim,residential,7.3,7.3,7.3,1
2022,7,64631110,Pulse1,captis_pulse,maroochydore,residential,3250.0,77.4235294117647,230.0,2
2022,7,64631110,DeviceTemperature,captis_pulse,maroochydore,residential,41.01,20.505,26.4,2
2022,7,64631110,Battery,captis_pulse,maroochydore,residential,75.269,25.08966666666667,70.0,1
2022,7,82308,Pulse1,captis_pulse,buderim,residential,73.0,2.0955882352941178,67.0,2
2022,7,82308,Pulse1_Total,captis_pulse,buderim,residential,1.3335626E7,325244.7083333334,325335.0,2
2022,7,82308,DeviceTemperature,captis_pulse,buderim,residential,22.049999999999997,11.024999999999999,14.45,1
2022,7,82308,Battery,captis_pulse,buderim,residential,73.486,24.495333333333335,68.0,1
2022,7,22609922,Pulse1,captis_pulse,north lakes,non-residential,1800.0,45.0,500.0,2
2022,7,22609922,Battery,captis_pulse,north lakes,non-residential,1.922,1.922,1.922,1
2022,7,22609922,DeviceTemperature,captis_pulse,north lakes,non-residential,8.1,8.1,8.1,1
2022,7,273581,Pulse1,captis_pulse,maroochydore,residential,377.0,9.874117647058824,158.0,2
2022,7,273581,Pulse1_Total,captis_pulse,maroochydore,residential,1.5586883E7,371087.2035294118,371447.0,2
2022,7,273581,DeviceTemperature,captis_pulse,maroochydore,residential,14.9,14.9,14.9,1
2022,7,331010,Pulse1,captis_pulse,buderim,residential,278.0,6.160633484162895,113.0,2
2022,7,331010,Pulse1_Total,captis_pulse,buderim,residential,1.7989922E7,418336.0938914027,418665.0,2
2022,7,331010,DeviceTemperature,captis_pulse,buderim,residential,33.79,16.895,19.9,2
2022,7,590071,Pulse1,captis_pulse,buderim,residential,156.0,3.7475490196078427,52.0,2
2022,7,590071,Pulse1_Total,captis_pulse,buderim,residential,1.3867203E7,338206.3210784313,338388.0,2
2022,7,590071,Battery,captis_pulse,buderim,residential,1.67,1.67,1.67,1
2022,7,590071,DeviceTemperature,captis_pulse,buderim,residential,30.299999999999997,15.149999999999999,22.4,1
2022,7,60233046,Pulse1,captis_pulse,buderim,residential,0.0,0.0,0.0,2
2022,7,60233046,Pulse1_Total,captis_pulse,buderim,residential,0.0,0.0,0.0,2
2022,7,60233046,Battery,captis_pulse,buderim,residential,3.63,3.63,3.63,1
2022,7,60233046,DeviceTemperature,captis_pulse,buderim,residential,30.5,15.25,22.7,2
2022,7,2719,Pulse1,captis_pulse,buderim,residential,258.0,5.658088235294118,78.0,2
2022,7,2719,Pulse1_Total,captis_pulse,buderim,residential,1.1496256E7,280367.0012254902,280717.0,2
2022,7,2719,DeviceTemperature,captis_pulse,buderim,residential,14.33,14.33,14.33,1
2022,7,2719,Battery,captis_pulse,buderim,residential,71.558,23.852666666666668,66.0,1
2022,7,60193437,Pulse1,captis_pulse,buderim,residential,0.0,0.0,0.0,2
2022,7,60193437,Pulse1_Total,captis_pulse,buderim,residential,226780.0,4930.0,4930.0,2
2022,7,60193437,DeviceTemperature,captis_pulse,buderim,residential,42.46,14.715,16.4,2
2022,7,62364325,Pulse1,captis_pulse,buderim,residential,179.0,4.027777777777778,32.0,2
2022,7,62364325,Pulse1_Total,captis_pulse,buderim,residential,4648807.0,110645.57638888888,111186.0,2
2022,7,62364325,Battery,captis_pulse,buderim,residential,74.42699999999999,24.808999999999997,69.0,1
2022,7,65061775,Pulse1,captis_pulse,buderim,non-residential,980.0,23.645833333333336,90.0,2
2022,7,65061775,Battery,captis_pulse,buderim,non-residential,71.619,23.873,66.0,1
2022,7,65061775,DeviceTemperature,captis_pulse,buderim,non-residential,15.8,15.8,15.8,1
2022,7,81966067,Pulse1,captis_pulse,maroochydore,non-residential,0.0,0.0,0.0,2
2022,7,81966067,Battery,captis_pulse,maroochydore,non-residential,69.64,34.82,66.0,1
2022,7,22449402,Pulse1,captis_pulse,birtinya,#n/a,39600.0,923.6519607843137,2000.0,2
2022,7,22449402,Battery,captis_pulse,birtinya,#n/a,3.63,3.63,3.63,1
2022,7,22449402,DeviceTemperature,captis_pulse,birtinya,#n/a,30.5,15.25,21.1,2
2022,7,27446324,Pulse1,captis_pulse,maroochydore,non-residential,21200.0,455.0,2500.0,2
2022,7,27446324,DeviceTemperature,captis_pulse,maroochydore,non-residential,22.66,11.33,14.26,1
2022,7,27446324,Battery,captis_pulse,maroochydore,non-residential,3.64,3.64,3.64,1
2022,7,45135069,Pulse1,captis_pulse,mountain creek,residential,1.0,0.03125,1.0,2
2022,7,45135069,Pulse1_Total,captis_pulse,mountain creek,residential,2199423.0,54985.36458333333,54987.0,2
2022,7,45135069,DeviceTemperature,captis_pulse,mountain creek,residential,5.5,5.5,5.5,1
2022,7,59451,Pulse1,captis_pulse,maroochydore,residential,0.0,0.0,0.0,2
2022,7,59451,Pulse1_Total,captis_pulse,maroochydore,residential,1.0842321E7,252147.0,252147.0,2
2022,7,59451,DeviceTemperature,captis_pulse,maroochydore,residential,16.2,16.2,16.2,1
2022,7,602993,Pulse1,captis_pulse,kuluin,residential,151.0,3.3281573498964803,42.0,2
2022,7,602993,Pulse1_Total,captis_pulse,kuluin,residential,1.8302764E7,406724.48418972327,407079.0,2
2022,7,602993,Battery,captis_pulse,kuluin,residential,73.229,24.409666666666666,68.0,1
2022,7,602993,DeviceTemperature,captis_pulse,kuluin,residential,41.5,20.75,34.5,1
2022,7,61231936,Pulse1,captis_pulse,buderim,residential,177.0,4.537647058823529,67.0,2
2022,7,61231936,Pulse1_Total,captis_pulse,buderim,residential,4231954.0,98396.98888888888,98632.0,2
2022,7,61231936,Battery,captis_pulse,buderim,residential,3.61,3.61,3.61,1
2022,7,61231936,DeviceTemperature,captis_pulse,buderim,residential,29.1,14.55,20.2,2
2022,7,61487282,Pulse1,captis_pulse,buderim,residential,0.0,0.0,0.0,2
2022,7,61487282,Pulse1_Total,captis_pulse,buderim,residential,1302.0,31.0,31.0,2
2022,7,61487282,DeviceTemperature,captis_pulse,buderim,residential,15.86,15.86,15.86,1
2022,7,62365672,Pulse1,captis_pulse,buderim,residential,445.0,11.23145780051151,34.0,2
2022,7,62365672,Pulse1_Total,captis_pulse,buderim,residential,8828828.0,210158.92235294118,210669.0,2
2022,7,62365672,DeviceTemperature,captis_pulse,buderim,residential,13.51,13.51,13.51,1
2022,7,62309947,Pulse1,captis_pulse,buderim,residential,7.0,0.1715686274509804,1.0,2
2022,7,62309947,Pulse1_Total,captis_pulse,buderim,residential,1273687.0,31065.27818627451,31069.0,2
2022,7,62309947,DeviceTemperature,captis_pulse,buderim,residential,35.59,17.795,18.8,2
2022,7,62309947,Battery,captis_pulse,buderim,residential,75.341,25.113666666666663,67.0,1
2022,7,100403,Pulse1,captis_pulse,buderim,residential,30.0,0.7663043478260869,11.0,2
2022,7,100403,Pulse1_Total,captis_pulse,buderim,residential,2703069.0,69307.43206521739,69326.0,2
2022,7,100403,DeviceTemperature,captis_pulse,buderim,residential,44.77,17.4675,25.1,2
2022,7,100403,Battery,captis_pulse,buderim,residential,72.63,36.315,69.0,1
2022,7,21267301,Pulse1,captis_pulse,albany creek,non-residential,9430.0,217.046568627451,880.0,2
2022,7,46059200,Pulse1,captis_pulse,maroochydore,residential,1990.0,46.80555555555556,220.0,2
2022,7,60193159,Pulse1,captis_pulse,buderim,residential,0.0,0.0,0.0,2
2022,7,60193159,Pulse1_Total,captis_pulse,buderim,residential,943.0,23.0,23.0,2
2022,7,64628265,Pulse1,captis_pulse,maroochydore,residential,420.0,9.779411764705882,50.0,2
2022,7,64628265,DeviceTemperature,captis_pulse,maroochydore,residential,29.15,14.575,16.0,2
2022,7,64628265,Battery,captis_pulse,maroochydore,residential,74.004,24.668000000000003,68.0,1
2022,7,64632471,Pulse1,captis_pulse,buderim,residential,0.0,0.0,0.0,2
2022,7,64632471,DeviceTemperature,captis_pulse,buderim,residential,48.04,16.013333333333332,16.54,1
2022,7,64632471,Battery,captis_pulse,buderim,residential,72.64,36.32,69.0,1
2022,7,669,DeviceTemperature,captis_pulse,maroochydore,residential,31.3,15.65,16.5,2
2022,7,669,Battery,captis_pulse,maroochydore,residential,125.61,62.805,122.0,1
2022,7,21211959,Pulse1,captis_pulse,mountain creek,non-residential,880.0,20.705882352941174,150.0,2
2022,7,21211959,DeviceTemperature,captis_pulse,mountain creek,non-residential,40.05,15.2625,21.0,2
2022,7,21211959,Battery,captis_pulse,mountain creek,non-residential,3.63,3.63,3.63,1
2022,7,27446095,Pulse1,captis_pulse,maroochydore,non-residential,0.0,0.0,0.0,2
2022,7,27446095,DeviceTemperature,captis_pulse,maroochydore,non-residential,28.5,28.5,28.5,1
2022,7,60380448,Pulse1,captis_pulse,buderim,residential,162.0,4.764705882352941,101.0,2
2022,7,60380448,Pulse1_Total,captis_pulse,buderim,residential,5036377.0,122833.41176470587,122863.0,2
2022,7,60380448,DeviceTemperature,captis_pulse,buderim,residential,15.75,15.75,15.75,1
2022,7,60380448,Battery,captis_pulse,buderim,residential,70.92099999999999,23.64033333333333,65.0,1
2022,7,81969254,Pulse1,captis_pulse,buderim,non-residential,638.0,35.6875,93.0,2
2022,7,81969254,Pulse1_Total,captis_pulse,buderim,non-residential,5245768.0,218708.3125,219483.0,2
2022,7,8976840,Pulse1,captis_pulse,maroochydore,residential,411.0,8.974444444444444,55.0,2
2022,7,8976840,Pulse1_Total,captis_pulse,maroochydore,residential,8892987.0,202073.94658119656,202423.0,2
2022,7,8976840,Battery,captis_pulse,maroochydore,residential,74.722,24.90733333333333,69.0,1
2022,7,8976840,DeviceTemperature,captis_pulse,maroochydore,residential,6.9,6.9,6.9,1
2022,7,1178690,Pulse1,captis_pulse,maroochydore,residential,222.0,5.854166666666666,81.0,2
2022,7,1178690,Pulse1_Total,captis_pulse,maroochydore,residential,7115333.0,182428.74320652173,182633.0,2
2022,7,1178690,DeviceTemperature,captis_pulse,maroochydore,residential,41.85,20.925,23.3,2
2022,7,1178690,Battery,captis_pulse,maroochydore,residential,78.418,26.139333333333337,71.0,1
2022,7,60194181,DeviceTemperature,captis_pulse,buderim,residential,19.48,9.74,11.98,2
2022,7,60194181,Battery,captis_pulse,buderim,residential,3.65,3.65,3.65,1
2022,7,65438080,Pulse1,captis_pulse,buderim,non-residential,6510.0,138.85882352941175,730.0,2
2022,7,65438080,DeviceTemperature,captis_pulse,buderim,non-residential,20.29,10.145,13.19,1
2022,7,65438080,Battery,captis_pulse,buderim,non-residential,74.38,24.793333333333333,69.0,1
2022,7,61236077,Pulse1,captis_pulse,buderim,residential,0.0,0.0,0.0,2
2022,7,61236077,Pulse1_Total,captis_pulse,buderim,residential,1333.0,31.0,31.0,2
2022,7,61236077,DeviceTemperature,captis_pulse,buderim,residential,15.4,15.4,15.4,1
2022,7,61236077,Battery,captis_pulse,buderim,residential,72.828,24.276,67.0,1
2022,7,61276076,Pulse1,captis_pulse,buderim,residential,0.0,0.0,0.0,2
2022,7,61276076,Pulse1_Total,captis_pulse,buderim,residential,1294760.0,32369.0,32369.0,2
2022,7,61276076,Battery,captis_pulse,buderim,residential,4.117,4.117,4.117,1
2022,7,64627478,Pulse1,captis_pulse,maroochydore,residential,3250.0,72.4074074074074,390.0,2
2022,7,64627478,DeviceTemperature,captis_pulse,maroochydore,residential,30.25,15.125,16.5,2
2022,7,64627478,Battery,captis_pulse,maroochydore,residential,77.551,25.850333333333335,72.0,1
2022,7,92395,Pulse1,captis_pulse,buderim,residential,25.0,0.5520833333333333,7.0,2
2022,7,92395,Pulse1_Total,captis_pulse,buderim,residential,2.2808042E7,570193.8333333333,570255.0,2
2022,7,92395,DeviceTemperature,captis_pulse,buderim,residential,6.0,6.0,6.0,1
2022,7,67714898,Pulse1,captis_pulse,buderim,residential,0.0,0.0,0.0,2
2022,7,67714898,Pulse1_Total,captis_pulse,buderim,residential,1764.0,42.0,42.0,2
2022,7,65439124,Pulse1,captis_pulse,maroochydore,residential,22710.0,531.0294117647059,1190.0,2
2022,7,65439124,DeviceTemperature,captis_pulse,maroochydore,residential,36.400000000000006,14.925,23.3,2
2022,7,81970969,Pulse1,captis_pulse,maroochydore,non-residential,0.0,0.0,0.0,1
2022,7,81970969,DeviceTemperature,captis_pulse,maroochydore,non-residential,8.9,8.9,8.9,1
2022,7,1237719,Pulse1,captis_pulse,maroochydore,residential,12.0,0.26041666666666663,5.0,2
2022,7,1237719,Pulse1_Total,captis_pulse,maroochydore,residential,9018495.0,225446.78125,225611.0,2
2022,7,1237719,DeviceTemperature,captis_pulse,maroochydore,residential,14.5,14.5,14.5,1
2022,7,61148154,Pulse1,captis_pulse,buderim,residential,165.0,4.010683760683761,58.0,2
2022,7,61148154,Pulse1_Total,captis_pulse,buderim,residential,2288719.0,53202.15777777778,53427.0,2
2022,7,61148154,DeviceTemperature,captis_pulse,buderim,residential,35.260000000000005,17.630000000000003,20.1,2
2022,7,61148154,Battery,captis_pulse,buderim,residential,72.517,24.17233333333333,67.0,1
2022,7,61298826,Pulse1,captis_pulse,buderim,residential,123.0,2.989583333333333,52.0,2
2022,7,61298826,Pulse1_Total,captis_pulse,buderim,residential,2078026.0,51901.46875,52177.0,2
2022,7,61298826,DeviceTemperature,captis_pulse,buderim,residential,34.5,17.25,25.0,2
2022,7,61298826,Battery,captis_pulse,buderim,residential,77.455,25.81833333333333,72.0,1
2022,7,1875,Pulse1,captis_pulse,maroochydore,residential,69.0,1.5,43.0,2
2022,7,1875,Pulse1_Total,captis_pulse,maroochydore,residential,1.0193146E7,242689.6458333333,242814.0,2
2022,7,272718,Pulse1,captis_pulse,buderim,residential,302.0,6.729166666666667,67.0,2
2022,7,272718,Pulse1_Total,captis_pulse,buderim,residential,1.3193441E7,338256.2916666667,338571.0,2
2022,7,272718,DeviceTemperature,captis_pulse,buderim,residential,32.5,16.25,19.1,2
2022,7,36811364,Pulse1,captis_pulse,mango hill,non-residential,5400.0,118.66666666666667,600.0,2
2022,7,36811364,DeviceTemperature,captis_pulse,mango hill,non-residential,9.0,9.0,9.0,1
2022,7,81964560,Pulse1,captis_pulse,kuluin,residential,37.0,1.3214285714285714,35.0,2
2022,7,81964560,Pulse1_Total,captis_pulse,kuluin,residential,2498976.0,119009.60714285714,119042.0,2
2022,7,81964560,DeviceTemperature,captis_pulse,kuluin,residential,15.7,15.7,15.7,1
2022,7,61291346,Pulse1,captis_pulse,buderim,residential,0.0,0.0,0.0,2
2022,7,61291346,Pulse1_Total,captis_pulse,buderim,residential,1102.0,29.0,29.0,2
2022,7,61291346,DeviceTemperature,captis_pulse,buderim,residential,33.9,16.95,25.7,2
2022,7,61249239,Pulse1,,,,1310.0,39.2262443438914,486.0,2
2022,7,61249239,Pulse1_Total,,,,5730773.0,191174.59049773755,192346.0,2
2022,7,61249239,DeviceTemperature,,,,14.24,14.24,14.24,1
2022,7,61249239,Battery,,,,71.63,35.815,68.0,1
2022,7,10190,Pulse1,captis_pulse,buderim,residential,294.0,6.68,78.0,2
2022,7,10190,Pulse1_Total,captis_pulse,buderim,residential,9481602.0,225722.91999999998,226017.0,2
2022,7,14171,Pulse1,captis_pulse,buderim,residential,275.0,7.96375,122.0,2
2022,7,14171,Pulse1_Total,captis_pulse,buderim,residential,1.2744828E7,310818.32999999996,310997.0,2
2022,7,14171,DeviceTemperature,captis_pulse,buderim,residential,51.370000000000005,20.5425,30.8,2
2022,7,14171,Battery,captis_pulse,buderim,residential,73.429,24.476333333333333,68.0,1
2022,7,60218272,Pulse1,captis_pulse,buderim,residential,116.0,2.536764705882353,100.0,2
2022,7,60218272,Pulse1_Total,captis_pulse,buderim,residential,2659334.0,64845.328431372545,64946.0,2
2022,7,60218272,Battery,captis_pulse,buderim,residential,2.399,2.399,2.399,1
2022,7,60218272,DeviceTemperature,captis_pulse,buderim,residential,18.0,18.0,18.0,1
2022,7,61290332,Pulse1,captis_pulse,buderim,residential,0.0,0.0,0.0,2
2022,7,61290332,Pulse1_Total,captis_pulse,buderim,residential,1014.0,26.0,26.0,2
2022,7,61290332,DeviceTemperature,captis_pulse,buderim,residential,39.58,14.32,17.7,2
2022,7,61290332,Battery,captis_pulse,buderim,residential,68.169,22.723,63.0,1
2022,7,62366640,Pulse1,captis_pulse,buderim,non-residential,0.0,0.0,0.0,2
2022,7,62366640,Pulse1_Total,captis_pulse,buderim,non-residential,1200.0,30.0,30.0,2
2022,7,83008,Pulse1,captis_pulse,buderim,residential,158.0,3.2844444444444445,60.0,2
2022,7,83008,Pulse1_Total,captis_pulse,buderim,residential,1.7034004E7,396081.1923076923,396553.0,2
2022,7,83008,DeviceTemperature,captis_pulse,buderim,residential,13.66,13.66,13.66,1
2022,7,45121676,Pulse1,captis_pulse,buderim,residential,0.0,0.0,0.0,2
2022,7,45121676,Pulse1_Total,captis_pulse,buderim,residential,1200.0,30.0,30.0,2
2022,7,45121676,Battery,captis_pulse,buderim,residential,69.63,34.815,66.0,1
2022,7,61105858,Pulse1,captis_pulse,buderim,residential,0.0,0.0,0.0,2
2022,7,61105858,Pulse1_Total,captis_pulse,buderim,residential,1353.0,33.0,33.0,2
2022,7,61105858,DeviceTemperature,captis_pulse,buderim,residential,35.599999999999994,17.799999999999997,18.7,2
2022,7,61105858,Battery,captis_pulse,buderim,residential,77.884,25.961333333333332,72.0,1
2022,7,61247543,Pulse1,captis_pulse,buderim,residential,190.0,4.458333333333334,34.0,2
2022,7,61247543,Pulse1_Total,captis_pulse,buderim,residential,4117222.0,102887.59375,103207.0,2
2022,7,61247543,DeviceTemperature,captis_pulse,buderim,residential,27.0,27.0,27.0,1
2022,7,292566,Pulse1,captis_pulse,kuluin,residential,227.0,5.518382352941177,63.0,2
2022,7,292566,Pulse1_Total,captis_pulse,kuluin,residential,6348264.0,154815.324754902,155024.0,2
2022,7,292566,DeviceTemperature,captis_pulse,kuluin,residential,13.42,13.42,13.42,1
2022,7,576630,Pulse1,captis_pulse,kuluin,residential,101.0,2.8645833333333335,52.0,2
2022,7,576630,Pulse1_Total,captis_pulse,kuluin,residential,8382128.0,209542.2083333333,209616.0,2
2022,7,576630,Battery,captis_pulse,kuluin,residential,76.35499999999999,25.451666666666664,71.0,1
2022,7,21892717,Pulse1,captis_pulse,maroochydore,non-residential,298.0,7.217142857142857,52.0,2
2022,7,21892717,Pulse1_Total,captis_pulse,maroochydore,non-residential,3.7231522E7,954588.21,954919.0,2
2022,7,21892717,DeviceTemperature,captis_pulse,maroochydore,non-residential,27.7,27.7,27.7,1
2022,7,65063933,Pulse1,captis_pulse,maroochydore,non-residential,8500.0,191.91666666666669,595.0,2
2022,7,65063933,DeviceTemperature,captis_pulse,maroochydore,non-residential,13.25,13.25,13.25,1
2022,7,65063933,Battery,captis_pulse,maroochydore,non-residential,75.374,25.124666666666666,70.0,1
2022,7,61270989,DeviceTemperature,captis_pulse,buderim,residential,10.4,10.4,10.4,1
2022,7,64629940,Pulse1,captis_pulse,buderim,residential,0.0,0.0,0.0,2
2022,7,64629940,Pulse1_Total,captis_pulse,buderim,residential,30800.0,770.0,770.0,2
2022,7,64629940,DeviceTemperature,captis_pulse,buderim,residential,13.2,13.2,13.2,1
2022,7,305434,Pulse1,captis_pulse,buderim,residential,63.0,1.4355203619909502,20.0,2
2022,7,305434,Pulse1_Total,captis_pulse,buderim,residential,9761090.0,226993.7386877828,227094.0,2
2022,7,305434,Battery,captis_pulse,buderim,residential,73.257,24.419,68.0,1
2022,7,46358581,Pulse1,captis_pulse,maroochydore,residential,810.0,18.375959079283888,120.0,2
2022,7,46358581,DeviceTemperature,captis_pulse,maroochydore,residential,15.41,15.41,15.41,1
2022,7,67164,Pulse1,captis_pulse,buderim,residential,167.0,3.57625,81.0,2
2022,7,67164,Pulse1_Total,captis_pulse,buderim,residential,1.0019728E7,244370.48375,244546.0,2
2022,7,67164,DeviceTemperature,captis_pulse,buderim,residential,32.67,16.335,18.7,1
2022,7,67164,Battery,captis_pulse,buderim,residential,68.62,34.31,65.0,1
2022,7,9338119,Pulse1,captis_pulse,buderim,residential,0.0,0.0,0.0,2
2022,7,9338119,Pulse1_Total,captis_pulse,buderim,residential,1200.0,30.0,30.0,2
2022,7,9338119,DeviceTemperature,captis_pulse,buderim,residential,13.63,13.63,13.63,1
2022,7,349725,Pulse1,captis_pulse,buderim,residential,191.0,4.839912280701754,86.0,2
2022,7,349725,Pulse1_Total,captis_pulse,buderim,residential,8938912.0,207857.4375,208111.0,2
2022,7,349725,DeviceTemperature,captis_pulse,buderim,residential,55.09,22.5225,35.0,2
2022,7,349725,Battery,captis_pulse,buderim,residential,70.234,23.41133333333333,65.0,1
2022,7,589914,Pulse1,captis_pulse,buderim,residential,278.0,6.145833333333334,73.0,2
2022,7,589914,Pulse1_Total,captis_pulse,buderim,residential,1.7415166E7,386985.7142857143,387380.0,2
2022,7,589914,DeviceTemperature,captis_pulse,buderim,residential,39.0,19.5,30.5,2
2022,7,60444340,Pulse1,captis_pulse,buderim,residential,0.0,0.0,0.0,1
2022,7,60444340,Pulse1_Total,captis_pulse,buderim,residential,353968.0,44246.0,44246.0,1
2022,7,65438069,Pulse1,captis_pulse,maroochydore,non-residential,9800.0,218.05555555555554,600.0,2
2022,7,65438069,DeviceTemperature,captis_pulse,maroochydore,non-residential,27.41,13.705,15.81,1
2022,7,65438069,Battery,captis_pulse,maroochydore,non-residential,69.64,34.82,66.0,1
2022,7,69959,Pulse1,captis_pulse,kuluin,residential,184.0,4.055555555555555,58.0,2
2022,7,69959,Pulse1_Total,captis_pulse,kuluin,residential,9718946.0,231391.54861111112,231613.0,2
2022,7,69959,DeviceTemperature,captis_pulse,kuluin,residential,30.299999999999997,15.149999999999999,23.7,2
2022,7,1660522,Pulse1,captis_pulse,maroochydore,residential,98.0,2.2800000000000002,22.0,2
2022,7,1660522,Pulse1_Total,captis_pulse,maroochydore,residential,4713213.0,112194.5,112450.0,2
2022,7,1660522,DeviceTemperature,captis_pulse,maroochydore,residential,20.6,20.6,20.6,1
2022,7,257640,Pulse1,captis_pulse,maroochydore,residential,181.0,4.218599033816425,26.0,2
2022,7,257640,Pulse1_Total,captis_pulse,maroochydore,residential,5521065.0,134646.13526570046,134857.0,2
2022,7,257640,DeviceTemperature,captis_pulse,maroochydore,residential,46.5,15.85,16.9,2
2022,7,45121593,Pulse1,captis_pulse,mountain creek,residential,201.0,4.14484126984127,48.0,2
2022,7,45121593,Pulse1_Total,captis_pulse,mountain creek,residential,4300593.0,93462.68253968254,93703.0,2
2022,7,45121593,DeviceTemperature,captis_pulse,mountain creek,residential,25.0,12.5,17.4,2
2022,7,61237814,Pulse1,captis_pulse,buderim,residential,0.0,0.0,0.0,2
2022,7,61237814,Pulse1_Total,captis_pulse,buderim,residential,1000.0,25.0,25.0,2
2022,7,61237814,DeviceTemperature,captis_pulse,buderim,residential,17.5,17.5,17.5,1
2022,7,61901204,Pulse1,captis_pulse,buderim,residential,55.0,1.2291666666666665,34.0,2
2022,7,61901204,Pulse1_Total,captis_pulse,buderim,residential,1735889.0,43392.98958333333,43439.0,2
2022,7,61901204,DeviceTemperature,captis_pulse,buderim,residential,42.22,21.11,29.0,2
2022,7,61901204,Battery,captis_pulse,buderim,residential,75.705,25.235,69.0,1
2022,7,66218035,Pulse1,captis_pulse,buderim,residential,218.0,4.77328431372549,153.0,2
2022,7,66218035,Pulse1_Total,captis_pulse,buderim,residential,2454637.0,58426.57529411765,58744.0,2
2022,7,66218035,DeviceTemperature,captis_pulse,buderim,residential,19.7,19.7,19.7,1
2022,7,22039253,Pulse1,captis_pulse,noosaville,non-residential,9550.0,217.1875,610.0,2
2022,7,22039253,DeviceTemperature,captis_pulse,noosaville,non-residential,46.120000000000005,15.373333333333335,20.1,1
2022,7,22039253,Battery,captis_pulse,noosaville,non-residential,71.335,23.778333333333332,66.0,1
2022,7,22451070,Pulse1,captis_pulse,mountain creek,non-residential,4700.0,112.79761904761904,500.0,2
2022,7,22451070,Battery,captis_pulse,mountain creek,non-residential,76.542,25.514,71.0,1
2022,7,60854678,Pulse1,captis_pulse,buderim,residential,395.0,11.6125,179.0,2
2022,7,60854678,Pulse1_Total,captis_pulse,buderim,residential,2732704.0,70030.51630434782,70331.0,2
2022,7,60854678,DeviceTemperature,captis_pulse,buderim,residential,23.93,11.965,13.83,1
2022,7,61287576,Pulse1,captis_pulse,buderim,residential,0.0,0.0,0.0,2
2022,7,61287576,Pulse1_Total,captis_pulse,buderim,residential,462756.0,11018.0,11018.0,2
2022,7,61287576,DeviceTemperature,captis_pulse,buderim,residential,20.060000000000002,10.030000000000001,12.56,1
2022,7,61287576,Battery,captis_pulse,buderim,residential,3.64,3.64,3.64,1
2022,7,62364130,Pulse1,captis_pulse,buderim,residential,0.0,0.0,0.0,2
2022,7,62364130,Pulse1_Total,captis_pulse,buderim,residential,1280.0,32.0,32.0,2
2022,7,62364130,DeviceTemperature,captis_pulse,buderim,residential,21.6,21.6,21.6,1
2022,7,65089397,Pulse1,captis_pulse,buderim,residential,1500.0,35.64705882352941,200.0,2
2022,7,65089397,DeviceTemperature,captis_pulse,buderim,residential,40.83,14.6825,17.9,2
2022,7,65089397,Battery,captis_pulse,buderim,residential,72.74,24.246666666666666,67.0,1
2022,7,46311766,Pulse1,captis_pulse,maroochydore,residential,0.0,0.0,0.0,2
2022,7,46311766,Pulse1_Total,captis_pulse,maroochydore,residential,7552610.0,184210.0,184210.0,2
2022,7,46311766,DeviceTemperature,captis_pulse,maroochydore,residential,9.4,9.4,9.4,1
2022,7,65044438,Pulse1,captis_pulse,maroochydore,non-residential,250.0,10.229166666666668,105.0,2
2022,7,65044438,DeviceTemperature,captis_pulse,maroochydore,non-residential,16.18,16.18,16.18,1
2022,7,83295,Pulse1,captis_pulse,kuluin,residential,95.0,2.545343137254902,43.0,2
2022,7,83295,Pulse1_Total,captis_pulse,kuluin,residential,4052932.0,98843.73039215687,98955.0,2
2022,7,83295,DeviceTemperature,captis_pulse,kuluin,residential,20.8,10.4,13.8,1
2022,7,83295,Battery,captis_pulse,kuluin,residential,73.261,24.420333333333332,68.0,1
2022,7,34600533,Pulse1,captis_pulse,maroochydore,residential,5880.0,135.29411764705884,340.0,2
2022,7,34600533,DeviceTemperature,captis_pulse,maroochydore,residential,43.69,15.6225,18.8,2
2022,7,34600533,Battery,captis_pulse,maroochydore,residential,72.85199999999999,24.283999999999995,67.0,1
2022,7,21811469,Pulse1,captis_pulse,peregian springs,non-residential,10080.0,240.28186274509807,630.0,2
2022,7,21811469,DeviceTemperature,captis_pulse,peregian springs,non-residential,35.55,17.775,20.2,2
2022,7,21811469,Battery,captis_pulse,peregian springs,non-residential,71.503,23.834333333333333,66.0,1
2022,7,60192805,Pulse1,captis_pulse,buderim,residential,0.0,0.0,0.0,2
2022,7,60192805,Pulse1_Total,captis_pulse,buderim,residential,2862054.0,73386.0,73386.0,2
2022,7,64276723,Pulse1,captis_pulse,buderim,residential,3990.0,98.81793478260869,455.0,2
2022,7,64276723,Battery,captis_pulse,buderim,residential,1.584,1.584,1.584,1
2022,7,64276723,DeviceTemperature,captis_pulse,buderim,residential,31.2,31.2,31.2,1
2022,7,64629951,Pulse1,captis_pulse,maroochydore,residential,870.0,18.61904761904762,120.0,2
2022,7,64629951,Pulse1_Total,captis_pulse,maroochydore,residential,1.482265E7,322169.1904761905,323660.0,2
2022,7,81964579,Pulse1,captis_pulse,maroochydore,residential,50.0,3.125,15.0,2
2022,7,81974833,Pulse1,captis_pulse,maroochydore,residential,930.0,44.875,220.0,2
2022,7,81974833,DeviceTemperature,captis_pulse,maroochydore,residential,23.72,11.86,13.12,2
2022,7,81974833,Battery,captis_pulse,maroochydore,residential,70.64,35.32,67.0,1
2022,7,9343438,Pulse1,captis_pulse,maroochydore,residential,149.0,3.9191176470588234,77.0,2
2022,7,9343438,Pulse1_Total,captis_pulse,maroochydore,residential,3645752.0,88899.06617647059,89085.0,2
2022,7,9343438,DeviceTemperature,captis_pulse,maroochydore,residential,5.9,5.9,5.9,1
2022,7,61557862,DeviceTemperature,,,,14.85,14.85,14.85,1
2022,7,61557862,Battery,,,,45.64,22.82,42.0,1
2022,7,21214993,Pulse1,captis_pulse,mountain creek,non-residential,4900.0,122.63427109974424,580.0,2
2022,7,21214993,DeviceTemperature,captis_pulse,mountain creek,non-residential,8.3,8.3,8.3,1
2022,7,21672805,Pulse1,captis_pulse,buderim,non-residential,0.0,0.0,0.0,2
2022,7,21672805,DeviceTemperature,captis_pulse,buderim,non-residential,15.44,15.44,15.44,1
2022,7,279744,Pulse1,captis_pulse,buderim,residential,52.0,1.2270531400966185,11.0,2
2022,7,279744,Pulse1_Total,captis_pulse,buderim,residential,4649136.0,113389.46618357487,113460.0,2
2022,7,279744,DeviceTemperature,captis_pulse,buderim,residential,6.8,6.8,6.8,1
2022,7,292072,Pulse1,captis_pulse,buderim,residential,615.0,16.325641025641026,101.0,2
2022,7,292072,Pulse1_Total,captis_pulse,buderim,residential,1.3616656E7,331998.041025641,332685.0,2
2022,7,292072,DeviceTemperature,captis_pulse,buderim,residential,53.15,20.8125,30.1,2
2022,7,292072,Battery,captis_pulse,buderim,residential,69.431,23.143666666666665,64.0,1
2022,7,61199412,Pulse1,captis_pulse,buderim,residential,0.0,0.0,0.0,2
2022,7,61199412,Pulse1_Total,captis_pulse,buderim,residential,1517.0,37.0,37.0,2
2022,7,61199412,Battery,captis_pulse,buderim,residential,3.64,3.64,3.64,1
2022,7,61199412,DeviceTemperature,captis_pulse,buderim,residential,15.9,15.9,15.9,1
2022,7,612731,Pulse1,captis_pulse,kuluin,residential,49.0,1.149616368286445,24.0,2
2022,7,612731,Pulse1_Total,captis_pulse,kuluin,residential,8946190.0,223646.3503836317,223736.0,2
2022,7,612731,Battery,captis_pulse,kuluin,residential,67.63,33.815,64.0,1
2022,7,612731,DeviceTemperature,captis_pulse,kuluin,residential,20.0,20.0,20.0,1
2022,7,9354863,Pulse1,captis_pulse,maroochydore,residential,351.0,8.144501278772378,93.0,2
2022,7,9354863,Pulse1_Total,captis_pulse,maroochydore,residential,1.1666726E7,291631.0332480818,291991.0,2
2022,7,9354863,DeviceTemperature,captis_pulse,maroochydore,residential,22.16,11.08,14.26,1
2022,7,96372,Pulse1,captis_pulse,buderim,residential,3.0,0.07882352941176471,2.0,2
2022,7,96372,Pulse1_Total,captis_pulse,buderim,residential,6429700.0,153081.7082352941,153116.0,2
2022,7,96372,DeviceTemperature,captis_pulse,buderim,residential,19.919999999999998,9.959999999999999,13.62,1
2022,7,96372,Battery,captis_pulse,buderim,residential,75.497,25.165666666666667,70.0,1
2022,7,10575,Pulse1,captis_pulse,buderim,residential,321.0,7.502450980392156,78.0,2
2022,7,10575,Pulse1_Total,captis_pulse,buderim,residential,1.2331226E7,300727.03553921566,301174.0,2
2022,7,10575,DeviceTemperature,captis_pulse,buderim,residential,21.59,10.795,14.09,1
2022,7,10575,Battery,captis_pulse,buderim,residential,72.37100000000001,24.12366666666667,67.0,1
2022,7,1651160,Pulse1,captis_pulse,maroochydore,residential,43.0,0.9987745098039216,17.0,2
2022,7,1651160,Pulse1_Total,captis_pulse,maroochydore,residential,5565617.0,135732.0625,135848.0,2
2022,7,1651160,DeviceTemperature,captis_pulse,maroochydore,residential,32.19,16.095,17.59,1
2022,7,1651160,Battery,captis_pulse,maroochydore,residential,2.121,2.121,2.121,1
2022,7,22607088,Pulse1,captis_pulse,north lakes,non-residential,0.0,0.0,0.0,2
2022,7,22607088,DeviceTemperature,captis_pulse,north lakes,non-residential,29.160000000000004,14.580000000000002,16.1,2
2022,7,22607088,Battery,captis_pulse,north lakes,non-residential,76.63,38.315,73.0,1
2022,7,61624387,Pulse1,captis_pulse,buderim,residential,271.0,5.696428571428572,109.0,2
2022,7,61624387,Pulse1_Total,captis_pulse,buderim,residential,3998062.0,88837.77678571429,89184.0,2
2022,7,61624387,DeviceTemperature,captis_pulse,buderim,residential,12.88,12.88,12.88,1
2022,7,61624387,Battery,captis_pulse,buderim,residential,3.63,3.63,3.63,1
2022,7,64628075,Pulse1,captis_pulse,maroochydore,residential,970.0,23.645833333333336,110.0,2
2022,7,64628075,DeviceTemperature,captis_pulse,maroochydore,residential,13.38,13.38,13.38,1
2022,7,64628075,Battery,captis_pulse,maroochydore,residential,72.285,24.095,67.0,1
2022,7,64628311,Pulse1,captis_pulse,maroochydore,residential,1340.0,30.833333333333332,130.0,2
2022,7,81968505,Pulse1,captis_pulse,maroochydore,residential,265.0,10.190058479532162,60.0,2
2022,7,81968505,Pulse1_Total,captis_pulse,maroochydore,residential,2.6046112E7,930358.8245614036,930799.0,2
2022,7,81968505,DeviceTemperature,captis_pulse,maroochydore,residential,31.6,31.6,31.6,1
2022,7,64629962,Pulse1,,,,0.0,0.0,0.0,2
2022,7,64629962,DeviceTemperature,,,,8.0,8.0,8.0,1
2022,7,61643063,Pulse1,captis_pulse,buderim,residential,0.0,0.0,0.0,2
2022,7,61643063,Pulse1_Total,captis_pulse,buderim,residential,1107.0,27.0,27.0,2
2022,7,61643063,DeviceTemperature,captis_pulse,buderim,residential,42.120000000000005,14.040000000000001,21.1,1
2022,7,61643063,Battery,captis_pulse,buderim,residential,3.63,3.63,3.63,1
2022,7,81968801,Pulse1,captis_pulse,maroochydore,residential,325.0,14.84375,110.0,2
2022,7,272043,Pulse1,captis_pulse,kuluin,residential,188.0,4.177536231884058,65.0,2
2022,7,272043,Pulse1_Total,captis_pulse,kuluin,residential,7860211.0,191706.35628019326,191902.0,2
2022,7,272043,DeviceTemperature,captis_pulse,kuluin,residential,20.37,10.185,13.57,1
2022,7,46059164,Pulse1,captis_pulse,maroochydore,residential,13480.0,280.046992481203,1780.0,2
2022,7,46059164,DeviceTemperature,captis_pulse,maroochydore,residential,29.0,14.5,18.3,2
2022,7,65085588,Pulse1,captis_pulse,maroochydore,residential,70.0,8.75,30.0,1
2022,7,65085588,DeviceTemperature,captis_pulse,maroochydore,residential,15.1,15.1,15.1,1
2022,7,99872,Pulse1,captis_pulse,buderim,residential,177.0,4.551630434782609,46.0,2
2022,7,99872,Pulse1_Total,captis_pulse,buderim,residential,1.2439394E7,318938.95108695654,319281.0,2
2022,7,99872,DeviceTemperature,captis_pulse,buderim,residential,9.1,9.1,9.1,1
2022,7,308305,Pulse1,captis_pulse,buderim,residential,230.0,5.380434782608695,56.0,2
2022,7,308305,Pulse1_Total,captis_pulse,buderim,residential,1.215062E7,311528.0923913043,311918.0,2
2022,7,308305,Battery,captis_pulse,buderim,residential,73.44999999999999,24.48333333333333,68.0,1
2022,7,308305,DeviceTemperature,captis_pulse,buderim,residential,38.8,19.4,30.8,2
2022,7,60223867,Pulse1,captis_pulse,buderim,residential,198.0,4.286324786324786,44.0,2
2022,7,60223867,Pulse1_Total,captis_pulse,buderim,residential,3056448.0,69436.10256410256,69728.0,2
2022,7,60223867,DeviceTemperature,captis_pulse,buderim,residential,20.46,10.23,12.86,1
2022,7,60223867,Battery,captis_pulse,buderim,residential,3.62,3.62,3.62,1
2022,7,62318329,Pulse1,captis_pulse,buderim,residential,151.0,3.377450980392157,41.0,2
2022,7,62318329,Pulse1_Total,captis_pulse,buderim,residential,2533267.0,61772.819852941175,61906.0,2
2022,7,62318329,DeviceTemperature,captis_pulse,buderim,residential,22.66,11.33,13.36,1
2022,7,62318329,Battery,captis_pulse,buderim,residential,3.64,3.64,3.64,1
2022,7,66217787,Pulse1,captis_pulse,buderim,residential,0.0,0.0,0.0,2
2022,7,66217787,Pulse1_Total,captis_pulse,buderim,residential,1680.0,42.0,42.0,2
2022,7,66217787,DeviceTemperature,captis_pulse,buderim,residential,42.269999999999996,21.134999999999998,25.0,2
2022,7,66217787,Battery,captis_pulse,buderim,residential,71.61500000000001,23.87166666666667,66.0,1
2022,7,8988517,Pulse1,captis_pulse,maroochydore,residential,212.0,4.83625,106.0,2
2022,7,8988517,Pulse1_Total,captis_pulse,maroochydore,residential,1.0272192E7,250498.21125,250834.0,2
2022,7,8988517,DeviceTemperature,captis_pulse,maroochydore,residential,34.26,17.13,20.4,2
2022,7,8988517,Battery,captis_pulse,maroochydore,residential,73.708,24.569333333333333,68.0,1
2022,7,2506,Pulse1,captis_pulse,buderim,residential,218.0,5.767777777777778,97.0,2
2022,7,2506,Pulse1_Total,captis_pulse,buderim,residential,2.3080033E7,536716.9133333333,536914.0,2
2022,7,2506,DeviceTemperature,captis_pulse,buderim,residential,44.6,22.3,36.2,2
2022,7,737572,Pulse1,captis_pulse,buderim,residential,237.0,5.598039215686274,69.0,2
2022,7,737572,Pulse1_Total,captis_pulse,buderim,residential,2.8880627E7,704382.631127451,704572.0,2
2022,7,737572,Battery,captis_pulse,buderim,residential,74.411,24.80366666666667,69.0,1
2022,7,737572,DeviceTemperature,captis_pulse,buderim,residential,36.9,18.45,26.8,2
2022,7,47323239,Pulse1,,,,16100.0,332.83730158730157,950.0,2
2022,7,47323239,DeviceTemperature,,,,35.11,17.555,21.3,2
2022,7,47323239,Battery,,,,75.715,25.238333333333333,70.0,1
2022,7,66218034,Pulse1,captis_pulse,buderim,residential,0.0,0.0,0.0,2
2022,7,66218034,Pulse1_Total,captis_pulse,buderim,residential,1428.0,34.0,34.0,2
2022,7,66218034,DeviceTemperature,captis_pulse,buderim,residential,14.7,14.7,14.7,1
2022,7,8978099,Pulse1,captis_pulse,maroochydore,residential,212.0,4.96,94.0,2
2022,7,8978099,Pulse1_Total,captis_pulse,maroochydore,residential,9572438.0,239297.6145833333,239498.0,2
2022,7,21264757,Pulse1,captis_pulse,samford village,non-residential,0.0,0.0,0.0,2
2022,7,21264757,Pulse1_Total,captis_pulse,samford village,non-residential,2.1564774E7,513447.0,513447.0,2
2022,7,22368481,Pulse1,captis_pulse,beerwah,non-residential,1728.0,41.369565217391305,183.0,2
2022,7,22368481,DeviceTemperature,captis_pulse,beerwah,non-residential,34.739999999999995,17.369999999999997,21.7,2
2022,7,2894693,Pulse1,captis_pulse,maroochydore,residential,170.0,3.5416666666666665,85.0,2
2022,7,2894693,Pulse1_Total,captis_pulse,maroochydore,residential,4053075.0,98849.14583333334,99008.0,2
2022,7,2894693,DeviceTemperature,captis_pulse,maroochydore,residential,14.56,14.56,14.56,1
2022,7,2894693,Battery,captis_pulse,maroochydore,residential,74.509,24.836333333333332,69.0,1
2022,7,299643,Pulse1,captis_pulse,buderim,residential,103.0,2.4537500000000003,19.0,2
2022,7,299643,Pulse1_Total,captis_pulse,buderim,residential,5512658.0,134443.09,134580.0,2
2022,7,299643,Battery,captis_pulse,buderim,residential,78.45599999999999,26.151999999999997,73.0,1
2022,7,299643,DeviceTemperature,captis_pulse,buderim,residential,34.3,17.15,27.0,2
2022,7,61207791,Pulse1,captis_pulse,buderim,residential,0.0,0.0,0.0,2
2022,7,61207791,Pulse1_Total,captis_pulse,buderim,residential,1419.0,33.0,33.0,2
2022,7,66214272,Pulse1,captis_pulse,buderim,residential,0.0,0.0,0.0,2
2022,7,66214272,Pulse1_Total,captis_pulse,buderim,residential,1353.0,33.0,33.0,2
2022,7,66214272,DeviceTemperature,captis_pulse,buderim,residential,12.6,12.6,12.6,1
2022,7,66214272,Battery,captis_pulse,buderim,residential,3.64,3.64,3.64,1
2022,7,586813,Pulse1,captis_pulse,kuluin,residential,256.0,6.646135265700483,65.0,2
2022,7,586813,Pulse1_Total,captis_pulse,kuluin,residential,2.7598325E7,673085.8997584542,673502.0,2
2022,7,586813,DeviceTemperature,captis_pulse,kuluin,residential,22.57,11.285,13.77,1
2022,7,61232805,Pulse1,captis_pulse,buderim,residential,0.0,0.0,0.0,2
2022,7,61232805,Pulse1_Total,captis_pulse,buderim,residential,920.0,23.0,23.0,2
2022,7,61232805,DeviceTemperature,captis_pulse,buderim,residential,23.869999999999997,11.934999999999999,13.37,1
2022,7,61232805,Battery,captis_pulse,buderim,residential,69.706,23.235333333333333,64.0,1
2022,7,8984150,Pulse1,captis_pulse,maroochydore,residential,189.0,4.854166666666666,52.0,2
2022,7,8984150,Pulse1_Total,captis_pulse,maroochydore,residential,2888774.0,70431.46980676329,70786.0,2
2022,7,8984150,Battery,captis_pulse,maroochydore,residential,1.904,1.904,1.904,1
2022,7,8984150,DeviceTemperature,captis_pulse,maroochydore,residential,7.2,7.2,7.2,1
2022,7,66204030,Pulse1,captis_pulse,buderim,residential,44.0,1.1997549019607843,24.0,2
2022,7,66204030,Pulse1_Total,captis_pulse,buderim,residential,976946.0,23821.962009803923,23871.0,2
2022,7,66204030,Battery,captis_pulse,buderim,residential,74.86800000000001,24.956000000000003,69.0,1
2022,7,66204030,DeviceTemperature,captis_pulse,buderim,residential,33.0,16.5,23.2,2
2022,7,96746,Pulse1,captis_pulse,kuluin,residential,92.0,2.862980769230769,47.0,2
2022,7,96746,Pulse1_Total,captis_pulse,kuluin,residential,8003335.0,195193.01374999998,195242.0,2
2022,7,96746,DeviceTemperature,captis_pulse,kuluin,residential,13.87,13.87,13.87,1
2022,7,96746,Battery,captis_pulse,kuluin,residential,72.22999999999999,24.076666666666664,67.0,1
2022,7,46054017,Pulse1,captis_pulse,maroochydore,residential,2170.0,47.51282051282051,280.0,2
2022,7,46054017,DeviceTemperature,captis_pulse,maroochydore,residential,56.620000000000005,22.580000000000002,33.7,2
2022,7,46054017,Battery,captis_pulse,maroochydore,residential,72.36,24.12,67.0,1
2022,7,471,Pulse1,captis_pulse,maroochydore,residential,149.0,3.1428571428571432,94.0,2
2022,7,471,Pulse1_Total,captis_pulse,maroochydore,residential,1.7801234E7,395577.77976190473,395755.0,2
2022,7,471,Battery,captis_pulse,maroochydore,residential,74.604,24.868,69.0,1
2022,7,471,DeviceTemperature,captis_pulse,maroochydore,residential,45.0,22.5,37.8,2
2022,7,568024,Pulse1,captis_pulse,buderim,residential,274.0,6.215320910973086,87.0,2
2022,7,568024,Pulse1_Total,captis_pulse,buderim,residential,2.0193522E7,458935.2670807453,459300.0,2
2022,7,568024,DeviceTemperature,captis_pulse,buderim,residential,31.3,31.3,31.3,1
2022,7,60467334,Pulse1,captis_pulse,buderim,residential,61.0,1.3517647058823528,18.0,2
2022,7,60467334,Pulse1_Total,captis_pulse,buderim,residential,998259.0,23762.111764705885,23851.0,2
2022,7,62367444,Pulse1,captis_pulse,buderim,residential,62.0,1.4305555555555556,21.0,2
2022,7,62367444,Pulse1_Total,captis_pulse,buderim,residential,1166967.0,28459.37922705314,28527.0,2
2022,7,62367444,Battery,captis_pulse,buderim,residential,77.771,25.923666666666666,70.0,1
2022,7,65064231,Pulse1,captis_pulse,buderim,non-residential,320.0,6.701388888888889,60.0,2
2022,7,65064231,DeviceTemperature,captis_pulse,buderim,non-residential,23.3,23.3,23.3,1
2022,7,338415,Pulse1,captis_pulse,buderim,residential,126.0,2.9027777777777777,57.0,2
2022,7,338415,Pulse1_Total,captis_pulse,buderim,residential,9854948.0,234621.64583333334,234821.0,2
2022,7,338415,Battery,captis_pulse,buderim,residential,1.812,1.812,1.812,1
2022,7,338415,DeviceTemperature,captis_pulse,buderim,residential,7.3,7.3,7.3,1
2022,7,64628312,Pulse1,captis_pulse,maroochydore,residential,2200.0,46.85,210.0,2
2022,7,64628312,DeviceTemperature,captis_pulse,maroochydore,residential,20.5,10.25,13.3,1
2022,7,61144934,Pulse1,captis_pulse,buderim,residential,275.0,6.287037037037037,65.0,2
2022,7,61144934,Pulse1_Total,captis_pulse,buderim,residential,4320636.0,98172.23931623931,98447.0,2
2022,7,9329977,Pulse1,captis_pulse,maroochydore,residential,212.0,4.461538461538462,70.0,2
2022,7,9329977,Pulse1_Total,captis_pulse,maroochydore,residential,1.4758744E7,314004.6327838828,314245.0,2
2022,7,9329977,Battery,captis_pulse,maroochydore,residential,78.442,26.147333333333332,73.0,1
2022,7,9329977,DeviceTemperature,captis_pulse,maroochydore,residential,31.7,31.7,31.7,1
2022,7,32981848,Pulse1,captis_pulse,maroochydore,non-residential,3300.0,82.47549019607843,500.0,2
2022,7,32981848,DeviceTemperature,captis_pulse,maroochydore,non-residential,13.3,13.3,13.3,1
2022,7,61144935,Pulse1,captis_pulse,buderim,residential,392.0,9.020460358056265,171.0,2
2022,7,61144935,Pulse1_Total,captis_pulse,buderim,residential,3364253.0,86235.70320855614,86669.0,2
2022,7,61144935,Battery,captis_pulse,buderim,residential,73.027,24.342333333333332,67.0,1
2022,7,61568397,Pulse1,captis_pulse,buderim,residential,23.0,0.43609022556390975,11.0,2
2022,7,61568397,Pulse1_Total,captis_pulse,buderim,residential,805490.0,17136.641917293233,17210.0,2
2022,7,61568397,DeviceTemperature,captis_pulse,buderim,residential,42.72,14.43,15.0,2
2022,7,61568397,Battery,captis_pulse,buderim,residential,58.699,19.566333333333333,52.0,1
2022,7,73103,Pulse1,captis_pulse,buderim,residential,0.0,0.0,0.0,2
2022,7,73103,Pulse1_Total,captis_pulse,buderim,residential,1.0498162E7,256052.4963235294,256055.0,2
2022,7,73103,DeviceTemperature,captis_pulse,buderim,residential,18.1,18.1,18.1,1
2022,7,61162518,Pulse1,captis_pulse,buderim,residential,0.0,0.0,0.0,2
2022,7,61162518,Pulse1_Total,captis_pulse,buderim,residential,1520.0,38.0,38.0,2
2022,7,61162518,Battery,captis_pulse,buderim,residential,1.927,1.927,1.927,1
2022,7,64631099,Pulse1,captis_pulse,maroochydore,residential,0.0,0.0,0.0,2
2022,7,64631099,DeviceTemperature,captis_pulse,maroochydore,residential,14.5,14.5,14.5,1
2022,7,286914,Pulse1,captis_pulse,buderim,residential,146.0,3.2561274509803924,59.0,2
2022,7,286914,Pulse1_Total,captis_pulse,buderim,residential,3570605.0,87074.94975490196,87195.0,2
2022,7,286914,DeviceTemperature,captis_pulse,buderim,residential,51.54,20.21,29.3,2
2022,7,286914,Battery,captis_pulse,buderim,residential,73.298,24.432666666666666,68.0,1
2022,7,34593438,Pulse1,captis_pulse,maroochydore,non-residential,1040.0,29.514066496163682,340.0,2
2022,7,34593438,Pulse1_Total,captis_pulse,maroochydore,non-residential,1.013103E7,253212.85166240408,253730.0,2
2022,7,34593438,DeviceTemperature,captis_pulse,maroochydore,non-residential,15.77,15.77,15.77,1
2022,7,52530,Pulse1,captis_pulse,maroochydore,residential,248.0,5.569852941176471,76.0,2
2022,7,52530,Pulse1_Total,captis_pulse,maroochydore,residential,9251953.0,225631.074754902,225949.0,2
2022,7,52530,DeviceTemperature,captis_pulse,maroochydore,residential,16.64,16.64,16.64,1
2022,7,598512,Pulse1,captis_pulse,buderim,residential,205.0,5.446291560102302,87.0,2
2022,7,598512,Pulse1_Total,captis_pulse,buderim,residential,1.3838645E7,345935.7173913043,346203.0,2
2022,7,598512,DeviceTemperature,captis_pulse,buderim,residential,48.47,16.4675,17.4,2
2022,7,61160187,Pulse1,captis_pulse,buderim,residential,57.0,1.691304347826087,13.0,2
2022,7,61160187,Pulse1_Total,captis_pulse,buderim,residential,1165398.0,30659.3884057971,30728.0,2
2022,7,61659557,Pulse1,captis_pulse,buderim,residential,0.0,0.0,0.0,2
2022,7,61659557,Pulse1_Total,captis_pulse,buderim,residential,1400.0,35.0,35.0,2
2022,7,61659557,DeviceTemperature,captis_pulse,buderim,residential,40.8,20.4,33.5,2
2022,7,102788,Pulse1,captis_pulse,maroochydore,residential,0.0,0.0,0.0,2
2022,7,102788,Pulse1_Total,captis_pulse,maroochydore,residential,4148612.0,153664.5227272727,153740.0,2
2022,7,102788,DeviceTemperature,captis_pulse,maroochydore,residential,32.53,16.265,16.7,1
2022,7,102788,Battery,captis_pulse,maroochydore,residential,72.62,36.31,69.0,1
2022,7,593842,Pulse1,captis_pulse,buderim,residential,220.0,5.549872122762149,45.0,2
2022,7,593842,Pulse1_Total,captis_pulse,buderim,residential,1.248399E7,312066.4833759591,312433.0,2
2022,7,593842,DeviceTemperature,captis_pulse,buderim,residential,25.5,12.75,17.6,2
2022,7,48280853,Pulse1,,,,2530.0,54.50396825396825,230.0,2
2022,7,601105,Pulse1,captis_pulse,buderim,residential,871.0,26.541666666666668,367.0,2
2022,7,601105,DeviceTemperature,captis_pulse,buderim,residential,21.689999999999998,10.844999999999999,13.29,1
2022,7,60192913,Pulse1,captis_pulse,buderim,residential,0.0,0.0,0.0,2
2022,7,60192913,Pulse1_Total,captis_pulse,buderim,residential,0.0,0.0,0.0,2
2022,7,60192913,DeviceTemperature,captis_pulse,buderim,residential,41.879999999999995,14.77,17.2,2
2022,7,60192913,Battery,captis_pulse,buderim,residential,75.60499999999999,25.201666666666664,70.0,1
2022,7,65063509,Pulse1,captis_pulse,kuluin,residential,1850.0,78.6842105263158,183.0,2
2022,7,65063509,DeviceTemperature,captis_pulse,kuluin,residential,19.830000000000002,9.915000000000001,12.13,2
2022,7,65063509,Battery,captis_pulse,kuluin,residential,76.64,38.32,73.0,1
2022,7,65437836,Pulse1,captis_pulse,buderim,residential,3300.0,77.1875,490.0,2
2022,7,65437836,DeviceTemperature,captis_pulse,buderim,residential,53.89,16.315,22.0,2
2022,7,65437836,Battery,captis_pulse,buderim,residential,72.329,24.109666666666666,66.0,1
2022,7,21266970,Pulse1,captis_pulse,ferny hills,non-residential,3120.0,64.38095238095238,350.0,2
2022,7,21266970,DeviceTemperature,captis_pulse,ferny hills,non-residential,8.3,8.3,8.3,1
2022,7,514161,Pulse1,captis_pulse,buderim,residential,0.0,0.0,0.0,2
2022,7,514161,Pulse1_Total,captis_pulse,buderim,residential,7169916.0,174876.0,174876.0,2
2022,7,514161,Battery,captis_pulse,buderim,residential,75.26,25.08666666666667,70.0,1
2022,7,61158881,Pulse1,captis_pulse,buderim,residential,98.0,1.9186507936507935,37.0,2
2022,7,61158881,Pulse1_Total,captis_pulse,buderim,residential,1364349.0,29634.902777777777,29782.0,2
2022,7,61158881,DeviceTemperature,captis_pulse,buderim,residential,31.03,15.515,17.0,2
2022,7,61158881,Battery,captis_pulse,buderim,residential,66.76899999999999,22.25633333333333,61.0,1
2022,7,81985221,Pulse1,captis_pulse,buderim,residential,3350.0,79.14772727272728,560.0,2
2022,7,81985221,DeviceTemperature,captis_pulse,buderim,residential,11.9,11.9,11.9,1
2022,7,9345751,Pulse1,captis_pulse,maroochydore,residential,374.0,8.68470588235294,115.0,2
2022,7,9345751,Pulse1_Total,captis_pulse,maroochydore,residential,4473381.0,106483.69529411764,106813.0,2
2022,7,9345751,Battery,captis_pulse,maroochydore,residential,73.72699999999999,24.575666666666663,68.0,1
2022,7,9345751,DeviceTemperature,captis_pulse,maroochydore,residential,7.2,7.2,7.2,1
2022,7,60218178,Pulse1,captis_pulse,buderim,residential,0.0,0.0,0.0,2
2022,7,60218178,Pulse1_Total,captis_pulse,buderim,residential,0.0,0.0,0.0,2
2022,7,60218178,DeviceTemperature,captis_pulse,buderim,residential,40.260000000000005,20.130000000000003,25.8,1
2022,7,60218178,Battery,captis_pulse,buderim,residential,73.62,36.81,70.0,1
2022,7,62305818,Pulse1,captis_pulse,buderim,residential,0.0,0.0,0.0,2
2022,7,62305818,Pulse1_Total,captis_pulse,buderim,residential,1472.0,32.0,32.0,2
2022,7,62305818,DeviceTemperature,captis_pulse,buderim,residential,23.7,11.85,16.0,2
2022,7,21967995,Pulse1,captis_pulse,mountain creek,non-residential,4580.0,101.77884615384616,430.0,2
2022,7,21967995,DeviceTemperature,captis_pulse,mountain creek,non-residential,14.87,14.87,14.87,1
2022,7,21967995,Battery,captis_pulse,mountain creek,non-residential,71.425,23.808333333333334,66.0,1
2022,7,46055393,Pulse1,captis_pulse,maroochydore,residential,3630.0,82.08333333333333,320.0,2
2022,7,46055393,DeviceTemperature,captis_pulse,maroochydore,residential,14.92,14.92,14.92,1
2022,7,60995980,Pulse1,captis_pulse,buderim,residential,0.0,0.0,0.0,2
2022,7,60995980,Pulse1_Total,captis_pulse,buderim,residential,1221.0,33.0,33.0,2
2022,7,60995980,DeviceTemperature,captis_pulse,buderim,residential,14.1,14.1,14.1,1
2022,7,60995980,Battery,captis_pulse,buderim,residential,69.794,23.264666666666667,64.0,1
2022,7,65099811,Pulse1,captis_pulse,maroochydore,residential,2700.0,56.72727272727273,300.0,2
2022,7,65099811,DeviceTemperature,captis_pulse,maroochydore,residential,48.19,24.095,33.0,2
2022,7,65099811,Battery,captis_pulse,maroochydore,residential,70.437,23.479,65.0,1
2022,7,61164548,Pulse1,,,,0.0,0.0,0.0,2
2022,7,61164548,Pulse1_Total,,,,784.0,28.0,28.0,2
2022,7,61164548,DeviceTemperature,,,,27.22,13.61,15.32,2
2022,7,61164548,Battery,,,,3.64,3.64,3.64,1
2022,7,2266,Pulse1,captis_pulse,maroochydore,residential,33.0,0.7385714285714287,11.0,2
2022,7,2266,Pulse1_Total,captis_pulse,maroochydore,residential,6006260.0,158055.87797619047,158092.0,2
2022,7,53973,Pulse1,captis_pulse,buderim,residential,290.0,6.193609022556391,94.0,2
2022,7,53973,Pulse1_Total,captis_pulse,buderim,residential,1.8104254E7,385174.3853383459,385497.0,2
2022,7,53973,DeviceTemperature,captis_pulse,buderim,residential,27.5,13.75,19.5,2
2022,7,61144932,Pulse1,captis_pulse,buderim,residential,44.0,1.2222222222222223,28.0,2
2022,7,61144932,Pulse1_Total,captis_pulse,buderim,residential,535259.0,13052.75,13072.0,2
2022,7,61144932,Battery,captis_pulse,buderim,residential,3.166,3.166,3.166,1
2022,7,81965985,Pulse1,captis_pulse,maroochydore,non-residential,500.0,40.67708333333333,150.0,2
2022,7,81968651,Pulse1,captis_pulse,maroochydore,residential,305.0,25.9375,65.0,2
2022,7,81968651,DeviceTemperature,captis_pulse,maroochydore,residential,22.8,22.8,22.8,1
2022,7,81970993,Pulse1,captis_pulse,maroochydore,non-residential,50.0,2.5384615384615383,15.0,2
2022,7,81970993,DeviceTemperature,captis_pulse,maroochydore,non-residential,22.36,11.18,13.76,1
2022,7,9025556,Pulse1,captis_pulse,maroochydore,residential,291.0,6.439950980392156,81.0,2
2022,7,9025556,Pulse1_Total,captis_pulse,maroochydore,residential,6776334.0,161312.1482352941,161632.0,2
2022,7,9026565,Pulse1,captis_pulse,maroochydore,residential,0.0,0.0,0.0,1
2022,7,9026565,Pulse1_Total,captis_pulse,maroochydore,residential,588207.0,98034.5,98037.0,1
2022,7,36829279,Pulse1,captis_pulse,morayfield,non-residential,4885.0,113.2928388746803,575.0,2
2022,7,36829279,DeviceTemperature,captis_pulse,morayfield,non-residential,21.3,21.3,21.3,1
2022,7,65438040,Pulse1,captis_pulse,maroochydore,non-residential,530.0,12.757352941176471,30.0,2
2022,7,65438040,DeviceTemperature,captis_pulse,maroochydore,non-residential,34.989999999999995,17.494999999999997,19.7,2
2022,7,65438040,Battery,captis_pulse,maroochydore,non-residential,69.43900000000001,23.146333333333335,64.0,1
2022,7,46055576,Pulse1,captis_pulse,maroochydore,residential,3880.0,98.13858695652175,320.0,2
2022,7,46055576,Battery,captis_pulse,maroochydore,residential,74.534,24.84466666666667,68.0,1
2022,7,65063955,Pulse1,captis_pulse,maroochydore,residential,65.0,1.4399509803921569,20.0,2
2022,7,65063955,DeviceTemperature,captis_pulse,maroochydore,residential,12.82,12.82,12.82,1
2022,7,65063955,Battery,captis_pulse,maroochydore,residential,74.269,24.756333333333334,69.0,1
2022,7,45136724,Pulse1,captis_pulse,mountain creek,residential,190.0,4.251764705882353,56.0,2
2022,7,45136724,Pulse1_Total,captis_pulse,mountain creek,residential,2894303.0,68897.93764705883,69105.0,2
2022,7,45136724,DeviceTemperature,captis_pulse,mountain creek,residential,13.33,13.33,13.33,1
2022,7,61185644,Pulse1,captis_pulse,buderim,residential,68.0,1.6854219948849103,16.0,2
2022,7,61185644,Pulse1_Total,captis_pulse,buderim,residential,1105202.0,27623.514066496165,27716.0,2
2022,7,61185644,DeviceTemperature,captis_pulse,buderim,residential,29.6,14.8,19.1,2
2022,7,61362056,Pulse1,captis_pulse,buderim,residential,0.0,0.0,0.0,2
2022,7,61362056,Pulse1_Total,captis_pulse,buderim,residential,1435.0,35.0,35.0,2
2022,7,61362056,DeviceTemperature,captis_pulse,buderim,residential,21.23,10.615,12.73,1
2022,7,61362056,Battery,captis_pulse,buderim,residential,73.439,24.479666666666663,68.0,1
2022,7,65090111,Pulse1,captis_pulse,buderim,residential,1490.0,38.192934782608695,190.0,2
2022,7,65090111,Battery,captis_pulse,buderim,residential,72.737,24.245666666666665,66.0,1
2022,7,45134455,Pulse1,captis_pulse,mountain creek,residential,135.0,3.03125,55.0,2
2022,7,45134455,Pulse1_Total,captis_pulse,mountain creek,residential,2824975.0,70616.52083333334,70774.0,2
2022,7,45134455,DeviceTemperature,captis_pulse,mountain creek,residential,45.519999999999996,22.759999999999998,31.9,2
2022,7,45134455,Battery,captis_pulse,mountain creek,residential,73.253,24.417666666666666,68.0,1
2022,7,61562256,Pulse1,captis_pulse,buderim,residential,316.0,6.470695970695971,61.0,2
2022,7,61562256,Pulse1_Total,captis_pulse,buderim,residential,6220783.0,132335.00274725276,132688.0,2
2022,7,61562256,Battery,captis_pulse,buderim,residential,3.64,3.64,3.64,1
2022,7,81967965,Pulse1,captis_pulse,maroochydore,non-residential,425.0,30.78125,50.0,2
2022,7,81967965,Battery,captis_pulse,maroochydore,non-residential,71.66,35.83,68.0,1
2022,7,21264412,Pulse1,captis_pulse,samford village,non-residential,200.0,4.0,100.0,2
2022,7,21264412,DeviceTemperature,captis_pulse,samford village,non-residential,13.27,13.27,13.27,1
2022,7,21264412,Battery,captis_pulse,samford village,non-residential,3.63,3.63,3.63,1
2022,7,22047528,Pulse1,captis_pulse,kuluin,non-residential,405.0,9.28125,35.0,2
2022,7,22047528,DeviceTemperature,captis_pulse,kuluin,non-residential,15.9,15.9,15.9,1
2022,7,61202339,Pulse1,captis_pulse,buderim,residential,14.0,0.3205128205128205,3.0,2
2022,7,61202339,Pulse1_Total,captis_pulse,buderim,residential,182112.0,4233.88,4247.0,2
2022,7,61202339,Battery,captis_pulse,buderim,residential,3.62,3.62,3.62,1
2022,7,61202339,DeviceTemperature,captis_pulse,buderim,residential,9.1,9.1,9.1,1
2022,7,10305475,Pulse1,captis_pulse,buderim,residential,0.0,0.0,0.0,2
2022,7,10305475,Pulse1_Total,captis_pulse,buderim,residential,1333.0,31.0,31.0,2
2022,7,10305475,Battery,captis_pulse,buderim,residential,75.54599999999999,25.182,70.0,1
2022,7,10305475,DeviceTemperature,captis_pulse,buderim,residential,16.4,16.4,16.4,1
2022,7,1662496,Pulse1,captis_pulse,buderim,residential,56.0,1.3741176470588234,15.0,2
2022,7,1662496,Pulse1_Total,captis_pulse,buderim,residential,1.2395112E7,295114.6917647059,295189.0,2
2022,7,1662496,DeviceTemperature,captis_pulse,buderim,residential,31.270000000000003,15.635000000000002,17.6,2
2022,7,1662496,Battery,captis_pulse,buderim,residential,73.62,36.81,70.0,1
2022,7,61165097,Pulse1,captis_pulse,buderim,residential,0.0,0.0,0.0,2
2022,7,61165097,Pulse1_Total,captis_pulse,buderim,residential,2240.0,56.0,56.0,2
2022,7,61165097,DeviceTemperature,captis_pulse,buderim,residential,16.299999999999997,8.149999999999999,8.7,1
2022,7,61202032,Pulse1,captis_pulse,buderim,residential,216.0,5.666666666666666,97.0,2
2022,7,61202032,Pulse1_Total,captis_pulse,buderim,residential,4392770.0,109776.0625,110134.0,2
2022,7,61202032,DeviceTemperature,captis_pulse,buderim,residential,70.09,24.548333333333336,38.6,2
2022,7,52622,Pulse1,captis_pulse,maroochydore,residential,152.0,4.251633986928105,65.0,2
2022,7,52622,Pulse1_Total,captis_pulse,maroochydore,residential,1.0181155E7,290888.7434640523,291012.0,2
2022,7,52622,DeviceTemperature,captis_pulse,maroochydore,residential,33.8,16.9,17.8,1
2022,7,60407325,Pulse1,captis_pulse,buderim,residential,290.0,7.1139705882352935,105.0,2
2022,7,60407325,Pulse1_Total,captis_pulse,buderim,residential,4737663.0,115526.63602941176,115836.0,2
2022,7,60407325,DeviceTemperature,captis_pulse,buderim,residential,29.97,14.985,16.8,2
2022,7,81970767,Pulse1,captis_pulse,maroochydore,non-residential,0.0,0.0,0.0,1
2022,7,81970767,DeviceTemperature,captis_pulse,maroochydore,non-residential,8.4,8.4,8.4,1
2022,7,1462392,Pulse1,captis_pulse,buderim,residential,73.0,1.71875,13.0,2
2022,7,1462392,Pulse1_Total,captis_pulse,buderim,residential,9787071.0,244662.4791666667,244804.0,2
2022,7,1462392,DeviceTemperature,captis_pulse,buderim,residential,16.03,16.03,16.03,1
2022,7,81964738,Pulse1,captis_pulse,maroochydore,residential,32.0,3.4375,9.0,2
2022,7,81964738,Pulse1_Total,captis_pulse,maroochydore,residential,3834193.0,201846.5,201953.0,2
2022,7,81964738,DeviceTemperature,captis_pulse,maroochydore,residential,34.58,17.29,18.08,2
2022,7,81964738,Battery,captis_pulse,maroochydore,residential,89.64,44.82,86.0,1
2022,7,22368070,Pulse1,captis_pulse,beerwah,non-residential,0.0,0.0,0.0,2
2022,7,22368070,Pulse1_Total,captis_pulse,beerwah,non-residential,141492.0,3628.0,3628.0,2
2022,7,2528,Pulse1,captis_pulse,maroochydore,residential,294.0,7.863122171945702,63.0,2
2022,7,2528,Pulse1_Total,captis_pulse,maroochydore,residential,1.116634E7,259648.10180995474,259914.0,2
2022,7,2528,Battery,captis_pulse,maroochydore,residential,72.309,24.102999999999998,66.0,1
2022,7,322270,Pulse1,captis_pulse,buderim,residential,444.0,10.064950980392156,142.0,2
2022,7,322270,Pulse1_Total,captis_pulse,buderim,residential,2.3154675E7,564709.5,565163.0,2
2022,7,322270,DeviceTemperature,captis_pulse,buderim,residential,7.0,7.0,7.0,1
2022,7,61207508,Pulse1,captis_pulse,buderim,residential,217.0,4.555147058823529,90.0,2
2022,7,61207508,Pulse1_Total,captis_pulse,buderim,residential,4539290.0,110672.11029411765,111157.0,2
2022,7,61207508,DeviceTemperature,captis_pulse,buderim,residential,13.22,13.22,13.22,1
2022,7,61207508,Battery,captis_pulse,buderim,residential,3.63,3.63,3.63,1
2022,7,61216932,DeviceTemperature,captis_pulse,buderim,residential,15.2,15.2,15.2,1
2022,7,61216932,Battery,captis_pulse,buderim,residential,42.64,21.32,39.0,1
2022,7,9354732,Pulse1,captis_pulse,maroochydore,residential,97.0,2.0808823529411766,73.0,2
2022,7,9354732,Pulse1_Total,captis_pulse,maroochydore,residential,7599525.0,185352.1875,185456.0,2
2022,7,9354732,DeviceTemperature,captis_pulse,maroochydore,residential,13.4,13.4,13.4,1
2022,7,61246975,Pulse1,captis_pulse,buderim,residential,0.0,0.0,0.0,2
2022,7,61246975,Pulse1_Total,captis_pulse,buderim,residential,1400.0,35.0,35.0,2
2022,7,61246975,DeviceTemperature,captis_pulse,buderim,residential,55.57,16.961666666666666,23.1,2
2022,7,61246975,Battery,captis_pulse,buderim,residential,71.958,23.986,65.0,1
2022,7,64628114,Pulse1,captis_pulse,maroochydore,residential,1750.0,41.26225490196079,150.0,2
2022,7,64628114,DeviceTemperature,captis_pulse,maroochydore,residential,31.560000000000002,15.780000000000001,18.3,2
2022,7,64628114,Battery,captis_pulse,maroochydore,residential,66.089,22.029666666666667,61.0,1
2022,7,65065602,Pulse1,captis_pulse,buderim,non-residential,160.0,3.4191176470588234,150.0,2
2022,7,65065602,DeviceTemperature,captis_pulse,buderim,non-residential,36.0,13.25,17.0,2
2022,7,65440583,Pulse1,captis_pulse,maroochydore,residential,3400.0,69.44444444444444,270.0,2
2022,7,65440583,DeviceTemperature,captis_pulse,maroochydore,residential,34.1,17.05,26.2,2
2022,7,21401432,Pulse1,,,,0.0,0.0,0.0,1
2022,7,21401432,Pulse1_Total,,,,1.52852E7,955325.0,955325.0,1
2022,7,21401432,Battery,,,,3.64,3.64,3.64,1
2022,7,602079,Pulse1,captis_pulse,buderim,residential,5.0,0.625,5.0,1
2022,7,602079,Pulse1_Total,captis_pulse,buderim,residential,2274099.0,284262.375,284263.0,1
2022,7,60225555,Pulse1,captis_pulse,buderim,residential,0.0,0.0,0.0,2
2022,7,60225555,Pulse1_Total,captis_pulse,buderim,residential,0.0,0.0,0.0,2
2022,7,60225555,DeviceTemperature,captis_pulse,buderim,residential,13.25,13.25,13.25,1
2022,7,60225555,Battery,captis_pulse,buderim,residential,71.64,35.82,68.0,1
2022,7,21672424,Pulse1,captis_pulse,buderim,non-residential,60.0,1.4333333333333333,15.0,2
2022,7,21672424,DeviceTemperature,captis_pulse,buderim,non-residential,15.06,15.06,15.06,1
2022,7,21672424,Battery,captis_pulse,buderim,non-residential,3.64,3.64,3.64,1
2022,7,2184,Pulse1,captis_pulse,buderim,residential,359.0,9.229166666666666,80.0,2
2022,7,2184,Pulse1_Total,captis_pulse,buderim,residential,1.6869642E7,411423.15196078434,411841.0,2
2022,7,2184,Battery,captis_pulse,buderim,residential,71.63,35.815,68.0,1
2022,7,81968463,Pulse1,captis_pulse,maroochydore,non-residential,115.0,10.46875,55.0,2
2022,7,81968463,DeviceTemperature,captis_pulse,maroochydore,non-residential,20.85,10.425,12.75,2
2022,7,81968463,Battery,captis_pulse,maroochydore,non-residential,75.64,37.82,72.0,1
2022,7,61217313,Pulse1,,,,0.0,0.0,0.0,2
2022,7,61217313,Pulse1_Total,,,,1189.0,29.0,29.0,2
2022,7,61217313,DeviceTemperature,,,,15.73,15.73,15.73,1
2022,7,61217313,Battery,,,,69.82900000000001,23.276333333333337,64.0,1
2022,7,127319,Pulse1,captis_pulse,buderim,residential,64.0,1.4963235294117647,19.0,2
2022,7,127319,Pulse1_Total,captis_pulse,buderim,residential,1.1712481E7,285662.57720588235,285773.0,2
2022,7,127319,Battery,captis_pulse,buderim,residential,72.62,36.31,69.0,1
2022,7,127319,DeviceTemperature,captis_pulse,buderim,residential,24.9,12.45,19.4,2
2022,7,1592969,Pulse1,captis_pulse,maroochydore,residential,190.0,4.584558823529411,59.0,2
2022,7,1592969,Pulse1_Total,captis_pulse,maroochydore,residential,8895489.0,216946.5257352941,217161.0,2
2022,7,1592969,Battery,captis_pulse,maroochydore,residential,73.855,24.618333333333336,68.0,1
2022,7,22040241,Pulse1,captis_pulse,cooroy,non-residential,1340.0,31.392045454545453,240.0,2
2022,7,22040241,Battery,captis_pulse,cooroy,non-residential,75.655,25.218333333333334,70.0,1
2022,7,22040241,DeviceTemperature,captis_pulse,cooroy,non-residential,9.5,9.5,9.5,1
2022,7,334171,Pulse1,captis_pulse,buderim,residential,85.0,2.2169117647058822,47.0,2
2022,7,334171,Pulse1_Total,captis_pulse,buderim,residential,1.3571696E7,331005.53553921566,331098.0,2
2022,7,334171,DeviceTemperature,captis_pulse,buderim,residential,39.31,19.655,24.8,2
2022,7,334171,Battery,captis_pulse,buderim,residential,76.298,25.432666666666666,71.0,1
2022,7,61285491,Pulse1,captis_pulse,buderim,residential,107.0,2.24125,55.0,2
2022,7,61285491,Pulse1_Total,captis_pulse,buderim,residential,1747297.0,42607.7975,42739.0,2
2022,7,61285491,DeviceTemperature,captis_pulse,buderim,residential,24.299999999999997,12.149999999999999,16.7,2
2022,7,62366133,Pulse1,captis_pulse,buderim,residential,232.0,5.416666666666666,76.0,2
2022,7,62366133,Pulse1_Total,captis_pulse,buderim,residential,2484397.0,60572.986519607846,60873.0,2
2022,7,62366133,DeviceTemperature,captis_pulse,buderim,residential,28.439999999999998,14.219999999999999,15.54,1
2022,7,62366133,Battery,captis_pulse,buderim,residential,3.64,3.64,3.64,1
2022,7,27446203,Pulse1,captis_pulse,maroochydore,non-residential,0.0,0.0,0.0,2
2022,7,27446203,DeviceTemperature,captis_pulse,maroochydore,non-residential,35.900000000000006,17.950000000000003,18.8,2
2022,7,46054952,Pulse1,captis_pulse,buderim,residential,10400.0,227.17948717948718,1100.0,2
2022,7,46054952,DeviceTemperature,captis_pulse,buderim,residential,14.84,14.84,14.84,1
2022,7,46054952,Battery,captis_pulse,buderim,residential,76.501,25.500333333333334,71.0,1
2022,7,62366513,Pulse1,captis_pulse,buderim,residential,68.0,1.8627450980392155,46.0,2
2022,7,62366513,Pulse1_Total,captis_pulse,buderim,residential,1075868.0,26233.651960784315,26310.0,2
2022,7,62366513,DeviceTemperature,captis_pulse,buderim,residential,15.31,15.31,15.31,1
2022,7,62366513,Battery,captis_pulse,buderim,residential,3.62,3.62,3.62,1
2022,7,65063934,Pulse1,captis_pulse,maroochydore,non-residential,600.0,16.78921568627451,200.0,2
2022,7,65063934,Pulse1_Total,captis_pulse,maroochydore,non-residential,1.30578E7,318429.6568627451,318800.0,2
2022,7,65063934,DeviceTemperature,captis_pulse,maroochydore,non-residential,13.42,13.42,13.42,1
2022,7,65063934,Battery,captis_pulse,maroochydore,non-residential,82.577,27.525666666666666,77.0,1
2022,7,81502431,Pulse1,captis_pulse,kuluin,residential,0.0,0.0,0.0,2
2022,7,81502431,Pulse1_Total,captis_pulse,kuluin,residential,1079840.0,63520.0,63520.0,2
2022,7,25163796,Pulse1,captis_pulse,maroochydore,non-residential,1300.0,37.83496732026144,195.0,2
2022,7,25163796,DeviceTemperature,captis_pulse,maroochydore,non-residential,33.95,16.975,17.0,1
2022,7,60252149,Pulse1,captis_pulse,buderim,residential,0.0,0.0,0.0,2
2022,7,60252149,Pulse1_Total,captis_pulse,buderim,residential,0.0,0.0,0.0,2
2022,7,60252149,DeviceTemperature,captis_pulse,buderim,residential,9.0,9.0,9.0,1
2022,7,22048504,Pulse1,captis_pulse,kuluin,non-residential,150.0,3.308423913043478,85.0,2
2022,7,22048504,Pulse1_Total,captis_pulse,kuluin,non-residential,3.661244E7,963463.6521739131,963605.0,2
2022,7,22048504,DeviceTemperature,captis_pulse,kuluin,non-residential,27.5,13.75,13.9,1
2022,7,22048504,Battery,captis_pulse,kuluin,non-residential,74.472,24.823999999999998,69.0,1
2022,7,61276713,Pulse1,captis_pulse,buderim,residential,0.0,0.0,0.0,2
2022,7,61276713,Pulse1_Total,captis_pulse,buderim,residential,1512.0,36.0,36.0,2
2022,7,61276713,DeviceTemperature,captis_pulse,buderim,residential,26.3,13.15,16.8,2
2022,7,8863,Pulse1,captis_pulse,buderim,residential,345.0,7.286199095022624,122.0,2
2022,7,8863,Pulse1_Total,captis_pulse,buderim,residential,1.0576073E7,245929.23303167423,246301.0,2
2022,7,8863,DeviceTemperature,captis_pulse,buderim,residential,41.739999999999995,20.869999999999997,28.4,2
2022,7,577462,Pulse1,captis_pulse,buderim,residential,556.0,12.594202898550725,118.0,2
2022,7,577462,Pulse1_Total,captis_pulse,buderim,residential,2.4596599E7,599880.6243961353,600547.0,2
2022,7,577462,DeviceTemperature,captis_pulse,buderim,residential,8.0,8.0,8.0,1
2022,7,66212018,Pulse1,captis_pulse,buderim,residential,0.0,0.0,0.0,2
2022,7,66212018,Pulse1_Total,captis_pulse,buderim,residential,1200.0,30.0,30.0,2
2022,7,66212018,DeviceTemperature,captis_pulse,buderim,residential,38.6,19.3,30.1,2
2022,7,21674201,Pulse1,captis_pulse,buderim,non-residential,920.0,22.531969309462916,130.0,2
2022,7,21674201,DeviceTemperature,captis_pulse,buderim,non-residential,31.6,15.8,20.7,2
2022,7,60584922,Pulse1,captis_pulse,buderim,residential,0.0,0.0,0.0,2
2022,7,60584922,Pulse1_Total,captis_pulse,buderim,residential,1540.0,35.0,35.0,2
2022,7,60584922,DeviceTemperature,captis_pulse,buderim,residential,12.9,12.9,12.9,1
2022,7,61201153,Pulse1,captis_pulse,buderim,residential,331.0,6.955882352941177,57.0,2
2022,7,61201153,Pulse1_Total,captis_pulse,buderim,residential,3584126.0,83313.90384615384,83763.0,2
2022,7,61201153,DeviceTemperature,captis_pulse,buderim,residential,24.72,12.36,14.42,1
2022,7,61201153,Battery,captis_pulse,buderim,residential,71.425,23.808333333333334,66.0,1
2022,7,62364343,Pulse1,captis_pulse,buderim,residential,306.0,7.108235294117646,66.0,2
2022,7,62364343,Pulse1_Total,captis_pulse,buderim,residential,4480784.0,106609.21411764706,107161.0,2
2022,7,62364343,DeviceTemperature,captis_pulse,buderim,residential,31.4,31.4,31.4,1
2022,7,28491013,Pulse1,captis_pulse,maroochydore,residential,5900.0,150.0,500.0,2
2022,7,28491013,Battery,captis_pulse,maroochydore,residential,68.437,22.81233333333333,63.0,1
2022,7,28491013,DeviceTemperature,captis_pulse,maroochydore,residential,31.4,15.7,19.2,2
2022,7,2995,Pulse1,captis_pulse,buderim,residential,143.0,3.2536764705882355,72.0,2
2022,7,2995,Pulse1_Total,captis_pulse,buderim,residential,1.7754582E7,433012.9963235294,433255.0,2
2022,7,2995,DeviceTemperature,captis_pulse,buderim,residential,9.1,9.1,9.1,1
2022,7,61163496,Pulse1,captis_pulse,buderim,residential,0.0,0.0,0.0,2
2022,7,61163496,Pulse1_Total,captis_pulse,buderim,residential,2344257.0,55815.55882352941,55816.0,2
2022,7,61163496,DeviceTemperature,captis_pulse,buderim,residential,31.8,31.8,31.8,1
2022,7,61160093,Pulse1,captis_pulse,buderim,residential,0.0,0.0,0.0,2
2022,7,61160093,Pulse1_Total,captis_pulse,buderim,residential,1748.0,38.0,38.0,2
2022,7,61160093,DeviceTemperature,captis_pulse,buderim,residential,41.62,20.81,28.5,2
2022,7,61160093,Battery,captis_pulse,buderim,residential,54.765,18.255,49.0,1
2022,7,61220996,Pulse1,captis_pulse,buderim,residential,136.0,3.4175,30.0,2
2022,7,61220996,Pulse1_Total,captis_pulse,buderim,residential,2992012.0,72942.95749999999,73187.0,2
2022,7,61220996,DeviceTemperature,captis_pulse,buderim,residential,40.46,13.965,15.4,2
2022,7,61233966,Pulse1,captis_pulse,buderim,residential,256.0,5.383458646616541,66.0,2
2022,7,61233966,Pulse1_Total,captis_pulse,buderim,residential,2860902.0,60844.86372180451,61154.0,2
2022,7,61233966,DeviceTemperature,captis_pulse,buderim,residential,51.3,20.95,32.5,2
2022,7,61233966,Battery,captis_pulse,buderim,residential,70.425,23.474999999999998,65.0,1
2022,7,61319259,Pulse1,captis_pulse,buderim,residential,0.0,0.0,0.0,2
2022,7,61319259,Pulse1_Total,captis_pulse,buderim,residential,1360.0,34.0,34.0,2
2022,7,61319259,DeviceTemperature,captis_pulse,buderim,residential,7.5,7.5,7.5,1
2022,7,64628071,Pulse1,captis_pulse,maroochydore,residential,1730.0,38.41111111111111,220.0,2
2022,7,64628071,Battery,captis_pulse,maroochydore,residential,1.691,1.691,1.691,1
2022,7,60192856,Pulse1,captis_pulse,buderim,residential,0.0,0.0,0.0,2
2022,7,60192856,Pulse1_Total,captis_pulse,buderim,residential,0.0,0.0,0.0,2
2022,7,60192856,DeviceTemperature,captis_pulse,buderim,residential,42.69,15.4725,19.2,2
2022,7,60192856,Battery,captis_pulse,buderim,residential,3.63,3.63,3.63,1
2022,7,60623798,DeviceTemperature,captis_pulse,buderim,residential,30.0,15.0,20.7,2
2022,7,61223017,Pulse1,captis_pulse,buderim,residential,0.0,0.0,0.0,2
2022,7,61223017,Pulse1_Total,captis_pulse,buderim,residential,1216.0,32.0,32.0,2
2022,7,61223017,DeviceTemperature,captis_pulse,buderim,residential,28.4,28.4,28.4,1
2022,7,8981839,Pulse1,captis_pulse,maroochydore,residential,396.0,8.925595238095239,73.0,2
2022,7,8981839,Pulse1_Total,captis_pulse,maroochydore,residential,1.692536E7,376100.71726190473,376537.0,2
2022,7,8981839,DeviceTemperature,captis_pulse,maroochydore,residential,34.6,17.3,28.4,2
2022,7,28488051,Pulse1,captis_pulse,maroochydore,non-residential,6468.0,166.6342857142857,292.0,2
2022,7,28488051,DeviceTemperature,captis_pulse,maroochydore,non-residential,49.13,16.265,24.8,2
2022,7,60380381,Pulse1,captis_pulse,buderim,residential,78.0,1.7794117647058822,30.0,2
2022,7,60380381,Pulse1_Total,captis_pulse,buderim,residential,866867.0,21135.43995098039,21219.0,2
2022,7,60380381,DeviceTemperature,captis_pulse,buderim,residential,15.6,15.6,15.6,1
2022,7,64631122,Pulse1,captis_pulse,maroochydore,residential,2840.0,68.68872549019608,280.0,2
2022,7,64631122,DeviceTemperature,captis_pulse,maroochydore,residential,26.7,13.35,17.4,2
2022,7,65088496,Pulse1,captis_pulse,buderim,residential,2000.0,45.64705882352941,200.0,2
2022,7,65088496,DeviceTemperature,captis_pulse,buderim,residential,41.8,15.275,19.3,2
2022,7,65088496,Battery,captis_pulse,buderim,residential,71.63,35.815,68.0,1
2022,7,2364,Pulse1,captis_pulse,buderim,residential,175.0,4.237745098039216,66.0,2
2022,7,2364,Pulse1_Total,captis_pulse,buderim,residential,1.513116E7,369022.2242647059,369275.0,2
2022,7,2364,DeviceTemperature,captis_pulse,buderim,residential,13.7,13.7,13.7,1
2022,7,2364,Battery,captis_pulse,buderim,residential,72.63,36.315,69.0,1
2022,7,29297,Pulse1,captis_pulse,maroochydore,residential,168.0,4.12235294117647,61.0,2
2022,7,29297,Pulse1_Total,captis_pulse,maroochydore,residential,8911138.0,212163.7294117647,212274.0,2
2022,7,29297,DeviceTemperature,captis_pulse,maroochydore,residential,38.9,38.9,38.9,1
2022,7,46053341,Pulse1,captis_pulse,maroochydore,residential,3280.0,76.04166666666667,260.0,2
2022,7,61145337,Pulse1,captis_pulse,buderim,residential,0.0,0.0,0.0,2
2022,7,61145337,Pulse1_Total,captis_pulse,buderim,residential,1435.0,35.0,35.0,2
2022,7,61145337,DeviceTemperature,captis_pulse,buderim,residential,27.59,13.795,14.89,1
2022,7,61145337,Battery,captis_pulse,buderim,residential,3.64,3.64,3.64,1
2022,7,69408279,Pulse1,captis_pulse,buderim,residential,28.0,1.0,28.0,2
2022,7,69408279,Pulse1_Total,captis_pulse,buderim,residential,1064339.0,46279.329365079364,46310.0,2
2022,7,69408279,DeviceTemperature,captis_pulse,buderim,residential,9.1,9.1,9.1,1
2022,7,69408279,Battery,captis_pulse,buderim,residential,3.64,3.64,3.64,1
2022,7,731394,DeviceTemperature,captis_pulse,maroochydore,residential,15.55,15.55,15.55,1
2022,7,731394,Battery,captis_pulse,maroochydore,residential,117.61,58.805,114.0,1
2022,7,8983790,Pulse1,captis_pulse,maroochydore,residential,0.0,0.0,0.0,1
2022,7,8983790,Pulse1_Total,captis_pulse,maroochydore,residential,552524.0,78932.0,78932.0,1
2022,7,8983790,DeviceTemperature,captis_pulse,maroochydore,residential,14.53,14.53,14.53,1
2022,7,48281097,Pulse1,captis_pulse,maroochydore,non-residential,12600.0,248.21428571428572,620.0,2
2022,7,48281097,DeviceTemperature,captis_pulse,maroochydore,non-residential,15.6,15.6,15.6,1
2022,7,60259739,Pulse1,captis_pulse,buderim,residential,0.0,0.0,0.0,1
2022,7,60259739,Pulse1_Total,captis_pulse,buderim,residential,0.0,0.0,0.0,1
2022,7,60259739,DeviceTemperature,captis_pulse,buderim,residential,11.1,11.1,11.1,1
2022,7,61940444,Pulse1,captis_pulse,buderim,residential,767.0,16.347058823529412,104.0,2
2022,7,61940444,Pulse1_Total,captis_pulse,buderim,residential,5355112.0,127379.61411764706,128498.0,2
2022,7,65088475,Pulse1,captis_pulse,buderim,residential,0.0,0.0,0.0,2
2022,7,65088475,DeviceTemperature,captis_pulse,buderim,residential,22.2,22.2,22.2,1
2022,7,71270,Pulse1,captis_pulse,kuluin,residential,215.0,5.822916666666667,54.0,2
2022,7,71270,Pulse1_Total,captis_pulse,kuluin,residential,1.5760865E7,393988.3958333334,394349.0,2
2022,7,71270,DeviceTemperature,captis_pulse,kuluin,residential,7.4,7.4,7.4,1
2022,7,77617,Pulse1,captis_pulse,buderim,residential,573.0,13.289473684210527,61.0,2
2022,7,77617,Pulse1_Total,captis_pulse,buderim,residential,3.5169645E7,837331.4405034325,838181.0,2
2022,7,77617,DeviceTemperature,captis_pulse,buderim,residential,43.199999999999996,21.599999999999998,35.3,2
2022,7,77617,Battery,captis_pulse,buderim,residential,71.263,23.754333333333335,66.0,1
2022,7,61150108,Pulse1,captis_pulse,buderim,residential,95.0,2.5978260869565215,50.0,2
2022,7,61150108,Pulse1_Total,captis_pulse,buderim,residential,1537070.0,38409.96875,38539.0,2
2022,7,61150108,Battery,captis_pulse,buderim,residential,76.497,25.499,71.0,1
2022,7,61150108,DeviceTemperature,captis_pulse,buderim,residential,24.2,24.2,24.2,1
2022,7,97600,Pulse1,captis_pulse,buderim,residential,61.0,1.4305555555555554,11.0,2
2022,7,97600,Pulse1_Total,captis_pulse,buderim,residential,8602522.0,204813.16666666666,204922.0,2
2022,7,97600,Battery,captis_pulse,buderim,residential,70.415,23.471666666666668,65.0,1
2022,7,409,Pulse1,captis_pulse,maroochydore,residential,0.0,0.0,0.0,2
2022,7,409,Pulse1_Total,captis_pulse,maroochydore,residential,4693560.0,117339.0,117339.0,2
2022,7,409,DeviceTemperature,captis_pulse,maroochydore,residential,54.68,19.17,22.0,2
2022,7,409,Battery,captis_pulse,maroochydore,residential,80.52,40.26,77.0,1
2022,7,81970809,Pulse1,captis_pulse,maroochydore,residential,320.0,29.09090909090909,175.0,1
2022,7,81970809,DeviceTemperature,captis_pulse,maroochydore,residential,13.72,13.72,13.72,1
2022,7,81970809,Battery,captis_pulse,maroochydore,residential,114.63,57.315,111.0,1
2022,7,5487,Pulse1,captis_pulse,buderim,residential,242.0,6.181585677749361,103.0,2
2022,7,5487,Pulse1_Total,captis_pulse,buderim,residential,2.382082E7,595503.1790281329,595765.0,2
2022,7,5487,Battery,captis_pulse,buderim,residential,74.44200000000001,24.814000000000004,69.0,1
2022,7,62367105,Pulse1,captis_pulse,buderim,residential,60.0,2.142857142857143,55.0,2
2022,7,62367105,Pulse1_Total,captis_pulse,buderim,residential,1433014.0,37705.08333333333,37732.0,2
2022,7,62367105,DeviceTemperature,captis_pulse,buderim,residential,32.730000000000004,16.365000000000002,17.1,2
2022,7,62367105,Battery,captis_pulse,buderim,residential,74.488,24.829333333333334,69.0,1
2022,7,63407,Pulse1,captis_pulse,buderim,residential,99.0,2.2283653846153846,16.0,2
2022,7,63407,Pulse1_Total,captis_pulse,buderim,residential,1.7505816E7,416788.57692307694,416913.0,2
2022,7,63407,DeviceTemperature,captis_pulse,buderim,residential,13.68,13.68,13.68,1
2022,7,63407,Battery,captis_pulse,buderim,residential,72.51100000000001,24.170333333333335,67.0,1
2022,7,81984256,Pulse1,captis_pulse,maroochydore,residential,130.0,5.9375,35.0,2
2022,7,81984256,DeviceTemperature,captis_pulse,maroochydore,residential,13.95,13.95,13.95,1
2022,7,81984256,Battery,captis_pulse,maroochydore,residential,72.64,36.32,69.0,1
2022,7,324588,Pulse1,captis_pulse,buderim,residential,243.0,5.123529411764705,52.0,2
2022,7,324588,Pulse1_Total,captis_pulse,buderim,residential,1.6704433E7,397707.00352941174,397984.0,2
2022,7,324588,DeviceTemperature,captis_pulse,buderim,residential,31.85,15.925,18.1,2
2022,7,324588,Battery,captis_pulse,buderim,residential,69.63,34.815,66.0,1
2022,7,21892943,Pulse1,captis_pulse,maroochydore,non-residential,0.0,0.0,0.0,2
2022,7,21892943,Pulse1_Total,captis_pulse,maroochydore,non-residential,337440.0,9120.0,9120.0,2
2022,7,21892943,DeviceTemperature,captis_pulse,maroochydore,non-residential,43.650000000000006,15.5625,18.6,2
2022,7,21892943,Battery,captis_pulse,maroochydore,non-residential,73.80499999999999,24.601666666666663,68.0,1
2022,7,46054963,DeviceTemperature,captis_pulse,buderim,residential,14.3,14.3,14.3,1
2022,7,46054963,Battery,captis_pulse,buderim,residential,56.64,28.32,53.0,1
2022,7,46056359,DeviceTemperature,captis_pulse,maroochydore,residential,8.7,8.7,8.7,1
2022,7,60255447,Pulse1,captis_pulse,buderim,residential,388.0,9.28393665158371,68.0,2
2022,7,60255447,Pulse1_Total,captis_pulse,buderim,residential,2375836.0,55198.407239819004,55629.0,2
2022,7,60255447,Battery,captis_pulse,buderim,residential,7.24,3.62,3.62,1
2022,7,60255447,DeviceTemperature,captis_pulse,buderim,residential,9.8,9.8,9.8,1
2022,7,9130,Pulse1,captis_pulse,buderim,residential,678.0,15.653846153846153,103.0,2
2022,7,9130,Pulse1_Total,captis_pulse,buderim,residential,2.278863E7,517874.1666666666,518425.0,2
2022,7,9130,DeviceTemperature,captis_pulse,buderim,residential,20.45,10.225,13.95,1
2022,7,9130,Battery,captis_pulse,buderim,residential,79.60000000000001,26.533333333333335,74.0,1
2022,7,9394112,Pulse1,captis_pulse,kuluin,residential,3.0,0.06,2.0,2
2022,7,9394112,Pulse1_Total,captis_pulse,kuluin,residential,1.2162599E7,296648.62,296651.0,2
2022,7,9394112,DeviceTemperature,captis_pulse,kuluin,residential,50.2,20.3,31.0,2
2022,7,21675518,Pulse1,captis_pulse,buderim,non-residential,0.0,0.0,0.0,2
2022,7,21675518,Battery,captis_pulse,buderim,non-residential,73.32300000000001,24.441000000000003,68.0,1
2022,7,21675518,DeviceTemperature,captis_pulse,buderim,non-residential,10.7,10.7,10.7,1
2022,7,22046387,Pulse1,captis_pulse,kuluin,non-residential,2890.0,58.42760180995475,340.0,2
2022,7,22046387,DeviceTemperature,captis_pulse,kuluin,non-residential,25.33,12.665,14.93,1
2022,7,22046387,Battery,captis_pulse,kuluin,non-residential,72.931,24.310333333333332,66.0,1
2022,7,62690591,Pulse1,captis_pulse,buderim,residential,1550.0,37.696078431372555,200.0,2
2022,7,62690591,DeviceTemperature,captis_pulse,buderim,residential,12.6,12.6,12.6,1
2022,7,62690591,Battery,captis_pulse,buderim,residential,73.63,36.815,70.0,1
2022,7,61214573,Pulse1,captis_pulse,buderim,residential,8.0,0.16666666666666666,2.0,2
2022,7,61214573,Pulse1_Total,captis_pulse,buderim,residential,187802.0,4694.391304347826,4704.0,2
2022,7,61214573,Battery,captis_pulse,buderim,residential,3.64,3.64,3.64,1
2022,7,62358722,Pulse1,captis_pulse,buderim,residential,0.0,0.0,0.0,2
2022,7,62358722,Pulse1_Total,captis_pulse,buderim,residential,1927.0,47.0,47.0,2
2022,7,65084735,Pulse1,captis_pulse,maroochydore,residential,6300.0,233.24175824175825,600.0,2
2022,7,65084735,DeviceTemperature,captis_pulse,maroochydore,residential,40.3,20.15,29.8,2
2022,7,66042,Pulse1,captis_pulse,buderim,residential,201.0,5.045343137254902,61.0,2
2022,7,66042,Pulse1_Total,captis_pulse,buderim,residential,1.1648064E7,284081.6470588235,284274.0,2
2022,7,66042,DeviceTemperature,captis_pulse,buderim,residential,13.81,13.81,13.81,1
2022,7,66042,Battery,captis_pulse,buderim,residential,71.52600000000001,23.842000000000002,66.0,1
2022,7,67715163,Pulse1,captis_pulse,buderim,residential,0.0,0.0,0.0,2
2022,7,67715163,Pulse1_Total,captis_pulse,buderim,residential,1480.0,37.0,37.0,2
2022,7,67715163,Battery,captis_pulse,buderim,residential,3.63,3.63,3.63,1
2022,7,67715163,DeviceTemperature,captis_pulse,buderim,residential,24.0,24.0,24.0,1
2022,7,88144457,Pulse1,captis_pulse,maroochydore,residential,77.0,6.416666666666667,77.0,1
2022,7,88144457,Pulse1_Total,captis_pulse,maroochydore,residential,1236251.0,103020.91666666667,103091.0,1
2022,7,88144457,DeviceTemperature,captis_pulse,maroochydore,residential,14.4,14.4,14.4,1
2022,7,13917,Pulse1,captis_pulse,buderim,residential,124.0,3.1441647597254003,73.0,2
2022,7,13917,Pulse1_Total,captis_pulse,buderim,residential,9911732.0,230492.39912280702,230622.0,2
2022,7,13917,Battery,captis_pulse,buderim,residential,80.893,26.964333333333332,68.0,1
2022,7,13917,DeviceTemperature,captis_pulse,buderim,residential,41.5,20.75,34.9,2
2022,7,2298,Pulse1,captis_pulse,buderim,residential,48.0,1.2316176470588234,23.0,2
2022,7,2298,Pulse1_Total,captis_pulse,buderim,residential,1.5971039E7,389514.95710784313,389761.0,2
2022,7,2298,DeviceTemperature,captis_pulse,buderim,residential,49.21,24.605,35.1,2
2022,7,2298,Battery,captis_pulse,buderim,residential,75.325,25.108333333333334,70.0,1
2022,7,61197902,Pulse1,captis_pulse,buderim,residential,0.0,0.0,0.0,2
2022,7,61197902,Pulse1_Total,captis_pulse,buderim,residential,104878.0,2558.0,2558.0,2
2022,7,62518,Pulse1,captis_pulse,buderim,residential,35.0,0.888235294117647,15.0,2
2022,7,62518,Pulse1_Total,captis_pulse,buderim,residential,1.3397493E7,318974.3305882353,319069.0,2
2022,7,62518,DeviceTemperature,captis_pulse,buderim,residential,36.2,18.1,29.5,2
2022,7,67716197,Pulse1,captis_pulse,buderim,residential,171.0,3.6568627450980395,62.0,2
2022,7,67716197,Pulse1_Total,captis_pulse,buderim,residential,1222442.0,29800.22426470588,30024.0,2
2022,7,67716197,DeviceTemperature,captis_pulse,buderim,residential,32.13,16.065,17.1,2
2022,7,67716197,Battery,captis_pulse,buderim,residential,74.353,24.784333333333333,69.0,1
2022,7,2255,Pulse1,captis_pulse,maroochydore,residential,50.0,1.0666666666666667,19.0,2
2022,7,2255,Pulse1_Total,captis_pulse,maroochydore,residential,5332589.0,133303.32666666666,133404.0,2
2022,7,254312,Pulse1,captis_pulse,buderim,residential,62.0,1.2776470588235294,24.0,2
2022,7,254312,Pulse1_Total,captis_pulse,buderim,residential,2625700.0,62511.69411764706,62619.0,2
2022,7,254312,DeviceTemperature,captis_pulse,buderim,residential,13.49,13.49,13.49,1
2022,7,254312,Battery,captis_pulse,buderim,residential,71.721,23.907,66.0,1
2022,7,362,Pulse1,captis_pulse,maroochydore,residential,83.0,1.5961538461538463,19.0,2
2022,7,362,Pulse1_Total,captis_pulse,maroochydore,residential,1.1099228E7,258113.34615384616,258223.0,2
2022,7,362,DeviceTemperature,captis_pulse,maroochydore,residential,46.66,18.115000000000002,25.8,2
2022,7,60193546,Pulse1,captis_pulse,buderim,residential,319.0,6.924242424242424,75.0,2
2022,7,60193546,Pulse1_Total,captis_pulse,buderim,residential,4056090.0,90128.15810276679,90667.0,2
2022,7,60193546,DeviceTemperature,captis_pulse,buderim,residential,8.6,8.6,8.6,1
2022,7,65089609,Pulse1,captis_pulse,buderim,residential,1900.0,39.957264957264954,300.0,2
2022,7,65089609,DeviceTemperature,captis_pulse,buderim,residential,27.7,13.85,17.4,2
2022,7,62367216,Pulse1,,,,0.0,0.0,0.0,2
2022,7,62367216,Pulse1_Total,,,,663.0,39.0,39.0,2
2022,7,62367216,DeviceTemperature,,,,42.2,21.1,29.5,1
2022,7,328163,Pulse1,captis_pulse,maroochydore,residential,82.0,2.017156862745098,30.0,2
2022,7,328163,Pulse1_Total,captis_pulse,maroochydore,residential,8054681.0,196435.45098039217,196582.0,2
2022,7,328163,DeviceTemperature,captis_pulse,maroochydore,residential,16.01,16.01,16.01,1
2022,7,328163,Battery,captis_pulse,maroochydore,residential,69.917,23.305666666666667,64.0,1
2022,7,46054987,Pulse1,captis_pulse,buderim,residential,660.0,15.833333333333334,170.0,2
2022,7,46054987,DeviceTemperature,captis_pulse,buderim,residential,9.6,9.6,9.6,1
2022,7,60398128,Pulse1,captis_pulse,buderim,residential,74.0,1.5759803921568627,48.0,2
2022,7,60398128,Pulse1_Total,captis_pulse,buderim,residential,3416382.0,83311.85294117648,83513.0,2
2022,7,60398128,DeviceTemperature,captis_pulse,buderim,residential,15.8,15.8,15.8,1
2022,7,61217696,Pulse1,captis_pulse,buderim,residential,6.0,0.13574660633484165,3.0,2
2022,7,61217696,Pulse1_Total,captis_pulse,buderim,residential,443980.0,10324.444570135747,10331.0,2
2022,7,61217696,Battery,captis_pulse,buderim,residential,92.97,23.2425,63.0,1
2022,7,61217696,DeviceTemperature,captis_pulse,buderim,residential,8.1,8.1,8.1,1
2022,7,46351277,Pulse1,captis_pulse,maroochydore,residential,800.0,19.583333333333336,110.0,2
2022,7,46351277,Pulse1_Total,captis_pulse,maroochydore,residential,3.633291E7,908217.1227621483,909220.0,2
2022,7,46351277,Battery,captis_pulse,maroochydore,residential,69.72,23.24,64.0,1
2022,7,61076403,DeviceTemperature,captis_pulse,buderim,residential,14.81,14.81,14.81,1
2022,7,61076403,Battery,captis_pulse,buderim,residential,50.64,25.32,47.0,1
2022,7,61276086,Pulse1,captis_pulse,buderim,residential,41.0,1.0192307692307692,24.0,2
2022,7,61276086,Pulse1_Total,captis_pulse,buderim,residential,1027347.0,23339.58760683761,23443.0,2
2022,7,61276086,Battery,captis_pulse,buderim,residential,71.053,23.68433333333333,64.0,1
2022,7,61276086,DeviceTemperature,captis_pulse,buderim,residential,19.8,19.8,19.8,1
2022,7,8980581,Pulse1,captis_pulse,maroochydore,residential,573.0,11.685897435897436,114.0,2
2022,7,8980581,Pulse1_Total,captis_pulse,maroochydore,residential,1.0108779E7,229690.6047008547,230282.0,2
2022,7,8980581,Battery,captis_pulse,maroochydore,residential,2.81,2.81,2.81,1
2022,7,8980581,DeviceTemperature,captis_pulse,maroochydore,residential,6.8,6.8,6.8,1
2022,7,93930,Pulse1,captis_pulse,buderim,residential,34.0,0.8970588235294118,9.0,2
2022,7,93930,Pulse1_Total,captis_pulse,buderim,residential,4023823.0,98132.28431372548,98197.0,2
2022,7,93930,DeviceTemperature,captis_pulse,buderim,residential,33.2,16.6,19.3,2
2022,7,93930,Battery,captis_pulse,buderim,residential,75.304,25.101333333333333,69.0,1
2022,7,81970895,DeviceTemperature,,,,23.78,23.78,23.78,1
2022,7,256476,Pulse1,captis_pulse,maroochydore,residential,0.0,0.0,0.0,1
2022,7,256476,Pulse1_Total,captis_pulse,maroochydore,residential,1317789.0,146421.0,146421.0,1
2022,7,256476,DeviceTemperature,captis_pulse,maroochydore,residential,16.47,16.47,16.47,1
2022,7,256476,Battery,captis_pulse,maroochydore,residential,74.6,37.3,71.0,1
2022,7,314254,Pulse1,captis_pulse,buderim,residential,0.0,0.0,0.0,2
2022,7,314254,Pulse1_Total,captis_pulse,buderim,residential,1.881704E7,470426.0,470426.0,2
2022,7,314254,DeviceTemperature,captis_pulse,buderim,residential,14.18,14.18,14.18,1
2022,7,61145685,Pulse1,captis_pulse,buderim,residential,0.0,0.0,0.0,1
2022,7,61145685,Pulse1_Total,captis_pulse,buderim,residential,272.0,34.0,34.0,1
2022,7,61562210,Pulse1,captis_pulse,buderim,residential,0.0,0.0,0.0,2
2022,7,61562210,Pulse1_Total,captis_pulse,buderim,residential,1512.0,36.0,36.0,2
2022,7,61562210,DeviceTemperature,captis_pulse,buderim,residential,14.6,14.6,14.6,1
2022,7,61562210,Battery,captis_pulse,buderim,residential,70.689,23.563,64.0,1
2022,7,48276326,Pulse1,,,,0.0,0.0,0.0,2
2022,7,48276326,DeviceTemperature,,,,45.580000000000005,22.790000000000003,32.2,2
2022,7,1751,Pulse1,captis_pulse,maroochydore,residential,121.0,2.872549019607843,28.0,2
2022,7,1751,Pulse1_Total,captis_pulse,maroochydore,residential,1.0803197E7,263475.0036764706,263700.0,2
2022,7,1751,DeviceTemperature,captis_pulse,maroochydore,residential,22.15,11.075,14.15,1
2022,7,1751,Battery,captis_pulse,maroochydore,residential,69.655,23.218333333333334,64.0,1
2022,7,66202794,Pulse1,captis_pulse,buderim,residential,28.0,0.6041666666666666,12.0,2
2022,7,66202794,Pulse1_Total,captis_pulse,buderim,residential,1025641.0,25635.760416666664,25705.0,2
2022,7,66202794,DeviceTemperature,captis_pulse,buderim,residential,19.6,19.6,19.6,1
2022,7,76490,Pulse1,captis_pulse,buderim,residential,23.0,0.616421568627451,6.0,2
2022,7,76490,Pulse1_Total,captis_pulse,buderim,residential,5098510.0,124343.39093137255,124418.0,2
2022,7,76490,DeviceTemperature,captis_pulse,buderim,residential,33.66,16.83,18.9,2
2022,7,76490,Battery,captis_pulse,buderim,residential,72.19800000000001,24.066000000000003,66.0,1
2022,7,81969416,Pulse1,captis_pulse,maroochydore,residential,0.0,0.0,0.0,1
2022,7,81969416,DeviceTemperature,captis_pulse,maroochydore,residential,10.3,10.3,10.3,1
2022,7,17649,Pulse1,captis_pulse,buderim,residential,25.0,0.7395833333333334,14.0,2
2022,7,17649,Pulse1_Total,captis_pulse,buderim,residential,1.0767773E7,269187.6770833334,269250.0,2
2022,7,17649,Battery,captis_pulse,buderim,residential,1.779,1.779,1.779,1
2022,7,17649,DeviceTemperature,captis_pulse,buderim,residential,39.6,19.8,35.0,2
2022,7,48265720,Pulse1,captis_pulse,maroochydore,residential,970.0,22.95893719806763,150.0,2
2022,7,48265720,DeviceTemperature,captis_pulse,maroochydore,residential,26.1,13.05,15.8,2
2022,7,60257041,Pulse1,captis_pulse,buderim,residential,374.0,8.345833333333333,73.0,2
2022,7,60257041,Pulse1_Total,captis_pulse,buderim,residential,4164762.0,94634.89166666666,95032.0,2
2022,7,60257041,DeviceTemperature,captis_pulse,buderim,residential,28.2,28.2,28.2,1
2022,7,21398657,Pulse1,,,,0.0,0.0,0.0,2
2022,7,21398657,DeviceTemperature,,,,45.59,22.795,23.39,2
2022,7,61144943,Pulse1,captis_pulse,buderim,residential,81.0,1.6900452488687783,23.0,2
2022,7,61144943,Pulse1_Total,captis_pulse,buderim,residential,1409124.0,33523.75480769231,33704.0,2
2022,7,61144943,DeviceTemperature,captis_pulse,buderim,residential,12.76,12.76,12.76,1
2022,7,61144943,Battery,captis_pulse,buderim,residential,3.64,3.64,3.64,1
2022,7,61489954,Pulse1,captis_pulse,buderim,residential,55.0,1.1094117647058823,30.0,2
2022,7,61489954,Pulse1_Total,captis_pulse,buderim,residential,6219837.0,148084.01529411765,148175.0,2
2022,7,61489954,DeviceTemperature,captis_pulse,buderim,residential,28.47,14.235,14.77,1
2022,7,61614,Pulse1,captis_pulse,buderim,residential,100.0,2.1433823529411766,66.0,2
2022,7,61614,Pulse1_Total,captis_pulse,buderim,residential,6495022.0,158392.1899509804,158548.0,2
2022,7,61614,Battery,captis_pulse,buderim,residential,76.64500000000001,25.548333333333336,71.0,1
2022,7,61614,DeviceTemperature,captis_pulse,buderim,residential,5.7,5.7,5.7,1
2022,7,97884,Pulse1,captis_pulse,buderim,residential,167.0,3.6726190476190474,38.0,2
2022,7,97884,Pulse1_Total,captis_pulse,buderim,residential,1.4215046E7,315882.25595238095,316040.0,2
2022,7,97884,DeviceTemperature,captis_pulse,buderim,residential,34.7,17.35,30.1,2
2022,7,22368537,Pulse1,captis_pulse,birtinya,#n/a,0.0,0.0,0.0,2
2022,7,22368537,Pulse1_Total,captis_pulse,birtinya,#n/a,1729462.0,42182.0,42182.0,2
2022,7,22368537,DeviceTemperature,captis_pulse,birtinya,#n/a,13.43,13.43,13.43,1
2022,7,22368537,Battery,captis_pulse,birtinya,#n/a,3.64,3.64,3.64,1
2022,7,594928,Pulse1,captis_pulse,kuluin,residential,169.0,4.640664961636829,68.0,2
2022,7,594928,Pulse1_Total,captis_pulse,kuluin,residential,1.0557843E7,257470.76470588235,257785.0,2
2022,7,594928,DeviceTemperature,captis_pulse,kuluin,residential,13.71,13.71,13.71,1
2022,7,594928,Battery,captis_pulse,kuluin,residential,1.623,1.623,1.623,1
2022,7,60218899,Pulse1,captis_pulse,buderim,residential,0.0,0.0,0.0,1
2022,7,60218899,Pulse1_Total,captis_pulse,buderim,residential,268616.0,33577.0,33577.0,1
2022,7,73328,Pulse1,captis_pulse,buderim,residential,112.0,3.1568627450980395,85.0,2
2022,7,73328,Pulse1_Total,captis_pulse,buderim,residential,6533240.0,159326.91421568627,159465.0,2
2022,7,73328,DeviceTemperature,captis_pulse,buderim,residential,40.06,14.290000000000001,17.1,2
2022,7,73328,Battery,captis_pulse,buderim,residential,74.269,24.756333333333334,69.0,1
2022,7,84674,Pulse1,captis_pulse,buderim,residential,338.0,9.166666666666668,103.0,2
2022,7,84674,Pulse1_Total,captis_pulse,buderim,residential,1.1260077E7,288682.6875,288997.0,2
2022,7,84674,DeviceTemperature,captis_pulse,buderim,residential,44.19,16.3225,21.1,2
2022,7,84674,Battery,captis_pulse,buderim,residential,2.938,2.938,2.938,1
2022,7,9160926,Pulse1,captis_pulse,maroochydore,residential,445.0,9.669642857142858,83.0,2
2022,7,9160926,Pulse1_Total,captis_pulse,maroochydore,residential,1.4495913E7,315107.61174242425,315736.0,2
2022,7,9160926,DeviceTemperature,captis_pulse,maroochydore,residential,26.8,13.4,17.0,2
2022,7,13128,Pulse1,captis_pulse,buderim,residential,16.0,0.3425,8.0,2
2022,7,13128,Pulse1_Total,captis_pulse,buderim,residential,1450742.0,35380.28125,35402.0,2
2022,7,13128,DeviceTemperature,captis_pulse,buderim,residential,13.3,13.3,13.3,1
2022,7,13128,Battery,captis_pulse,buderim,residential,77.516,25.83866666666667,72.0,1
2022,7,46054145,Pulse1,captis_pulse,buderim,residential,2230.0,52.46666666666667,290.0,2
2022,7,46054145,DeviceTemperature,captis_pulse,buderim,residential,26.93,13.465,16.33,1
2022,7,46054145,Battery,captis_pulse,buderim,residential,73.56700000000001,24.522333333333336,68.0,1
2022,7,61347246,Pulse1,captis_pulse,buderim,residential,103.0,2.6381074168797953,35.0,2
2022,7,61347246,Pulse1_Total,captis_pulse,buderim,residential,1574481.0,39354.21099744245,39460.0,2
2022,7,61347246,DeviceTemperature,captis_pulse,buderim,residential,23.0,11.5,12.9,1
2022,7,720,Pulse1,captis_pulse,maroochydore,non-residential,43.0,1.0588235294117647,15.0,2
2022,7,720,Pulse1_Total,captis_pulse,maroochydore,non-residential,2158065.0,52629.18259803922,52684.0,2
2022,7,720,Battery,captis_pulse,maroochydore,non-residential,77.31700000000001,25.772333333333336,72.0,1
2022,7,81965965,Pulse1,captis_pulse,maroochydore,#n/a,110.0,10.885416666666666,25.0,2
2022,7,81965965,DeviceTemperature,captis_pulse,maroochydore,#n/a,21.41,10.705,13.71,2
2022,7,81965965,Battery,captis_pulse,maroochydore,#n/a,71.64,35.82,68.0,1
2022,7,22451667,Pulse1,captis_pulse,mountain creek,non-residential,0.0,0.0,0.0,2
2022,7,22451667,Pulse1_Total,captis_pulse,mountain creek,non-residential,106860.0,2740.0,2740.0,2
2022,7,22451667,Battery,captis_pulse,mountain creek,non-residential,78.719,26.239666666666665,73.0,1
2022,7,22451667,DeviceTemperature,captis_pulse,mountain creek,non-residential,17.7,17.7,17.7,1
2022,7,2659,Pulse1,captis_pulse,buderim,residential,61.0,1.6958333333333333,17.0,2
2022,7,2659,Pulse1_Total,captis_pulse,buderim,residential,1.0280115E7,263581.69999999995,263651.0,2
2022,7,2659,DeviceTemperature,captis_pulse,buderim,residential,14.79,14.79,14.79,1
2022,7,21951243,Pulse1,captis_pulse,caloundra,non-residential,0.0,0.0,0.0,2
2022,7,21951243,Battery,captis_pulse,caloundra,non-residential,74.319,24.773,69.0,1
2022,7,21951243,DeviceTemperature,captis_pulse,caloundra,non-residential,8.8,8.8,8.8,1
2022,7,21968336,Pulse1,captis_pulse,mountain creek,non-residential,360.0,7.708333333333333,90.0,2
2022,7,21968336,DeviceTemperature,captis_pulse,mountain creek,non-residential,26.6,26.6,26.6,1
2022,7,256685,Pulse1,captis_pulse,buderim,residential,183.0,4.069852941176471,42.0,2
2022,7,256685,Pulse1_Total,captis_pulse,buderim,residential,1.0366192E7,252806.02696078434,253140.0,2
2022,7,256685,DeviceTemperature,captis_pulse,buderim,residential,40.07,20.035,26.4,2
2022,7,256685,Battery,captis_pulse,buderim,residential,71.411,23.80366666666667,66.0,1
2022,7,257328,Pulse1,captis_pulse,buderim,residential,51.0,1.3084239130434783,15.0,2
2022,7,257328,Pulse1_Total,captis_pulse,buderim,residential,7687525.0,192171.3020833333,192321.0,2
2022,7,257328,Battery,captis_pulse,buderim,residential,72.80799999999999,24.269333333333332,67.0,1
2022,7,257328,DeviceTemperature,captis_pulse,buderim,residential,36.0,18.0,27.9,2
2022,7,46053162,DeviceTemperature,captis_pulse,maroochydore,residential,54.56999999999999,21.967499999999998,33.3,2
2022,7,46053162,Battery,captis_pulse,maroochydore,residential,3.65,3.65,3.65,1
2022,7,46055038,Pulse1,captis_pulse,buderim,residential,3270.0,76.36029411764706,270.0,2
2022,7,46055038,DeviceTemperature,captis_pulse,buderim,residential,14.35,14.35,14.35,1
2022,7,46055038,Battery,captis_pulse,buderim,residential,72.496,24.165333333333333,67.0,1
2022,7,46055410,Pulse1,captis_pulse,griffin,non-residential,0.0,0.0,0.0,2
2022,7,46055410,DeviceTemperature,captis_pulse,griffin,non-residential,43.14,16.035,21.0,2
2022,7,46055410,Battery,captis_pulse,griffin,non-residential,74.277,24.759,69.0,1
2022,7,61269702,Pulse1,captis_pulse,buderim,residential,99.0,2.0538461538461537,29.0,2
2022,7,61269702,Pulse1_Total,captis_pulse,buderim,residential,1047656.0,22767.119230769233,22866.0,2
2022,7,61269702,DeviceTemperature,captis_pulse,buderim,residential,12.7,12.7,12.7,1
2022,7,61269702,Battery,captis_pulse,buderim,residential,3.63,3.63,3.63,1
2022,7,61319593,DeviceTemperature,captis_pulse,buderim,residential,14.93,14.93,14.93,1
2022,7,61319593,Battery,captis_pulse,buderim,residential,3.64,3.64,3.64,1
2022,7,61559395,Pulse1,captis_pulse,buderim,residential,0.0,0.0,0.0,2
2022,7,61559395,Pulse1_Total,captis_pulse,buderim,residential,149440.0,3736.0,3736.0,2
2022,7,61559395,DeviceTemperature,captis_pulse,buderim,residential,23.189999999999998,11.594999999999999,13.69,1
2022,7,61559395,Battery,captis_pulse,buderim,residential,70.76299999999999,23.587666666666664,65.0,1
2022,7,26934829,Pulse1,captis_pulse,maroochydore,non-residential,0.0,0.0,0.0,2
2022,7,26934829,DeviceTemperature,captis_pulse,maroochydore,non-residential,50.72,19.555,27.5,2
2022,7,26934829,Battery,captis_pulse,maroochydore,non-residential,3.64,3.64,3.64,1
2022,7,349593,Pulse1,captis_pulse,buderim,residential,501.0,10.891304347826088,127.0,2
2022,7,349593,Pulse1_Total,captis_pulse,buderim,residential,3.5276536E7,766881.2173913043,767417.0,2
2022,7,349593,DeviceTemperature,captis_pulse,buderim,residential,24.1,24.1,24.1,1
2022,7,62508176,Pulse1,captis_pulse,buderim,residential,3.0,0.0625,3.0,2
2022,7,62508176,Pulse1_Total,captis_pulse,buderim,residential,475896.0,11329.119999999999,11346.0,2
2022,7,62358710,Pulse1,captis_pulse,buderim,residential,0.0,0.0,0.0,1
2022,7,62358710,Pulse1_Total,captis_pulse,buderim,residential,55143.0,18381.0,18381.0,1
2022,7,62358710,DeviceTemperature,captis_pulse,buderim,residential,15.21,15.21,15.21,1
2022,7,61187325,Pulse1,,,,0.0,0.0,0.0,2
2022,7,61187325,Pulse1_Total,,,,1344.0,32.0,32.0,2
2022,7,61187325,DeviceTemperature,,,,37.43,18.715,21.4,1
2022,7,61187325,Battery,,,,74.261,24.753666666666664,69.0,1
2022,7,2408,Pulse1,captis_pulse,buderim,residential,299.0,7.041666666666667,56.0,2
2022,7,2408,Pulse1_Total,captis_pulse,buderim,residential,1.6461075E7,411496.9895833334,411735.0,2
2022,7,2408,DeviceTemperature,captis_pulse,buderim,residential,34.37,17.185,20.4,2
2022,7,2408,Battery,captis_pulse,buderim,residential,75.286,25.095333333333333,70.0,1
2022,7,445,Pulse1,captis_pulse,maroochydore,residential,465.0,9.82638888888889,93.0,2
2022,7,445,Pulse1_Total,captis_pulse,maroochydore,residential,1.3582041E7,323362.63194444444,323930.0,2
2022,7,445,DeviceTemperature,captis_pulse,maroochydore,residential,20.689999999999998,10.344999999999999,13.79,1
2022,7,62365842,Pulse1,captis_pulse,buderim,residential,138.0,3.561274509803922,29.0,2
2022,7,62365842,Pulse1_Total,captis_pulse,buderim,residential,2158884.0,52636.37132352941,52788.0,2
2022,7,62365842,DeviceTemperature,captis_pulse,buderim,residential,12.7,12.7,12.7,1
2022,7,81967337,Pulse1,captis_pulse,maroochydore,residential,280.0,11.944444444444445,95.0,2
2022,7,81967337,DeviceTemperature,captis_pulse,maroochydore,residential,14.86,14.86,14.86,1
2022,7,81967337,Battery,captis_pulse,maroochydore,residential,70.64,35.32,67.0,1
2022,7,8986179,Pulse1,captis_pulse,maroochydore,residential,3.0,0.07882352941176471,2.0,2
2022,7,8986179,Pulse1_Total,captis_pulse,maroochydore,residential,2860467.0,68103.37294117647,68121.0,2
2022,7,8986179,DeviceTemperature,captis_pulse,maroochydore,residential,29.9,14.95,24.7,2
2022,7,61250840,Pulse1,,,,0.0,0.0,0.0,2
2022,7,61250840,Pulse1_Total,,,,918.0,34.0,34.0,2
2022,7,61250840,Battery,,,,3.64,3.64,3.64,1
2022,7,2517,Pulse1,captis_pulse,buderim,residential,0.0,0.0,0.0,2
2022,7,2517,Pulse1_Total,captis_pulse,buderim,residential,9086830.0,221630.0,221630.0,2
2022,7,2517,Battery,captis_pulse,buderim,residential,79.279,26.426333333333332,74.0,1
2022,7,61187518,Pulse1,captis_pulse,buderim,residential,0.0,0.0,0.0,1
2022,7,61187518,Pulse1_Total,captis_pulse,buderim,residential,146720.0,20960.0,20960.0,1
2022,7,61230127,Pulse1,captis_pulse,buderim,residential,323.0,6.2894736842105265,59.0,2
2022,7,61230127,Pulse1_Total,captis_pulse,buderim,residential,1747875.0,38801.1427125506,39341.0,2
2022,7,61230127,DeviceTemperature,captis_pulse,buderim,residential,41.86,15.99,22.1,2
2022,7,61230127,Battery,captis_pulse,buderim,residential,3.63,3.63,3.63,1
2022,7,81967364,Pulse1,captis_pulse,maroochydore,residential,240.0,16.4375,60.0,2
2022,7,81967364,DeviceTemperature,captis_pulse,maroochydore,residential,14.6,14.6,14.6,1
2022,7,81967364,Battery,captis_pulse,maroochydore,residential,72.64,36.32,69.0,1
2022,7,22048071,Pulse1,captis_pulse,kuluin,non-residential,0.0,0.0,0.0,2
2022,7,22048071,Pulse1_Total,captis_pulse,kuluin,non-residential,503200.0,12580.0,12580.0,2
2022,7,22048071,DeviceTemperature,captis_pulse,kuluin,non-residential,36.2,18.1,27.1,2
2022,7,60223975,Pulse1,captis_pulse,buderim,residential,0.0,0.0,0.0,2
2022,7,60223975,Pulse1_Total,captis_pulse,buderim,residential,0.0,0.0,0.0,2
2022,7,60223975,DeviceTemperature,captis_pulse,buderim,residential,30.0,15.0,17.3,2
2022,7,61185570,Pulse1,captis_pulse,buderim,residential,0.0,0.0,0.0,2
2022,7,61185570,Pulse1_Total,captis_pulse,buderim,residential,1240.0,31.0,31.0,2
2022,7,61185570,DeviceTemperature,captis_pulse,buderim,residential,21.5,21.5,21.5,1
2022,7,61221417,Pulse1,captis_pulse,buderim,residential,315.0,7.682608695652174,94.0,2
2022,7,61221417,Pulse1_Total,captis_pulse,buderim,residential,2933819.0,77164.27391304348,77633.0,2
2022,7,61221417,DeviceTemperature,captis_pulse,buderim,residential,30.4,15.2,16.2,2
2022,7,9349674,Pulse1,captis_pulse,maroochydore,residential,494.0,11.217948717948719,142.0,2
2022,7,9349674,Pulse1_Total,captis_pulse,maroochydore,residential,1.4238927E7,323564.0064102564,324145.0,2
2022,7,9349674,Battery,captis_pulse,maroochydore,residential,73.39699999999999,24.465666666666664,68.0,1
2022,7,32981288,Pulse1,captis_pulse,maroochydore,non-residential,0.0,0.0,0.0,2
2022,7,32981288,Pulse1_Total,captis_pulse,maroochydore,non-residential,1123920.0,26760.0,26760.0,2
2022,7,32981288,Battery,captis_pulse,maroochydore,non-residential,1.762,1.762,1.762,1
2022,7,32981288,DeviceTemperature,captis_pulse,maroochydore,non-residential,42.4,21.2,21.5,2
2022,7,65438060,Pulse1,captis_pulse,buderim,residential,1510.0,33.009049773755656,160.0,2
2022,7,65438060,DeviceTemperature,captis_pulse,buderim,residential,20.81,10.405,12.61,1
2022,7,65438060,Battery,captis_pulse,buderim,residential,72.62,36.31,69.0,1
2022,7,81963465,Pulse1,captis_pulse,kuluin,residential,12.0,0.84375,4.0,2
2022,7,81963465,Pulse1_Total,captis_pulse,kuluin,residential,6493447.0,381989.75,382015.0,2
2022,7,81963465,DeviceTemperature,captis_pulse,kuluin,residential,15.87,15.87,15.87,1
2022,7,81963465,Battery,captis_pulse,kuluin,residential,50.66,25.33,47.0,1
2022,7,82429952,Pulse1,captis_pulse,kuluin,residential,1220.0,29.666666666666664,130.0,2
2022,7,82429952,Pulse1_Total,captis_pulse,kuluin,residential,2.189595E7,591627.6708074533,593120.0,2
2022,7,82429952,DeviceTemperature,captis_pulse,kuluin,residential,8.7,8.7,8.7,1
2022,7,260962,Pulse1,captis_pulse,kuluin,residential,49.0,1.21625,7.0,2
2022,7,260962,Pulse1_Total,captis_pulse,kuluin,residential,1.0261393E7,250270.76750000002,250324.0,2
2022,7,260962,DeviceTemperature,captis_pulse,kuluin,residential,25.7,12.85,18.9,2
2022,7,61268190,Pulse1,captis_pulse,buderim,residential,53.0,1.2472826086956523,19.0,2
2022,7,61268190,Pulse1_Total,captis_pulse,buderim,residential,2764510.0,70872.65081521739,70981.0,2
2022,7,61268190,Battery,captis_pulse,buderim,residential,71.009,23.669666666666668,65.0,1
2022,7,61268190,DeviceTemperature,captis_pulse,buderim,residential,8.5,8.5,8.5,1
2022,7,296557,Pulse1,captis_pulse,buderim,residential,0.0,0.0,0.0,2
2022,7,296557,DeviceTemperature,captis_pulse,buderim,residential,15.2,15.2,15.2,1
2022,7,61620881,Pulse1,captis_pulse,buderim,non-residential,0.0,0.0,0.0,2
2022,7,61620881,Pulse1_Total,captis_pulse,buderim,non-residential,1840.0,46.0,46.0,2
2022,7,61620881,DeviceTemperature,captis_pulse,buderim,non-residential,30.3,15.15,16.1,2
2022,7,62375107,Pulse1,captis_pulse,buderim,residential,227.0,4.995833333333334,47.0,2
2022,7,62375107,Pulse1_Total,captis_pulse,buderim,residential,4514755.0,102592.8625,102968.0,2
2022,7,62375107,DeviceTemperature,captis_pulse,buderim,residential,36.25,18.125,19.5,2
2022,7,9395630,Pulse1,captis_pulse,maroochydore,residential,17.0,2.4285714285714284,17.0,1
2022,7,9395630,Pulse1_Total,captis_pulse,maroochydore,residential,1225751.0,175107.2857142857,175109.0,1
2022,7,591856,Pulse1,captis_pulse,buderim,residential,345.0,9.297554347826086,124.0,2
2022,7,591856,Pulse1_Total,captis_pulse,buderim,residential,9763449.0,250292.1222826087,250751.0,2
2022,7,591856,DeviceTemperature,captis_pulse,buderim,residential,7.0,7.0,7.0,1
2022,7,60596215,Pulse1,captis_pulse,buderim,residential,252.0,5.5,145.0,2
2022,7,60596215,Pulse1_Total,captis_pulse,buderim,residential,4919313.0,119947.60500000001,120285.0,2
2022,7,60596215,DeviceTemperature,captis_pulse,buderim,residential,34.2,34.2,34.2,1
2022,7,61148634,Pulse1,captis_pulse,buderim,residential,264.0,5.565789473684211,103.0,2
2022,7,61148634,Pulse1_Total,captis_pulse,buderim,residential,3882631.0,90285.16337719298,90672.0,2
2022,7,61148634,Battery,captis_pulse,buderim,residential,71.862,23.953999999999997,65.0,1
2022,7,284563,Pulse1,captis_pulse,#n/a,#n/a,39.0,0.9315476190476191,29.0,2
2022,7,284563,Pulse1_Total,captis_pulse,#n/a,#n/a,4790888.0,126071.37202380953,126107.0,2
2022,7,284563,Battery,captis_pulse,#n/a,#n/a,69.979,23.326333333333334,64.0,1
2022,7,284563,DeviceTemperature,captis_pulse,#n/a,#n/a,5.3,5.3,5.3,1
2022,7,81967154,Pulse1,captis_pulse,maroochydore,residential,380.0,25.416666666666668,105.0,2
2022,7,81967154,DeviceTemperature,captis_pulse,maroochydore,residential,27.93,13.965,15.73,2
2022,7,81967154,Battery,captis_pulse,maroochydore,residential,73.64,36.82,70.0,1
2022,7,9649470,Pulse1,captis_pulse,maroochydore,residential,220.0,5.132352941176471,66.0,2
2022,7,9649470,Pulse1_Total,captis_pulse,maroochydore,residential,9376930.0,228689.89093137256,228970.0,2
2022,7,128691,Pulse1,captis_pulse,maroochydore,residential,79.0,1.7316176470588236,13.0,2
2022,7,128691,Pulse1_Total,captis_pulse,maroochydore,residential,7368692.0,175439.2291666667,175597.0,2
2022,7,128691,DeviceTemperature,captis_pulse,maroochydore,residential,56.03999999999999,19.835,23.3,2
2022,7,489,Pulse1,captis_pulse,maroochydore,non-residential,536.0,10.613122171945701,67.0,2
2022,7,489,Pulse1_Total,captis_pulse,maroochydore,non-residential,2.5063055E7,582813.1945701358,583516.0,2
2022,7,489,DeviceTemperature,captis_pulse,maroochydore,non-residential,45.33,22.665,28.3,2
2022,7,61236482,Pulse1,captis_pulse,buderim,residential,0.0,0.0,0.0,2
2022,7,61236482,Pulse1_Total,captis_pulse,buderim,residential,1025.0,25.0,25.0,2
2022,7,61236482,DeviceTemperature,captis_pulse,buderim,residential,13.0,13.0,13.0,1
2022,7,61236482,Battery,captis_pulse,buderim,residential,73.41199999999999,24.470666666666663,68.0,1
2022,7,62364347,Pulse1,captis_pulse,buderim,residential,58.0,1.1130604288499026,13.0,2
2022,7,62364347,Pulse1_Total,captis_pulse,buderim,residential,1630614.0,35439.261208577,35519.0,2
2022,7,62364347,DeviceTemperature,captis_pulse,buderim,residential,24.77,12.385,13.77,1
2022,7,16627,Pulse1,captis_pulse,buderim,residential,117.0,2.668016194331984,34.0,2
2022,7,16627,Pulse1_Total,captis_pulse,buderim,residential,1.6064936E7,365099.3846153846,365221.0,2
2022,7,16627,DeviceTemperature,captis_pulse,buderim,residential,21.35,10.675,14.15,1
2022,7,16627,Battery,captis_pulse,buderim,residential,74.503,24.834333333333333,69.0,1
2022,7,60218000,Pulse1,captis_pulse,buderim,residential,0.0,0.0,0.0,2
2022,7,60218000,Pulse1_Total,captis_pulse,buderim,residential,0.0,0.0,0.0,2
2022,7,60218000,DeviceTemperature,captis_pulse,buderim,residential,11.1,11.1,11.1,1
2022,7,66218101,Pulse1,captis_pulse,buderim,residential,277.0,6.149523809523809,85.0,2
2022,7,66218101,Pulse1_Total,captis_pulse,buderim,residential,3599330.0,79968.47,80238.0,2
2022,7,66218101,DeviceTemperature,captis_pulse,buderim,residential,26.400000000000002,13.200000000000001,16.1,2
2022,7,67715903,DeviceTemperature,captis_pulse,buderim,residential,37.1,18.55,27.5,2
2022,7,9013351,DeviceTemperature,captis_pulse,maroochydore,residential,14.09,14.09,14.09,1
2022,7,9013351,Battery,captis_pulse,maroochydore,residential,58.64,29.32,55.0,1
2022,7,47604269,Pulse1,,,,1320.0,29.458333333333332,140.0,2
2022,7,47604269,DeviceTemperature,,,,15.43,15.43,15.43,1
2022,7,342402,Pulse1,captis_pulse,buderim,residential,120.0,2.4658823529411764,83.0,2
2022,7,342402,Pulse1_Total,captis_pulse,buderim,residential,1.0261262E7,244299.87529411766,244482.0,2
2022,7,342402,DeviceTemperature,captis_pulse,buderim,residential,35.739999999999995,17.869999999999997,22.2,2
2022,7,61570869,Pulse1,captis_pulse,buderim,residential,0.0,0.0,0.0,2
2022,7,61570869,Pulse1_Total,captis_pulse,buderim,residential,1280.0,32.0,32.0,2
2022,7,61570869,Battery,captis_pulse,buderim,residential,1.865,1.865,1.865,1
2022,7,61570869,DeviceTemperature,captis_pulse,buderim,residential,31.599999999999998,15.799999999999999,23.9,2
2022,7,66115,Pulse1,captis_pulse,buderim,residential,319.0,7.065217391304348,116.0,2
2022,7,66115,Pulse1_Total,captis_pulse,buderim,residential,9760154.0,243984.82608695654,244329.0,2
2022,7,66115,DeviceTemperature,captis_pulse,buderim,residential,24.9,24.9,24.9,1
2022,7,66398,Pulse1,captis_pulse,kuluin,residential,370.0,7.986111111111111,99.0,2
2022,7,66398,Pulse1_Total,captis_pulse,kuluin,residential,1.7919913E7,389514.2400793651,389871.0,2
2022,7,66398,DeviceTemperature,captis_pulse,kuluin,residential,28.47,14.235,15.67,1
2022,7,66398,Battery,captis_pulse,kuluin,residential,74.64,37.32,71.0,1
2022,7,45135150,Pulse1,captis_pulse,mountain creek,residential,67.0,1.835,30.0,2
2022,7,45135150,Pulse1_Total,captis_pulse,mountain creek,residential,2912650.0,71031.27875,71086.0,2
2022,7,45135150,DeviceTemperature,captis_pulse,mountain creek,residential,23.6,23.6,23.6,1
2022,7,60218952,Pulse1,captis_pulse,buderim,residential,0.0,0.0,0.0,2
2022,7,60218952,Pulse1_Total,captis_pulse,buderim,residential,709120.0,17728.0,17728.0,2
2022,7,60218952,DeviceTemperature,captis_pulse,buderim,residential,13.78,13.78,13.78,1
2022,7,60736179,Pulse1,captis_pulse,buderim,residential,0.0,0.0,0.0,2
2022,7,60736179,Pulse1_Total,captis_pulse,buderim,residential,1702.0,37.0,37.0,2
2022,7,60736179,DeviceTemperature,captis_pulse,buderim,residential,26.3,13.15,15.8,2
2022,7,81971113,Pulse1,captis_pulse,maroochydore,non-residential,30.0,2.5,20.0,1
2022,7,81971113,Battery,captis_pulse,maroochydore,non-residential,70.64,35.32,67.0,1
2022,7,60397740,Pulse1,captis_pulse,buderim,residential,0.0,0.0,0.0,2
2022,7,60397740,Pulse1_Total,captis_pulse,buderim,residential,2571684.0,62724.0,62724.0,2
2022,7,60397740,DeviceTemperature,captis_pulse,buderim,residential,6.3,6.3,6.3,1
2022,7,61182030,Pulse1,captis_pulse,buderim,residential,0.0,0.0,0.0,2
2022,7,61182030,Pulse1_Total,captis_pulse,buderim,residential,1599.0,39.0,39.0,2
2022,7,61182030,DeviceTemperature,captis_pulse,buderim,residential,24.41,12.205,13.81,1
2022,7,61182030,Battery,captis_pulse,buderim,residential,70.354,23.451333333333334,65.0,1
2022,7,61208077,Pulse1,captis_pulse,buderim,residential,74.0,1.8125,31.0,2
2022,7,61208077,Pulse1_Total,captis_pulse,buderim,residential,2150027.0,51183.25,51275.0,2
2022,7,61208077,DeviceTemperature,captis_pulse,buderim,residential,37.81,18.905,24.7,2
2022,7,61208077,Battery,captis_pulse,buderim,residential,3.64,3.64,3.64,1
2022,7,98257,Pulse1,captis_pulse,buderim,residential,26.0,0.6618357487922705,7.0,2
2022,7,98257,Pulse1_Total,captis_pulse,buderim,residential,6669293.0,162656.26690821256,162772.0,2
2022,7,98257,DeviceTemperature,captis_pulse,buderim,residential,37.0,18.5,30.7,2
2022,7,10461,Pulse1,captis_pulse,buderim,residential,288.0,6.205882352941177,87.0,2
2022,7,10461,Pulse1_Total,captis_pulse,buderim,residential,1.2780576E7,311687.7193627451,312024.0,2
2022,7,10461,Battery,captis_pulse,buderim,residential,85.848,28.616,80.0,1
2022,7,10461,DeviceTemperature,captis_pulse,buderim,residential,34.4,17.2,28.6,2
2022,7,60192816,Pulse1,captis_pulse,buderim,residential,170.0,4.218823529411765,47.0,2
2022,7,60192816,Pulse1_Total,captis_pulse,buderim,residential,1646775.0,39195.94235294117,39514.0,2
2022,7,60192816,DeviceTemperature,captis_pulse,buderim,residential,9.6,9.6,9.6,1
2022,7,316787,Pulse1,captis_pulse,buderim,residential,316.0,8.18925831202046,64.0,2
2022,7,316787,Pulse1_Total,captis_pulse,buderim,residential,6634046.0,165817.11764705883,166183.0,2
2022,7,316787,DeviceTemperature,captis_pulse,buderim,residential,27.3,27.3,27.3,1
2022,7,61215978,Pulse1,captis_pulse,buderim,residential,0.0,0.0,0.0,2
2022,7,61215978,Pulse1_Total,captis_pulse,buderim,residential,1480.0,37.0,37.0,2
2022,7,61215978,DeviceTemperature,captis_pulse,buderim,residential,31.8,15.9,20.3,2
2022,7,711585,Pulse1,captis_pulse,buderim,residential,149.0,4.161684782608695,67.0,2
2022,7,711585,Pulse1_Total,captis_pulse,buderim,residential,1.119654E7,287073.9701086957,287240.0,2
2022,7,711585,Battery,captis_pulse,buderim,residential,71.782,23.927333333333333,66.0,1
2022,7,2312,Pulse1,captis_pulse,maroochydore,non-residential,81.0,1.9130434782608696,14.0,2
2022,7,2312,Pulse1_Total,captis_pulse,maroochydore,non-residential,6584363.0,168811.83423913043,168964.0,2
2022,7,2312,DeviceTemperature,captis_pulse,maroochydore,non-residential,9.2,9.2,9.2,1
2022,7,314227,Pulse1,captis_pulse,buderim,residential,156.0,3.795,39.0,2
2022,7,314227,Pulse1_Total,captis_pulse,buderim,residential,1.2740794E7,310725.005,311012.0,2
2022,7,314227,Battery,captis_pulse,buderim,residential,74.277,24.759,69.0,1
2022,7,314227,DeviceTemperature,captis_pulse,buderim,residential,18.7,18.7,18.7,1
2022,7,60192780,Pulse1,captis_pulse,buderim,residential,153.0,3.029761904761905,51.0,2
2022,7,60192780,Pulse1_Total,captis_pulse,buderim,residential,2296941.0,51013.731481481474,51214.0,2
2022,7,60192780,DeviceTemperature,captis_pulse,buderim,residential,32.370000000000005,16.185000000000002,18.1,2
2022,7,61331679,Pulse1,captis_pulse,buderim,residential,0.0,0.0,0.0,1
2022,7,61331679,Pulse1_Total,captis_pulse,buderim,residential,175.0,35.0,35.0,1
2022,7,62369873,Pulse1,captis_pulse,buderim,residential,0.0,0.0,0.0,2
2022,7,62369873,Pulse1_Total,captis_pulse,buderim,residential,23480.0,587.0,587.0,2
2022,7,62369873,DeviceTemperature,captis_pulse,buderim,residential,13.44,13.44,13.44,1
2022,7,62369873,Battery,captis_pulse,buderim,residential,70.716,23.572,65.0,1
2022,7,65091948,Pulse1,captis_pulse,maroochydore,non-residential,1230.0,26.397058823529413,100.0,2
2022,7,65091948,DeviceTemperature,captis_pulse,maroochydore,non-residential,24.84,12.42,15.04,1
2022,7,65091948,Battery,captis_pulse,maroochydore,non-residential,79.673,26.557666666666666,74.0,1
2022,7,81967932,Pulse1,captis_pulse,maroochydore,residential,640.0,47.84375,100.0,2
2022,7,81967932,DeviceTemperature,captis_pulse,maroochydore,residential,46.14,23.07,31.5,1
2022,7,81967932,Battery,captis_pulse,maroochydore,residential,73.65,36.825,70.0,1
2022,7,21955571,Pulse1,captis_pulse,dicky beach,non-residential,1160.0,23.866666666666667,270.0,2
2022,7,21955571,DeviceTemperature,captis_pulse,dicky beach,non-residential,16.5,16.5,16.5,1
2022,7,32981918,Pulse1,captis_pulse,maroochydore,non-residential,3795.0,85.71666666666667,246.0,2
2022,7,32981918,DeviceTemperature,captis_pulse,maroochydore,non-residential,55.650000000000006,20.8625,27.8,2
2022,7,32981918,Battery,captis_pulse,maroochydore,non-residential,71.341,23.78033333333333,66.0,1
2022,7,61240458,Pulse1,,,,0.0,0.0,0.0,2
2022,7,61240458,Pulse1_Total,,,,1320.0,33.0,33.0,2
2022,7,61240458,Battery,,,,73.281,24.427000000000003,68.0,1
2022,7,271268,Pulse1,captis_pulse,buderim,residential,11.0,0.25072463768115943,5.0,2
2022,7,271268,Pulse1_Total,captis_pulse,buderim,residential,1052769.0,27702.340579710144,27725.0,2
2022,7,271268,Battery,captis_pulse,buderim,residential,70.22999999999999,23.409999999999997,65.0,1
2022,7,271268,DeviceTemperature,captis_pulse,buderim,residential,34.8,17.4,28.3,2
2022,7,36810104,Pulse1,captis_pulse,redcliffe,non-residential,0.0,0.0,0.0,2
2022,7,36810104,Pulse1_Total,captis_pulse,redcliffe,non-residential,1.9689228E7,504852.0,504852.0,2
2022,7,36810104,Battery,captis_pulse,redcliffe,non-residential,73.63,24.543333333333333,68.0,1
2022,7,36810104,DeviceTemperature,captis_pulse,redcliffe,non-residential,31.4,15.7,20.9,2
2022,7,511418,Pulse1,captis_pulse,kuluin,residential,0.0,0.0,0.0,2
2022,7,511418,Pulse1_Total,captis_pulse,kuluin,residential,5142438.0,122439.0,122439.0,2
2022,7,511418,DeviceTemperature,captis_pulse,kuluin,residential,16.19,16.19,16.19,1
2022,7,2112,Pulse1,captis_pulse,maroochydore,residential,792.0,20.302083333333336,146.0,2
2022,7,2112,Pulse1_Total,captis_pulse,maroochydore,residential,2.2054539E7,551277.5,551972.0,2
2022,7,2112,DeviceTemperature,captis_pulse,maroochydore,residential,40.16,20.08,25.8,2
2022,7,2112,Battery,captis_pulse,maroochydore,residential,69.607,23.202333333333332,64.0,1
2022,7,21970062,Pulse1,captis_pulse,mountain creek,non-residential,215.0,5.243055555555555,80.0,2
2022,7,21970062,DeviceTemperature,captis_pulse,mountain creek,non-residential,21.0,21.0,21.0,1
2022,7,26934770,Pulse1,captis_pulse,maroochydore,non-residential,0.0,0.0,0.0,2
2022,7,26934770,Pulse1_Total,captis_pulse,maroochydore,non-residential,589580.0,14380.0,14380.0,2
2022,7,26934770,DeviceTemperature,captis_pulse,maroochydore,non-residential,39.21,19.605,25.2,2
2022,7,26934770,Battery,captis_pulse,maroochydore,non-residential,3.64,3.64,3.64,1
2022,7,311558,Pulse1,captis_pulse,buderim,residential,441.0,10.875,172.0,2
2022,7,311558,Pulse1_Total,captis_pulse,buderim,residential,2.2380326E7,559468.6354166667,559859.0,2
2022,7,311558,Battery,captis_pulse,buderim,residential,73.372,24.457333333333334,68.0,1
2022,7,45122030,Pulse1,captis_pulse,mountain creek,residential,115.0,2.7569444444444446,26.0,2
2022,7,45122030,Pulse1_Total,captis_pulse,mountain creek,residential,3582237.0,85280.47916666666,85436.0,2
2022,7,45122030,DeviceTemperature,captis_pulse,mountain creek,residential,13.39,13.39,13.39,1
2022,7,60255908,Pulse1,captis_pulse,buderim,residential,0.0,0.0,0.0,2
2022,7,60255908,Pulse1_Total,captis_pulse,buderim,residential,0.0,0.0,0.0,2
2022,7,60255908,Battery,captis_pulse,buderim,residential,3.62,3.62,3.62,1
2022,7,60833,Pulse1,captis_pulse,buderim,residential,28.0,0.7217948717948718,4.0,2
2022,7,60833,Pulse1_Total,captis_pulse,buderim,residential,3218966.0,78506.88846153846,78537.0,2
2022,7,60833,Battery,captis_pulse,buderim,residential,74.579,24.859666666666666,69.0,1
2022,7,62366298,Pulse1,captis_pulse,buderim,residential,69.0,1.371031746031746,6.0,2
2022,7,62366298,Pulse1_Total,captis_pulse,buderim,residential,1328368.0,28869.805555555555,28955.0,2
2022,7,62366298,DeviceTemperature,captis_pulse,buderim,residential,18.3,18.3,18.3,1
2022,7,64632488,Pulse1,captis_pulse,maroochydore,residential,1740.0,43.125,190.0,2
2022,7,64632488,DeviceTemperature,captis_pulse,maroochydore,residential,8.1,8.1,8.1,1
2022,7,81969681,Pulse1,captis_pulse,maroochydore,non-residential,280.0,9.333333333333334,280.0,2
2022,7,2203,Pulse1,captis_pulse,maroochydore,residential,38.0,0.90625,6.0,2
2022,7,2203,Pulse1_Total,captis_pulse,maroochydore,residential,7943742.0,198585.4479166667,198662.0,2
2022,7,2203,DeviceTemperature,captis_pulse,maroochydore,residential,8.6,8.6,8.6,1
2022,7,293809,Pulse1,captis_pulse,buderim,residential,233.0,5.149616368286445,120.0,2
2022,7,293809,Pulse1_Total,captis_pulse,buderim,residential,1.2325603E7,308129.8145780051,308363.0,2
2022,7,293809,DeviceTemperature,captis_pulse,buderim,residential,58.46,21.240000000000002,26.5,2
2022,7,46053342,Pulse1,captis_pulse,buderim,residential,1820.0,46.97916666666667,170.0,2
2022,7,46053342,Battery,captis_pulse,buderim,residential,1.74,1.74,1.74,1
2022,7,60962387,Pulse1,captis_pulse,buderim,residential,0.0,0.0,0.0,2
2022,7,60962387,Pulse1_Total,captis_pulse,buderim,residential,1530.0,34.0,34.0,2
2022,7,60962387,Battery,captis_pulse,buderim,residential,1.732,1.732,1.732,1
2022,7,60962387,DeviceTemperature,captis_pulse,buderim,residential,19.4,19.4,19.4,1
2022,7,64924,Pulse1,captis_pulse,buderim,residential,108.0,2.5893719806763285,25.0,2
2022,7,64924,Pulse1_Total,captis_pulse,buderim,residential,1.034572E7,252318.52053140098,252522.0,2
2022,7,64924,DeviceTemperature,captis_pulse,buderim,residential,7.5,7.5,7.5,1
2022,7,325277,Pulse1,captis_pulse,maroochydore,residential,0.0,0.0,0.0,2
2022,7,325277,Pulse1_Total,captis_pulse,maroochydore,residential,7234059.0,176440.38285024156,176442.0,2
2022,7,325277,DeviceTemperature,captis_pulse,maroochydore,residential,45.24,15.21,15.84,2
2022,7,285064,Pulse1,captis_pulse,maroochydore,residential,16.0,0.4405797101449275,1.0,2
2022,7,285064,Pulse1_Total,captis_pulse,maroochydore,residential,1300020.0,34209.362318840576,34225.0,2
2022,7,310546,Pulse1,captis_pulse,maroochydore,residential,245.0,6.360859728506787,89.0,2
2022,7,310546,Pulse1_Total,captis_pulse,maroochydore,residential,1.2043286E7,280050.33371040726,280282.0,2
2022,7,310546,DeviceTemperature,captis_pulse,maroochydore,residential,26.79,8.93,13.09,1
2022,7,45122395,Pulse1,captis_pulse,mountain creek,residential,272.0,7.502450980392156,54.0,2
2022,7,45122395,Pulse1_Total,captis_pulse,mountain creek,residential,4082003.0,99533.44485294117,99727.0,2
2022,7,45122395,DeviceTemperature,captis_pulse,mountain creek,residential,18.79,9.395,13.09,1
2022,7,21337815,Pulse1,captis_pulse,burnside,non-residential,6830.0,165.72916666666669,370.0,2
2022,7,21337815,DeviceTemperature,captis_pulse,burnside,non-residential,36.79,18.395,23.8,1
2022,7,21337815,Battery,captis_pulse,burnside,non-residential,3.64,3.64,3.64,1
2022,7,60218664,Pulse1,captis_pulse,buderim,residential,0.0,0.0,0.0,2
2022,7,60218664,Pulse1_Total,captis_pulse,buderim,residential,0.0,0.0,0.0,2
2022,7,60218664,DeviceTemperature,captis_pulse,buderim,residential,50.22,25.11,36.4,2
2022,7,60218664,Battery,captis_pulse,buderim,residential,71.591,23.863666666666663,66.0,1
2022,7,60941626,Pulse1,captis_pulse,buderim,residential,0.0,0.0,0.0,2
2022,7,60941626,Pulse1_Total,captis_pulse,buderim,residential,456125.0,11125.0,11125.0,2
2022,7,60941626,DeviceTemperature,captis_pulse,buderim,residential,33.36,16.68,17.2,2
2022,7,60941626,Battery,captis_pulse,buderim,residential,72.46,24.153333333333332,67.0,1
