date,year,month,meter_id,measurement_type,meter_type,suburb,usage_type,total_value,avg_value,max_value,min_value,reading_count,processed_time,issue_type,severity
2022-07-12,2022,7,67074,Pulse1_Total,captis_pulse,kuluin,residential,9699601.0,570564.7647058824,570660.0,570533.0,17,2025-12-23T13:39:34.573Z,HIGH_CONSUMPTION,WARNING
2022-07-13,2022,7,67074,Pulse1_Total,captis_pulse,kuluin,residential,1.4841608E7,570831.0769230769,571011.0,570660.0,26,2025-12-23T13:39:34.573Z,HIGH_CONSUMPTION,WARNING
2022-07-12,2022,7,81964841,Pulse1_Total,captis_pulse,kuluin,residential,3551414.0,221963.375,222021.0,221942.0,16,2025-12-23T13:39:34.573Z,HIGH_CONSUMPTION,WARNING
2022-07-13,2022,7,81964841,Pulse1_Total,captis_pulse,kuluin,residential,222041.0,222041.0,222041.0,222041.0,1,2025-12-23T13:39:34.573Z,HIGH_CONSUMPTION,WARNING
2022-07-12,2022,7,10272,Pulse1_Total,captis_pulse,buderim,residential,7557647.0,419869.27777777775,419889.0,419867.0,18,2025-12-23T13:39:34.573Z,HIGH_CONSUMPTION,WARNING
2022-07-13,2022,7,10272,Pulse1_Total,captis_pulse,buderim,residential,1.1765185E7,420185.1785714286,420517.0,419890.0,28,2025-12-23T13:39:34.573Z,HIGH_CONSUMPTION,WARNING
2022-07-12,2022,7,593686,Pulse1_Total,captis_pulse,buderim,residential,4618593.0,271681.9411764706,271754.0,271674.0,17,2025-12-23T13:39:34.573Z,HIGH_CONSUMPTION,WARNING
2022-07-13,2022,7,593686,Pulse1_Total,captis_pulse,buderim,residential,6531768.0,272157.0,272233.0,271977.0,24,2025-12-23T13:39:34.573Z,HIGH_CONSUMPTION,WARNING
2022-07-12,2022,7,65059861,Pulse1_Total,captis_pulse,scarborough,residential,1.5144894E7,890876.1176470588,892312.0,890122.0,17,2025-12-23T13:39:34.573Z,HIGH_CONSUMPTION,WARNING
2022-07-12,2022,7,313802,Pulse1_Total,captis_pulse,buderim,residential,7886517.0,463912.76470588235,463924.0,463912.0,17,2025-12-23T13:39:34.573Z,HIGH_CONSUMPTION,WARNING
2022-07-13,2022,7,313802,Pulse1_Total,captis_pulse,buderim,residential,1.0673023E7,464044.47826086957,464086.0,463924.0,23,2025-12-23T13:39:34.573Z,HIGH_CONSUMPTION,WARNING
2022-07-12,2022,7,61279693,Battery,captis_pulse,buderim,residential,2.043,2.043,2.043,2.043,1,2025-12-23T13:39:34.573Z,LOW_BATTERY,CRITICAL
2022-07-12,2022,7,62293883,Pulse1_Total,captis_pulse,buderim,residential,1360315.0,80018.5294117647,80163.0,79938.0,17,2025-12-23T13:39:34.573Z,HIGH_CONSUMPTION,WARNING
2022-07-13,2022,7,62293883,Pulse1_Total,captis_pulse,buderim,residential,1851559.0,80502.56521739131,80635.0,80175.0,23,2025-12-23T13:39:34.573Z,HIGH_CONSUMPTION,WARNING
2022-07-12,2022,7,62312765,Pulse1_Total,captis_pulse,buderim,residential,630377.0,37081.0,37081.0,37081.0,17,2025-12-23T13:39:34.573Z,HIGH_CONSUMPTION,WARNING
2022-07-13,2022,7,62312765,Pulse1_Total,captis_pulse,buderim,residential,964106.0,37081.0,37081.0,37081.0,26,2025-12-23T13:39:34.573Z,HIGH_CONSUMPTION,WARNING
2022-07-12,2022,7,62365471,Pulse1_Total,captis_pulse,buderim,residential,469086.0,27593.29411764706,27614.0,27589.0,17,2025-12-23T13:39:34.573Z,HIGH_CONSUMPTION,WARNING
2022-07-13,2022,7,62365471,Pulse1_Total,captis_pulse,buderim,residential,692006.0,27680.24,27737.0,27622.0,25,2025-12-23T13:39:34.573Z,HIGH_CONSUMPTION,WARNING
2022-07-12,2022,7,61200816,Pulse1_Total,captis_pulse,buderim,residential,291701.0,19446.733333333334,19537.0,19415.0,15,2025-12-23T13:39:34.573Z,HIGH_CONSUMPTION,WARNING
2022-07-13,2022,7,61200816,Pulse1_Total,captis_pulse,buderim,residential,489346.0,19573.84,19703.0,19546.0,25,2025-12-23T13:39:34.573Z,HIGH_CONSUMPTION,WARNING
2022-07-12,2022,7,62365439,Pulse1_Total,captis_pulse,buderim,residential,266403.0,14800.166666666666,14982.0,14747.0,18,2025-12-23T13:39:34.573Z,HIGH_CONSUMPTION,WARNING
2022-07-13,2022,7,62365439,Pulse1_Total,captis_pulse,buderim,residential,391622.0,15062.384615384615,15067.0,14991.0,26,2025-12-23T13:39:34.573Z,HIGH_CONSUMPTION,WARNING
2022-07-12,2022,7,9395586,Pulse1_Total,captis_pulse,buderim,residential,4061511.0,253844.4375,253912.0,253817.0,16,2025-12-23T13:39:34.573Z,HIGH_CONSUMPTION,WARNING
2022-07-13,2022,7,9395586,Pulse1_Total,captis_pulse,buderim,residential,6104764.0,254365.16666666666,254972.0,253920.0,24,2025-12-23T13:39:34.573Z,HIGH_CONSUMPTION,WARNING
2022-07-12,2022,7,283478,Pulse1_Total,captis_pulse,buderim,residential,6598999.0,412437.4375,412552.0,412421.0,16,2025-12-23T13:39:34.573Z,HIGH_CONSUMPTION,WARNING
2022-07-13,2022,7,283478,Pulse1_Total,captis_pulse,buderim,residential,9498508.0,412978.60869565216,413109.0,412605.0,23,2025-12-23T13:39:34.573Z,HIGH_CONSUMPTION,WARNING
2022-07-12,2022,7,61194261,Pulse1_Total,captis_pulse,buderim,residential,1071130.0,59507.22222222222,59561.0,59492.0,18,2025-12-23T13:39:34.573Z,HIGH_CONSUMPTION,WARNING
2022-07-13,2022,7,61194261,Pulse1_Total,captis_pulse,buderim,residential,1552583.0,59714.730769230766,59861.0,59561.0,26,2025-12-23T13:39:34.573Z,HIGH_CONSUMPTION,WARNING
2022-07-12,2022,7,76876,Pulse1_Total,captis_pulse,buderim,residential,7534746.0,358797.4285714286,358914.0,358767.0,21,2025-12-23T13:39:34.573Z,HIGH_CONSUMPTION,WARNING
2022-07-13,2022,7,76876,Pulse1_Total,captis_pulse,buderim,residential,8257486.0,359021.1304347826,359145.0,358915.0,23,2025-12-23T13:39:34.573Z,HIGH_CONSUMPTION,WARNING
2022-07-12,2022,7,61184899,Pulse1_Total,captis_pulse,buderim,residential,128945.0,7585.0,7585.0,7585.0,17,2025-12-23T13:39:34.573Z,HIGH_CONSUMPTION,WARNING
2022-07-13,2022,7,61184899,Pulse1_Total,captis_pulse,buderim,residential,197210.0,7585.0,7585.0,7585.0,26,2025-12-23T13:39:34.573Z,HIGH_CONSUMPTION,WARNING
2022-07-12,2022,7,9338236,Pulse1_Total,captis_pulse,mountain creek,residential,1604997.0,94411.58823529411,94454.0,94386.0,17,2025-12-23T13:39:34.573Z,HIGH_CONSUMPTION,WARNING
2022-07-13,2022,7,9338236,Pulse1_Total,captis_pulse,mountain creek,residential,2268207.0,94508.625,94635.0,94462.0,24,2025-12-23T13:39:34.573Z,HIGH_CONSUMPTION,WARNING
2022-07-12,2022,7,9027465,Pulse1_Total,captis_pulse,maroochydore,residential,4102115.0,227895.27777777778,227910.0,227890.0,18,2025-12-23T13:39:34.573Z,HIGH_CONSUMPTION,WARNING
2022-07-13,2022,7,9027465,Pulse1_Total,captis_pulse,maroochydore,residential,5471483.0,227978.45833333334,228161.0,227913.0,24,2025-12-23T13:39:34.573Z,HIGH_CONSUMPTION,WARNING
2022-07-12,2022,7,2138,Pulse1_Total,captis_pulse,maroochydore,residential,5165576.0,234798.9090909091,234829.0,234793.0,22,2025-12-23T13:39:34.573Z,HIGH_CONSUMPTION,WARNING
2022-07-13,2022,7,2138,Pulse1_Total,captis_pulse,maroochydore,residential,5640325.0,235013.54166666666,235047.0,234981.0,24,2025-12-23T13:39:34.573Z,HIGH_CONSUMPTION,WARNING
2022-07-12,2022,7,36290436,Pulse1_Total,captis_pulse,maroochydore,non-residential,6155120.0,362065.8823529412,362090.0,362060.0,17,2025-12-23T13:39:34.573Z,HIGH_CONSUMPTION,WARNING
2022-07-13,2022,7,36290436,Pulse1_Total,captis_pulse,maroochydore,non-residential,8331290.0,362230.0,362280.0,362100.0,23,2025-12-23T13:39:34.573Z,HIGH_CONSUMPTION,WARNING
2022-07-12,2022,7,61145239,Pulse1_Total,captis_pulse,buderim,residential,712378.0,41904.58823529412,41963.0,41888.0,17,2025-12-23T13:39:34.573Z,HIGH_CONSUMPTION,WARNING
2022-07-13,2022,7,61145239,Pulse1_Total,captis_pulse,buderim,residential,1009423.0,42059.291666666664,42122.0,41990.0,24,2025-12-23T13:39:34.573Z,HIGH_CONSUMPTION,WARNING
2022-07-12,2022,7,61148208,Pulse1_Total,captis_pulse,buderim,residential,2531514.0,148912.58823529413,149398.0,148773.0,17,2025-12-23T13:39:34.573Z,HIGH_CONSUMPTION,WARNING
2022-07-13,2022,7,61148208,Pulse1_Total,captis_pulse,buderim,residential,3738736.0,149549.44,149692.0,149411.0,25,2025-12-23T13:39:34.573Z,HIGH_CONSUMPTION,WARNING
2022-07-12,2022,7,82440924,Pulse1_Total,captis_pulse,maroochydore,residential,1710780.0,114052.0,114096.0,114030.0,15,2025-12-23T13:39:34.573Z,HIGH_CONSUMPTION,WARNING
2022-07-13,2022,7,82440924,Pulse1_Total,captis_pulse,maroochydore,residential,2738960.0,114123.33333333333,114274.0,114096.0,24,2025-12-23T13:39:34.573Z,HIGH_CONSUMPTION,WARNING
2022-07-12,2022,7,1664379,Pulse1_Total,captis_pulse,buderim,residential,6309928.0,394370.5,394371.0,394370.0,16,2025-12-23T13:39:34.573Z,HIGH_CONSUMPTION,WARNING
2022-07-13,2022,7,1664379,Pulse1_Total,captis_pulse,buderim,residential,8676245.0,394374.7727272727,394378.0,394371.0,22,2025-12-23T13:39:34.573Z,HIGH_CONSUMPTION,WARNING
2022-07-12,2022,7,62367082,Pulse1_Total,captis_pulse,buderim,residential,1051839.0,58435.5,58442.0,58431.0,18,2025-12-23T13:39:34.573Z,HIGH_CONSUMPTION,WARNING
2022-07-13,2022,7,62367082,Pulse1_Total,captis_pulse,buderim,residential,1519633.0,58447.42307692308,58451.0,58444.0,26,2025-12-23T13:39:34.573Z,HIGH_CONSUMPTION,WARNING
2022-07-12,2022,7,311042,Pulse1_Total,captis_pulse,buderim,residential,3703747.0,217867.4705882353,217886.0,217859.0,17,2025-12-23T13:39:34.573Z,HIGH_CONSUMPTION,WARNING
2022-07-13,2022,7,311042,Pulse1_Total,captis_pulse,buderim,residential,5448066.0,217922.64,217970.0,217888.0,25,2025-12-23T13:39:34.573Z,HIGH_CONSUMPTION,WARNING
2022-07-12,2022,7,602793,Pulse1_Total,captis_pulse,buderim,residential,3973023.0,233707.23529411765,233718.0,233689.0,17,2025-12-23T13:39:34.573Z,HIGH_CONSUMPTION,WARNING
2022-07-13,2022,7,602793,Pulse1_Total,captis_pulse,buderim,residential,5614915.0,233954.79166666666,233992.0,233838.0,24,2025-12-23T13:39:34.573Z,HIGH_CONSUMPTION,WARNING
2022-07-12,2022,7,278856,Pulse1_Total,captis_pulse,buderim,residential,9511686.0,559510.9411764706,559737.0,559340.0,17,2025-12-23T13:39:34.573Z,HIGH_CONSUMPTION,WARNING
2022-07-13,2022,7,278856,Pulse1_Total,captis_pulse,buderim,residential,1.344051E7,560021.25,560370.0,559757.0,24,2025-12-23T13:39:34.573Z,HIGH_CONSUMPTION,WARNING
2022-07-12,2022,7,351,Pulse1_Total,captis_pulse,maroochydore,residential,9196830.0,510935.0,510984.0,510901.0,18,2025-12-23T13:39:34.573Z,HIGH_CONSUMPTION,WARNING
2022-07-12,2022,7,351,Battery,captis_pulse,maroochydore,residential,2.014,2.014,2.014,2.014,1,2025-12-23T13:39:34.573Z,LOW_BATTERY,CRITICAL
2022-07-13,2022,7,351,Pulse1_Total,captis_pulse,maroochydore,residential,1.3287378E7,511053.0,511164.0,510984.0,26,2025-12-23T13:39:34.573Z,HIGH_CONSUMPTION,WARNING
2022-07-12,2022,7,66208658,Pulse1_Total,captis_pulse,buderim,residential,614389.0,30719.45,30782.0,30702.0,20,2025-12-23T13:39:34.573Z,HIGH_CONSUMPTION,WARNING
2022-07-13,2022,7,66208658,Pulse1_Total,captis_pulse,buderim,residential,711379.0,30929.521739130436,30981.0,30860.0,23,2025-12-23T13:39:34.573Z,HIGH_CONSUMPTION,WARNING
2022-07-12,2022,7,60194288,Pulse1_Total,captis_pulse,buderim,residential,147138.0,24523.0,24527.0,24520.0,6,2025-12-23T13:39:34.573Z,HIGH_CONSUMPTION,WARNING
2022-07-12,2022,7,61183261,Pulse1_Total,captis_pulse,buderim,residential,1558159.0,91656.41176470589,91781.0,91624.0,17,2025-12-23T13:39:34.573Z,HIGH_CONSUMPTION,WARNING
2022-07-13,2022,7,61183261,Pulse1_Total,captis_pulse,buderim,residential,2205598.0,91899.91666666667,92045.0,91800.0,24,2025-12-23T13:39:34.573Z,HIGH_CONSUMPTION,WARNING
2022-07-12,2022,7,61277558,Pulse1_Total,captis_pulse,buderim,residential,710575.0,47371.666666666664,47383.0,47362.0,15,2025-12-23T13:39:34.573Z,HIGH_CONSUMPTION,WARNING
2022-07-13,2022,7,61277558,Pulse1_Total,captis_pulse,buderim,residential,951986.0,47599.3,47683.0,47474.0,20,2025-12-23T13:39:34.573Z,HIGH_CONSUMPTION,WARNING
2022-07-12,2022,7,66556974,Pulse1_Total,captis_pulse,buderim,residential,1470709.0,77405.73684210527,77430.0,77401.0,19,2025-12-23T13:39:34.573Z,HIGH_CONSUMPTION,WARNING
2022-07-13,2022,7,66556974,Pulse1_Total,captis_pulse,buderim,residential,2172839.0,77601.39285714286,77833.0,77430.0,28,2025-12-23T13:39:34.573Z,HIGH_CONSUMPTION,WARNING
2022-07-12,2022,7,81963283,Pulse1_Total,captis_pulse,kuluin,residential,2172492.0,120694.0,120776.0,120661.0,18,2025-12-23T13:39:34.573Z,HIGH_CONSUMPTION,WARNING
2022-07-13,2022,7,81963283,Pulse1_Total,captis_pulse,kuluin,residential,845530.0,120790.0,120802.0,120785.0,7,2025-12-23T13:39:34.573Z,HIGH_CONSUMPTION,WARNING
2022-07-12,2022,7,586484,Pulse1_Total,captis_pulse,kuluin,residential,3212273.0,178459.61111111112,178572.0,178406.0,18,2025-12-23T13:39:34.573Z,HIGH_CONSUMPTION,WARNING
2022-07-12,2022,7,586484,Battery,captis_pulse,kuluin,residential,1.879,1.879,1.879,1.879,1,2025-12-23T13:39:34.573Z,LOW_BATTERY,CRITICAL
2022-07-13,2022,7,586484,Pulse1_Total,captis_pulse,kuluin,residential,4286293.0,178595.54166666666,178624.0,178572.0,24,2025-12-23T13:39:34.573Z,HIGH_CONSUMPTION,WARNING
2022-07-12,2022,7,9354554,Pulse1_Total,captis_pulse,maroochydore,residential,2087514.0,130469.625,130470.0,130469.0,16,2025-12-23T13:39:34.573Z,HIGH_CONSUMPTION,WARNING
2022-07-13,2022,7,9354554,Pulse1_Total,captis_pulse,maroochydore,residential,3003514.0,130587.56521739131,130688.0,130470.0,23,2025-12-23T13:39:34.573Z,HIGH_CONSUMPTION,WARNING
2022-07-12,2022,7,62120103,Pulse1_Total,captis_pulse,buderim,residential,385995.0,22705.58823529412,22913.0,22674.0,17,2025-12-23T13:39:34.573Z,HIGH_CONSUMPTION,WARNING
2022-07-13,2022,7,62120103,Pulse1_Total,captis_pulse,buderim,residential,527293.0,22925.782608695652,22943.0,22913.0,23,2025-12-23T13:39:34.573Z,HIGH_CONSUMPTION,WARNING
2022-07-12,2022,7,2702,Pulse1_Total,captis_pulse,buderim,residential,6440381.0,378845.9411764706,378937.0,378785.0,17,2025-12-23T13:39:34.573Z,HIGH_CONSUMPTION,WARNING
2022-07-13,2022,7,2702,Pulse1_Total,captis_pulse,buderim,residential,9099312.0,379138.0,379256.0,378945.0,24,2025-12-23T13:39:34.573Z,HIGH_CONSUMPTION,WARNING
2022-07-12,2022,7,62366320,Pulse1_Total,captis_pulse,buderim,residential,942075.0,58879.6875,58940.0,58844.0,16,2025-12-23T13:39:34.573Z,HIGH_CONSUMPTION,WARNING
2022-07-13,2022,7,62366320,Pulse1_Total,captis_pulse,buderim,residential,1416484.0,59020.166666666664,59154.0,58940.0,24,2025-12-23T13:39:34.573Z,HIGH_CONSUMPTION,WARNING
2022-07-12,2022,7,288781,Pulse1_Total,captis_pulse,buderim,residential,2449864.0,136103.55555555556,136160.0,136066.0,18,2025-12-23T13:39:34.573Z,HIGH_CONSUMPTION,WARNING
2022-07-13,2022,7,288781,Pulse1_Total,captis_pulse,buderim,residential,3132609.0,136200.39130434784,136275.0,136160.0,23,2025-12-23T13:39:34.573Z,HIGH_CONSUMPTION,WARNING
2022-07-12,2022,7,61569895,Pulse1_Total,captis_pulse,buderim,residential,1491773.0,82876.27777777778,82905.0,82839.0,18,2025-12-23T13:39:34.573Z,HIGH_CONSUMPTION,WARNING
2022-07-13,2022,7,61569895,Pulse1_Total,captis_pulse,buderim,residential,2166731.0,83335.80769230769,83715.0,82910.0,26,2025-12-23T13:39:34.573Z,HIGH_CONSUMPTION,WARNING
2022-07-12,2022,7,65104452,Battery,captis_pulse,maroochydore,residential,1.817,1.817,1.817,1.817,1,2025-12-23T13:39:34.573Z,LOW_BATTERY,CRITICAL
2022-07-12,2022,7,71651,Pulse1_Total,captis_pulse,buderim,residential,4991009.0,356500.64285714284,356501.0,356500.0,14,2025-12-23T13:39:34.573Z,HIGH_CONSUMPTION,WARNING
2022-07-13,2022,7,71651,Pulse1_Total,captis_pulse,buderim,residential,8556042.0,356501.75,356502.0,356501.0,24,2025-12-23T13:39:34.573Z,HIGH_CONSUMPTION,WARNING
2022-07-12,2022,7,8976644,Pulse1_Total,captis_pulse,maroochydore,residential,1296421.0,185203.0,185203.0,185203.0,7,2025-12-23T13:39:34.573Z,HIGH_CONSUMPTION,WARNING
2022-07-12,2022,7,21951013,Pulse1_Total,captis_pulse,caloundra,non-residential,5441790.0,362786.0,362865.0,362690.0,15,2025-12-23T13:39:34.573Z,HIGH_CONSUMPTION,WARNING
2022-07-13,2022,7,21951013,Pulse1_Total,captis_pulse,caloundra,non-residential,8348460.0,362976.52173913043,363070.0,362875.0,23,2025-12-23T13:39:34.573Z,HIGH_CONSUMPTION,WARNING
2022-07-12,2022,7,51718,Pulse1_Total,captis_pulse,maroochydore,residential,2593287.0,162080.4375,162189.0,162009.0,16,2025-12-23T13:39:34.573Z,HIGH_CONSUMPTION,WARNING
2022-07-13,2022,7,51718,Pulse1_Total,captis_pulse,maroochydore,residential,3895529.0,162313.70833333334,162403.0,162258.0,24,2025-12-23T13:39:34.573Z,HIGH_CONSUMPTION,WARNING
2022-07-12,2022,7,574464,Pulse1_Total,captis_pulse,kuluin,residential,4566717.0,285419.8125,285531.0,285387.0,16,2025-12-23T13:39:34.573Z,HIGH_CONSUMPTION,WARNING
2022-07-13,2022,7,574464,Pulse1_Total,captis_pulse,kuluin,residential,6854147.0,285589.4583333333,285622.0,285532.0,24,2025-12-23T13:39:34.573Z,HIGH_CONSUMPTION,WARNING
2022-07-12,2022,7,60192786,Pulse1_Total,captis_pulse,buderim,residential,1062889.0,66430.5625,66473.0,66416.0,16,2025-12-23T13:39:34.573Z,HIGH_CONSUMPTION,WARNING
2022-07-13,2022,7,60192786,Pulse1_Total,captis_pulse,buderim,residential,1537657.0,66854.65217391304,67012.0,66696.0,23,2025-12-23T13:39:34.573Z,HIGH_CONSUMPTION,WARNING
2022-07-12,2022,7,315559,Pulse1_Total,captis_pulse,maroochydore,residential,8324833.0,489696.0588235294,489771.0,489650.0,17,2025-12-23T13:39:34.573Z,HIGH_CONSUMPTION,WARNING
2022-07-13,2022,7,315559,Pulse1_Total,captis_pulse,maroochydore,residential,1.176118E7,490049.1666666667,490204.0,489808.0,24,2025-12-23T13:39:34.573Z,HIGH_CONSUMPTION,WARNING
2022-07-12,2022,7,2639656,Pulse1_Total,captis_pulse,maroochydore,residential,3822280.0,347480.0,347480.0,347480.0,11,2025-12-23T13:39:34.573Z,HIGH_CONSUMPTION,WARNING
2022-07-12,2022,7,591522,Pulse1_Total,captis_pulse,kuluin,residential,8303544.0,518971.5,519170.0,518887.0,16,2025-12-23T13:39:34.573Z,HIGH_CONSUMPTION,WARNING
2022-07-13,2022,7,591522,Pulse1_Total,captis_pulse,kuluin,residential,1.2466924E7,519455.1666666667,519661.0,519174.0,24,2025-12-23T13:39:34.573Z,HIGH_CONSUMPTION,WARNING
2022-07-12,2022,7,9343534,Pulse1_Total,captis_pulse,maroochydore,residential,420491.0,19113.227272727272,19133.0,19108.0,22,2025-12-23T13:39:34.573Z,HIGH_CONSUMPTION,WARNING
2022-07-13,2022,7,9343534,Pulse1_Total,captis_pulse,maroochydore,residential,497458.0,19133.0,19133.0,19133.0,26,2025-12-23T13:39:34.573Z,HIGH_CONSUMPTION,WARNING
2022-07-12,2022,7,60193498,Pulse1_Total,captis_pulse,buderim,residential,543246.0,77606.57142857143,77608.0,77605.0,7,2025-12-23T13:39:34.573Z,HIGH_CONSUMPTION,WARNING
2022-07-12,2022,7,60223987,Pulse1_Total,captis_pulse,buderim,residential,1255607.0,73859.23529411765,73920.0,73839.0,17,2025-12-23T13:39:34.573Z,HIGH_CONSUMPTION,WARNING
2022-07-13,2022,7,60223987,Pulse1_Total,captis_pulse,buderim,residential,1783862.0,74327.58333333333,74462.0,73924.0,24,2025-12-23T13:39:34.573Z,HIGH_CONSUMPTION,WARNING
2022-07-12,2022,7,2385,Pulse1_Total,captis_pulse,buderim,residential,4966106.0,292123.8823529412,292336.0,292082.0,17,2025-12-23T13:39:34.573Z,HIGH_CONSUMPTION,WARNING
2022-07-13,2022,7,2385,Pulse1_Total,captis_pulse,buderim,residential,7017500.0,292395.8333333333,292439.0,292352.0,24,2025-12-23T13:39:34.573Z,HIGH_CONSUMPTION,WARNING
2022-07-12,2022,7,258106,Pulse1_Total,captis_pulse,buderim,residential,8958415.0,407200.6818181818,407242.0,407193.0,22,2025-12-23T13:39:34.573Z,HIGH_CONSUMPTION,WARNING
2022-07-13,2022,7,258106,Pulse1_Total,captis_pulse,buderim,residential,9368940.0,407345.2173913043,407440.0,407298.0,23,2025-12-23T13:39:34.573Z,HIGH_CONSUMPTION,WARNING
2022-07-12,2022,7,2611977,Pulse1_Total,captis_pulse,maroochydore,residential,4792534.0,281913.76470588235,282055.0,281820.0,17,2025-12-23T13:39:34.573Z,HIGH_CONSUMPTION,WARNING
2022-07-13,2022,7,2611977,Pulse1_Total,captis_pulse,maroochydore,residential,6490646.0,282202.0,282316.0,282064.0,23,2025-12-23T13:39:34.573Z,HIGH_CONSUMPTION,WARNING
2022-07-12,2022,7,307439,Pulse1_Total,captis_pulse,buderim,residential,5684773.0,315820.72222222225,316009.0,315798.0,18,2025-12-23T13:39:34.573Z,HIGH_CONSUMPTION,WARNING
2022-07-13,2022,7,307439,Pulse1_Total,captis_pulse,buderim,residential,8219204.0,316123.23076923075,316321.0,316009.0,26,2025-12-23T13:39:34.573Z,HIGH_CONSUMPTION,WARNING
2022-07-12,2022,7,89940,Pulse1_Total,captis_pulse,buderim,residential,5627816.0,331048.0,331048.0,331048.0,17,2025-12-23T13:39:34.573Z,HIGH_CONSUMPTION,WARNING
2022-07-13,2022,7,89940,Pulse1_Total,captis_pulse,buderim,residential,8276215.0,331048.6,331049.0,331048.0,25,2025-12-23T13:39:34.573Z,HIGH_CONSUMPTION,WARNING
2022-07-12,2022,7,61246384,Pulse1_Total,captis_pulse,buderim,residential,1050503.0,58361.27777777778,58387.0,58337.0,18,2025-12-23T13:39:34.573Z,HIGH_CONSUMPTION,WARNING
2022-07-13,2022,7,61246384,Pulse1_Total,captis_pulse,buderim,residential,1408941.0,58705.875,58818.0,58509.0,24,2025-12-23T13:39:34.573Z,HIGH_CONSUMPTION,WARNING
2022-07-12,2022,7,81969310,Pulse1_Total,captis_pulse,maroochydore,non-residential,258408.0,14356.0,14356.0,14356.0,18,2025-12-23T13:39:34.573Z,HIGH_CONSUMPTION,WARNING
2022-07-12,2022,7,258562,Pulse1_Total,captis_pulse,buderim,residential,4156477.0,259779.8125,259802.0,259766.0,16,2025-12-23T13:39:34.573Z,HIGH_CONSUMPTION,WARNING
2022-07-13,2022,7,258562,Pulse1_Total,captis_pulse,buderim,residential,6238453.0,259935.54166666666,260150.0,259802.0,24,2025-12-23T13:39:34.573Z,HIGH_CONSUMPTION,WARNING
2022-07-12,2022,7,27446212,Pulse1_Total,captis_pulse,maroochydore,residential,1.0105684E7,594452.0,594452.0,594452.0,17,2025-12-23T13:39:34.573Z,HIGH_CONSUMPTION,WARNING
2022-07-13,2022,7,27446212,Pulse1_Total,captis_pulse,maroochydore,residential,1.4266848E7,594452.0,594452.0,594452.0,24,2025-12-23T13:39:34.573Z,HIGH_CONSUMPTION,WARNING
2022-07-12,2022,7,65102808,Pulse1_Total,captis_pulse,buderim,residential,4511580.0,265387.0588235294,265600.0,265350.0,17,2025-12-23T13:39:34.573Z,HIGH_CONSUMPTION,WARNING
2022-07-13,2022,7,65102808,Pulse1_Total,captis_pulse,buderim,residential,6374870.0,265619.5833333333,265620.0,265610.0,24,2025-12-23T13:39:34.573Z,HIGH_CONSUMPTION,WARNING
2022-07-12,2022,7,61572148,Pulse1_Total,captis_pulse,buderim,residential,614831.0,36166.529411764706,36230.0,36149.0,17,2025-12-23T13:39:34.573Z,HIGH_CONSUMPTION,WARNING
2022-07-13,2022,7,61572148,Pulse1_Total,captis_pulse,buderim,residential,872189.0,36341.208333333336,36353.0,36329.0,24,2025-12-23T13:39:34.573Z,HIGH_CONSUMPTION,WARNING
2022-07-12,2022,7,274703,Pulse1_Total,captis_pulse,kuluin,residential,9106487.0,535675.7058823529,535773.0,535622.0,17,2025-12-23T13:39:34.573Z,HIGH_CONSUMPTION,WARNING
2022-07-13,2022,7,274703,Pulse1_Total,captis_pulse,kuluin,residential,1.286622E7,536092.5,536347.0,535782.0,24,2025-12-23T13:39:34.573Z,HIGH_CONSUMPTION,WARNING
2022-07-12,2022,7,602584,Pulse1_Total,captis_pulse,buderim,residential,3254072.0,203379.5,203408.0,203368.0,16,2025-12-23T13:39:34.573Z,HIGH_CONSUMPTION,WARNING
2022-07-13,2022,7,602584,Pulse1_Total,captis_pulse,buderim,residential,4679293.0,203447.52173913043,203474.0,203415.0,23,2025-12-23T13:39:34.573Z,HIGH_CONSUMPTION,WARNING
2022-07-12,2022,7,61237090,Pulse1_Total,captis_pulse,buderim,residential,1463726.0,81318.11111111111,81560.0,81287.0,18,2025-12-23T13:39:34.573Z,HIGH_CONSUMPTION,WARNING
2022-07-13,2022,7,61237090,Pulse1_Total,captis_pulse,buderim,residential,1960244.0,81676.83333333333,81819.0,81562.0,24,2025-12-23T13:39:34.573Z,HIGH_CONSUMPTION,WARNING
2022-07-12,2022,7,66214206,Pulse1_Total,captis_pulse,buderim,residential,492637.0,32842.46666666667,32917.0,32828.0,15,2025-12-23T13:39:34.573Z,HIGH_CONSUMPTION,WARNING
2022-07-13,2022,7,66214206,Pulse1_Total,captis_pulse,buderim,residential,791413.0,32975.541666666664,33030.0,32925.0,24,2025-12-23T13:39:34.573Z,HIGH_CONSUMPTION,WARNING
2022-07-12,2022,7,55230,Pulse1_Total,captis_pulse,maroochydore,residential,4042901.0,237817.70588235295,237999.0,237760.0,17,2025-12-23T13:39:34.573Z,HIGH_CONSUMPTION,WARNING
2022-07-13,2022,7,55230,Pulse1_Total,captis_pulse,maroochydore,residential,5713579.0,238065.79166666666,238129.0,238012.0,24,2025-12-23T13:39:34.573Z,HIGH_CONSUMPTION,WARNING
2022-07-12,2022,7,587223,Pulse1_Total,captis_pulse,kuluin,residential,3994961.0,234997.70588235295,235088.0,234917.0,17,2025-12-23T13:39:34.573Z,HIGH_CONSUMPTION,WARNING
2022-07-13,2022,7,587223,Pulse1_Total,captis_pulse,kuluin,residential,5410012.0,235217.91304347827,235326.0,235106.0,23,2025-12-23T13:39:34.573Z,HIGH_CONSUMPTION,WARNING
2022-07-12,2022,7,621763,Pulse1_Total,captis_pulse,maroochydore,residential,2422774.0,121138.7,121229.0,121080.0,20,2025-12-23T13:39:34.573Z,HIGH_CONSUMPTION,WARNING
2022-07-13,2022,7,621763,Pulse1_Total,captis_pulse,maroochydore,residential,2910539.0,121272.45833333333,121433.0,121229.0,24,2025-12-23T13:39:34.573Z,HIGH_CONSUMPTION,WARNING
2022-07-12,2022,7,61274116,Pulse1_Total,captis_pulse,buderim,residential,461424.0,28839.0,28870.0,28832.0,16,2025-12-23T13:39:34.573Z,HIGH_CONSUMPTION,WARNING
2022-07-13,2022,7,61274116,Pulse1_Total,captis_pulse,buderim,residential,722583.0,28903.32,28923.0,28870.0,25,2025-12-23T13:39:34.573Z,HIGH_CONSUMPTION,WARNING
2022-07-12,2022,7,81426,Pulse1_Total,captis_pulse,buderim,residential,1.0406835E7,612166.7647058824,612348.0,612065.0,17,2025-12-23T13:39:34.573Z,HIGH_CONSUMPTION,WARNING
2022-07-13,2022,7,81426,Pulse1_Total,captis_pulse,buderim,residential,1.4085809E7,612426.4782608695,612472.0,612358.0,23,2025-12-23T13:39:34.573Z,HIGH_CONSUMPTION,WARNING
2022-07-12,2022,7,62365595,Pulse1_Total,captis_pulse,buderim,residential,860613.0,50624.294117647056,50773.0,50584.0,17,2025-12-23T13:39:34.573Z,HIGH_CONSUMPTION,WARNING
2022-07-13,2022,7,62365595,Pulse1_Total,captis_pulse,buderim,residential,1321155.0,50813.653846153844,50864.0,50773.0,26,2025-12-23T13:39:34.573Z,HIGH_CONSUMPTION,WARNING
2022-07-12,2022,7,67715036,Pulse1_Total,captis_pulse,buderim,residential,984734.0,70338.14285714286,70428.0,70295.0,14,2025-12-23T13:39:34.573Z,HIGH_CONSUMPTION,WARNING
2022-07-13,2022,7,67715036,Pulse1_Total,captis_pulse,buderim,residential,1693347.0,70556.125,70722.0,70428.0,24,2025-12-23T13:39:34.573Z,HIGH_CONSUMPTION,WARNING
2022-07-12,2022,7,45122201,Pulse1_Total,captis_pulse,mountain creek,residential,2263681.0,133157.70588235295,133241.0,133132.0,17,2025-12-23T13:39:34.573Z,HIGH_CONSUMPTION,WARNING
2022-07-13,2022,7,45122201,Pulse1_Total,captis_pulse,mountain creek,residential,3199522.0,133313.41666666666,133472.0,133241.0,24,2025-12-23T13:39:34.573Z,HIGH_CONSUMPTION,WARNING
2022-07-12,2022,7,61202132,Pulse1_Total,captis_pulse,buderim,residential,1154308.0,60753.05263157895,60782.0,60746.0,19,2025-12-23T13:39:34.573Z,HIGH_CONSUMPTION,WARNING
2022-07-13,2022,7,61202132,Pulse1_Total,captis_pulse,buderim,residential,1582393.0,60861.269230769234,60944.0,60783.0,26,2025-12-23T13:39:34.573Z,HIGH_CONSUMPTION,WARNING
2022-07-12,2022,7,62366180,Pulse1_Total,captis_pulse,buderim,residential,2022415.0,91927.95454545454,92130.0,91876.0,22,2025-12-23T13:39:34.573Z,HIGH_CONSUMPTION,WARNING
2022-07-13,2022,7,62366180,Pulse1_Total,captis_pulse,buderim,residential,2306722.0,92268.88,92362.0,92144.0,25,2025-12-23T13:39:34.573Z,HIGH_CONSUMPTION,WARNING
2022-07-12,2022,7,11344,Pulse1_Total,captis_pulse,buderim,residential,2681318.0,157724.58823529413,157772.0,157699.0,17,2025-12-23T13:39:34.573Z,HIGH_CONSUMPTION,WARNING
2022-07-13,2022,7,11344,Pulse1_Total,captis_pulse,buderim,residential,3791675.0,157986.45833333334,158068.0,157848.0,24,2025-12-23T13:39:34.573Z,HIGH_CONSUMPTION,WARNING
2022-07-12,2022,7,68897,Pulse1_Total,captis_pulse,buderim,residential,3597526.0,224845.375,224942.0,224833.0,16,2025-12-23T13:39:34.573Z,HIGH_CONSUMPTION,WARNING
2022-07-13,2022,7,68897,Pulse1_Total,captis_pulse,buderim,residential,5399755.0,224989.79166666666,225046.0,224947.0,24,2025-12-23T13:39:34.573Z,HIGH_CONSUMPTION,WARNING
2022-07-12,2022,7,117719,Pulse1_Total,captis_pulse,buderim,residential,2352087.0,147005.4375,147016.0,147003.0,16,2025-12-23T13:39:34.573Z,HIGH_CONSUMPTION,WARNING
2022-07-13,2022,7,117719,Pulse1_Total,captis_pulse,buderim,residential,3382454.0,147063.21739130435,147162.0,147016.0,23,2025-12-23T13:39:34.573Z,HIGH_CONSUMPTION,WARNING
2022-07-12,2022,7,458,Pulse1_Total,captis_pulse,maroochydore,residential,2520955.0,148291.4705882353,148304.0,148289.0,17,2025-12-23T13:39:34.573Z,HIGH_CONSUMPTION,WARNING
2022-07-13,2022,7,458,Pulse1_Total,captis_pulse,maroochydore,residential,3858832.0,148416.61538461538,148443.0,148319.0,26,2025-12-23T13:39:34.573Z,HIGH_CONSUMPTION,WARNING
2022-07-12,2022,7,64960,Pulse1_Total,captis_pulse,buderim,residential,1498733.0,88160.76470588235,88163.0,88159.0,17,2025-12-23T13:39:34.573Z,HIGH_CONSUMPTION,WARNING
2022-07-13,2022,7,64960,Pulse1_Total,captis_pulse,buderim,residential,2116012.0,88167.16666666667,88170.0,88164.0,24,2025-12-23T13:39:34.573Z,HIGH_CONSUMPTION,WARNING
2022-07-12,2022,7,281670,Pulse1_Total,captis_pulse,kuluin,residential,3205059.0,160252.95,160345.0,160188.0,20,2025-12-23T13:39:34.573Z,HIGH_CONSUMPTION,WARNING
2022-07-13,2022,7,281670,Pulse1_Total,captis_pulse,kuluin,residential,3851058.0,160460.75,160562.0,160369.0,24,2025-12-23T13:39:34.573Z,HIGH_CONSUMPTION,WARNING
2022-07-12,2022,7,72833,Pulse1_Total,captis_pulse,kuluin,residential,3141966.0,184821.5294117647,184923.0,184777.0,17,2025-12-23T13:39:34.573Z,HIGH_CONSUMPTION,WARNING
2022-07-13,2022,7,72833,Pulse1_Total,captis_pulse,kuluin,residential,4814616.0,185177.53846153847,185395.0,184975.0,26,2025-12-23T13:39:34.573Z,HIGH_CONSUMPTION,WARNING
2022-07-12,2022,7,60194007,Pulse1_Total,captis_pulse,buderim,residential,18340.0,9170.0,9170.0,9170.0,2,2025-12-23T13:39:34.573Z,HIGH_CONSUMPTION,WARNING
2022-07-12,2022,7,65438204,Pulse1_Total,captis_pulse,maroochydore,non-residential,1272195.0,74835.0,74835.0,74835.0,17,2025-12-23T13:39:34.573Z,HIGH_CONSUMPTION,WARNING
2022-07-13,2022,7,65438204,Pulse1_Total,captis_pulse,maroochydore,non-residential,1721205.0,74835.0,74835.0,74835.0,23,2025-12-23T13:39:34.573Z,HIGH_CONSUMPTION,WARNING
2022-07-12,2022,7,9080,Pulse1_Total,captis_pulse,buderim,residential,2650064.0,165629.0,165634.0,165625.0,16,2025-12-23T13:39:34.573Z,HIGH_CONSUMPTION,WARNING
2022-07-13,2022,7,9080,Pulse1_Total,captis_pulse,buderim,residential,4309845.0,165763.26923076922,165960.0,165634.0,26,2025-12-23T13:39:34.573Z,HIGH_CONSUMPTION,WARNING
2022-07-12,2022,7,270417,Pulse1_Total,captis_pulse,buderim,residential,2533140.0,158321.25,158347.0,158207.0,16,2025-12-23T13:39:34.573Z,HIGH_CONSUMPTION,WARNING
2022-07-13,2022,7,270417,Pulse1_Total,captis_pulse,buderim,residential,3642546.0,158371.5652173913,158420.0,158347.0,23,2025-12-23T13:39:34.573Z,HIGH_CONSUMPTION,WARNING
2022-07-12,2022,7,46380792,Battery,captis_pulse,maroochydore,residential,1.885,1.885,1.885,1.885,1,2025-12-23T13:39:34.573Z,LOW_BATTERY,CRITICAL
2022-07-12,2022,7,61144944,Pulse1_Total,captis_pulse,buderim,residential,969524.0,60595.25,60687.0,60580.0,16,2025-12-23T13:39:34.573Z,HIGH_CONSUMPTION,WARNING
2022-07-13,2022,7,61144944,Pulse1_Total,captis_pulse,buderim,residential,1459887.0,60828.625,60978.0,60725.0,24,2025-12-23T13:39:34.573Z,HIGH_CONSUMPTION,WARNING
2022-07-12,2022,7,73866,Pulse1_Total,captis_pulse,buderim,residential,1493960.0,186745.0,186745.0,186745.0,8,2025-12-23T13:39:34.573Z,HIGH_CONSUMPTION,WARNING
2022-07-12,2022,7,9202,Pulse1_Total,captis_pulse,buderim,residential,7531431.0,443025.35294117645,443172.0,442987.0,17,2025-12-23T13:39:34.573Z,HIGH_CONSUMPTION,WARNING
2022-07-13,2022,7,9202,Pulse1_Total,captis_pulse,buderim,residential,1.0641952E7,443414.6666666667,443547.0,443179.0,24,2025-12-23T13:39:34.573Z,HIGH_CONSUMPTION,WARNING
2022-07-12,2022,7,9394261,Pulse1_Total,captis_pulse,buderim,residential,4189921.0,209496.05,209635.0,209455.0,20,2025-12-23T13:39:34.573Z,HIGH_CONSUMPTION,WARNING
2022-07-13,2022,7,9394261,Pulse1_Total,captis_pulse,buderim,residential,5033394.0,209724.75,209863.0,209635.0,24,2025-12-23T13:39:34.573Z,HIGH_CONSUMPTION,WARNING
2022-07-12,2022,7,81966172,Pulse1_Total,captis_pulse,maroochydore,residential,1.1028688E7,689293.0,689293.0,689293.0,16,2025-12-23T13:39:34.573Z,HIGH_CONSUMPTION,WARNING
2022-07-12,2022,7,296099,Pulse1_Total,captis_pulse,kuluin,residential,2367553.0,112740.61904761905,112762.0,112732.0,21,2025-12-23T13:39:34.573Z,HIGH_CONSUMPTION,WARNING
2022-07-13,2022,7,296099,Pulse1_Total,captis_pulse,kuluin,residential,2707836.0,112826.5,112874.0,112773.0,24,2025-12-23T13:39:34.573Z,HIGH_CONSUMPTION,WARNING
2022-07-12,2022,7,61190052,Pulse1_Total,captis_pulse,buderim,residential,294896.0,42128.0,42128.0,42128.0,7,2025-12-23T13:39:34.573Z,HIGH_CONSUMPTION,WARNING
2022-07-12,2022,7,15527,Pulse1_Total,captis_pulse,buderim,residential,2035921.0,119760.05882352941,119771.0,119750.0,17,2025-12-23T13:39:34.573Z,HIGH_CONSUMPTION,WARNING
2022-07-13,2022,7,15527,Pulse1_Total,captis_pulse,buderim,residential,2997463.0,119898.52,119955.0,119773.0,25,2025-12-23T13:39:34.573Z,HIGH_CONSUMPTION,WARNING
2022-07-12,2022,7,595395,Pulse1_Total,captis_pulse,kuluin,residential,3797853.0,223403.11764705883,223467.0,223387.0,17,2025-12-23T13:39:34.573Z,HIGH_CONSUMPTION,WARNING
2022-07-13,2022,7,595395,Pulse1_Total,captis_pulse,kuluin,residential,5141712.0,223552.69565217392,223613.0,223473.0,23,2025-12-23T13:39:34.573Z,HIGH_CONSUMPTION,WARNING
2022-07-12,2022,7,62419764,Pulse1_Total,captis_pulse,buderim,residential,543150.0,31950.0,31950.0,31950.0,17,2025-12-23T13:39:34.573Z,HIGH_CONSUMPTION,WARNING
2022-07-13,2022,7,62419764,Pulse1_Total,captis_pulse,buderim,residential,766810.0,31950.416666666668,31951.0,31950.0,24,2025-12-23T13:39:34.573Z,HIGH_CONSUMPTION,WARNING
2022-07-12,2022,7,2691,Pulse1_Total,captis_pulse,buderim,residential,8074668.0,474980.4705882353,475218.0,474945.0,17,2025-12-23T13:39:34.573Z,HIGH_CONSUMPTION,WARNING
2022-07-12,2022,7,2691,Battery,captis_pulse,buderim,residential,1.912,1.912,1.912,1.912,1,2025-12-23T13:39:34.573Z,LOW_BATTERY,CRITICAL
2022-07-13,2022,7,2691,Pulse1_Total,captis_pulse,buderim,residential,1.093366E7,475376.52173913043,475563.0,475285.0,23,2025-12-23T13:39:34.573Z,HIGH_CONSUMPTION,WARNING
2022-07-12,2022,7,273456,Pulse1_Total,captis_pulse,buderim,residential,4070526.0,271368.4,271451.0,271339.0,15,2025-12-23T13:39:34.573Z,HIGH_CONSUMPTION,WARNING
2022-07-13,2022,7,273456,Pulse1_Total,captis_pulse,buderim,residential,6515733.0,271488.875,271552.0,271452.0,24,2025-12-23T13:39:34.573Z,HIGH_CONSUMPTION,WARNING
2022-07-12,2022,7,45121196,Pulse1_Total,captis_pulse,mountain creek,residential,3283040.0,193120.0,193136.0,193098.0,17,2025-12-23T13:39:34.573Z,HIGH_CONSUMPTION,WARNING
2022-07-12,2022,7,45121196,Battery,captis_pulse,mountain creek,residential,1.713,1.713,1.713,1.713,1,2025-12-23T13:39:34.573Z,LOW_BATTERY,CRITICAL
2022-07-13,2022,7,45121196,Pulse1_Total,captis_pulse,mountain creek,residential,4831615.0,193264.6,193324.0,193138.0,25,2025-12-23T13:39:34.573Z,HIGH_CONSUMPTION,WARNING
2022-07-12,2022,7,62365839,Pulse1_Total,captis_pulse,buderim,residential,620552.0,38784.5,38853.0,38769.0,16,2025-12-23T13:39:34.573Z,HIGH_CONSUMPTION,WARNING
2022-07-13,2022,7,62365839,Pulse1_Total,captis_pulse,buderim,residential,1013369.0,38975.730769230766,38984.0,38902.0,26,2025-12-23T13:39:34.573Z,HIGH_CONSUMPTION,WARNING
2022-07-12,2022,7,68985066,Pulse1_Total,captis_pulse,buderim,residential,708064.0,50576.0,50576.0,50576.0,14,2025-12-23T13:39:34.573Z,HIGH_CONSUMPTION,WARNING
2022-07-13,2022,7,68985066,Pulse1_Total,captis_pulse,buderim,residential,657488.0,50576.0,50576.0,50576.0,13,2025-12-23T13:39:34.573Z,HIGH_CONSUMPTION,WARNING
2022-07-12,2022,7,588695,Pulse1_Total,captis_pulse,buderim,residential,2083442.0,122555.41176470589,122570.0,122549.0,17,2025-12-23T13:39:34.573Z,HIGH_CONSUMPTION,WARNING
2022-07-13,2022,7,588695,Pulse1_Total,captis_pulse,buderim,residential,2819554.0,122589.30434782608,122620.0,122571.0,23,2025-12-23T13:39:34.573Z,HIGH_CONSUMPTION,WARNING
2022-07-12,2022,7,60449965,Pulse1_Total,captis_pulse,buderim,residential,817607.0,58400.5,58461.0,58365.0,14,2025-12-23T13:39:34.573Z,HIGH_CONSUMPTION,WARNING
2022-07-13,2022,7,60449965,Pulse1_Total,captis_pulse,buderim,residential,1409455.0,58727.291666666664,58791.0,58466.0,24,2025-12-23T13:39:34.573Z,HIGH_CONSUMPTION,WARNING
2022-07-12,2022,7,60563688,Pulse1_Total,captis_pulse,buderim,residential,1084105.0,72273.66666666667,72329.0,72264.0,15,2025-12-23T13:39:34.573Z,HIGH_CONSUMPTION,WARNING
2022-07-13,2022,7,60563688,Pulse1_Total,captis_pulse,buderim,residential,1739499.0,72479.125,72665.0,72395.0,24,2025-12-23T13:39:34.573Z,HIGH_CONSUMPTION,WARNING
2022-07-12,2022,7,62362043,Pulse1_Total,captis_pulse,buderim,residential,1664991.0,83249.55,83395.0,83215.0,20,2025-12-23T13:39:34.573Z,HIGH_CONSUMPTION,WARNING
2022-07-13,2022,7,62362043,Pulse1_Total,captis_pulse,buderim,residential,2339990.0,83571.07142857143,83722.0,83399.0,28,2025-12-23T13:39:34.573Z,HIGH_CONSUMPTION,WARNING
2022-07-12,2022,7,2277,Pulse1_Total,captis_pulse,maroochydore,residential,3809018.0,224059.88235294117,224097.0,224042.0,17,2025-12-23T13:39:34.573Z,HIGH_CONSUMPTION,WARNING
2022-07-13,2022,7,2277,Pulse1_Total,captis_pulse,maroochydore,residential,5828318.0,224166.07692307694,224243.0,224097.0,26,2025-12-23T13:39:34.573Z,HIGH_CONSUMPTION,WARNING
2022-07-12,2022,7,275819,Pulse1_Total,captis_pulse,buderim,residential,2658393.0,166149.5625,166188.0,166139.0,16,2025-12-23T13:39:34.573Z,HIGH_CONSUMPTION,WARNING
2022-07-13,2022,7,275819,Pulse1_Total,captis_pulse,buderim,residential,3991420.0,166309.16666666666,166356.0,166222.0,24,2025-12-23T13:39:34.573Z,HIGH_CONSUMPTION,WARNING
2022-07-12,2022,7,288542,Pulse1_Total,captis_pulse,kuluin,residential,5975839.0,351519.9411764706,351539.0,351509.0,17,2025-12-23T13:39:34.573Z,HIGH_CONSUMPTION,WARNING
2022-07-13,2022,7,288542,Pulse1_Total,captis_pulse,kuluin,residential,8088484.0,351673.2173913043,351885.0,351539.0,23,2025-12-23T13:39:34.573Z,HIGH_CONSUMPTION,WARNING
2022-07-12,2022,7,37093650,Pulse1_Total,captis_pulse,mountain creek,non-residential,1808629.0,113039.3125,113102.0,113025.0,16,2025-12-23T13:39:34.573Z,HIGH_CONSUMPTION,WARNING
2022-07-13,2022,7,37093650,Pulse1_Total,captis_pulse,mountain creek,non-residential,2836723.0,113468.92,113603.0,113128.0,25,2025-12-23T13:39:34.573Z,HIGH_CONSUMPTION,WARNING
2022-07-12,2022,7,61280482,Pulse1_Total,captis_pulse,buderim,residential,2162636.0,120146.44444444444,120265.0,120100.0,18,2025-12-23T13:39:34.573Z,HIGH_CONSUMPTION,WARNING
2022-07-13,2022,7,61280482,Pulse1_Total,captis_pulse,buderim,residential,2768552.0,120371.82608695653,120591.0,120304.0,23,2025-12-23T13:39:34.573Z,HIGH_CONSUMPTION,WARNING
2022-07-12,2022,7,81963606,Pulse1_Total,captis_pulse,kuluin,residential,3730819.0,233176.1875,233199.0,233164.0,16,2025-12-23T13:39:34.573Z,HIGH_CONSUMPTION,WARNING
2022-07-13,2022,7,81963606,Pulse1_Total,captis_pulse,kuluin,residential,233200.0,233200.0,233200.0,233200.0,1,2025-12-23T13:39:34.573Z,HIGH_CONSUMPTION,WARNING
2022-07-12,2022,7,314767,Pulse1_Total,captis_pulse,buderim,residential,6925309.0,407371.1176470588,407556.0,407284.0,17,2025-12-23T13:39:34.573Z,HIGH_CONSUMPTION,WARNING
2022-07-13,2022,7,314767,Pulse1_Total,captis_pulse,buderim,residential,9784781.0,407699.2083333333,408006.0,407559.0,24,2025-12-23T13:39:34.573Z,HIGH_CONSUMPTION,WARNING
2022-07-12,2022,7,421,Pulse1_Total,captis_pulse,maroochydore,residential,1700796.0,106299.75,106318.0,106293.0,16,2025-12-23T13:39:34.573Z,HIGH_CONSUMPTION,WARNING
2022-07-12,2022,7,421,Battery,captis_pulse,maroochydore,residential,2.017,2.017,2.017,2.017,1,2025-12-23T13:39:34.573Z,LOW_BATTERY,CRITICAL
2022-07-13,2022,7,421,Pulse1_Total,captis_pulse,maroochydore,residential,2552836.0,106368.16666666667,106393.0,106333.0,24,2025-12-23T13:39:34.573Z,HIGH_CONSUMPTION,WARNING
2022-07-12,2022,7,63067285,Pulse1_Total,captis_pulse,buderim,residential,7177892.0,422228.9411764706,422237.0,422221.0,17,2025-12-23T13:39:34.573Z,HIGH_CONSUMPTION,WARNING
2022-07-13,2022,7,63067285,Pulse1_Total,captis_pulse,buderim,residential,1.0133987E7,422249.4583333333,422260.0,422239.0,24,2025-12-23T13:39:34.573Z,HIGH_CONSUMPTION,WARNING
2022-07-12,2022,7,76298,Pulse1_Total,captis_pulse,buderim,residential,6344701.0,373217.70588235295,373305.0,373168.0,17,2025-12-23T13:39:34.573Z,HIGH_CONSUMPTION,WARNING
2022-07-13,2022,7,76298,Pulse1_Total,captis_pulse,buderim,residential,9708347.0,373397.96153846156,373487.0,373310.0,26,2025-12-23T13:39:34.573Z,HIGH_CONSUMPTION,WARNING
2022-07-12,2022,7,333896,Pulse1_Total,captis_pulse,buderim,residential,7578380.0,421021.1111111111,421194.0,421001.0,18,2025-12-23T13:39:34.573Z,HIGH_CONSUMPTION,WARNING
2022-07-13,2022,7,333896,Pulse1_Total,captis_pulse,buderim,residential,1.0115874E7,421494.75,421774.0,421271.0,24,2025-12-23T13:39:34.573Z,HIGH_CONSUMPTION,WARNING
2022-07-12,2022,7,334680,Pulse1_Total,captis_pulse,buderim,residential,2422524.0,151407.75,151529.0,151363.0,16,2025-12-23T13:39:34.573Z,HIGH_CONSUMPTION,WARNING
2022-07-13,2022,7,334680,Pulse1_Total,captis_pulse,buderim,residential,3640657.0,151694.04166666666,151859.0,151529.0,24,2025-12-23T13:39:34.573Z,HIGH_CONSUMPTION,WARNING
2022-07-12,2022,7,60375596,Pulse1_Total,captis_pulse,buderim,residential,119630.0,17090.0,17090.0,17090.0,7,2025-12-23T13:39:34.573Z,HIGH_CONSUMPTION,WARNING
2022-07-12,2022,7,60380115,Pulse1_Total,captis_pulse,buderim,residential,1404185.0,87761.5625,87869.0,87705.0,16,2025-12-23T13:39:34.573Z,HIGH_CONSUMPTION,WARNING
2022-07-13,2022,7,60380115,Pulse1_Total,captis_pulse,buderim,residential,2108888.0,87870.33333333333,87871.0,87869.0,24,2025-12-23T13:39:34.573Z,HIGH_CONSUMPTION,WARNING
2022-07-12,2022,7,71891,Pulse1_Total,captis_pulse,buderim,residential,3359402.0,197611.88235294117,197741.0,197556.0,17,2025-12-23T13:39:34.573Z,HIGH_CONSUMPTION,WARNING
2022-07-12,2022,7,71891,Battery,captis_pulse,buderim,residential,1.52,1.52,1.52,1.52,1,2025-12-23T13:39:34.573Z,LOW_BATTERY,CRITICAL
2022-07-13,2022,7,71891,Pulse1_Total,captis_pulse,buderim,residential,4945650.0,197826.0,197930.0,197751.0,25,2025-12-23T13:39:34.573Z,HIGH_CONSUMPTION,WARNING
2022-07-12,2022,7,13283,Pulse1_Total,captis_pulse,buderim,residential,3990088.0,285006.28571428574,285138.0,284911.0,14,2025-12-23T13:39:34.573Z,HIGH_CONSUMPTION,WARNING
2022-07-13,2022,7,13283,Pulse1_Total,captis_pulse,buderim,residential,6843819.0,285159.125,285178.0,285142.0,24,2025-12-23T13:39:34.573Z,HIGH_CONSUMPTION,WARNING
2022-07-12,2022,7,46056338,Pulse1_Total,captis_pulse,griffin,non-residential,1.5882946E7,882385.8888888889,884407.0,880877.0,18,2025-12-23T13:39:34.573Z,HIGH_CONSUMPTION,WARNING
2022-07-13,2022,7,46056338,Pulse1_Total,captis_pulse,griffin,non-residential,2.1288768E7,887032.0,889237.0,884597.0,24,2025-12-23T13:39:34.573Z,HIGH_CONSUMPTION,WARNING
2022-07-12,2022,7,46056720,Pulse1_Total,captis_pulse,maroochydore,non-residential,1.4352852E7,897053.25,897202.0,896972.0,16,2025-12-23T13:39:34.573Z,HIGH_CONSUMPTION,WARNING
2022-07-13,2022,7,46056720,Pulse1_Total,captis_pulse,maroochydore,non-residential,2.0642946E7,897519.3913043478,897702.0,897222.0,23,2025-12-23T13:39:34.573Z,HIGH_CONSUMPTION,WARNING
2022-07-12,2022,7,62362145,Pulse1_Total,captis_pulse,buderim,residential,754276.0,47142.25,47264.0,47111.0,16,2025-12-23T13:39:34.573Z,HIGH_CONSUMPTION,WARNING
2022-07-13,2022,7,62362145,Pulse1_Total,captis_pulse,buderim,residential,1137604.0,47400.166666666664,47469.0,47332.0,24,2025-12-23T13:39:34.573Z,HIGH_CONSUMPTION,WARNING
2022-07-12,2022,7,62366197,Pulse1_Total,captis_pulse,buderim,residential,377366.0,20964.777777777777,21067.0,20952.0,18,2025-12-23T13:39:34.573Z,HIGH_CONSUMPTION,WARNING
2022-07-13,2022,7,62366197,Pulse1_Total,captis_pulse,buderim,residential,528281.0,21131.24,21162.0,21071.0,25,2025-12-23T13:39:34.573Z,HIGH_CONSUMPTION,WARNING
2022-07-12,2022,7,299418,Pulse1_Total,captis_pulse,buderim,residential,1825501.0,114093.8125,114119.0,114080.0,16,2025-12-23T13:39:34.573Z,HIGH_CONSUMPTION,WARNING
2022-07-13,2022,7,299418,Pulse1_Total,captis_pulse,buderim,residential,2739975.0,114165.625,114253.0,114119.0,24,2025-12-23T13:39:34.573Z,HIGH_CONSUMPTION,WARNING
2022-07-12,2022,7,66208682,Pulse1_Total,captis_pulse,buderim,residential,403117.0,23712.764705882353,23725.0,23706.0,17,2025-12-23T13:39:34.573Z,HIGH_CONSUMPTION,WARNING
2022-07-13,2022,7,66208682,Pulse1_Total,captis_pulse,buderim,residential,570580.0,23774.166666666668,23808.0,23726.0,24,2025-12-23T13:39:34.573Z,HIGH_CONSUMPTION,WARNING
2022-07-12,2022,7,1276270,Pulse1_Total,captis_pulse,maroochydore,residential,1446966.0,160774.0,160774.0,160774.0,9,2025-12-23T13:39:34.573Z,HIGH_CONSUMPTION,WARNING
2022-07-12,2022,7,307054,Pulse1_Total,captis_pulse,maroochydore,residential,4747880.0,339134.28571428574,339270.0,339079.0,14,2025-12-23T13:39:34.573Z,HIGH_CONSUMPTION,WARNING
2022-07-13,2022,7,307054,Pulse1_Total,captis_pulse,maroochydore,residential,7805487.0,339369.0,339522.0,339274.0,23,2025-12-23T13:39:34.573Z,HIGH_CONSUMPTION,WARNING
2022-07-12,2022,7,60223976,Pulse1_Total,captis_pulse,buderim,residential,1595316.0,106354.4,106423.0,106344.0,15,2025-12-23T13:39:34.573Z,HIGH_CONSUMPTION,WARNING
2022-07-13,2022,7,60223976,Pulse1_Total,captis_pulse,buderim,residential,2663226.0,106529.04,106556.0,106475.0,25,2025-12-23T13:39:34.573Z,HIGH_CONSUMPTION,WARNING
2022-07-12,2022,7,733,Pulse1_Total,captis_pulse,maroochydore,residential,9231649.0,485876.2631578947,485994.0,485824.0,19,2025-12-23T13:39:34.573Z,HIGH_CONSUMPTION,WARNING
2022-07-13,2022,7,733,Pulse1_Total,captis_pulse,maroochydore,residential,1.1667392E7,486141.3333333333,486368.0,485995.0,24,2025-12-23T13:39:34.573Z,HIGH_CONSUMPTION,WARNING
2022-07-12,2022,7,9031818,Pulse1_Total,captis_pulse,maroochydore,residential,1766861.0,103933.0,103933.0,103933.0,17,2025-12-23T13:39:34.573Z,HIGH_CONSUMPTION,WARNING
2022-07-13,2022,7,9031818,Pulse1_Total,captis_pulse,maroochydore,residential,2598328.0,103933.12,103934.0,103933.0,25,2025-12-23T13:39:34.573Z,HIGH_CONSUMPTION,WARNING
2022-07-12,2022,7,577012,Pulse1_Total,captis_pulse,buderim,residential,6287434.0,419162.26666666666,419222.0,419149.0,15,2025-12-23T13:39:34.573Z,HIGH_CONSUMPTION,WARNING
2022-07-13,2022,7,577012,Pulse1_Total,captis_pulse,buderim,residential,9645884.0,419386.26086956525,419484.0,419291.0,23,2025-12-23T13:39:34.573Z,HIGH_CONSUMPTION,WARNING
2022-07-12,2022,7,61144928,Pulse1_Total,captis_pulse,buderim,residential,1764546.0,98030.33333333333,98285.0,97976.0,18,2025-12-23T13:39:34.573Z,HIGH_CONSUMPTION,WARNING
2022-07-13,2022,7,61144928,Pulse1_Total,captis_pulse,buderim,residential,2759186.0,98542.35714285714,98857.0,98285.0,28,2025-12-23T13:39:34.573Z,HIGH_CONSUMPTION,WARNING
2022-07-12,2022,7,684,Pulse1_Total,captis_pulse,maroochydore,residential,3919204.0,230541.41176470587,230593.0,230524.0,17,2025-12-23T13:39:34.573Z,HIGH_CONSUMPTION,WARNING
2022-07-13,2022,7,684,Pulse1_Total,captis_pulse,maroochydore,residential,5534883.0,230620.125,230646.0,230598.0,24,2025-12-23T13:39:34.573Z,HIGH_CONSUMPTION,WARNING
2022-07-12,2022,7,77285,Pulse1_Total,captis_pulse,buderim,residential,5549844.0,326461.4117647059,326610.0,326411.0,17,2025-12-23T13:39:34.573Z,HIGH_CONSUMPTION,WARNING
2022-07-12,2022,7,77285,Battery,captis_pulse,buderim,residential,2.846,2.846,2.846,2.846,1,2025-12-23T13:39:34.573Z,LOW_BATTERY,CRITICAL
2022-07-13,2022,7,77285,Pulse1_Total,captis_pulse,buderim,residential,7839653.0,326652.2083333333,326740.0,326610.0,24,2025-12-23T13:39:34.573Z,HIGH_CONSUMPTION,WARNING
2022-07-12,2022,7,22604171,Pulse1_Total,captis_pulse,albany creek,non-residential,1.13891E7,759273.3333333334,759445.0,759215.0,15,2025-12-23T13:39:34.573Z,HIGH_CONSUMPTION,WARNING
2022-07-13,2022,7,22604171,Pulse1_Total,captis_pulse,albany creek,non-residential,1.824573E7,760238.75,760465.0,759625.0,24,2025-12-23T13:39:34.573Z,HIGH_CONSUMPTION,WARNING
2022-07-12,2022,7,294921,Pulse1_Total,captis_pulse,buderim,residential,3674832.0,229677.0,229677.0,229677.0,16,2025-12-23T13:39:34.573Z,HIGH_CONSUMPTION,WARNING
2022-07-13,2022,7,294921,Pulse1_Total,captis_pulse,buderim,residential,5744328.0,229773.12,229844.0,229677.0,25,2025-12-23T13:39:34.573Z,HIGH_CONSUMPTION,WARNING
2022-07-12,2022,7,60223933,Pulse1_Total,captis_pulse,buderim,residential,1388816.0,81695.05882352941,81862.0,81586.0,17,2025-12-23T13:39:34.573Z,HIGH_CONSUMPTION,WARNING
2022-07-13,2022,7,60223933,Pulse1_Total,captis_pulse,buderim,residential,1967393.0,81974.70833333333,82057.0,81908.0,24,2025-12-23T13:39:34.573Z,HIGH_CONSUMPTION,WARNING
2022-07-12,2022,7,69436,Pulse1_Total,captis_pulse,buderim,residential,3530000.0,220625.0,220684.0,220605.0,16,2025-12-23T13:39:34.573Z,HIGH_CONSUMPTION,WARNING
2022-07-13,2022,7,69436,Pulse1_Total,captis_pulse,buderim,residential,5297589.0,220732.875,220772.0,220690.0,24,2025-12-23T13:39:34.573Z,HIGH_CONSUMPTION,WARNING
2022-07-12,2022,7,81844,Pulse1_Total,captis_pulse,buderim,residential,5872916.0,367057.25,367138.0,367013.0,16,2025-12-23T13:39:34.573Z,HIGH_CONSUMPTION,WARNING
2022-07-13,2022,7,81844,Pulse1_Total,captis_pulse,buderim,residential,9181722.0,367268.88,367505.0,367138.0,25,2025-12-23T13:39:34.573Z,HIGH_CONSUMPTION,WARNING
2022-07-12,2022,7,1792,Pulse1_Total,captis_pulse,maroochydore,residential,4531496.0,238499.7894736842,238661.0,238425.0,19,2025-12-23T13:39:34.573Z,HIGH_CONSUMPTION,WARNING
2022-07-13,2022,7,1792,Pulse1_Total,captis_pulse,maroochydore,residential,5496543.0,238980.13043478262,239216.0,238673.0,23,2025-12-23T13:39:34.573Z,HIGH_CONSUMPTION,WARNING
2022-07-12,2022,7,590801,Pulse1_Total,captis_pulse,buderim,residential,4506499.0,321892.78571428574,322046.0,321812.0,14,2025-12-23T13:39:34.573Z,HIGH_CONSUMPTION,WARNING
2022-07-13,2022,7,590801,Pulse1_Total,captis_pulse,buderim,residential,7732168.0,322173.6666666667,322430.0,322055.0,24,2025-12-23T13:39:34.573Z,HIGH_CONSUMPTION,WARNING
2022-07-12,2022,7,63076216,Pulse1_Total,captis_pulse,maroochydore,non-residential,1.2275248E7,767203.0,767203.0,767203.0,16,2025-12-23T13:39:34.573Z,HIGH_CONSUMPTION,WARNING
2022-07-13,2022,7,63076216,Pulse1_Total,captis_pulse,maroochydore,non-residential,1.7645669E7,767203.0,767203.0,767203.0,23,2025-12-23T13:39:34.573Z,HIGH_CONSUMPTION,WARNING
2022-07-12,2022,7,64629961,Pulse1_Total,captis_pulse,maroochydore,residential,1213796.0,67433.11111111111,67442.0,67432.0,18,2025-12-23T13:39:34.573Z,HIGH_CONSUMPTION,WARNING
2022-07-12,2022,7,64629961,Battery,captis_pulse,maroochydore,residential,1.776,1.776,1.776,1.776,1,2025-12-23T13:39:34.573Z,LOW_BATTERY,CRITICAL
2022-07-13,2022,7,64629961,Pulse1_Total,captis_pulse,maroochydore,residential,1754602.0,67484.69230769231,67512.0,67442.0,26,2025-12-23T13:39:34.573Z,HIGH_CONSUMPTION,WARNING
2022-07-12,2022,7,65027565,Pulse1_Total,captis_pulse,maroochydore,non-residential,1.40664E7,879150.0,879300.0,879100.0,16,2025-12-23T13:39:34.573Z,HIGH_CONSUMPTION,WARNING
2022-07-13,2022,7,65027565,Pulse1_Total,captis_pulse,maroochydore,non-residential,2.11143E7,879762.5,880000.0,879300.0,24,2025-12-23T13:39:34.573Z,HIGH_CONSUMPTION,WARNING
2022-07-12,2022,7,22680113,Pulse1_Total,captis_pulse,mountain creek,non-residential,105296.0,6581.0,6581.0,6581.0,16,2025-12-23T13:39:34.573Z,HIGH_CONSUMPTION,WARNING
2022-07-13,2022,7,22680113,Pulse1_Total,captis_pulse,mountain creek,non-residential,157944.0,6581.0,6581.0,6581.0,24,2025-12-23T13:39:34.573Z,HIGH_CONSUMPTION,WARNING
2022-07-12,2022,7,57398,Pulse1_Total,captis_pulse,buderim,residential,2201120.0,146741.33333333334,146769.0,146725.0,15,2025-12-23T13:39:34.573Z,HIGH_CONSUMPTION,WARNING
2022-07-13,2022,7,57398,Pulse1_Total,captis_pulse,buderim,residential,3523214.0,146800.58333333334,146913.0,146769.0,24,2025-12-23T13:39:34.573Z,HIGH_CONSUMPTION,WARNING
2022-07-12,2022,7,68780,Pulse1_Total,captis_pulse,buderim,residential,7000873.0,437554.5625,437646.0,437437.0,16,2025-12-23T13:39:34.573Z,HIGH_CONSUMPTION,WARNING
2022-07-13,2022,7,68780,Pulse1_Total,captis_pulse,buderim,residential,1.0506961E7,437790.0416666667,438107.0,437646.0,24,2025-12-23T13:39:34.573Z,HIGH_CONSUMPTION,WARNING
2022-07-12,2022,7,22047833,Pulse1_Total,captis_pulse,birtinya,#n/a,2223770.0,130810.0,130810.0,130810.0,17,2025-12-23T13:39:34.573Z,HIGH_CONSUMPTION,WARNING
2022-07-13,2022,7,22047833,Pulse1_Total,captis_pulse,birtinya,#n/a,3270250.0,130810.0,130810.0,130810.0,25,2025-12-23T13:39:34.573Z,HIGH_CONSUMPTION,WARNING
2022-07-12,2022,7,61217785,Pulse1_Total,captis_pulse,buderim,residential,561923.0,35120.1875,35289.0,35063.0,16,2025-12-23T13:39:34.573Z,HIGH_CONSUMPTION,WARNING
2022-07-13,2022,7,61217785,Pulse1_Total,captis_pulse,buderim,residential,812717.0,35335.52173913043,35387.0,35291.0,23,2025-12-23T13:39:34.573Z,HIGH_CONSUMPTION,WARNING
2022-07-12,2022,7,64629928,Pulse1_Total,captis_pulse,buderim,residential,167025.0,9825.0,9825.0,9825.0,17,2025-12-23T13:39:34.573Z,HIGH_CONSUMPTION,WARNING
2022-07-13,2022,7,64629928,Pulse1_Total,captis_pulse,buderim,residential,235800.0,9825.0,9825.0,9825.0,24,2025-12-23T13:39:34.573Z,HIGH_CONSUMPTION,WARNING
2022-07-12,2022,7,281900,Pulse1_Total,captis_pulse,buderim,residential,4756408.0,279788.70588235295,279961.0,279741.0,17,2025-12-23T13:39:34.573Z,HIGH_CONSUMPTION,WARNING
2022-07-13,2022,7,281900,Pulse1_Total,captis_pulse,buderim,residential,6719937.0,279997.375,280012.0,279981.0,24,2025-12-23T13:39:34.573Z,HIGH_CONSUMPTION,WARNING
2022-07-12,2022,7,311065,Pulse1_Total,captis_pulse,buderim,residential,3540033.0,221252.0625,221307.0,221234.0,16,2025-12-23T13:39:34.573Z,HIGH_CONSUMPTION,WARNING
2022-07-13,2022,7,311065,Pulse1_Total,captis_pulse,buderim,residential,5313475.0,221394.79166666666,221504.0,221307.0,24,2025-12-23T13:39:34.573Z,HIGH_CONSUMPTION,WARNING
2022-07-12,2022,7,586352,Pulse1_Total,captis_pulse,kuluin,residential,4707192.0,276893.64705882355,276975.0,276859.0,17,2025-12-23T13:39:34.573Z,HIGH_CONSUMPTION,WARNING
2022-07-13,2022,7,586352,Pulse1_Total,captis_pulse,kuluin,residential,7203380.0,277053.07692307694,277131.0,276976.0,26,2025-12-23T13:39:34.573Z,HIGH_CONSUMPTION,WARNING
2022-07-12,2022,7,67715754,Pulse1_Total,captis_pulse,buderim,residential,952276.0,56016.23529411765,56148.0,55970.0,17,2025-12-23T13:39:34.573Z,HIGH_CONSUMPTION,WARNING
2022-07-12,2022,7,67715754,Battery,captis_pulse,buderim,residential,1.729,1.729,1.729,1.729,1,2025-12-23T13:39:34.573Z,LOW_BATTERY,CRITICAL
2022-07-13,2022,7,67715754,Pulse1_Total,captis_pulse,buderim,residential,1462032.0,56232.0,56329.0,56150.0,26,2025-12-23T13:39:34.573Z,HIGH_CONSUMPTION,WARNING
2022-07-12,2022,7,55775,Pulse1_Total,captis_pulse,maroochydore,residential,2201360.0,137585.0,137585.0,137585.0,16,2025-12-23T13:39:34.573Z,HIGH_CONSUMPTION,WARNING
2022-07-13,2022,7,55775,Pulse1_Total,captis_pulse,maroochydore,residential,3302040.0,137585.0,137585.0,137585.0,24,2025-12-23T13:39:34.573Z,HIGH_CONSUMPTION,WARNING
2022-07-12,2022,7,64254,Pulse1_Total,captis_pulse,buderim,residential,4951755.0,291279.70588235295,291423.0,291255.0,17,2025-12-23T13:39:34.573Z,HIGH_CONSUMPTION,WARNING
2022-07-13,2022,7,64254,Pulse1_Total,captis_pulse,buderim,residential,6997291.0,291553.7916666667,291602.0,291431.0,24,2025-12-23T13:39:34.573Z,HIGH_CONSUMPTION,WARNING
2022-07-12,2022,7,585501,Pulse1_Total,captis_pulse,buderim,residential,2674480.0,167155.0,167186.0,167141.0,16,2025-12-23T13:39:34.573Z,HIGH_CONSUMPTION,WARNING
2022-07-13,2022,7,585501,Pulse1_Total,captis_pulse,buderim,residential,4013965.0,167248.54166666666,167286.0,167198.0,24,2025-12-23T13:39:34.573Z,HIGH_CONSUMPTION,WARNING
2022-07-12,2022,7,61506145,Pulse1_Total,captis_pulse,buderim,non-residential,563593.0,35224.5625,35259.0,35219.0,16,2025-12-23T13:39:34.573Z,HIGH_CONSUMPTION,WARNING
2022-07-13,2022,7,61506145,Pulse1_Total,captis_pulse,buderim,non-residential,815433.0,35453.608695652176,35496.0,35357.0,23,2025-12-23T13:39:34.573Z,HIGH_CONSUMPTION,WARNING
2022-07-12,2022,7,100133,Pulse1_Total,captis_pulse,buderim,residential,7411516.0,435971.5294117647,436091.0,435855.0,17,2025-12-23T13:39:34.573Z,HIGH_CONSUMPTION,WARNING
2022-07-13,2022,7,100133,Pulse1_Total,captis_pulse,buderim,residential,1.0907505E7,436300.2,436709.0,436092.0,25,2025-12-23T13:39:34.573Z,HIGH_CONSUMPTION,WARNING
2022-07-12,2022,7,27713072,Battery,captis_pulse,maroochydore,#n/a,1.707,1.707,1.707,1.707,1,2025-12-23T13:39:34.573Z,LOW_BATTERY,CRITICAL
2022-07-12,2022,7,583492,Pulse1_Total,captis_pulse,kuluin,residential,4747054.0,279238.4705882353,279344.0,279204.0,17,2025-12-23T13:39:34.573Z,HIGH_CONSUMPTION,WARNING
2022-07-13,2022,7,583492,Pulse1_Total,captis_pulse,kuluin,residential,6705149.0,279381.2083333333,279463.0,279344.0,24,2025-12-23T13:39:34.573Z,HIGH_CONSUMPTION,WARNING
2022-07-12,2022,7,61149604,Pulse1_Total,captis_pulse,buderim,residential,570264.0,95044.0,95044.0,95044.0,6,2025-12-23T13:39:34.573Z,HIGH_CONSUMPTION,WARNING
2022-07-12,2022,7,82308,Pulse1_Total,captis_pulse,buderim,residential,5527720.0,325160.0,325229.0,325152.0,17,2025-12-23T13:39:34.573Z,HIGH_CONSUMPTION,WARNING
2022-07-13,2022,7,82308,Pulse1_Total,captis_pulse,buderim,residential,7807906.0,325329.4166666667,325335.0,325326.0,24,2025-12-23T13:39:34.573Z,HIGH_CONSUMPTION,WARNING
2022-07-12,2022,7,22609922,Battery,captis_pulse,north lakes,non-residential,1.922,1.922,1.922,1.922,1,2025-12-23T13:39:34.573Z,LOW_BATTERY,CRITICAL
2022-07-12,2022,7,273581,Pulse1_Total,captis_pulse,maroochydore,residential,6305889.0,370934.64705882355,371119.0,370730.0,17,2025-12-23T13:39:34.573Z,HIGH_CONSUMPTION,WARNING
2022-07-13,2022,7,273581,Pulse1_Total,captis_pulse,maroochydore,residential,9280994.0,371239.76,371447.0,371119.0,25,2025-12-23T13:39:34.573Z,HIGH_CONSUMPTION,WARNING
2022-07-12,2022,7,331010,Pulse1_Total,captis_pulse,buderim,residential,7108937.0,418172.76470588235,418434.0,418093.0,17,2025-12-23T13:39:34.573Z,HIGH_CONSUMPTION,WARNING
2022-07-13,2022,7,331010,Pulse1_Total,captis_pulse,buderim,residential,1.0880985E7,418499.42307692306,418665.0,418440.0,26,2025-12-23T13:39:34.573Z,HIGH_CONSUMPTION,WARNING
2022-07-12,2022,7,590071,Pulse1_Total,captis_pulse,buderim,residential,5747701.0,338100.0588235294,338220.0,338048.0,17,2025-12-23T13:39:34.573Z,HIGH_CONSUMPTION,WARNING
2022-07-12,2022,7,590071,Battery,captis_pulse,buderim,residential,1.67,1.67,1.67,1.67,1,2025-12-23T13:39:34.573Z,LOW_BATTERY,CRITICAL
2022-07-13,2022,7,590071,Pulse1_Total,captis_pulse,buderim,residential,8119502.0,338312.5833333333,338388.0,338220.0,24,2025-12-23T13:39:34.573Z,HIGH_CONSUMPTION,WARNING
2022-07-12,2022,7,2719,Pulse1_Total,captis_pulse,buderim,residential,4763303.0,280194.29411764705,280254.0,280168.0,17,2025-12-23T13:39:34.573Z,HIGH_CONSUMPTION,WARNING
2022-07-13,2022,7,2719,Pulse1_Total,captis_pulse,buderim,residential,6732953.0,280539.7083333333,280717.0,280256.0,24,2025-12-23T13:39:34.573Z,HIGH_CONSUMPTION,WARNING
2022-07-12,2022,7,60193437,Pulse1_Total,captis_pulse,buderim,residential,98600.0,4930.0,4930.0,4930.0,20,2025-12-23T13:39:34.573Z,HIGH_CONSUMPTION,WARNING
2022-07-13,2022,7,60193437,Pulse1_Total,captis_pulse,buderim,residential,128180.0,4930.0,4930.0,4930.0,26,2025-12-23T13:39:34.573Z,HIGH_CONSUMPTION,WARNING
2022-07-12,2022,7,62364325,Pulse1_Total,captis_pulse,buderim,residential,1986542.0,110363.44444444444,110505.0,110299.0,18,2025-12-23T13:39:34.573Z,HIGH_CONSUMPTION,WARNING
2022-07-13,2022,7,62364325,Pulse1_Total,captis_pulse,buderim,residential,2662265.0,110927.70833333333,111186.0,110655.0,24,2025-12-23T13:39:34.573Z,HIGH_CONSUMPTION,WARNING
2022-07-12,2022,7,45135069,Pulse1_Total,captis_pulse,mountain creek,residential,879749.0,54984.3125,54985.0,54984.0,16,2025-12-23T13:39:34.573Z,HIGH_CONSUMPTION,WARNING
2022-07-13,2022,7,45135069,Pulse1_Total,captis_pulse,mountain creek,residential,1319674.0,54986.416666666664,54987.0,54985.0,24,2025-12-23T13:39:34.573Z,HIGH_CONSUMPTION,WARNING
2022-07-12,2022,7,59451,Pulse1_Total,captis_pulse,maroochydore,residential,4286499.0,252147.0,252147.0,252147.0,17,2025-12-23T13:39:34.573Z,HIGH_CONSUMPTION,WARNING
2022-07-13,2022,7,59451,Pulse1_Total,captis_pulse,maroochydore,residential,6555822.0,252147.0,252147.0,252147.0,26,2025-12-23T13:39:34.573Z,HIGH_CONSUMPTION,WARNING
2022-07-12,2022,7,602993,Pulse1_Total,captis_pulse,kuluin,residential,8944370.0,406562.2727272727,406777.0,406509.0,22,2025-12-23T13:39:34.573Z,HIGH_CONSUMPTION,WARNING
2022-07-13,2022,7,602993,Pulse1_Total,captis_pulse,kuluin,residential,9358394.0,406886.6956521739,407079.0,406787.0,23,2025-12-23T13:39:34.573Z,HIGH_CONSUMPTION,WARNING
2022-07-12,2022,7,61231936,Pulse1_Total,captis_pulse,buderim,residential,1768874.0,98270.77777777778,98387.0,98249.0,18,2025-12-23T13:39:34.573Z,HIGH_CONSUMPTION,WARNING
2022-07-13,2022,7,61231936,Pulse1_Total,captis_pulse,buderim,residential,2463080.0,98523.2,98632.0,98422.0,25,2025-12-23T13:39:34.573Z,HIGH_CONSUMPTION,WARNING
2022-07-12,2022,7,62365672,Pulse1_Total,captis_pulse,buderim,residential,3568126.0,209889.76470588235,210162.0,209689.0,17,2025-12-23T13:39:34.573Z,HIGH_CONSUMPTION,WARNING
2022-07-13,2022,7,62365672,Pulse1_Total,captis_pulse,buderim,residential,5260702.0,210428.08,210669.0,210208.0,25,2025-12-23T13:39:34.573Z,HIGH_CONSUMPTION,WARNING
2022-07-12,2022,7,62309947,Pulse1_Total,captis_pulse,buderim,residential,528084.0,31063.764705882353,31065.0,31063.0,17,2025-12-23T13:39:34.573Z,HIGH_CONSUMPTION,WARNING
2022-07-13,2022,7,62309947,Pulse1_Total,captis_pulse,buderim,residential,745603.0,31066.791666666668,31069.0,31065.0,24,2025-12-23T13:39:34.573Z,HIGH_CONSUMPTION,WARNING
2022-07-12,2022,7,100403,Pulse1_Total,captis_pulse,buderim,residential,1108738.0,69296.125,69305.0,69293.0,16,2025-12-23T13:39:34.573Z,HIGH_CONSUMPTION,WARNING
2022-07-13,2022,7,100403,Pulse1_Total,captis_pulse,buderim,residential,1594331.0,69318.73913043478,69326.0,69305.0,23,2025-12-23T13:39:34.573Z,HIGH_CONSUMPTION,WARNING
2022-07-12,2022,7,60380448,Pulse1_Total,captis_pulse,buderim,residential,2087665.0,122803.82352941176,122863.0,122667.0,17,2025-12-23T13:39:34.573Z,HIGH_CONSUMPTION,WARNING
2022-07-13,2022,7,60380448,Pulse1_Total,captis_pulse,buderim,residential,2948712.0,122863.0,122863.0,122863.0,24,2025-12-23T13:39:34.573Z,HIGH_CONSUMPTION,WARNING
2022-07-12,2022,7,81969254,Pulse1_Total,captis_pulse,buderim,non-residential,3492870.0,218304.375,218605.0,218262.0,16,2025-12-23T13:39:34.573Z,HIGH_CONSUMPTION,WARNING
2022-07-13,2022,7,81969254,Pulse1_Total,captis_pulse,buderim,non-residential,1752898.0,219112.25,219483.0,218677.0,8,2025-12-23T13:39:34.573Z,HIGH_CONSUMPTION,WARNING
2022-07-12,2022,7,8976840,Pulse1_Total,captis_pulse,maroochydore,residential,3633431.0,201857.27777777778,201944.0,201824.0,18,2025-12-23T13:39:34.573Z,HIGH_CONSUMPTION,WARNING
2022-07-13,2022,7,8976840,Pulse1_Total,captis_pulse,maroochydore,residential,5259556.0,202290.61538461538,202423.0,202011.0,26,2025-12-23T13:39:34.573Z,HIGH_CONSUMPTION,WARNING
2022-07-12,2022,7,1178690,Pulse1_Total,captis_pulse,maroochydore,residential,2917461.0,182341.3125,182458.0,182290.0,16,2025-12-23T13:39:34.573Z,HIGH_CONSUMPTION,WARNING
2022-07-13,2022,7,1178690,Pulse1_Total,captis_pulse,maroochydore,residential,4197872.0,182516.1739130435,182633.0,182458.0,23,2025-12-23T13:39:34.573Z,HIGH_CONSUMPTION,WARNING
2022-07-12,2022,7,61276076,Pulse1_Total,captis_pulse,buderim,residential,550273.0,32369.0,32369.0,32369.0,17,2025-12-23T13:39:34.573Z,HIGH_CONSUMPTION,WARNING
2022-07-13,2022,7,61276076,Pulse1_Total,captis_pulse,buderim,residential,744487.0,32369.0,32369.0,32369.0,23,2025-12-23T13:39:34.573Z,HIGH_CONSUMPTION,WARNING
2022-07-12,2022,7,92395,Pulse1_Total,captis_pulse,buderim,residential,9122524.0,570157.75,570207.0,570145.0,16,2025-12-23T13:39:34.573Z,HIGH_CONSUMPTION,WARNING
2022-07-13,2022,7,92395,Pulse1_Total,captis_pulse,buderim,residential,1.3685518E7,570229.9166666666,570255.0,570207.0,24,2025-12-23T13:39:34.573Z,HIGH_CONSUMPTION,WARNING
2022-07-12,2022,7,1237719,Pulse1_Total,captis_pulse,maroochydore,residential,3605901.0,225368.8125,225374.0,225365.0,16,2025-12-23T13:39:34.573Z,HIGH_CONSUMPTION,WARNING
2022-07-13,2022,7,1237719,Pulse1_Total,captis_pulse,maroochydore,residential,5412594.0,225524.75,225611.0,225374.0,24,2025-12-23T13:39:34.573Z,HIGH_CONSUMPTION,WARNING
2022-07-12,2022,7,61148154,Pulse1_Total,captis_pulse,buderim,residential,955000.0,53055.555555555555,53150.0,53017.0,18,2025-12-23T13:39:34.573Z,HIGH_CONSUMPTION,WARNING
2022-07-13,2022,7,61148154,Pulse1_Total,captis_pulse,buderim,residential,1333719.0,53348.76,53427.0,53150.0,25,2025-12-23T13:39:34.573Z,HIGH_CONSUMPTION,WARNING
2022-07-12,2022,7,61298826,Pulse1_Total,captis_pulse,buderim,residential,826489.0,51655.5625,52053.0,51582.0,16,2025-12-23T13:39:34.573Z,HIGH_CONSUMPTION,WARNING
2022-07-13,2022,7,61298826,Pulse1_Total,captis_pulse,buderim,residential,1251537.0,52147.375,52177.0,52108.0,24,2025-12-23T13:39:34.573Z,HIGH_CONSUMPTION,WARNING
2022-07-12,2022,7,1875,Pulse1_Total,captis_pulse,maroochydore,residential,4367871.0,242659.5,242674.0,242653.0,18,2025-12-23T13:39:34.573Z,HIGH_CONSUMPTION,WARNING
2022-07-13,2022,7,1875,Pulse1_Total,captis_pulse,maroochydore,residential,5825275.0,242719.79166666666,242814.0,242674.0,24,2025-12-23T13:39:34.573Z,HIGH_CONSUMPTION,WARNING
2022-07-12,2022,7,272718,Pulse1_Total,captis_pulse,buderim,residential,5071435.0,338095.6666666667,338222.0,338050.0,15,2025-12-23T13:39:34.573Z,HIGH_CONSUMPTION,WARNING
2022-07-13,2022,7,272718,Pulse1_Total,captis_pulse,buderim,residential,8122006.0,338416.9166666667,338571.0,338222.0,24,2025-12-23T13:39:34.573Z,HIGH_CONSUMPTION,WARNING
2022-07-12,2022,7,81964560,Pulse1_Total,captis_pulse,kuluin,residential,1665683.0,118977.35714285714,119041.0,118926.0,14,2025-12-23T13:39:34.573Z,HIGH_CONSUMPTION,WARNING
2022-07-13,2022,7,81964560,Pulse1_Total,captis_pulse,kuluin,residential,833293.0,119041.85714285714,119042.0,119041.0,7,2025-12-23T13:39:34.573Z,HIGH_CONSUMPTION,WARNING
2022-07-12,2022,7,61249239,Pulse1_Total,,,,3230993.0,190058.41176470587,192183.0,189140.0,17,2025-12-23T13:39:34.573Z,HIGH_CONSUMPTION,WARNING
2022-07-13,2022,7,61249239,Pulse1_Total,,,,2499780.0,192290.76923076922,192346.0,192219.0,13,2025-12-23T13:39:34.573Z,HIGH_CONSUMPTION,WARNING
2022-07-12,2022,7,10190,Pulse1_Total,captis_pulse,buderim,residential,3834656.0,225568.0,225643.0,225540.0,17,2025-12-23T13:39:34.573Z,HIGH_CONSUMPTION,WARNING
2022-07-13,2022,7,10190,Pulse1_Total,captis_pulse,buderim,residential,5646946.0,225877.84,226017.0,225682.0,25,2025-12-23T13:39:34.573Z,HIGH_CONSUMPTION,WARNING
2022-07-12,2022,7,14171,Pulse1_Total,captis_pulse,buderim,residential,4970824.0,310676.5,310890.0,310625.0,16,2025-12-23T13:39:34.573Z,HIGH_CONSUMPTION,WARNING
2022-07-13,2022,7,14171,Pulse1_Total,captis_pulse,buderim,residential,7774004.0,310960.16,310997.0,310899.0,25,2025-12-23T13:39:34.573Z,HIGH_CONSUMPTION,WARNING
2022-07-12,2022,7,60218272,Pulse1_Total,captis_pulse,buderim,residential,1100730.0,64748.82352941176,64773.0,64744.0,17,2025-12-23T13:39:34.573Z,HIGH_CONSUMPTION,WARNING
2022-07-12,2022,7,60218272,Battery,captis_pulse,buderim,residential,2.399,2.399,2.399,2.399,1,2025-12-23T13:39:34.573Z,LOW_BATTERY,CRITICAL
2022-07-13,2022,7,60218272,Pulse1_Total,captis_pulse,buderim,residential,1558604.0,64941.833333333336,64946.0,64846.0,24,2025-12-23T13:39:34.573Z,HIGH_CONSUMPTION,WARNING
2022-07-12,2022,7,83008,Pulse1_Total,captis_pulse,buderim,residential,6728634.0,395802.0,395813.0,395787.0,17,2025-12-23T13:39:34.573Z,HIGH_CONSUMPTION,WARNING
2022-07-13,2022,7,83008,Pulse1_Total,captis_pulse,buderim,residential,1.030537E7,396360.3846153846,396553.0,395823.0,26,2025-12-23T13:39:34.573Z,HIGH_CONSUMPTION,WARNING
2022-07-12,2022,7,61247543,Pulse1_Total,captis_pulse,buderim,residential,1642765.0,102672.8125,102948.0,102584.0,16,2025-12-23T13:39:34.573Z,HIGH_CONSUMPTION,WARNING
2022-07-13,2022,7,61247543,Pulse1_Total,captis_pulse,buderim,residential,2474457.0,103102.375,103207.0,102983.0,24,2025-12-23T13:39:34.573Z,HIGH_CONSUMPTION,WARNING
2022-07-12,2022,7,292566,Pulse1_Total,captis_pulse,kuluin,residential,2629831.0,154695.9411764706,154798.0,154671.0,17,2025-12-23T13:39:34.573Z,HIGH_CONSUMPTION,WARNING
2022-07-13,2022,7,292566,Pulse1_Total,captis_pulse,kuluin,residential,3718433.0,154934.70833333334,155024.0,154798.0,24,2025-12-23T13:39:34.573Z,HIGH_CONSUMPTION,WARNING
2022-07-12,2022,7,576630,Pulse1_Total,captis_pulse,kuluin,residential,3351796.0,209487.25,209567.0,209450.0,16,2025-12-23T13:39:34.573Z,HIGH_CONSUMPTION,WARNING
2022-07-13,2022,7,576630,Pulse1_Total,captis_pulse,kuluin,residential,5030332.0,209597.16666666666,209616.0,209569.0,24,2025-12-23T13:39:34.573Z,HIGH_CONSUMPTION,WARNING
2022-07-12,2022,7,21892717,Pulse1_Total,captis_pulse,maroochydore,non-residential,1.3360949E7,954353.5,954509.0,954258.0,14,2025-12-23T13:39:34.573Z,HIGH_CONSUMPTION,WARNING
2022-07-13,2022,7,21892717,Pulse1_Total,captis_pulse,maroochydore,non-residential,2.3870573E7,954822.92,954919.0,954536.0,25,2025-12-23T13:39:34.573Z,HIGH_CONSUMPTION,WARNING
2022-07-12,2022,7,64629940,Pulse1_Total,captis_pulse,buderim,residential,13090.0,770.0,770.0,770.0,17,2025-12-23T13:39:34.573Z,HIGH_CONSUMPTION,WARNING
2022-07-13,2022,7,64629940,Pulse1_Total,captis_pulse,buderim,residential,17710.0,770.0,770.0,770.0,23,2025-12-23T13:39:34.573Z,HIGH_CONSUMPTION,WARNING
2022-07-12,2022,7,305434,Pulse1_Total,captis_pulse,buderim,residential,3858215.0,226953.82352941178,226984.0,226947.0,17,2025-12-23T13:39:34.573Z,HIGH_CONSUMPTION,WARNING
2022-07-13,2022,7,305434,Pulse1_Total,captis_pulse,buderim,residential,5902875.0,227033.65384615384,227094.0,226986.0,26,2025-12-23T13:39:34.573Z,HIGH_CONSUMPTION,WARNING
2022-07-12,2022,7,67164,Pulse1_Total,captis_pulse,buderim,residential,3908971.0,244310.6875,244345.0,244305.0,16,2025-12-23T13:39:34.573Z,HIGH_CONSUMPTION,WARNING
2022-07-13,2022,7,67164,Pulse1_Total,captis_pulse,buderim,residential,6110757.0,244430.28,244546.0,244345.0,25,2025-12-23T13:39:34.573Z,HIGH_CONSUMPTION,WARNING
2022-07-12,2022,7,349725,Pulse1_Total,captis_pulse,buderim,residential,3945331.0,207649.0,207867.0,207590.0,19,2025-12-23T13:39:34.573Z,HIGH_CONSUMPTION,WARNING
2022-07-13,2022,7,349725,Pulse1_Total,captis_pulse,buderim,residential,4993581.0,208065.875,208111.0,207867.0,24,2025-12-23T13:39:34.573Z,HIGH_CONSUMPTION,WARNING
2022-07-12,2022,7,589914,Pulse1_Total,captis_pulse,buderim,residential,8121038.0,386716.09523809527,386938.0,386680.0,21,2025-12-23T13:39:34.573Z,HIGH_CONSUMPTION,WARNING
2022-07-13,2022,7,589914,Pulse1_Total,captis_pulse,buderim,residential,9294128.0,387255.3333333333,387380.0,386944.0,24,2025-12-23T13:39:34.573Z,HIGH_CONSUMPTION,WARNING
2022-07-12,2022,7,60444340,Pulse1_Total,captis_pulse,buderim,residential,353968.0,44246.0,44246.0,44246.0,8,2025-12-23T13:39:34.573Z,HIGH_CONSUMPTION,WARNING
2022-07-12,2022,7,69959,Pulse1_Total,captis_pulse,kuluin,residential,4163545.0,231308.05555555556,231360.0,231293.0,18,2025-12-23T13:39:34.573Z,HIGH_CONSUMPTION,WARNING
2022-07-13,2022,7,69959,Pulse1_Total,captis_pulse,kuluin,residential,5555401.0,231475.04166666666,231613.0,231360.0,24,2025-12-23T13:39:34.573Z,HIGH_CONSUMPTION,WARNING
2022-07-12,2022,7,1660522,Pulse1_Total,captis_pulse,maroochydore,residential,1905088.0,112064.0,112153.0,112050.0,17,2025-12-23T13:39:34.573Z,HIGH_CONSUMPTION,WARNING
2022-07-13,2022,7,1660522,Pulse1_Total,captis_pulse,maroochydore,residential,2808125.0,112325.0,112450.0,112189.0,25,2025-12-23T13:39:34.573Z,HIGH_CONSUMPTION,WARNING
2022-07-12,2022,7,257640,Pulse1_Total,captis_pulse,maroochydore,residential,2421566.0,134531.44444444444,134608.0,134506.0,18,2025-12-23T13:39:34.573Z,HIGH_CONSUMPTION,WARNING
2022-07-13,2022,7,257640,Pulse1_Total,captis_pulse,maroochydore,residential,3099499.0,134760.8260869565,134857.0,134608.0,23,2025-12-23T13:39:34.573Z,HIGH_CONSUMPTION,WARNING
2022-07-12,2022,7,45121593,Pulse1_Total,captis_pulse,mountain creek,residential,1679971.0,93331.72222222222,93534.0,93295.0,18,2025-12-23T13:39:34.573Z,HIGH_CONSUMPTION,WARNING
2022-07-13,2022,7,45121593,Pulse1_Total,captis_pulse,mountain creek,residential,2620622.0,93593.64285714286,93703.0,93534.0,28,2025-12-23T13:39:34.573Z,HIGH_CONSUMPTION,WARNING
2022-07-12,2022,7,61901204,Pulse1_Total,captis_pulse,buderim,residential,693949.0,43371.8125,43384.0,43368.0,16,2025-12-23T13:39:34.573Z,HIGH_CONSUMPTION,WARNING
2022-07-13,2022,7,61901204,Pulse1_Total,captis_pulse,buderim,residential,1041940.0,43414.166666666664,43439.0,43385.0,24,2025-12-23T13:39:34.573Z,HIGH_CONSUMPTION,WARNING
2022-07-12,2022,7,66218035,Pulse1_Total,captis_pulse,buderim,residential,991720.0,58336.470588235294,58365.0,58327.0,17,2025-12-23T13:39:34.573Z,HIGH_CONSUMPTION,WARNING
2022-07-13,2022,7,66218035,Pulse1_Total,captis_pulse,buderim,residential,1462917.0,58516.68,58744.0,58365.0,25,2025-12-23T13:39:34.573Z,HIGH_CONSUMPTION,WARNING
2022-07-12,2022,7,60854678,Pulse1_Total,captis_pulse,buderim,residential,1117028.0,69814.25,70192.0,69640.0,16,2025-12-23T13:39:34.573Z,HIGH_CONSUMPTION,WARNING
2022-07-13,2022,7,60854678,Pulse1_Total,captis_pulse,buderim,residential,1615676.0,70246.78260869565,70331.0,70192.0,23,2025-12-23T13:39:34.573Z,HIGH_CONSUMPTION,WARNING
2022-07-12,2022,7,61287576,Pulse1_Total,captis_pulse,buderim,residential,198324.0,11018.0,11018.0,11018.0,18,2025-12-23T13:39:34.573Z,HIGH_CONSUMPTION,WARNING
2022-07-13,2022,7,61287576,Pulse1_Total,captis_pulse,buderim,residential,264432.0,11018.0,11018.0,11018.0,24,2025-12-23T13:39:34.573Z,HIGH_CONSUMPTION,WARNING
2022-07-12,2022,7,46311766,Pulse1_Total,captis_pulse,maroochydore,residential,3131570.0,184210.0,184210.0,184210.0,17,2025-12-23T13:39:34.573Z,HIGH_CONSUMPTION,WARNING
2022-07-13,2022,7,46311766,Pulse1_Total,captis_pulse,maroochydore,residential,4421040.0,184210.0,184210.0,184210.0,24,2025-12-23T13:39:34.573Z,HIGH_CONSUMPTION,WARNING
2022-07-12,2022,7,83295,Pulse1_Total,captis_pulse,kuluin,residential,1679520.0,98795.29411764706,98846.0,98770.0,17,2025-12-23T13:39:34.573Z,HIGH_CONSUMPTION,WARNING
2022-07-13,2022,7,83295,Pulse1_Total,captis_pulse,kuluin,residential,2373412.0,98892.16666666667,98955.0,98850.0,24,2025-12-23T13:39:34.573Z,HIGH_CONSUMPTION,WARNING
2022-07-12,2022,7,60192805,Pulse1_Total,captis_pulse,buderim,residential,1100790.0,73386.0,73386.0,73386.0,15,2025-12-23T13:39:34.573Z,HIGH_CONSUMPTION,WARNING
2022-07-13,2022,7,60192805,Pulse1_Total,captis_pulse,buderim,residential,1761264.0,73386.0,73386.0,73386.0,24,2025-12-23T13:39:34.573Z,HIGH_CONSUMPTION,WARNING
2022-07-12,2022,7,64276723,Battery,captis_pulse,buderim,residential,1.584,1.584,1.584,1.584,1,2025-12-23T13:39:34.573Z,LOW_BATTERY,CRITICAL
2022-07-12,2022,7,64629951,Pulse1_Total,captis_pulse,maroochydore,residential,6750500.0,321452.38095238095,322200.0,321290.0,21,2025-12-23T13:39:34.573Z,HIGH_CONSUMPTION,WARNING
2022-07-13,2022,7,64629951,Pulse1_Total,captis_pulse,maroochydore,residential,8072150.0,322886.0,323660.0,322430.0,25,2025-12-23T13:39:34.573Z,HIGH_CONSUMPTION,WARNING
2022-07-12,2022,7,9343438,Pulse1_Total,captis_pulse,maroochydore,residential,1509122.0,88771.88235294117,88965.0,88732.0,17,2025-12-23T13:39:34.573Z,HIGH_CONSUMPTION,WARNING
2022-07-13,2022,7,9343438,Pulse1_Total,captis_pulse,maroochydore,residential,2136630.0,89026.25,89085.0,88977.0,24,2025-12-23T13:39:34.573Z,HIGH_CONSUMPTION,WARNING
2022-07-12,2022,7,279744,Pulse1_Total,captis_pulse,buderim,residential,2040406.0,113355.88888888889,113388.0,113338.0,18,2025-12-23T13:39:34.573Z,HIGH_CONSUMPTION,WARNING
2022-07-13,2022,7,279744,Pulse1_Total,captis_pulse,buderim,residential,2608730.0,113423.04347826086,113460.0,113389.0,23,2025-12-23T13:39:34.573Z,HIGH_CONSUMPTION,WARNING
2022-07-12,2022,7,292072,Pulse1_Total,captis_pulse,buderim,residential,4973512.0,331567.4666666667,332042.0,331375.0,15,2025-12-23T13:39:34.573Z,HIGH_CONSUMPTION,WARNING
2022-07-13,2022,7,292072,Pulse1_Total,captis_pulse,buderim,residential,8643144.0,332428.6153846154,332685.0,332185.0,26,2025-12-23T13:39:34.573Z,HIGH_CONSUMPTION,WARNING
2022-07-12,2022,7,612731,Pulse1_Total,captis_pulse,kuluin,residential,3801036.0,223590.35294117648,223652.0,223571.0,17,2025-12-23T13:39:34.573Z,HIGH_CONSUMPTION,WARNING
2022-07-13,2022,7,612731,Pulse1_Total,captis_pulse,kuluin,residential,5145154.0,223702.34782608695,223736.0,223656.0,23,2025-12-23T13:39:34.573Z,HIGH_CONSUMPTION,WARNING
2022-07-12,2022,7,9354863,Pulse1_Total,captis_pulse,maroochydore,residential,4953521.0,291383.5882352941,291466.0,291286.0,17,2025-12-23T13:39:34.573Z,HIGH_CONSUMPTION,WARNING
2022-07-13,2022,7,9354863,Pulse1_Total,captis_pulse,maroochydore,residential,6713205.0,291878.47826086957,291991.0,291515.0,23,2025-12-23T13:39:34.573Z,HIGH_CONSUMPTION,WARNING
2022-07-12,2022,7,96372,Pulse1_Total,captis_pulse,buderim,residential,2601819.0,153048.17647058822,153115.0,153033.0,17,2025-12-23T13:39:34.573Z,HIGH_CONSUMPTION,WARNING
2022-07-13,2022,7,96372,Pulse1_Total,captis_pulse,buderim,residential,3827881.0,153115.24,153116.0,153115.0,25,2025-12-23T13:39:34.573Z,HIGH_CONSUMPTION,WARNING
2022-07-12,2022,7,10575,Pulse1_Total,captis_pulse,buderim,residential,5108917.0,300524.5294117647,300670.0,300424.0,17,2025-12-23T13:39:34.573Z,HIGH_CONSUMPTION,WARNING
2022-07-13,2022,7,10575,Pulse1_Total,captis_pulse,buderim,residential,7222309.0,300929.5416666667,301174.0,300684.0,24,2025-12-23T13:39:34.573Z,HIGH_CONSUMPTION,WARNING
2022-07-12,2022,7,1651160,Pulse1_Total,captis_pulse,maroochydore,residential,2305982.0,135646.0,135729.0,135634.0,17,2025-12-23T13:39:34.573Z,HIGH_CONSUMPTION,WARNING
2022-07-12,2022,7,1651160,Battery,captis_pulse,maroochydore,residential,2.121,2.121,2.121,2.121,1,2025-12-23T13:39:34.573Z,LOW_BATTERY,CRITICAL
2022-07-13,2022,7,1651160,Pulse1_Total,captis_pulse,maroochydore,residential,3259635.0,135818.125,135848.0,135795.0,24,2025-12-23T13:39:34.573Z,HIGH_CONSUMPTION,WARNING
2022-07-12,2022,7,61624387,Pulse1_Total,captis_pulse,buderim,residential,1863059.0,88717.09523809524,88766.0,88689.0,21,2025-12-23T13:39:34.573Z,HIGH_CONSUMPTION,WARNING
2022-07-13,2022,7,61624387,Pulse1_Total,captis_pulse,buderim,residential,2135003.0,88958.45833333333,89184.0,88826.0,24,2025-12-23T13:39:34.573Z,HIGH_CONSUMPTION,WARNING
2022-07-12,2022,7,81968505,Pulse1_Total,captis_pulse,maroochydore,residential,1.7669341E7,929965.3157894737,930444.0,929774.0,19,2025-12-23T13:39:34.573Z,HIGH_CONSUMPTION,WARNING
2022-07-13,2022,7,81968505,Pulse1_Total,captis_pulse,maroochydore,residential,8376771.0,930752.3333333334,930799.0,930594.0,9,2025-12-23T13:39:34.573Z,HIGH_CONSUMPTION,WARNING
2022-07-12,2022,7,272043,Pulse1_Total,captis_pulse,kuluin,residential,3449813.0,191656.27777777778,191684.0,191637.0,18,2025-12-23T13:39:34.573Z,HIGH_CONSUMPTION,WARNING
2022-07-13,2022,7,272043,Pulse1_Total,captis_pulse,kuluin,residential,4410398.0,191756.4347826087,191902.0,191684.0,23,2025-12-23T13:39:34.573Z,HIGH_CONSUMPTION,WARNING
2022-07-12,2022,7,99872,Pulse1_Total,captis_pulse,buderim,residential,5101252.0,318828.25,318909.0,318780.0,16,2025-12-23T13:39:34.573Z,HIGH_CONSUMPTION,WARNING
2022-07-13,2022,7,99872,Pulse1_Total,captis_pulse,buderim,residential,7338142.0,319049.652173913,319281.0,318909.0,23,2025-12-23T13:39:34.573Z,HIGH_CONSUMPTION,WARNING
2022-07-12,2022,7,308305,Pulse1_Total,captis_pulse,buderim,residential,4982108.0,311381.75,311482.0,311323.0,16,2025-12-23T13:39:34.573Z,HIGH_CONSUMPTION,WARNING
2022-07-13,2022,7,308305,Pulse1_Total,captis_pulse,buderim,residential,7168512.0,311674.4347826087,311918.0,311483.0,23,2025-12-23T13:39:34.573Z,HIGH_CONSUMPTION,WARNING
2022-07-12,2022,7,60223867,Pulse1_Total,captis_pulse,buderim,residential,1247016.0,69278.66666666667,69438.0,69258.0,18,2025-12-23T13:39:34.573Z,HIGH_CONSUMPTION,WARNING
2022-07-13,2022,7,60223867,Pulse1_Total,captis_pulse,buderim,residential,1809432.0,69593.53846153847,69728.0,69440.0,26,2025-12-23T13:39:34.573Z,HIGH_CONSUMPTION,WARNING
2022-07-12,2022,7,62318329,Pulse1_Total,captis_pulse,buderim,residential,1048726.0,61689.76470588235,61721.0,61673.0,17,2025-12-23T13:39:34.573Z,HIGH_CONSUMPTION,WARNING
2022-07-13,2022,7,62318329,Pulse1_Total,captis_pulse,buderim,residential,1484541.0,61855.875,61906.0,61729.0,24,2025-12-23T13:39:34.573Z,HIGH_CONSUMPTION,WARNING
2022-07-12,2022,7,8988517,Pulse1_Total,captis_pulse,maroochydore,residential,4004833.0,250302.0625,250589.0,250247.0,16,2025-12-23T13:39:34.573Z,HIGH_CONSUMPTION,WARNING
2022-07-13,2022,7,8988517,Pulse1_Total,captis_pulse,maroochydore,residential,6267359.0,250694.36,250834.0,250589.0,25,2025-12-23T13:39:34.573Z,HIGH_CONSUMPTION,WARNING
2022-07-12,2022,7,2506,Pulse1_Total,captis_pulse,buderim,residential,9657804.0,536544.6666666666,536841.0,536452.0,18,2025-12-23T13:39:34.573Z,HIGH_CONSUMPTION,WARNING
2022-07-13,2022,7,2506,Pulse1_Total,captis_pulse,buderim,residential,1.3422229E7,536889.16,536914.0,536858.0,25,2025-12-23T13:39:34.573Z,HIGH_CONSUMPTION,WARNING
2022-07-12,2022,7,737572,Pulse1_Total,captis_pulse,buderim,residential,1.1972224E7,704248.4705882353,704384.0,704190.0,17,2025-12-23T13:39:34.573Z,HIGH_CONSUMPTION,WARNING
2022-07-13,2022,7,737572,Pulse1_Total,captis_pulse,buderim,residential,1.6908403E7,704516.7916666666,704572.0,704410.0,24,2025-12-23T13:39:34.573Z,HIGH_CONSUMPTION,WARNING
2022-07-12,2022,7,8978099,Pulse1_Total,captis_pulse,maroochydore,residential,3827695.0,239230.9375,239291.0,239202.0,16,2025-12-23T13:39:34.573Z,HIGH_CONSUMPTION,WARNING
2022-07-13,2022,7,8978099,Pulse1_Total,captis_pulse,maroochydore,residential,5744743.0,239364.29166666666,239498.0,239292.0,24,2025-12-23T13:39:34.573Z,HIGH_CONSUMPTION,WARNING
2022-07-12,2022,7,21264757,Pulse1_Total,captis_pulse,samford village,non-residential,8728599.0,513447.0,513447.0,513447.0,17,2025-12-23T13:39:34.573Z,HIGH_CONSUMPTION,WARNING
2022-07-13,2022,7,21264757,Pulse1_Total,captis_pulse,samford village,non-residential,1.2836175E7,513447.0,513447.0,513447.0,25,2025-12-23T13:39:34.573Z,HIGH_CONSUMPTION,WARNING
2022-07-12,2022,7,2894693,Pulse1_Total,captis_pulse,maroochydore,residential,1679804.0,98812.0,98812.0,98812.0,17,2025-12-23T13:39:34.573Z,HIGH_CONSUMPTION,WARNING
2022-07-13,2022,7,2894693,Pulse1_Total,captis_pulse,maroochydore,residential,2373271.0,98886.29166666667,99008.0,98812.0,24,2025-12-23T13:39:34.573Z,HIGH_CONSUMPTION,WARNING
2022-07-12,2022,7,299643,Pulse1_Total,captis_pulse,buderim,residential,2150216.0,134388.5,134420.0,134370.0,16,2025-12-23T13:39:34.573Z,HIGH_CONSUMPTION,WARNING
2022-07-13,2022,7,299643,Pulse1_Total,captis_pulse,buderim,residential,3362442.0,134497.68,134580.0,134441.0,25,2025-12-23T13:39:34.573Z,HIGH_CONSUMPTION,WARNING
2022-07-12,2022,7,586813,Pulse1_Total,captis_pulse,kuluin,residential,1.2109055E7,672725.2777777778,673162.0,672648.0,18,2025-12-23T13:39:34.573Z,HIGH_CONSUMPTION,WARNING
2022-07-13,2022,7,586813,Pulse1_Total,captis_pulse,kuluin,residential,1.548927E7,673446.5217391305,673502.0,673409.0,23,2025-12-23T13:39:34.573Z,HIGH_CONSUMPTION,WARNING
2022-07-12,2022,7,8984150,Pulse1_Total,captis_pulse,maroochydore,residential,1263865.0,70214.72222222222,70459.0,70145.0,18,2025-12-23T13:39:34.573Z,HIGH_CONSUMPTION,WARNING
2022-07-12,2022,7,8984150,Battery,captis_pulse,maroochydore,residential,1.904,1.904,1.904,1.904,1,2025-12-23T13:39:34.573Z,LOW_BATTERY,CRITICAL
2022-07-13,2022,7,8984150,Pulse1_Total,captis_pulse,maroochydore,residential,1624909.0,70648.21739130435,70786.0,70544.0,23,2025-12-23T13:39:34.573Z,HIGH_CONSUMPTION,WARNING
2022-07-12,2022,7,66204030,Pulse1_Total,captis_pulse,buderim,residential,404377.0,23786.882352941175,23843.0,23774.0,17,2025-12-23T13:39:34.573Z,HIGH_CONSUMPTION,WARNING
2022-07-13,2022,7,66204030,Pulse1_Total,captis_pulse,buderim,residential,572569.0,23857.041666666668,23871.0,23843.0,24,2025-12-23T13:39:34.573Z,HIGH_CONSUMPTION,WARNING
2022-07-12,2022,7,96746,Pulse1_Total,captis_pulse,kuluin,residential,3122339.0,195146.1875,195231.0,195113.0,16,2025-12-23T13:39:34.573Z,HIGH_CONSUMPTION,WARNING
2022-07-13,2022,7,96746,Pulse1_Total,captis_pulse,kuluin,residential,4880996.0,195239.84,195242.0,195233.0,25,2025-12-23T13:39:34.573Z,HIGH_CONSUMPTION,WARNING
2022-07-12,2022,7,471,Pulse1_Total,captis_pulse,maroochydore,residential,8305496.0,395499.8095238095,395559.0,395475.0,21,2025-12-23T13:39:34.573Z,HIGH_CONSUMPTION,WARNING
2022-07-13,2022,7,471,Pulse1_Total,captis_pulse,maroochydore,residential,9495738.0,395655.75,395755.0,395559.0,24,2025-12-23T13:39:34.573Z,HIGH_CONSUMPTION,WARNING
2022-07-12,2022,7,568024,Pulse1_Total,captis_pulse,buderim,residential,9633753.0,458750.14285714284,458933.0,458685.0,21,2025-12-23T13:39:34.573Z,HIGH_CONSUMPTION,WARNING
2022-07-13,2022,7,568024,Pulse1_Total,captis_pulse,buderim,residential,1.0559769E7,459120.39130434784,459300.0,458938.0,23,2025-12-23T13:39:34.573Z,HIGH_CONSUMPTION,WARNING
2022-07-12,2022,7,60467334,Pulse1_Total,captis_pulse,buderim,residential,403424.0,23730.823529411766,23747.0,23723.0,17,2025-12-23T13:39:34.573Z,HIGH_CONSUMPTION,WARNING
2022-07-13,2022,7,60467334,Pulse1_Total,captis_pulse,buderim,residential,594835.0,23793.4,23851.0,23761.0,25,2025-12-23T13:39:34.573Z,HIGH_CONSUMPTION,WARNING
2022-07-12,2022,7,62367444,Pulse1_Total,captis_pulse,buderim,residential,511792.0,28432.88888888889,28452.0,28417.0,18,2025-12-23T13:39:34.573Z,HIGH_CONSUMPTION,WARNING
2022-07-13,2022,7,62367444,Pulse1_Total,captis_pulse,buderim,residential,655175.0,28485.869565217392,28527.0,28465.0,23,2025-12-23T13:39:34.573Z,HIGH_CONSUMPTION,WARNING
2022-07-12,2022,7,338415,Pulse1_Total,captis_pulse,buderim,residential,4220673.0,234481.83333333334,234629.0,234430.0,18,2025-12-23T13:39:34.573Z,HIGH_CONSUMPTION,WARNING
2022-07-12,2022,7,338415,Battery,captis_pulse,buderim,residential,1.812,1.812,1.812,1.812,1,2025-12-23T13:39:34.573Z,LOW_BATTERY,CRITICAL
2022-07-13,2022,7,338415,Pulse1_Total,captis_pulse,buderim,residential,5634275.0,234761.45833333334,234821.0,234672.0,24,2025-12-23T13:39:34.573Z,HIGH_CONSUMPTION,WARNING
2022-07-12,2022,7,61144934,Pulse1_Total,captis_pulse,buderim,residential,1764721.0,98040.05555555556,98214.0,98005.0,18,2025-12-23T13:39:34.573Z,HIGH_CONSUMPTION,WARNING
2022-07-13,2022,7,61144934,Pulse1_Total,captis_pulse,buderim,residential,2555915.0,98304.42307692308,98447.0,98243.0,26,2025-12-23T13:39:34.573Z,HIGH_CONSUMPTION,WARNING
2022-07-12,2022,7,9329977,Pulse1_Total,captis_pulse,maroochydore,residential,6591887.0,313899.38095238095,314072.0,313816.0,21,2025-12-23T13:39:34.573Z,HIGH_CONSUMPTION,WARNING
2022-07-13,2022,7,9329977,Pulse1_Total,captis_pulse,maroochydore,residential,8166857.0,314109.8846153846,314245.0,314075.0,26,2025-12-23T13:39:34.573Z,HIGH_CONSUMPTION,WARNING
2022-07-12,2022,7,61144935,Pulse1_Total,captis_pulse,buderim,residential,1462401.0,86023.58823529411,86150.0,85974.0,17,2025-12-23T13:39:34.573Z,HIGH_CONSUMPTION,WARNING
2022-07-13,2022,7,61144935,Pulse1_Total,captis_pulse,buderim,residential,1901852.0,86447.81818181818,86669.0,86185.0,22,2025-12-23T13:39:34.573Z,HIGH_CONSUMPTION,WARNING
2022-07-12,2022,7,61568397,Pulse1_Total,captis_pulse,buderim,residential,325453.0,17129.105263157893,17134.0,17128.0,19,2025-12-23T13:39:34.573Z,HIGH_CONSUMPTION,WARNING
2022-07-13,2022,7,61568397,Pulse1_Total,captis_pulse,buderim,residential,480037.0,17144.178571428572,17210.0,17134.0,28,2025-12-23T13:39:34.573Z,HIGH_CONSUMPTION,WARNING
2022-07-12,2022,7,73103,Pulse1_Total,captis_pulse,buderim,residential,4352869.0,256051.11764705883,256052.0,256051.0,17,2025-12-23T13:39:34.573Z,HIGH_CONSUMPTION,WARNING
2022-07-13,2022,7,73103,Pulse1_Total,captis_pulse,buderim,residential,6145293.0,256053.875,256055.0,256052.0,24,2025-12-23T13:39:34.573Z,HIGH_CONSUMPTION,WARNING
2022-07-12,2022,7,61162518,Battery,captis_pulse,buderim,residential,1.927,1.927,1.927,1.927,1,2025-12-23T13:39:34.573Z,LOW_BATTERY,CRITICAL
2022-07-12,2022,7,286914,Pulse1_Total,captis_pulse,buderim,residential,1478982.0,86998.94117647059,87031.0,86990.0,17,2025-12-23T13:39:34.573Z,HIGH_CONSUMPTION,WARNING
2022-07-13,2022,7,286914,Pulse1_Total,captis_pulse,buderim,residential,2091623.0,87150.95833333333,87195.0,87031.0,24,2025-12-23T13:39:34.573Z,HIGH_CONSUMPTION,WARNING
2022-07-12,2022,7,34593438,Pulse1_Total,captis_pulse,maroochydore,non-residential,4297490.0,252793.5294117647,253380.0,252330.0,17,2025-12-23T13:39:34.573Z,HIGH_CONSUMPTION,WARNING
2022-07-13,2022,7,34593438,Pulse1_Total,captis_pulse,maroochydore,non-residential,5833540.0,253632.1739130435,253730.0,253410.0,23,2025-12-23T13:39:34.573Z,HIGH_CONSUMPTION,WARNING
2022-07-12,2022,7,52530,Pulse1_Total,captis_pulse,maroochydore,residential,3833108.0,225476.9411764706,225575.0,225453.0,17,2025-12-23T13:39:34.573Z,HIGH_CONSUMPTION,WARNING
2022-07-13,2022,7,52530,Pulse1_Total,captis_pulse,maroochydore,residential,5418845.0,225785.20833333334,225949.0,225584.0,24,2025-12-23T13:39:34.573Z,HIGH_CONSUMPTION,WARNING
2022-07-12,2022,7,598512,Pulse1_Total,captis_pulse,buderim,residential,5877461.0,345733.0,346091.0,345619.0,17,2025-12-23T13:39:34.573Z,HIGH_CONSUMPTION,WARNING
2022-07-13,2022,7,598512,Pulse1_Total,captis_pulse,buderim,residential,7961184.0,346138.4347826087,346203.0,346091.0,23,2025-12-23T13:39:34.573Z,HIGH_CONSUMPTION,WARNING
2022-07-12,2022,7,61160187,Pulse1_Total,captis_pulse,buderim,residential,459251.0,30616.733333333334,30663.0,30582.0,15,2025-12-23T13:39:34.573Z,HIGH_CONSUMPTION,WARNING
2022-07-13,2022,7,61160187,Pulse1_Total,captis_pulse,buderim,residential,706147.0,30702.043478260868,30728.0,30663.0,23,2025-12-23T13:39:34.573Z,HIGH_CONSUMPTION,WARNING
2022-07-12,2022,7,102788,Pulse1_Total,captis_pulse,maroochydore,residential,2457576.0,153598.5,153724.0,153579.0,16,2025-12-23T13:39:34.573Z,HIGH_CONSUMPTION,WARNING
2022-07-13,2022,7,102788,Pulse1_Total,captis_pulse,maroochydore,residential,1691036.0,153730.54545454544,153740.0,153724.0,11,2025-12-23T13:39:34.573Z,HIGH_CONSUMPTION,WARNING
2022-07-12,2022,7,593842,Pulse1_Total,captis_pulse,buderim,residential,5301360.0,311844.70588235295,311993.0,311802.0,17,2025-12-23T13:39:34.573Z,HIGH_CONSUMPTION,WARNING
2022-07-13,2022,7,593842,Pulse1_Total,captis_pulse,buderim,residential,7182630.0,312288.26086956525,312433.0,312071.0,23,2025-12-23T13:39:34.573Z,HIGH_CONSUMPTION,WARNING
2022-07-12,2022,7,514161,Pulse1_Total,captis_pulse,buderim,residential,2972892.0,174876.0,174876.0,174876.0,17,2025-12-23T13:39:34.573Z,HIGH_CONSUMPTION,WARNING
2022-07-13,2022,7,514161,Pulse1_Total,captis_pulse,buderim,residential,4197024.0,174876.0,174876.0,174876.0,24,2025-12-23T13:39:34.573Z,HIGH_CONSUMPTION,WARNING
2022-07-12,2022,7,61158881,Pulse1_Total,captis_pulse,buderim,residential,531370.0,29520.555555555555,29552.0,29516.0,18,2025-12-23T13:39:34.573Z,HIGH_CONSUMPTION,WARNING
2022-07-13,2022,7,61158881,Pulse1_Total,captis_pulse,buderim,residential,832979.0,29749.25,29782.0,29637.0,28,2025-12-23T13:39:34.573Z,HIGH_CONSUMPTION,WARNING
2022-07-12,2022,7,9345751,Pulse1_Total,captis_pulse,maroochydore,residential,1807958.0,106350.4705882353,106496.0,106226.0,17,2025-12-23T13:39:34.573Z,HIGH_CONSUMPTION,WARNING
2022-07-13,2022,7,9345751,Pulse1_Total,captis_pulse,maroochydore,residential,2665423.0,106616.92,106813.0,106497.0,25,2025-12-23T13:39:34.573Z,HIGH_CONSUMPTION,WARNING
2022-07-12,2022,7,2266,Pulse1_Total,captis_pulse,maroochydore,residential,2212591.0,158042.2142857143,158048.0,158035.0,14,2025-12-23T13:39:34.573Z,HIGH_CONSUMPTION,WARNING
2022-07-13,2022,7,2266,Pulse1_Total,captis_pulse,maroochydore,residential,3793669.0,158069.54166666666,158092.0,158058.0,24,2025-12-23T13:39:34.573Z,HIGH_CONSUMPTION,WARNING
2022-07-12,2022,7,53973,Pulse1_Total,captis_pulse,buderim,residential,7316080.0,385056.84210526315,385162.0,385010.0,19,2025-12-23T13:39:34.573Z,HIGH_CONSUMPTION,WARNING
2022-07-13,2022,7,53973,Pulse1_Total,captis_pulse,buderim,residential,1.0788174E7,385291.9285714286,385497.0,385164.0,28,2025-12-23T13:39:34.573Z,HIGH_CONSUMPTION,WARNING
2022-07-12,2022,7,61144932,Pulse1_Total,captis_pulse,buderim,residential,234603.0,13033.5,13072.0,13000.0,18,2025-12-23T13:39:34.573Z,HIGH_CONSUMPTION,WARNING
2022-07-13,2022,7,61144932,Pulse1_Total,captis_pulse,buderim,residential,300656.0,13072.0,13072.0,13072.0,23,2025-12-23T13:39:34.573Z,HIGH_CONSUMPTION,WARNING
2022-07-12,2022,7,9025556,Pulse1_Total,captis_pulse,maroochydore,residential,2739706.0,161159.17647058822,161199.0,161133.0,17,2025-12-23T13:39:34.573Z,HIGH_CONSUMPTION,WARNING
2022-07-13,2022,7,9025556,Pulse1_Total,captis_pulse,maroochydore,residential,4036628.0,161465.12,161632.0,161199.0,25,2025-12-23T13:39:34.573Z,HIGH_CONSUMPTION,WARNING
2022-07-12,2022,7,9026565,Pulse1_Total,captis_pulse,maroochydore,residential,588207.0,98034.5,98037.0,98034.0,6,2025-12-23T13:39:34.573Z,HIGH_CONSUMPTION,WARNING
2022-07-12,2022,7,45136724,Pulse1_Total,captis_pulse,mountain creek,residential,1170012.0,68824.23529411765,68868.0,68800.0,17,2025-12-23T13:39:34.573Z,HIGH_CONSUMPTION,WARNING
2022-07-13,2022,7,45136724,Pulse1_Total,captis_pulse,mountain creek,residential,1724291.0,68971.64,69105.0,68870.0,25,2025-12-23T13:39:34.573Z,HIGH_CONSUMPTION,WARNING
2022-07-12,2022,7,61185644,Pulse1_Total,captis_pulse,buderim,residential,468859.0,27579.941176470587,27614.0,27566.0,17,2025-12-23T13:39:34.573Z,HIGH_CONSUMPTION,WARNING
2022-07-13,2022,7,61185644,Pulse1_Total,captis_pulse,buderim,residential,636343.0,27667.08695652174,27716.0,27614.0,23,2025-12-23T13:39:34.573Z,HIGH_CONSUMPTION,WARNING
2022-07-12,2022,7,45134455,Pulse1_Total,captis_pulse,mountain creek,residential,1129236.0,70577.25,70593.0,70568.0,16,2025-12-23T13:39:34.573Z,HIGH_CONSUMPTION,WARNING
2022-07-13,2022,7,45134455,Pulse1_Total,captis_pulse,mountain creek,residential,1695739.0,70655.79166666667,70774.0,70599.0,24,2025-12-23T13:39:34.573Z,HIGH_CONSUMPTION,WARNING
2022-07-12,2022,7,61562256,Pulse1_Total,captis_pulse,buderim,residential,2774676.0,132127.42857142858,132271.0,132054.0,21,2025-12-23T13:39:34.573Z,HIGH_CONSUMPTION,WARNING
2022-07-13,2022,7,61562256,Pulse1_Total,captis_pulse,buderim,residential,3446107.0,132542.57692307694,132688.0,132326.0,26,2025-12-23T13:39:34.573Z,HIGH_CONSUMPTION,WARNING
2022-07-12,2022,7,61202339,Pulse1_Total,captis_pulse,buderim,residential,76068.0,4226.0,4235.0,4223.0,18,2025-12-23T13:39:34.573Z,HIGH_CONSUMPTION,WARNING
2022-07-13,2022,7,61202339,Pulse1_Total,captis_pulse,buderim,residential,106044.0,4241.76,4247.0,4237.0,25,2025-12-23T13:39:34.573Z,HIGH_CONSUMPTION,WARNING
2022-07-12,2022,7,1662496,Pulse1_Total,captis_pulse,buderim,residential,5016323.0,295077.82352941175,295111.0,295069.0,17,2025-12-23T13:39:34.573Z,HIGH_CONSUMPTION,WARNING
2022-07-13,2022,7,1662496,Pulse1_Total,captis_pulse,buderim,residential,7378789.0,295151.56,295189.0,295111.0,25,2025-12-23T13:39:34.573Z,HIGH_CONSUMPTION,WARNING
2022-07-12,2022,7,61202032,Pulse1_Total,captis_pulse,buderim,residential,1752962.0,109560.125,109753.0,109501.0,16,2025-12-23T13:39:34.573Z,HIGH_CONSUMPTION,WARNING
2022-07-13,2022,7,61202032,Pulse1_Total,captis_pulse,buderim,residential,2639808.0,109992.0,110134.0,109754.0,24,2025-12-23T13:39:34.573Z,HIGH_CONSUMPTION,WARNING
2022-07-12,2022,7,52622,Pulse1_Total,captis_pulse,maroochydore,residential,4944276.0,290839.76470588235,290852.0,290830.0,17,2025-12-23T13:39:34.573Z,HIGH_CONSUMPTION,WARNING
2022-07-13,2022,7,52622,Pulse1_Total,captis_pulse,maroochydore,residential,5236879.0,290937.72222222225,291012.0,290852.0,18,2025-12-23T13:39:34.573Z,HIGH_CONSUMPTION,WARNING
2022-07-12,2022,7,60407325,Pulse1_Total,captis_pulse,buderim,residential,1961352.0,115373.64705882352,115586.0,115334.0,17,2025-12-23T13:39:34.573Z,HIGH_CONSUMPTION,WARNING
2022-07-13,2022,7,60407325,Pulse1_Total,captis_pulse,buderim,residential,2776311.0,115679.625,115836.0,115596.0,24,2025-12-23T13:39:34.573Z,HIGH_CONSUMPTION,WARNING
2022-07-12,2022,7,1462392,Pulse1_Total,captis_pulse,buderim,residential,3913456.0,244591.0,244637.0,244573.0,16,2025-12-23T13:39:34.573Z,HIGH_CONSUMPTION,WARNING
2022-07-13,2022,7,1462392,Pulse1_Total,captis_pulse,buderim,residential,5873615.0,244733.95833333334,244804.0,244638.0,24,2025-12-23T13:39:34.573Z,HIGH_CONSUMPTION,WARNING
2022-07-12,2022,7,81964738,Pulse1_Total,captis_pulse,maroochydore,residential,3228448.0,201778.0,201816.0,201768.0,16,2025-12-23T13:39:34.573Z,HIGH_CONSUMPTION,WARNING
2022-07-13,2022,7,81964738,Pulse1_Total,captis_pulse,maroochydore,residential,605745.0,201915.0,201953.0,201842.0,3,2025-12-23T13:39:34.573Z,HIGH_CONSUMPTION,WARNING
2022-07-12,2022,7,22368070,Pulse1_Total,captis_pulse,beerwah,non-residential,61676.0,3628.0,3628.0,3628.0,17,2025-12-23T13:39:34.573Z,HIGH_CONSUMPTION,WARNING
2022-07-13,2022,7,22368070,Pulse1_Total,captis_pulse,beerwah,non-residential,79816.0,3628.0,3628.0,3628.0,22,2025-12-23T13:39:34.573Z,HIGH_CONSUMPTION,WARNING
2022-07-12,2022,7,2528,Pulse1_Total,captis_pulse,maroochydore,residential,4411238.0,259484.58823529413,259711.0,259428.0,17,2025-12-23T13:39:34.573Z,HIGH_CONSUMPTION,WARNING
2022-07-13,2022,7,2528,Pulse1_Total,captis_pulse,maroochydore,residential,6755102.0,259811.61538461538,259914.0,259718.0,26,2025-12-23T13:39:34.573Z,HIGH_CONSUMPTION,WARNING
2022-07-12,2022,7,322270,Pulse1_Total,captis_pulse,buderim,residential,9596211.0,564483.0,564571.0,564450.0,17,2025-12-23T13:39:34.573Z,HIGH_CONSUMPTION,WARNING
2022-07-13,2022,7,322270,Pulse1_Total,captis_pulse,buderim,residential,1.3558464E7,564936.0,565163.0,564597.0,24,2025-12-23T13:39:34.573Z,HIGH_CONSUMPTION,WARNING
2022-07-12,2022,7,61207508,Pulse1_Total,captis_pulse,buderim,residential,1877216.0,110424.4705882353,110531.0,110351.0,17,2025-12-23T13:39:34.573Z,HIGH_CONSUMPTION,WARNING
2022-07-13,2022,7,61207508,Pulse1_Total,captis_pulse,buderim,residential,2662074.0,110919.75,111157.0,110644.0,24,2025-12-23T13:39:34.573Z,HIGH_CONSUMPTION,WARNING
2022-07-12,2022,7,9354732,Pulse1_Total,captis_pulse,maroochydore,residential,3150780.0,185340.0,185348.0,185335.0,17,2025-12-23T13:39:34.573Z,HIGH_CONSUMPTION,WARNING
2022-07-13,2022,7,9354732,Pulse1_Total,captis_pulse,maroochydore,residential,4448745.0,185364.375,185456.0,185348.0,24,2025-12-23T13:39:34.573Z,HIGH_CONSUMPTION,WARNING
2022-07-12,2022,7,21401432,Pulse1_Total,,,,1.52852E7,955325.0,955325.0,955325.0,16,2025-12-23T13:39:34.573Z,HIGH_CONSUMPTION,WARNING
2022-07-12,2022,7,602079,Pulse1_Total,captis_pulse,buderim,residential,2274099.0,284262.375,284263.0,284258.0,8,2025-12-23T13:39:34.573Z,HIGH_CONSUMPTION,WARNING
2022-07-12,2022,7,2184,Pulse1_Total,captis_pulse,buderim,residential,6991054.0,411238.4705882353,411420.0,411165.0,17,2025-12-23T13:39:34.573Z,HIGH_CONSUMPTION,WARNING
2022-07-13,2022,7,2184,Pulse1_Total,captis_pulse,buderim,residential,9878588.0,411607.8333333333,411841.0,411457.0,24,2025-12-23T13:39:34.573Z,HIGH_CONSUMPTION,WARNING
2022-07-12,2022,7,127319,Pulse1_Total,captis_pulse,buderim,residential,4855498.0,285617.5294117647,285652.0,285606.0,17,2025-12-23T13:39:34.573Z,HIGH_CONSUMPTION,WARNING
2022-07-13,2022,7,127319,Pulse1_Total,captis_pulse,buderim,residential,6856983.0,285707.625,285773.0,285672.0,24,2025-12-23T13:39:34.573Z,HIGH_CONSUMPTION,WARNING
2022-07-12,2022,7,1592969,Pulse1_Total,captis_pulse,maroochydore,residential,3686436.0,216849.17647058822,216932.0,216815.0,17,2025-12-23T13:39:34.573Z,HIGH_CONSUMPTION,WARNING
2022-07-13,2022,7,1592969,Pulse1_Total,captis_pulse,maroochydore,residential,5209053.0,217043.875,217161.0,216932.0,24,2025-12-23T13:39:34.573Z,HIGH_CONSUMPTION,WARNING
2022-07-12,2022,7,334171,Pulse1_Total,captis_pulse,buderim,residential,5625955.0,330938.5294117647,331021.0,330917.0,17,2025-12-23T13:39:34.573Z,HIGH_CONSUMPTION,WARNING
2022-07-13,2022,7,334171,Pulse1_Total,captis_pulse,buderim,residential,7945741.0,331072.5416666667,331098.0,331030.0,24,2025-12-23T13:39:34.573Z,HIGH_CONSUMPTION,WARNING
2022-07-12,2022,7,61285491,Pulse1_Total,captis_pulse,buderim,residential,681054.0,42565.875,42592.0,42557.0,16,2025-12-23T13:39:34.573Z,HIGH_CONSUMPTION,WARNING
2022-07-13,2022,7,61285491,Pulse1_Total,captis_pulse,buderim,residential,1066243.0,42649.72,42739.0,42592.0,25,2025-12-23T13:39:34.573Z,HIGH_CONSUMPTION,WARNING
2022-07-12,2022,7,62366133,Pulse1_Total,captis_pulse,buderim,residential,1027544.0,60443.76470588235,60544.0,60402.0,17,2025-12-23T13:39:34.573Z,HIGH_CONSUMPTION,WARNING
2022-07-13,2022,7,62366133,Pulse1_Total,captis_pulse,buderim,residential,1456853.0,60702.208333333336,60873.0,60563.0,24,2025-12-23T13:39:34.573Z,HIGH_CONSUMPTION,WARNING
2022-07-12,2022,7,62366513,Pulse1_Total,captis_pulse,buderim,residential,445272.0,26192.470588235294,26252.0,26173.0,17,2025-12-23T13:39:34.573Z,HIGH_CONSUMPTION,WARNING
2022-07-13,2022,7,62366513,Pulse1_Total,captis_pulse,buderim,residential,630596.0,26274.833333333332,26310.0,26252.0,24,2025-12-23T13:39:34.573Z,HIGH_CONSUMPTION,WARNING
2022-07-12,2022,7,65063934,Pulse1_Total,captis_pulse,maroochydore,non-residential,5408000.0,318117.64705882355,318600.0,318000.0,17,2025-12-23T13:39:34.573Z,HIGH_CONSUMPTION,WARNING
2022-07-13,2022,7,65063934,Pulse1_Total,captis_pulse,maroochydore,non-residential,7649800.0,318741.6666666667,318800.0,318700.0,24,2025-12-23T13:39:34.573Z,HIGH_CONSUMPTION,WARNING
2022-07-12,2022,7,81502431,Pulse1_Total,captis_pulse,kuluin,residential,1016320.0,63520.0,63520.0,63520.0,16,2025-12-23T13:39:34.573Z,HIGH_CONSUMPTION,WARNING
2022-07-13,2022,7,81502431,Pulse1_Total,captis_pulse,kuluin,residential,63520.0,63520.0,63520.0,63520.0,1,2025-12-23T13:39:34.573Z,HIGH_CONSUMPTION,WARNING
2022-07-12,2022,7,22048504,Pulse1_Total,captis_pulse,kuluin,non-residential,1.4450415E7,963361.0,963370.0,963360.0,15,2025-12-23T13:39:34.573Z,HIGH_CONSUMPTION,WARNING
2022-07-13,2022,7,22048504,Pulse1_Total,captis_pulse,kuluin,non-residential,2.2162025E7,963566.304347826,963605.0,963380.0,23,2025-12-23T13:39:34.573Z,HIGH_CONSUMPTION,WARNING
2022-07-12,2022,7,8863,Pulse1_Total,captis_pulse,buderim,residential,4178689.0,245805.23529411765,245944.0,245763.0,17,2025-12-23T13:39:34.573Z,HIGH_CONSUMPTION,WARNING
2022-07-13,2022,7,8863,Pulse1_Total,captis_pulse,buderim,residential,6397384.0,246053.23076923078,246301.0,245944.0,26,2025-12-23T13:39:34.573Z,HIGH_CONSUMPTION,WARNING
2022-07-12,2022,7,577462,Pulse1_Total,captis_pulse,buderim,residential,1.0792475E7,599581.9444444445,599660.0,599528.0,18,2025-12-23T13:39:34.573Z,HIGH_CONSUMPTION,WARNING
2022-07-13,2022,7,577462,Pulse1_Total,captis_pulse,buderim,residential,1.3804124E7,600179.304347826,600547.0,599820.0,23,2025-12-23T13:39:34.573Z,HIGH_CONSUMPTION,WARNING
2022-07-12,2022,7,61201153,Pulse1_Total,captis_pulse,buderim,residential,1413261.0,83133.0,83278.0,83069.0,17,2025-12-23T13:39:34.573Z,HIGH_CONSUMPTION,WARNING
2022-07-13,2022,7,61201153,Pulse1_Total,captis_pulse,buderim,residential,2170865.0,83494.80769230769,83763.0,83309.0,26,2025-12-23T13:39:34.573Z,HIGH_CONSUMPTION,WARNING
2022-07-12,2022,7,62364343,Pulse1_Total,captis_pulse,buderim,residential,1805563.0,106209.58823529411,106457.0,106135.0,17,2025-12-23T13:39:34.573Z,HIGH_CONSUMPTION,WARNING
2022-07-13,2022,7,62364343,Pulse1_Total,captis_pulse,buderim,residential,2675221.0,107008.84,107161.0,106778.0,25,2025-12-23T13:39:34.573Z,HIGH_CONSUMPTION,WARNING
2022-07-12,2022,7,2995,Pulse1_Total,captis_pulse,buderim,residential,7358673.0,432863.1176470588,433093.0,432748.0,17,2025-12-23T13:39:34.573Z,HIGH_CONSUMPTION,WARNING
2022-07-13,2022,7,2995,Pulse1_Total,captis_pulse,buderim,residential,1.0395909E7,433162.875,433255.0,433097.0,24,2025-12-23T13:39:34.573Z,HIGH_CONSUMPTION,WARNING
2022-07-12,2022,7,61163496,Pulse1_Total,captis_pulse,buderim,residential,948857.0,55815.117647058825,55816.0,55815.0,17,2025-12-23T13:39:34.573Z,HIGH_CONSUMPTION,WARNING
2022-07-13,2022,7,61163496,Pulse1_Total,captis_pulse,buderim,residential,1395400.0,55816.0,55816.0,55816.0,25,2025-12-23T13:39:34.573Z,HIGH_CONSUMPTION,WARNING
2022-07-12,2022,7,61220996,Pulse1_Total,captis_pulse,buderim,residential,1164686.0,72792.875,73017.0,72745.0,16,2025-12-23T13:39:34.573Z,HIGH_CONSUMPTION,WARNING
2022-07-13,2022,7,61220996,Pulse1_Total,captis_pulse,buderim,residential,1827326.0,73093.04,73187.0,73017.0,25,2025-12-23T13:39:34.573Z,HIGH_CONSUMPTION,WARNING
2022-07-12,2022,7,61233966,Pulse1_Total,captis_pulse,buderim,residential,1153533.0,60712.26315789474,60909.0,60647.0,19,2025-12-23T13:39:34.573Z,HIGH_CONSUMPTION,WARNING
2022-07-13,2022,7,61233966,Pulse1_Total,captis_pulse,buderim,residential,1707369.0,60977.46428571428,61154.0,60913.0,28,2025-12-23T13:39:34.573Z,HIGH_CONSUMPTION,WARNING
2022-07-12,2022,7,64628071,Battery,captis_pulse,maroochydore,residential,1.691,1.691,1.691,1.691,1,2025-12-23T13:39:34.573Z,LOW_BATTERY,CRITICAL
2022-07-12,2022,7,8981839,Pulse1_Total,captis_pulse,maroochydore,residential,7892321.0,375824.8095238095,376051.0,375717.0,21,2025-12-23T13:39:34.573Z,HIGH_CONSUMPTION,WARNING
2022-07-13,2022,7,8981839,Pulse1_Total,captis_pulse,maroochydore,residential,9033039.0,376376.625,376537.0,376120.0,24,2025-12-23T13:39:34.573Z,HIGH_CONSUMPTION,WARNING
2022-07-12,2022,7,60380381,Pulse1_Total,captis_pulse,buderim,residential,358540.0,21090.58823529412,21109.0,21088.0,17,2025-12-23T13:39:34.573Z,HIGH_CONSUMPTION,WARNING
2022-07-13,2022,7,60380381,Pulse1_Total,captis_pulse,buderim,residential,508327.0,21180.291666666668,21219.0,21116.0,24,2025-12-23T13:39:34.573Z,HIGH_CONSUMPTION,WARNING
2022-07-12,2022,7,2364,Pulse1_Total,captis_pulse,buderim,residential,6270345.0,368843.82352941175,368942.0,368831.0,17,2025-12-23T13:39:34.573Z,HIGH_CONSUMPTION,WARNING
2022-07-13,2022,7,2364,Pulse1_Total,captis_pulse,buderim,residential,8860815.0,369200.625,369275.0,369067.0,24,2025-12-23T13:39:34.573Z,HIGH_CONSUMPTION,WARNING
2022-07-12,2022,7,29297,Pulse1_Total,captis_pulse,maroochydore,residential,3606228.0,212131.0588235294,212167.0,212059.0,17,2025-12-23T13:39:34.573Z,HIGH_CONSUMPTION,WARNING
2022-07-13,2022,7,29297,Pulse1_Total,captis_pulse,maroochydore,residential,5304910.0,212196.4,212274.0,212167.0,25,2025-12-23T13:39:34.573Z,HIGH_CONSUMPTION,WARNING
2022-07-12,2022,7,69408279,Pulse1_Total,captis_pulse,buderim,residential,647671.0,46262.21428571428,46294.0,46250.0,14,2025-12-23T13:39:34.573Z,HIGH_CONSUMPTION,WARNING
2022-07-13,2022,7,69408279,Pulse1_Total,captis_pulse,buderim,residential,416668.0,46296.444444444445,46310.0,46294.0,9,2025-12-23T13:39:34.573Z,HIGH_CONSUMPTION,WARNING
2022-07-12,2022,7,8983790,Pulse1_Total,captis_pulse,maroochydore,residential,552524.0,78932.0,78932.0,78932.0,7,2025-12-23T13:39:34.573Z,HIGH_CONSUMPTION,WARNING
2022-07-12,2022,7,61940444,Pulse1_Total,captis_pulse,buderim,residential,2154471.0,126733.58823529411,126895.0,126680.0,17,2025-12-23T13:39:34.573Z,HIGH_CONSUMPTION,WARNING
2022-07-13,2022,7,61940444,Pulse1_Total,captis_pulse,buderim,residential,3200641.0,128025.64,128498.0,127054.0,25,2025-12-23T13:39:34.573Z,HIGH_CONSUMPTION,WARNING
2022-07-12,2022,7,71270,Pulse1_Total,captis_pulse,kuluin,residential,6301156.0,393822.25,393996.0,393760.0,16,2025-12-23T13:39:34.573Z,HIGH_CONSUMPTION,WARNING
2022-07-13,2022,7,71270,Pulse1_Total,captis_pulse,kuluin,residential,9459709.0,394154.5416666667,394349.0,393996.0,24,2025-12-23T13:39:34.573Z,HIGH_CONSUMPTION,WARNING
2022-07-12,2022,7,77617,Pulse1_Total,captis_pulse,buderim,residential,1.5901106E7,836900.3157894737,837252.0,836737.0,19,2025-12-23T13:39:34.573Z,HIGH_CONSUMPTION,WARNING
2022-07-13,2022,7,77617,Pulse1_Total,captis_pulse,buderim,residential,1.9268539E7,837762.5652173914,838181.0,837406.0,23,2025-12-23T13:39:34.573Z,HIGH_CONSUMPTION,WARNING
2022-07-12,2022,7,61150108,Pulse1_Total,captis_pulse,buderim,residential,613217.0,38326.0625,38432.0,38301.0,16,2025-12-23T13:39:34.573Z,HIGH_CONSUMPTION,WARNING
2022-07-13,2022,7,61150108,Pulse1_Total,captis_pulse,buderim,residential,923853.0,38493.875,38539.0,38443.0,24,2025-12-23T13:39:34.573Z,HIGH_CONSUMPTION,WARNING
2022-07-12,2022,7,97600,Pulse1_Total,captis_pulse,buderim,residential,3685530.0,204751.66666666666,204832.0,204709.0,18,2025-12-23T13:39:34.573Z,HIGH_CONSUMPTION,WARNING
2022-07-13,2022,7,97600,Pulse1_Total,captis_pulse,buderim,residential,4916992.0,204874.66666666666,204922.0,204839.0,24,2025-12-23T13:39:34.573Z,HIGH_CONSUMPTION,WARNING
2022-07-12,2022,7,409,Pulse1_Total,captis_pulse,maroochydore,residential,1994763.0,117339.0,117339.0,117339.0,17,2025-12-23T13:39:34.573Z,HIGH_CONSUMPTION,WARNING
2022-07-13,2022,7,409,Pulse1_Total,captis_pulse,maroochydore,residential,2698797.0,117339.0,117339.0,117339.0,23,2025-12-23T13:39:34.573Z,HIGH_CONSUMPTION,WARNING
2022-07-12,2022,7,5487,Pulse1_Total,captis_pulse,buderim,residential,1.0121591E7,595387.7058823529,595489.0,595320.0,17,2025-12-23T13:39:34.573Z,HIGH_CONSUMPTION,WARNING
2022-07-13,2022,7,5487,Pulse1_Total,captis_pulse,buderim,residential,1.3699229E7,595618.6521739131,595765.0,595489.0,23,2025-12-23T13:39:34.573Z,HIGH_CONSUMPTION,WARNING
2022-07-12,2022,7,62367105,Pulse1_Total,captis_pulse,buderim,residential,527562.0,37683.0,37725.0,37657.0,14,2025-12-23T13:39:34.573Z,HIGH_CONSUMPTION,WARNING
2022-07-13,2022,7,62367105,Pulse1_Total,captis_pulse,buderim,residential,905452.0,37727.166666666664,37732.0,37725.0,24,2025-12-23T13:39:34.573Z,HIGH_CONSUMPTION,WARNING
2022-07-12,2022,7,63407,Pulse1_Total,captis_pulse,buderim,residential,6667504.0,416719.0,416751.0,416693.0,16,2025-12-23T13:39:34.573Z,HIGH_CONSUMPTION,WARNING
2022-07-13,2022,7,63407,Pulse1_Total,captis_pulse,buderim,residential,1.0838312E7,416858.1538461539,416913.0,416770.0,26,2025-12-23T13:39:34.573Z,HIGH_CONSUMPTION,WARNING
2022-07-12,2022,7,324588,Pulse1_Total,captis_pulse,buderim,residential,6759449.0,397614.64705882355,397714.0,397567.0,17,2025-12-23T13:39:34.573Z,HIGH_CONSUMPTION,WARNING
2022-07-13,2022,7,324588,Pulse1_Total,captis_pulse,buderim,residential,9944984.0,397799.36,397984.0,397714.0,25,2025-12-23T13:39:34.573Z,HIGH_CONSUMPTION,WARNING
2022-07-12,2022,7,21892943,Pulse1_Total,captis_pulse,maroochydore,non-residential,127680.0,9120.0,9120.0,9120.0,14,2025-12-23T13:39:34.573Z,HIGH_CONSUMPTION,WARNING
2022-07-13,2022,7,21892943,Pulse1_Total,captis_pulse,maroochydore,non-residential,209760.0,9120.0,9120.0,9120.0,23,2025-12-23T13:39:34.573Z,HIGH_CONSUMPTION,WARNING
2022-07-12,2022,7,60255447,Pulse1_Total,captis_pulse,buderim,residential,934020.0,54942.35294117647,55192.0,54815.0,17,2025-12-23T13:39:34.573Z,HIGH_CONSUMPTION,WARNING
2022-07-13,2022,7,60255447,Pulse1_Total,captis_pulse,buderim,residential,1441816.0,55454.46153846154,55629.0,55204.0,26,2025-12-23T13:39:34.573Z,HIGH_CONSUMPTION,WARNING
2022-07-12,2022,7,9130,Pulse1_Total,captis_pulse,buderim,residential,9316860.0,517603.3333333333,517903.0,517483.0,18,2025-12-23T13:39:34.573Z,HIGH_CONSUMPTION,WARNING
2022-07-13,2022,7,9130,Pulse1_Total,captis_pulse,buderim,residential,1.347177E7,518145.0,518425.0,517942.0,26,2025-12-23T13:39:34.573Z,HIGH_CONSUMPTION,WARNING
2022-07-12,2022,7,9394112,Pulse1_Total,captis_pulse,kuluin,residential,4746368.0,296648.0,296648.0,296648.0,16,2025-12-23T13:39:34.573Z,HIGH_CONSUMPTION,WARNING
2022-07-13,2022,7,9394112,Pulse1_Total,captis_pulse,kuluin,residential,7416231.0,296649.24,296651.0,296648.0,25,2025-12-23T13:39:34.573Z,HIGH_CONSUMPTION,WARNING
2022-07-12,2022,7,61214573,Pulse1_Total,captis_pulse,buderim,residential,79730.0,4690.0,4690.0,4690.0,17,2025-12-23T13:39:34.573Z,HIGH_CONSUMPTION,WARNING
2022-07-13,2022,7,61214573,Pulse1_Total,captis_pulse,buderim,residential,108072.0,4698.782608695652,4704.0,4690.0,23,2025-12-23T13:39:34.573Z,HIGH_CONSUMPTION,WARNING
2022-07-12,2022,7,66042,Pulse1_Total,captis_pulse,buderim,residential,4827648.0,283979.29411764705,284117.0,283900.0,17,2025-12-23T13:39:34.573Z,HIGH_CONSUMPTION,WARNING
2022-07-13,2022,7,66042,Pulse1_Total,captis_pulse,buderim,residential,6820416.0,284184.0,284274.0,284121.0,24,2025-12-23T13:39:34.573Z,HIGH_CONSUMPTION,WARNING
2022-07-12,2022,7,88144457,Pulse1_Total,captis_pulse,maroochydore,residential,1236251.0,103020.91666666667,103091.0,103007.0,12,2025-12-23T13:39:34.573Z,HIGH_CONSUMPTION,WARNING
2022-07-12,2022,7,13917,Pulse1_Total,captis_pulse,buderim,residential,4377232.0,230380.63157894736,230574.0,230350.0,19,2025-12-23T13:39:34.573Z,HIGH_CONSUMPTION,WARNING
2022-07-13,2022,7,13917,Pulse1_Total,captis_pulse,buderim,residential,5534500.0,230604.16666666666,230622.0,230581.0,24,2025-12-23T13:39:34.573Z,HIGH_CONSUMPTION,WARNING
2022-07-12,2022,7,2298,Pulse1_Total,captis_pulse,buderim,residential,6619506.0,389382.70588235295,389610.0,389334.0,17,2025-12-23T13:39:34.573Z,HIGH_CONSUMPTION,WARNING
2022-07-13,2022,7,2298,Pulse1_Total,captis_pulse,buderim,residential,9351533.0,389647.2083333333,389761.0,389613.0,24,2025-12-23T13:39:34.573Z,HIGH_CONSUMPTION,WARNING
2022-07-12,2022,7,61197902,Pulse1_Total,captis_pulse,buderim,residential,43486.0,2558.0,2558.0,2558.0,17,2025-12-23T13:39:34.573Z,HIGH_CONSUMPTION,WARNING
2022-07-13,2022,7,61197902,Pulse1_Total,captis_pulse,buderim,residential,61392.0,2558.0,2558.0,2558.0,24,2025-12-23T13:39:34.573Z,HIGH_CONSUMPTION,WARNING
2022-07-12,2022,7,62518,Pulse1_Total,captis_pulse,buderim,residential,5421350.0,318902.9411764706,318953.0,318886.0,17,2025-12-23T13:39:34.573Z,HIGH_CONSUMPTION,WARNING
2022-07-13,2022,7,62518,Pulse1_Total,captis_pulse,buderim,residential,7976143.0,319045.72,319069.0,319036.0,25,2025-12-23T13:39:34.573Z,HIGH_CONSUMPTION,WARNING
2022-07-12,2022,7,67716197,Pulse1_Total,captis_pulse,buderim,residential,505067.0,29709.823529411766,29779.0,29665.0,17,2025-12-23T13:39:34.573Z,HIGH_CONSUMPTION,WARNING
2022-07-13,2022,7,67716197,Pulse1_Total,captis_pulse,buderim,residential,717375.0,29890.625,30024.0,29779.0,24,2025-12-23T13:39:34.573Z,HIGH_CONSUMPTION,WARNING
2022-07-12,2022,7,2255,Pulse1_Total,captis_pulse,maroochydore,residential,1998866.0,133257.73333333334,133289.0,133247.0,15,2025-12-23T13:39:34.573Z,HIGH_CONSUMPTION,WARNING
2022-07-13,2022,7,2255,Pulse1_Total,captis_pulse,maroochydore,residential,3333723.0,133348.92,133404.0,133289.0,25,2025-12-23T13:39:34.573Z,HIGH_CONSUMPTION,WARNING
2022-07-12,2022,7,254312,Pulse1_Total,captis_pulse,buderim,residential,1062255.0,62485.58823529412,62493.0,62484.0,17,2025-12-23T13:39:34.573Z,HIGH_CONSUMPTION,WARNING
2022-07-13,2022,7,254312,Pulse1_Total,captis_pulse,buderim,residential,1563445.0,62537.8,62619.0,62493.0,25,2025-12-23T13:39:34.573Z,HIGH_CONSUMPTION,WARNING
2022-07-12,2022,7,362,Pulse1_Total,captis_pulse,maroochydore,residential,4387258.0,258074.0,258074.0,258074.0,17,2025-12-23T13:39:34.573Z,HIGH_CONSUMPTION,WARNING
2022-07-13,2022,7,362,Pulse1_Total,captis_pulse,maroochydore,residential,6711970.0,258152.6923076923,258223.0,258074.0,26,2025-12-23T13:39:34.573Z,HIGH_CONSUMPTION,WARNING
2022-07-12,2022,7,60193546,Pulse1_Total,captis_pulse,buderim,residential,1975716.0,89805.27272727272,90083.0,89747.0,22,2025-12-23T13:39:34.573Z,HIGH_CONSUMPTION,WARNING
2022-07-13,2022,7,60193546,Pulse1_Total,captis_pulse,buderim,residential,2080374.0,90451.04347826086,90667.0,90108.0,23,2025-12-23T13:39:34.573Z,HIGH_CONSUMPTION,WARNING
2022-07-12,2022,7,328163,Pulse1_Total,captis_pulse,maroochydore,residential,3337393.0,196317.23529411765,196502.0,196277.0,17,2025-12-23T13:39:34.573Z,HIGH_CONSUMPTION,WARNING
2022-07-13,2022,7,328163,Pulse1_Total,captis_pulse,maroochydore,residential,4717288.0,196553.66666666666,196582.0,196513.0,24,2025-12-23T13:39:34.573Z,HIGH_CONSUMPTION,WARNING
2022-07-12,2022,7,60398128,Pulse1_Total,captis_pulse,buderim,residential,1414854.0,83226.70588235294,83357.0,83194.0,17,2025-12-23T13:39:34.573Z,HIGH_CONSUMPTION,WARNING
2022-07-13,2022,7,60398128,Pulse1_Total,captis_pulse,buderim,residential,2001528.0,83397.0,83513.0,83358.0,24,2025-12-23T13:39:34.573Z,HIGH_CONSUMPTION,WARNING
2022-07-12,2022,7,61217696,Pulse1_Total,captis_pulse,buderim,residential,175461.0,10321.235294117647,10326.0,10319.0,17,2025-12-23T13:39:34.573Z,HIGH_CONSUMPTION,WARNING
2022-07-13,2022,7,61217696,Pulse1_Total,captis_pulse,buderim,residential,268519.0,10327.653846153846,10331.0,10326.0,26,2025-12-23T13:39:34.573Z,HIGH_CONSUMPTION,WARNING
2022-07-12,2022,7,46351277,Pulse1_Total,captis_pulse,maroochydore,residential,1.542772E7,907512.9411764706,908010.0,907280.0,17,2025-12-23T13:39:34.573Z,HIGH_CONSUMPTION,WARNING
2022-07-13,2022,7,46351277,Pulse1_Total,captis_pulse,maroochydore,residential,2.090519E7,908921.304347826,909220.0,908460.0,23,2025-12-23T13:39:34.573Z,HIGH_CONSUMPTION,WARNING
2022-07-12,2022,7,61276086,Pulse1_Total,captis_pulse,buderim,residential,419201.0,23288.944444444445,23356.0,23270.0,18,2025-12-23T13:39:34.573Z,HIGH_CONSUMPTION,WARNING
2022-07-13,2022,7,61276086,Pulse1_Total,captis_pulse,buderim,residential,608146.0,23390.23076923077,23443.0,23356.0,26,2025-12-23T13:39:34.573Z,HIGH_CONSUMPTION,WARNING
2022-07-12,2022,7,8980581,Pulse1_Total,captis_pulse,maroochydore,residential,4129048.0,229391.55555555556,229501.0,229343.0,18,2025-12-23T13:39:34.573Z,HIGH_CONSUMPTION,WARNING
2022-07-12,2022,7,8980581,Battery,captis_pulse,maroochydore,residential,2.81,2.81,2.81,2.81,1,2025-12-23T13:39:34.573Z,LOW_BATTERY,CRITICAL
2022-07-13,2022,7,8980581,Pulse1_Total,captis_pulse,maroochydore,residential,5979731.0,229989.65384615384,230282.0,229511.0,26,2025-12-23T13:39:34.573Z,HIGH_CONSUMPTION,WARNING
2022-07-12,2022,7,93930,Pulse1_Total,captis_pulse,buderim,residential,1667279.0,98075.23529411765,98170.0,98049.0,17,2025-12-23T13:39:34.573Z,HIGH_CONSUMPTION,WARNING
2022-07-13,2022,7,93930,Pulse1_Total,captis_pulse,buderim,residential,2356544.0,98189.33333333333,98197.0,98173.0,24,2025-12-23T13:39:34.573Z,HIGH_CONSUMPTION,WARNING
2022-07-12,2022,7,256476,Pulse1_Total,captis_pulse,maroochydore,residential,1317789.0,146421.0,146421.0,146421.0,9,2025-12-23T13:39:34.573Z,HIGH_CONSUMPTION,WARNING
2022-07-12,2022,7,314254,Pulse1_Total,captis_pulse,buderim,residential,7526816.0,470426.0,470426.0,470426.0,16,2025-12-23T13:39:34.573Z,HIGH_CONSUMPTION,WARNING
2022-07-13,2022,7,314254,Pulse1_Total,captis_pulse,buderim,residential,1.1290224E7,470426.0,470426.0,470426.0,24,2025-12-23T13:39:34.573Z,HIGH_CONSUMPTION,WARNING
2022-07-12,2022,7,1751,Pulse1_Total,captis_pulse,maroochydore,residential,4477322.0,263371.8823529412,263405.0,263302.0,17,2025-12-23T13:39:34.573Z,HIGH_CONSUMPTION,WARNING
2022-07-13,2022,7,1751,Pulse1_Total,captis_pulse,maroochydore,residential,6325875.0,263578.125,263700.0,263426.0,24,2025-12-23T13:39:34.573Z,HIGH_CONSUMPTION,WARNING
2022-07-12,2022,7,66202794,Pulse1_Total,captis_pulse,buderim,residential,409751.0,25609.4375,25615.0,25607.0,16,2025-12-23T13:39:34.573Z,HIGH_CONSUMPTION,WARNING
2022-07-13,2022,7,66202794,Pulse1_Total,captis_pulse,buderim,residential,615890.0,25662.083333333332,25705.0,25618.0,24,2025-12-23T13:39:34.573Z,HIGH_CONSUMPTION,WARNING
2022-07-12,2022,7,76490,Pulse1_Total,captis_pulse,buderim,residential,2112791.0,124281.82352941176,124314.0,124273.0,17,2025-12-23T13:39:34.573Z,HIGH_CONSUMPTION,WARNING
2022-07-13,2022,7,76490,Pulse1_Total,captis_pulse,buderim,residential,2985719.0,124404.95833333333,124418.0,124321.0,24,2025-12-23T13:39:34.573Z,HIGH_CONSUMPTION,WARNING
2022-07-12,2022,7,17649,Pulse1_Total,captis_pulse,buderim,residential,4306471.0,269154.4375,269179.0,269146.0,16,2025-12-23T13:39:34.573Z,HIGH_CONSUMPTION,WARNING
2022-07-12,2022,7,17649,Battery,captis_pulse,buderim,residential,1.779,1.779,1.779,1.779,1,2025-12-23T13:39:34.573Z,LOW_BATTERY,CRITICAL
2022-07-13,2022,7,17649,Pulse1_Total,captis_pulse,buderim,residential,6461302.0,269220.9166666667,269250.0,269179.0,24,2025-12-23T13:39:34.573Z,HIGH_CONSUMPTION,WARNING
2022-07-12,2022,7,60257041,Pulse1_Total,captis_pulse,buderim,residential,1888564.0,94428.2,94628.0,94343.0,20,2025-12-23T13:39:34.573Z,HIGH_CONSUMPTION,WARNING
2022-07-13,2022,7,60257041,Pulse1_Total,captis_pulse,buderim,residential,2276198.0,94841.58333333333,95032.0,94637.0,24,2025-12-23T13:39:34.573Z,HIGH_CONSUMPTION,WARNING
2022-07-12,2022,7,61144943,Pulse1_Total,captis_pulse,buderim,residential,534578.0,33411.125,33524.0,33376.0,16,2025-12-23T13:39:34.573Z,HIGH_CONSUMPTION,WARNING
2022-07-13,2022,7,61144943,Pulse1_Total,captis_pulse,buderim,residential,874546.0,33636.38461538462,33704.0,33525.0,26,2025-12-23T13:39:34.573Z,HIGH_CONSUMPTION,WARNING
2022-07-12,2022,7,61489954,Pulse1_Total,captis_pulse,buderim,residential,2516773.0,148045.4705882353,148051.0,148043.0,17,2025-12-23T13:39:34.573Z,HIGH_CONSUMPTION,WARNING
2022-07-13,2022,7,61489954,Pulse1_Total,captis_pulse,buderim,residential,3703064.0,148122.56,148175.0,148052.0,25,2025-12-23T13:39:34.573Z,HIGH_CONSUMPTION,WARNING
2022-07-12,2022,7,61614,Pulse1_Total,captis_pulse,buderim,residential,2690379.0,158257.58823529413,158296.0,158238.0,17,2025-12-23T13:39:34.573Z,HIGH_CONSUMPTION,WARNING
2022-07-13,2022,7,61614,Pulse1_Total,captis_pulse,buderim,residential,3804643.0,158526.79166666666,158548.0,158474.0,24,2025-12-23T13:39:34.573Z,HIGH_CONSUMPTION,WARNING
2022-07-12,2022,7,97884,Pulse1_Total,captis_pulse,buderim,residential,6631116.0,315767.4285714286,315871.0,315729.0,21,2025-12-23T13:39:34.573Z,HIGH_CONSUMPTION,WARNING
2022-07-13,2022,7,97884,Pulse1_Total,captis_pulse,buderim,residential,7583930.0,315997.0833333333,316040.0,315875.0,24,2025-12-23T13:39:34.573Z,HIGH_CONSUMPTION,WARNING
2022-07-12,2022,7,22368537,Pulse1_Total,captis_pulse,birtinya,#n/a,717094.0,42182.0,42182.0,42182.0,17,2025-12-23T13:39:34.573Z,HIGH_CONSUMPTION,WARNING
2022-07-13,2022,7,22368537,Pulse1_Total,captis_pulse,birtinya,#n/a,1012368.0,42182.0,42182.0,42182.0,24,2025-12-23T13:39:34.573Z,HIGH_CONSUMPTION,WARNING
2022-07-12,2022,7,594928,Pulse1_Total,captis_pulse,kuluin,residential,4373259.0,257250.5294117647,257484.0,257134.0,17,2025-12-23T13:39:34.573Z,HIGH_CONSUMPTION,WARNING
2022-07-12,2022,7,594928,Battery,captis_pulse,kuluin,residential,1.623,1.623,1.623,1.623,1,2025-12-23T13:39:34.573Z,LOW_BATTERY,CRITICAL
2022-07-13,2022,7,594928,Pulse1_Total,captis_pulse,kuluin,residential,6184584.0,257691.0,257785.0,257484.0,24,2025-12-23T13:39:34.573Z,HIGH_CONSUMPTION,WARNING
2022-07-12,2022,7,60218899,Pulse1_Total,captis_pulse,buderim,residential,268616.0,33577.0,33577.0,33577.0,8,2025-12-23T13:39:34.573Z,HIGH_CONSUMPTION,WARNING
2022-07-12,2022,7,73328,Pulse1_Total,captis_pulse,buderim,residential,2706526.0,159207.41176470587,159419.0,159155.0,17,2025-12-23T13:39:34.573Z,HIGH_CONSUMPTION,WARNING
2022-07-13,2022,7,73328,Pulse1_Total,captis_pulse,buderim,residential,3826714.0,159446.41666666666,159465.0,159420.0,24,2025-12-23T13:39:34.573Z,HIGH_CONSUMPTION,WARNING
2022-07-12,2022,7,84674,Pulse1_Total,captis_pulse,buderim,residential,4327820.0,288521.3333333333,288720.0,288433.0,15,2025-12-23T13:39:34.573Z,HIGH_CONSUMPTION,WARNING
2022-07-12,2022,7,84674,Battery,captis_pulse,buderim,residential,2.938,2.938,2.938,2.938,1,2025-12-23T13:39:34.573Z,LOW_BATTERY,CRITICAL
2022-07-13,2022,7,84674,Pulse1_Total,captis_pulse,buderim,residential,6932257.0,288844.0416666667,288997.0,288732.0,24,2025-12-23T13:39:34.573Z,HIGH_CONSUMPTION,WARNING
2022-07-12,2022,7,9160926,Pulse1_Total,captis_pulse,maroochydore,residential,6921776.0,314626.1818181818,314960.0,314526.0,22,2025-12-23T13:39:34.573Z,HIGH_CONSUMPTION,WARNING
2022-07-13,2022,7,9160926,Pulse1_Total,captis_pulse,maroochydore,residential,7574137.0,315589.0416666667,315736.0,315226.0,24,2025-12-23T13:39:34.573Z,HIGH_CONSUMPTION,WARNING
2022-07-12,2022,7,13128,Pulse1_Total,captis_pulse,buderim,residential,565817.0,35363.5625,35366.0,35362.0,16,2025-12-23T13:39:34.573Z,HIGH_CONSUMPTION,WARNING
2022-07-13,2022,7,13128,Pulse1_Total,captis_pulse,buderim,residential,884925.0,35397.0,35402.0,35386.0,25,2025-12-23T13:39:34.573Z,HIGH_CONSUMPTION,WARNING
2022-07-12,2022,7,61347246,Pulse1_Total,captis_pulse,buderim,residential,668136.0,39302.117647058825,39375.0,39275.0,17,2025-12-23T13:39:34.573Z,HIGH_CONSUMPTION,WARNING
2022-07-13,2022,7,61347246,Pulse1_Total,captis_pulse,buderim,residential,906345.0,39406.30434782609,39460.0,39375.0,23,2025-12-23T13:39:34.573Z,HIGH_CONSUMPTION,WARNING
2022-07-12,2022,7,720,Pulse1_Total,captis_pulse,maroochydore,non-residential,894044.0,52590.82352941176,52609.0,52586.0,17,2025-12-23T13:39:34.573Z,HIGH_CONSUMPTION,WARNING
2022-07-13,2022,7,720,Pulse1_Total,captis_pulse,maroochydore,non-residential,1264021.0,52667.541666666664,52684.0,52628.0,24,2025-12-23T13:39:34.573Z,HIGH_CONSUMPTION,WARNING
2022-07-12,2022,7,22451667,Pulse1_Total,captis_pulse,mountain creek,non-residential,46580.0,2740.0,2740.0,2740.0,17,2025-12-23T13:39:34.573Z,HIGH_CONSUMPTION,WARNING
2022-07-13,2022,7,22451667,Pulse1_Total,captis_pulse,mountain creek,non-residential,60280.0,2740.0,2740.0,2740.0,22,2025-12-23T13:39:34.573Z,HIGH_CONSUMPTION,WARNING
2022-07-12,2022,7,2659,Pulse1_Total,captis_pulse,buderim,residential,3953011.0,263534.06666666665,263613.0,263490.0,15,2025-12-23T13:39:34.573Z,HIGH_CONSUMPTION,WARNING
2022-07-13,2022,7,2659,Pulse1_Total,captis_pulse,buderim,residential,6327104.0,263629.3333333333,263651.0,263613.0,24,2025-12-23T13:39:34.573Z,HIGH_CONSUMPTION,WARNING
2022-07-12,2022,7,256685,Pulse1_Total,captis_pulse,buderim,residential,4294922.0,252642.4705882353,252809.0,252585.0,17,2025-12-23T13:39:34.573Z,HIGH_CONSUMPTION,WARNING
2022-07-13,2022,7,256685,Pulse1_Total,captis_pulse,buderim,residential,6071270.0,252969.58333333334,253140.0,252817.0,24,2025-12-23T13:39:34.573Z,HIGH_CONSUMPTION,WARNING
2022-07-12,2022,7,257328,Pulse1_Total,captis_pulse,buderim,residential,3073395.0,192087.1875,192102.0,192081.0,16,2025-12-23T13:39:34.573Z,HIGH_CONSUMPTION,WARNING
2022-07-13,2022,7,257328,Pulse1_Total,captis_pulse,buderim,residential,4614130.0,192255.41666666666,192321.0,192110.0,24,2025-12-23T13:39:34.573Z,HIGH_CONSUMPTION,WARNING
2022-07-12,2022,7,61269702,Pulse1_Total,captis_pulse,buderim,residential,454114.0,22705.7,22735.0,22682.0,20,2025-12-23T13:39:34.573Z,HIGH_CONSUMPTION,WARNING
2022-07-13,2022,7,61269702,Pulse1_Total,captis_pulse,buderim,residential,593542.0,22828.53846153846,22866.0,22770.0,26,2025-12-23T13:39:34.573Z,HIGH_CONSUMPTION,WARNING
2022-07-12,2022,7,61559395,Pulse1_Total,captis_pulse,buderim,residential,63512.0,3736.0,3736.0,3736.0,17,2025-12-23T13:39:34.573Z,HIGH_CONSUMPTION,WARNING
2022-07-13,2022,7,61559395,Pulse1_Total,captis_pulse,buderim,residential,85928.0,3736.0,3736.0,3736.0,23,2025-12-23T13:39:34.573Z,HIGH_CONSUMPTION,WARNING
2022-07-12,2022,7,349593,Pulse1_Total,captis_pulse,buderim,residential,1.7632707E7,766639.4347826086,766837.0,766392.0,23,2025-12-23T13:39:34.573Z,HIGH_CONSUMPTION,WARNING
2022-07-13,2022,7,349593,Pulse1_Total,captis_pulse,buderim,residential,1.7643829E7,767123.0,767417.0,766887.0,23,2025-12-23T13:39:34.573Z,HIGH_CONSUMPTION,WARNING
2022-07-12,2022,7,62508176,Pulse1_Total,captis_pulse,buderim,residential,192440.0,11320.0,11320.0,11320.0,17,2025-12-23T13:39:34.573Z,HIGH_CONSUMPTION,WARNING
2022-07-13,2022,7,62508176,Pulse1_Total,captis_pulse,buderim,residential,283456.0,11338.24,11346.0,11320.0,25,2025-12-23T13:39:34.573Z,HIGH_CONSUMPTION,WARNING
2022-07-12,2022,7,62358710,Pulse1_Total,captis_pulse,buderim,residential,55143.0,18381.0,18381.0,18381.0,3,2025-12-23T13:39:34.573Z,HIGH_CONSUMPTION,WARNING
2022-07-12,2022,7,2408,Pulse1_Total,captis_pulse,buderim,residential,6581561.0,411347.5625,411417.0,411322.0,16,2025-12-23T13:39:34.573Z,HIGH_CONSUMPTION,WARNING
2022-07-13,2022,7,2408,Pulse1_Total,captis_pulse,buderim,residential,9879514.0,411646.4166666667,411735.0,411443.0,24,2025-12-23T13:39:34.573Z,HIGH_CONSUMPTION,WARNING
2022-07-12,2022,7,445,Pulse1_Total,captis_pulse,maroochydore,residential,5818096.0,323227.55555555556,323347.0,323176.0,18,2025-12-23T13:39:34.573Z,HIGH_CONSUMPTION,WARNING
2022-07-13,2022,7,445,Pulse1_Total,captis_pulse,maroochydore,residential,7763945.0,323497.7083333333,323930.0,323347.0,24,2025-12-23T13:39:34.573Z,HIGH_CONSUMPTION,WARNING
2022-07-12,2022,7,62365842,Pulse1_Total,captis_pulse,buderim,residential,892893.0,52523.117647058825,52683.0,52471.0,17,2025-12-23T13:39:34.573Z,HIGH_CONSUMPTION,WARNING
2022-07-13,2022,7,62365842,Pulse1_Total,captis_pulse,buderim,residential,1265991.0,52749.625,52788.0,52704.0,24,2025-12-23T13:39:34.573Z,HIGH_CONSUMPTION,WARNING
2022-07-12,2022,7,8986179,Pulse1_Total,captis_pulse,maroochydore,residential,1157491.0,68087.70588235294,68118.0,68071.0,17,2025-12-23T13:39:34.573Z,HIGH_CONSUMPTION,WARNING
2022-07-13,2022,7,8986179,Pulse1_Total,captis_pulse,maroochydore,residential,1702976.0,68119.04,68121.0,68118.0,25,2025-12-23T13:39:34.573Z,HIGH_CONSUMPTION,WARNING
2022-07-12,2022,7,2517,Pulse1_Total,captis_pulse,buderim,residential,3767710.0,221630.0,221630.0,221630.0,17,2025-12-23T13:39:34.573Z,HIGH_CONSUMPTION,WARNING
2022-07-13,2022,7,2517,Pulse1_Total,captis_pulse,buderim,residential,5319120.0,221630.0,221630.0,221630.0,24,2025-12-23T13:39:34.573Z,HIGH_CONSUMPTION,WARNING
2022-07-12,2022,7,61187518,Pulse1_Total,captis_pulse,buderim,residential,146720.0,20960.0,20960.0,20960.0,7,2025-12-23T13:39:34.573Z,HIGH_CONSUMPTION,WARNING
2022-07-12,2022,7,61230127,Pulse1_Total,captis_pulse,buderim,residential,732272.0,38540.63157894737,38570.0,38537.0,19,2025-12-23T13:39:34.573Z,HIGH_CONSUMPTION,WARNING
2022-07-13,2022,7,61230127,Pulse1_Total,captis_pulse,buderim,residential,1015603.0,39061.653846153844,39341.0,38598.0,26,2025-12-23T13:39:34.573Z,HIGH_CONSUMPTION,WARNING
2022-07-12,2022,7,22048071,Pulse1_Total,captis_pulse,kuluin,non-residential,201280.0,12580.0,12580.0,12580.0,16,2025-12-23T13:39:34.573Z,HIGH_CONSUMPTION,WARNING
2022-07-13,2022,7,22048071,Pulse1_Total,captis_pulse,kuluin,non-residential,301920.0,12580.0,12580.0,12580.0,24,2025-12-23T13:39:34.573Z,HIGH_CONSUMPTION,WARNING
2022-07-12,2022,7,61221417,Pulse1_Total,captis_pulse,buderim,residential,1154508.0,76967.2,77166.0,76899.0,15,2025-12-23T13:39:34.573Z,HIGH_CONSUMPTION,WARNING
2022-07-13,2022,7,61221417,Pulse1_Total,captis_pulse,buderim,residential,1779311.0,77361.34782608696,77633.0,77166.0,23,2025-12-23T13:39:34.573Z,HIGH_CONSUMPTION,WARNING
2022-07-12,2022,7,9349674,Pulse1_Total,captis_pulse,maroochydore,residential,5819403.0,323300.1666666667,323419.0,323193.0,18,2025-12-23T13:39:34.573Z,HIGH_CONSUMPTION,WARNING
2022-07-13,2022,7,9349674,Pulse1_Total,captis_pulse,maroochydore,residential,8419524.0,323827.8461538461,324145.0,323419.0,26,2025-12-23T13:39:34.573Z,HIGH_CONSUMPTION,WARNING
2022-07-12,2022,7,32981288,Pulse1_Total,captis_pulse,maroochydore,non-residential,481680.0,26760.0,26760.0,26760.0,18,2025-12-23T13:39:34.573Z,HIGH_CONSUMPTION,WARNING
2022-07-12,2022,7,32981288,Battery,captis_pulse,maroochydore,non-residential,1.762,1.762,1.762,1.762,1,2025-12-23T13:39:34.573Z,LOW_BATTERY,CRITICAL
2022-07-13,2022,7,32981288,Pulse1_Total,captis_pulse,maroochydore,non-residential,642240.0,26760.0,26760.0,26760.0,24,2025-12-23T13:39:34.573Z,HIGH_CONSUMPTION,WARNING
2022-07-12,2022,7,81963465,Pulse1_Total,captis_pulse,kuluin,residential,6111432.0,381964.5,382014.0,381947.0,16,2025-12-23T13:39:34.573Z,HIGH_CONSUMPTION,WARNING
2022-07-13,2022,7,81963465,Pulse1_Total,captis_pulse,kuluin,residential,382015.0,382015.0,382015.0,382015.0,1,2025-12-23T13:39:34.573Z,HIGH_CONSUMPTION,WARNING
2022-07-12,2022,7,82429952,Pulse1_Total,captis_pulse,kuluin,residential,8273880.0,590991.4285714285,591550.0,590800.0,14,2025-12-23T13:39:34.573Z,HIGH_CONSUMPTION,WARNING
2022-07-13,2022,7,82429952,Pulse1_Total,captis_pulse,kuluin,residential,1.362207E7,592263.9130434783,593120.0,591570.0,23,2025-12-23T13:39:34.573Z,HIGH_CONSUMPTION,WARNING
2022-07-12,2022,7,260962,Pulse1_Total,captis_pulse,kuluin,residential,4003814.0,250238.375,250263.0,250229.0,16,2025-12-23T13:39:34.573Z,HIGH_CONSUMPTION,WARNING
2022-07-13,2022,7,260962,Pulse1_Total,captis_pulse,kuluin,residential,6257579.0,250303.16,250324.0,250270.0,25,2025-12-23T13:39:34.573Z,HIGH_CONSUMPTION,WARNING
2022-07-12,2022,7,61268190,Pulse1_Total,captis_pulse,buderim,residential,1132873.0,70804.5625,70865.0,70773.0,16,2025-12-23T13:39:34.573Z,HIGH_CONSUMPTION,WARNING
2022-07-13,2022,7,61268190,Pulse1_Total,captis_pulse,buderim,residential,1631637.0,70940.73913043478,70981.0,70895.0,23,2025-12-23T13:39:34.573Z,HIGH_CONSUMPTION,WARNING
2022-07-12,2022,7,62375107,Pulse1_Total,captis_pulse,buderim,residential,2048512.0,102425.6,102563.0,102365.0,20,2025-12-23T13:39:34.573Z,HIGH_CONSUMPTION,WARNING
2022-07-13,2022,7,62375107,Pulse1_Total,captis_pulse,buderim,residential,2466243.0,102760.125,102968.0,102569.0,24,2025-12-23T13:39:34.573Z,HIGH_CONSUMPTION,WARNING
2022-07-12,2022,7,9395630,Pulse1_Total,captis_pulse,maroochydore,residential,1225751.0,175107.2857142857,175109.0,175106.0,7,2025-12-23T13:39:34.573Z,HIGH_CONSUMPTION,WARNING
2022-07-12,2022,7,591856,Pulse1_Total,captis_pulse,buderim,residential,3999974.0,249998.375,250235.0,249935.0,16,2025-12-23T13:39:34.573Z,HIGH_CONSUMPTION,WARNING
2022-07-13,2022,7,591856,Pulse1_Total,captis_pulse,buderim,residential,5763475.0,250585.86956521738,250751.0,250333.0,23,2025-12-23T13:39:34.573Z,HIGH_CONSUMPTION,WARNING
2022-07-12,2022,7,60596215,Pulse1_Total,captis_pulse,buderim,residential,1916564.0,119785.25,119908.0,119743.0,16,2025-12-23T13:39:34.573Z,HIGH_CONSUMPTION,WARNING
2022-07-13,2022,7,60596215,Pulse1_Total,captis_pulse,buderim,residential,3002749.0,120109.96,120285.0,119918.0,25,2025-12-23T13:39:34.573Z,HIGH_CONSUMPTION,WARNING
2022-07-12,2022,7,61148634,Pulse1_Total,captis_pulse,buderim,residential,1714016.0,90211.36842105263,90250.0,90195.0,19,2025-12-23T13:39:34.573Z,HIGH_CONSUMPTION,WARNING
2022-07-13,2022,7,61148634,Pulse1_Total,captis_pulse,buderim,residential,2168615.0,90358.95833333333,90672.0,90252.0,24,2025-12-23T13:39:34.573Z,HIGH_CONSUMPTION,WARNING
2022-07-12,2022,7,284563,Pulse1_Total,captis_pulse,#n/a,#n/a,1764753.0,126053.78571428571,126072.0,126021.0,14,2025-12-23T13:39:34.573Z,HIGH_CONSUMPTION,WARNING
2022-07-13,2022,7,284563,Pulse1_Total,captis_pulse,#n/a,#n/a,3026135.0,126088.95833333333,126107.0,126072.0,24,2025-12-23T13:39:34.573Z,HIGH_CONSUMPTION,WARNING
2022-07-12,2022,7,9649470,Pulse1_Total,captis_pulse,maroochydore,residential,3886163.0,228597.82352941178,228671.0,228572.0,17,2025-12-23T13:39:34.573Z,HIGH_CONSUMPTION,WARNING
2022-07-13,2022,7,9649470,Pulse1_Total,captis_pulse,maroochydore,residential,5490767.0,228781.95833333334,228970.0,228671.0,24,2025-12-23T13:39:34.573Z,HIGH_CONSUMPTION,WARNING
2022-07-12,2022,7,128691,Pulse1_Total,captis_pulse,maroochydore,residential,3157173.0,175398.5,175407.0,175394.0,18,2025-12-23T13:39:34.573Z,HIGH_CONSUMPTION,WARNING
2022-07-13,2022,7,128691,Pulse1_Total,captis_pulse,maroochydore,residential,4211519.0,175479.95833333334,175597.0,175407.0,24,2025-12-23T13:39:34.573Z,HIGH_CONSUMPTION,WARNING
2022-07-12,2022,7,489,Pulse1_Total,captis_pulse,maroochydore,non-residential,9903881.0,582581.2352941176,582625.0,582549.0,17,2025-12-23T13:39:34.573Z,HIGH_CONSUMPTION,WARNING
2022-07-13,2022,7,489,Pulse1_Total,captis_pulse,maroochydore,non-residential,1.5159174E7,583045.1538461539,583516.0,582631.0,26,2025-12-23T13:39:34.573Z,HIGH_CONSUMPTION,WARNING
2022-07-12,2022,7,62364347,Pulse1_Total,captis_pulse,buderim,residential,672377.0,35388.26315789474,35409.0,35386.0,19,2025-12-23T13:39:34.573Z,HIGH_CONSUMPTION,WARNING
2022-07-13,2022,7,62364347,Pulse1_Total,captis_pulse,buderim,residential,958237.0,35490.25925925926,35519.0,35429.0,27,2025-12-23T13:39:34.573Z,HIGH_CONSUMPTION,WARNING
2022-07-12,2022,7,16627,Pulse1_Total,captis_pulse,buderim,residential,6570522.0,365029.0,365111.0,365007.0,18,2025-12-23T13:39:34.573Z,HIGH_CONSUMPTION,WARNING
2022-07-13,2022,7,16627,Pulse1_Total,captis_pulse,buderim,residential,9494414.0,365169.76923076925,365221.0,365117.0,26,2025-12-23T13:39:34.573Z,HIGH_CONSUMPTION,WARNING
2022-07-12,2022,7,66218101,Pulse1_Total,captis_pulse,buderim,residential,1596374.0,79818.7,79983.0,79763.0,20,2025-12-23T13:39:34.573Z,HIGH_CONSUMPTION,WARNING
2022-07-13,2022,7,66218101,Pulse1_Total,captis_pulse,buderim,residential,2002956.0,80118.24,80238.0,80042.0,25,2025-12-23T13:39:34.573Z,HIGH_CONSUMPTION,WARNING
2022-07-12,2022,7,342402,Pulse1_Total,captis_pulse,buderim,residential,4151680.0,244216.4705882353,244330.0,244181.0,17,2025-12-23T13:39:34.573Z,HIGH_CONSUMPTION,WARNING
2022-07-13,2022,7,342402,Pulse1_Total,captis_pulse,buderim,residential,6109582.0,244383.28,244482.0,244334.0,25,2025-12-23T13:39:34.573Z,HIGH_CONSUMPTION,WARNING
2022-07-12,2022,7,61570869,Battery,captis_pulse,buderim,residential,1.865,1.865,1.865,1.865,1,2025-12-23T13:39:34.573Z,LOW_BATTERY,CRITICAL
2022-07-12,2022,7,66115,Pulse1_Total,captis_pulse,buderim,residential,4145586.0,243858.0,243879.0,243848.0,17,2025-12-23T13:39:34.573Z,HIGH_CONSUMPTION,WARNING
2022-07-13,2022,7,66115,Pulse1_Total,captis_pulse,buderim,residential,5614568.0,244111.65217391305,244329.0,243879.0,23,2025-12-23T13:39:34.573Z,HIGH_CONSUMPTION,WARNING
2022-07-12,2022,7,66398,Pulse1_Total,captis_pulse,kuluin,residential,7007192.0,389288.44444444444,389514.0,389230.0,18,2025-12-23T13:39:34.573Z,HIGH_CONSUMPTION,WARNING
2022-07-13,2022,7,66398,Pulse1_Total,captis_pulse,kuluin,residential,1.0912721E7,389740.03571428574,389871.0,389516.0,28,2025-12-23T13:39:34.573Z,HIGH_CONSUMPTION,WARNING
2022-07-12,2022,7,45135150,Pulse1_Total,captis_pulse,mountain creek,residential,1135847.0,70990.4375,71055.0,70962.0,16,2025-12-23T13:39:34.573Z,HIGH_CONSUMPTION,WARNING
2022-07-13,2022,7,45135150,Pulse1_Total,captis_pulse,mountain creek,residential,1776803.0,71072.12,71086.0,71056.0,25,2025-12-23T13:39:34.573Z,HIGH_CONSUMPTION,WARNING
2022-07-12,2022,7,60218952,Pulse1_Total,captis_pulse,buderim,residential,283648.0,17728.0,17728.0,17728.0,16,2025-12-23T13:39:34.573Z,HIGH_CONSUMPTION,WARNING
2022-07-13,2022,7,60218952,Pulse1_Total,captis_pulse,buderim,residential,425472.0,17728.0,17728.0,17728.0,24,2025-12-23T13:39:34.573Z,HIGH_CONSUMPTION,WARNING
2022-07-12,2022,7,60397740,Pulse1_Total,captis_pulse,buderim,residential,1066308.0,62724.0,62724.0,62724.0,17,2025-12-23T13:39:34.573Z,HIGH_CONSUMPTION,WARNING
2022-07-13,2022,7,60397740,Pulse1_Total,captis_pulse,buderim,residential,1505376.0,62724.0,62724.0,62724.0,24,2025-12-23T13:39:34.573Z,HIGH_CONSUMPTION,WARNING
2022-07-12,2022,7,61208077,Pulse1_Total,captis_pulse,buderim,residential,920307.0,51128.166666666664,51208.0,51098.0,18,2025-12-23T13:39:34.573Z,HIGH_CONSUMPTION,WARNING
2022-07-13,2022,7,61208077,Pulse1_Total,captis_pulse,buderim,residential,1229720.0,51238.333333333336,51275.0,51208.0,24,2025-12-23T13:39:34.573Z,HIGH_CONSUMPTION,WARNING
2022-07-12,2022,7,98257,Pulse1_Total,captis_pulse,buderim,residential,2926423.0,162579.05555555556,162659.0,162548.0,18,2025-12-23T13:39:34.573Z,HIGH_CONSUMPTION,WARNING
2022-07-13,2022,7,98257,Pulse1_Total,captis_pulse,buderim,residential,3742870.0,162733.47826086957,162772.0,162666.0,23,2025-12-23T13:39:34.573Z,HIGH_CONSUMPTION,WARNING
2022-07-12,2022,7,10461,Pulse1_Total,captis_pulse,buderim,residential,5295341.0,311490.64705882355,311586.0,311467.0,17,2025-12-23T13:39:34.573Z,HIGH_CONSUMPTION,WARNING
2022-07-13,2022,7,10461,Pulse1_Total,captis_pulse,buderim,residential,7485235.0,311884.7916666667,312024.0,311626.0,24,2025-12-23T13:39:34.573Z,HIGH_CONSUMPTION,WARNING
2022-07-12,2022,7,60192816,Pulse1_Total,captis_pulse,buderim,residential,665172.0,39127.76470588235,39205.0,39099.0,17,2025-12-23T13:39:34.573Z,HIGH_CONSUMPTION,WARNING
2022-07-13,2022,7,60192816,Pulse1_Total,captis_pulse,buderim,residential,981603.0,39264.12,39514.0,39205.0,25,2025-12-23T13:39:34.573Z,HIGH_CONSUMPTION,WARNING
2022-07-12,2022,7,316787,Pulse1_Total,captis_pulse,buderim,residential,2815034.0,165590.23529411765,165926.0,165519.0,17,2025-12-23T13:39:34.573Z,HIGH_CONSUMPTION,WARNING
2022-07-13,2022,7,316787,Pulse1_Total,captis_pulse,buderim,residential,3819012.0,166044.0,166183.0,165960.0,23,2025-12-23T13:39:34.573Z,HIGH_CONSUMPTION,WARNING
2022-07-12,2022,7,711585,Pulse1_Total,captis_pulse,buderim,residential,4591686.0,286980.375,287077.0,286965.0,16,2025-12-23T13:39:34.573Z,HIGH_CONSUMPTION,WARNING
2022-07-13,2022,7,711585,Pulse1_Total,captis_pulse,buderim,residential,6604854.0,287167.5652173913,287240.0,287091.0,23,2025-12-23T13:39:34.573Z,HIGH_CONSUMPTION,WARNING
2022-07-12,2022,7,2312,Pulse1_Total,captis_pulse,maroochydore,non-residential,2699386.0,168711.625,168741.0,168705.0,16,2025-12-23T13:39:34.573Z,HIGH_CONSUMPTION,WARNING
2022-07-13,2022,7,2312,Pulse1_Total,captis_pulse,maroochydore,non-residential,3884977.0,168912.04347826086,168964.0,168764.0,23,2025-12-23T13:39:34.573Z,HIGH_CONSUMPTION,WARNING
2022-07-12,2022,7,314227,Pulse1_Total,captis_pulse,buderim,residential,4969700.0,310606.25,310751.0,310565.0,16,2025-12-23T13:39:34.573Z,HIGH_CONSUMPTION,WARNING
2022-07-13,2022,7,314227,Pulse1_Total,captis_pulse,buderim,residential,7771094.0,310843.76,311012.0,310751.0,25,2025-12-23T13:39:34.573Z,HIGH_CONSUMPTION,WARNING
2022-07-12,2022,7,60192780,Pulse1_Total,captis_pulse,buderim,residential,915601.0,50866.72222222222,50910.0,50858.0,18,2025-12-23T13:39:34.573Z,HIGH_CONSUMPTION,WARNING
2022-07-13,2022,7,60192780,Pulse1_Total,captis_pulse,buderim,residential,1381340.0,51160.74074074074,51214.0,50954.0,27,2025-12-23T13:39:34.573Z,HIGH_CONSUMPTION,WARNING
2022-07-13,2022,7,62369873,Pulse1_Total,captis_pulse,buderim,residential,13501.0,587.0,587.0,587.0,23,2025-12-23T13:39:34.573Z,HIGH_CONSUMPTION,WARNING
2022-07-12,2022,7,271268,Pulse1_Total,captis_pulse,buderim,residential,415385.0,27692.333333333332,27700.0,27690.0,15,2025-12-23T13:39:34.573Z,HIGH_CONSUMPTION,WARNING
2022-07-13,2022,7,271268,Pulse1_Total,captis_pulse,buderim,residential,637384.0,27712.347826086956,27725.0,27700.0,23,2025-12-23T13:39:34.573Z,HIGH_CONSUMPTION,WARNING
2022-07-12,2022,7,36810104,Pulse1_Total,captis_pulse,redcliffe,non-residential,8077632.0,504852.0,504852.0,504852.0,16,2025-12-23T13:39:34.573Z,HIGH_CONSUMPTION,WARNING
2022-07-13,2022,7,36810104,Pulse1_Total,captis_pulse,redcliffe,non-residential,1.1611596E7,504852.0,504852.0,504852.0,23,2025-12-23T13:39:34.573Z,HIGH_CONSUMPTION,WARNING
2022-07-12,2022,7,511418,Pulse1_Total,captis_pulse,kuluin,residential,2203902.0,122439.0,122439.0,122439.0,18,2025-12-23T13:39:34.573Z,HIGH_CONSUMPTION,WARNING
2022-07-13,2022,7,511418,Pulse1_Total,captis_pulse,kuluin,residential,2938536.0,122439.0,122439.0,122439.0,24,2025-12-23T13:39:34.573Z,HIGH_CONSUMPTION,WARNING
2022-07-12,2022,7,2112,Pulse1_Total,captis_pulse,maroochydore,residential,8813562.0,550847.625,551276.0,550745.0,16,2025-12-23T13:39:34.573Z,HIGH_CONSUMPTION,WARNING
2022-07-13,2022,7,2112,Pulse1_Total,captis_pulse,maroochydore,residential,1.3240977E7,551707.375,551972.0,551280.0,24,2025-12-23T13:39:34.573Z,HIGH_CONSUMPTION,WARNING
2022-07-12,2022,7,26934770,Pulse1_Total,captis_pulse,maroochydore,non-residential,244460.0,14380.0,14380.0,14380.0,17,2025-12-23T13:39:34.573Z,HIGH_CONSUMPTION,WARNING
2022-07-13,2022,7,26934770,Pulse1_Total,captis_pulse,maroochydore,non-residential,345120.0,14380.0,14380.0,14380.0,24,2025-12-23T13:39:34.573Z,HIGH_CONSUMPTION,WARNING
2022-07-12,2022,7,311558,Pulse1_Total,captis_pulse,buderim,residential,8948337.0,559271.0625,559464.0,559121.0,16,2025-12-23T13:39:34.573Z,HIGH_CONSUMPTION,WARNING
2022-07-13,2022,7,311558,Pulse1_Total,captis_pulse,buderim,residential,1.3431989E7,559666.2083333334,559859.0,559470.0,24,2025-12-23T13:39:34.573Z,HIGH_CONSUMPTION,WARNING
2022-07-12,2022,7,45122030,Pulse1_Total,captis_pulse,mountain creek,residential,1533678.0,85204.33333333333,85283.0,85183.0,18,2025-12-23T13:39:34.573Z,HIGH_CONSUMPTION,WARNING
2022-07-13,2022,7,45122030,Pulse1_Total,captis_pulse,mountain creek,residential,2048559.0,85356.625,85436.0,85283.0,24,2025-12-23T13:39:34.573Z,HIGH_CONSUMPTION,WARNING
2022-07-12,2022,7,60833,Pulse1_Total,captis_pulse,buderim,residential,1177353.0,78490.2,78508.0,78480.0,15,2025-12-23T13:39:34.573Z,HIGH_CONSUMPTION,WARNING
2022-07-13,2022,7,60833,Pulse1_Total,captis_pulse,buderim,residential,2041613.0,78523.57692307692,78537.0,78510.0,26,2025-12-23T13:39:34.573Z,HIGH_CONSUMPTION,WARNING
2022-07-12,2022,7,62366298,Pulse1_Total,captis_pulse,buderim,residential,519014.0,28834.11111111111,28865.0,28811.0,18,2025-12-23T13:39:34.573Z,HIGH_CONSUMPTION,WARNING
2022-07-13,2022,7,62366298,Pulse1_Total,captis_pulse,buderim,residential,809354.0,28905.5,28955.0,28866.0,28,2025-12-23T13:39:34.573Z,HIGH_CONSUMPTION,WARNING
2022-07-12,2022,7,2203,Pulse1_Total,captis_pulse,maroochydore,residential,3176719.0,198544.9375,198567.0,198540.0,16,2025-12-23T13:39:34.573Z,HIGH_CONSUMPTION,WARNING
2022-07-13,2022,7,2203,Pulse1_Total,captis_pulse,maroochydore,residential,4767023.0,198625.95833333334,198662.0,198579.0,24,2025-12-23T13:39:34.573Z,HIGH_CONSUMPTION,WARNING
2022-07-12,2022,7,293809,Pulse1_Total,captis_pulse,buderim,residential,5237044.0,308061.4117647059,308117.0,308043.0,17,2025-12-23T13:39:34.573Z,HIGH_CONSUMPTION,WARNING
2022-07-13,2022,7,293809,Pulse1_Total,captis_pulse,buderim,residential,7088559.0,308198.2173913043,308363.0,308118.0,23,2025-12-23T13:39:34.573Z,HIGH_CONSUMPTION,WARNING
2022-07-12,2022,7,46053342,Battery,captis_pulse,buderim,residential,1.74,1.74,1.74,1.74,1,2025-12-23T13:39:34.573Z,LOW_BATTERY,CRITICAL
2022-07-12,2022,7,60962387,Battery,captis_pulse,buderim,residential,1.732,1.732,1.732,1.732,1,2025-12-23T13:39:34.573Z,LOW_BATTERY,CRITICAL
2022-07-12,2022,7,64924,Pulse1_Total,captis_pulse,buderim,residential,4539355.0,252186.38888888888,252383.0,252155.0,18,2025-12-23T13:39:34.573Z,HIGH_CONSUMPTION,WARNING
2022-07-13,2022,7,64924,Pulse1_Total,captis_pulse,buderim,residential,5806365.0,252450.65217391305,252522.0,252384.0,23,2025-12-23T13:39:34.573Z,HIGH_CONSUMPTION,WARNING
2022-07-12,2022,7,325277,Pulse1_Total,captis_pulse,maroochydore,residential,3175915.0,176439.72222222222,176440.0,176439.0,18,2025-12-23T13:39:34.573Z,HIGH_CONSUMPTION,WARNING
2022-07-13,2022,7,325277,Pulse1_Total,captis_pulse,maroochydore,residential,4058144.0,176441.04347826086,176442.0,176440.0,23,2025-12-23T13:39:34.573Z,HIGH_CONSUMPTION,WARNING
2022-07-12,2022,7,285064,Pulse1_Total,captis_pulse,maroochydore,residential,513020.0,34201.333333333336,34208.0,34194.0,15,2025-12-23T13:39:34.573Z,HIGH_CONSUMPTION,WARNING
2022-07-13,2022,7,285064,Pulse1_Total,captis_pulse,maroochydore,residential,787000.0,34217.391304347824,34225.0,34210.0,23,2025-12-23T13:39:34.573Z,HIGH_CONSUMPTION,WARNING
2022-07-12,2022,7,310546,Pulse1_Total,captis_pulse,maroochydore,residential,4758737.0,279925.70588235295,280092.0,279829.0,17,2025-12-23T13:39:34.573Z,HIGH_CONSUMPTION,WARNING
2022-07-13,2022,7,310546,Pulse1_Total,captis_pulse,maroochydore,residential,7284549.0,280174.96153846156,280282.0,280092.0,26,2025-12-23T13:39:34.573Z,HIGH_CONSUMPTION,WARNING
2022-07-12,2022,7,45122395,Pulse1_Total,captis_pulse,mountain creek,residential,1689320.0,99371.76470588235,99631.0,99206.0,17,2025-12-23T13:39:34.573Z,HIGH_CONSUMPTION,WARNING
2022-07-13,2022,7,45122395,Pulse1_Total,captis_pulse,mountain creek,residential,2392683.0,99695.125,99727.0,99634.0,24,2025-12-23T13:39:34.573Z,HIGH_CONSUMPTION,WARNING
2022-07-12,2022,7,60941626,Pulse1_Total,captis_pulse,buderim,residential,189125.0,11125.0,11125.0,11125.0,17,2025-12-23T13:39:34.573Z,HIGH_CONSUMPTION,WARNING
2022-07-13,2022,7,60941626,Pulse1_Total,captis_pulse,buderim,residential,267000.0,11125.0,11125.0,11125.0,24,2025-12-23T13:39:34.573Z,HIGH_CONSUMPTION,WARNING
